scenario,operational_cost
1,16644.0
2,8760.0
3,6132.000000000001
4,3504.0000000000005
5,876.0
6,876.0
