rp,clustering,seed,num_periods,investment_cost,operational_cost,runtime,process_time,distance,data,loss_ct,loss,type,year
cross,conical_bounded,1,100,3.32485e9,1.22263e12,21.3207939,92.5116758,SqEuclidean,blended,573,7.0373310328359995e6,initial,initial
cross,conical_bounded,1,100,3.32485e9,5.70989e9,30.8205897,24.6256076,SqEuclidean,blended,524,1.930514672094e6,insample,1982
cross,conical_bounded,1,100,3.32485e9,6.29985e9,25.8463604,23.8393157,SqEuclidean,blended,396,2.473408002224001e6,insample,1986
cross,conical_bounded,1,100,3.32485e9,4.32714e9,25.4771956,26.5445284,SqEuclidean,blended,231,593086.5184780002,insample,1990
cross,conical_bounded,1,100,3.32485e9,5.68407e9,26.545187,26.5905225,SqEuclidean,blended,344,1.9104175902139999e6,insample,1994
cross,conical_bounded,1,100,3.32485e9,4.82504e9,25.9307184,23.9386911,SqEuclidean,blended,269,1.031395721717e6,insample,1998
cross,conical_bounded,1,100,3.32485e9,4.94558e9,26.4270413,25.3539634,SqEuclidean,blended,356,1.1634557607820001e6,insample,2004
cross,conical_bounded,1,100,3.32485e9,4.77359e9,33.272247,35.2447285,SqEuclidean,blended,234,1.0027820110280002e6,insample,2008
cross,conical_bounded,1,100,3.32485e9,5.37303e9,26.5058012,25.6674102,SqEuclidean,blended,408,1.618457074358e6,insample,2011
cross,conical_bounded,1,100,3.32485e9,4.50683e9,25.0011108,25.0933631,SqEuclidean,blended,220,685341.9970270001,insample,2012
cross,conical_bounded,1,100,3.32485e9,4.98058e9,24.9270083,26.0712252,SqEuclidean,blended,272,1.187513636505e6,insample,2016
cross,conical_bounded,1,20,3.31611e9,1.153e12,2.664151,55.762166300000004,SqEuclidean,blended,547,6.963901222793e6,initial,initial
cross,conical_bounded,1,20,3.31611e9,5.7762e9,24.4583192,23.4219425,SqEuclidean,blended,543,1.9833359738869998e6,insample,1982
cross,conical_bounded,1,20,3.31611e9,6.39774e9,24.5893857,23.4677721,SqEuclidean,blended,431,2.5566040071550007e6,insample,1986
cross,conical_bounded,1,20,3.31611e9,4.36654e9,23.6850564,26.1367798,SqEuclidean,blended,250,619147.580044,insample,1990
cross,conical_bounded,1,20,3.31611e9,5.73908e9,24.7764269,25.5111789,SqEuclidean,blended,363,1.952539169801e6,insample,1994
cross,conical_bounded,1,20,3.31611e9,4.88834e9,24.0128491,24.961353,SqEuclidean,blended,301,1.0797244477789998e6,insample,1998
cross,conical_bounded,1,20,3.31611e9,5.03691e9,24.4680775,25.2727492,SqEuclidean,blended,373,1.2407370920250001e6,insample,2004
cross,conical_bounded,1,20,3.31611e9,4.82332e9,29.981592,34.361633,SqEuclidean,blended,249,1.0394367469380002e6,insample,2008
cross,conical_bounded,1,20,3.31611e9,5.43545e9,24.9426964,25.778237500000003,SqEuclidean,blended,416,1.6678750205169993e6,insample,2011
cross,conical_bounded,1,20,3.31611e9,4.5954e9,24.5419112,24.4625238,SqEuclidean,blended,245,758865.2330929999,insample,2012
cross,conical_bounded,1,20,3.31611e9,5.03498e9,23.8436401,26.4788102,SqEuclidean,blended,286,1.2275016866300001e6,insample,2016
cross,conical_bounded,1,50,3.32301e9,1.17125e12,9.1571302,68.199502,SqEuclidean,blended,556,7.006817076776e6,initial,initial
cross,conical_bounded,1,50,3.32301e9,5.76702e9,25.7423833,24.3030796,SqEuclidean,blended,534,1.9850434251309999e6,insample,1982
cross,conical_bounded,1,50,3.32301e9,6.38008e9,25.1464136,25.0933004,SqEuclidean,blended,429,2.550270466657e6,insample,1986
cross,conical_bounded,1,50,3.32301e9,4.34681e9,24.8477507,25.0531511,SqEuclidean,blended,241,610531.1782840001,insample,1990
cross,conical_bounded,1,50,3.32301e9,5.72181e9,26.500844,24.9187415,SqEuclidean,blended,367,1.9458864262639997e6,insample,1994
cross,conical_bounded,1,50,3.32301e9,4.87034e9,25.2214178,24.5699523,SqEuclidean,blended,293,1.0731493113880001e6,insample,1998
cross,conical_bounded,1,50,3.32301e9,5.01232e9,25.3414301,24.812632999999998,SqEuclidean,blended,368,1.2270903505429998e6,insample,2004
cross,conical_bounded,1,50,3.32301e9,4.80459e9,31.5177459,33.854740699999994,SqEuclidean,blended,245,1.0314862085350001e6,insample,2008
cross,conical_bounded,1,50,3.32301e9,5.41755e9,25.0798701,24.988715499999998,SqEuclidean,blended,414,1.6602437798309994e6,insample,2011
cross,conical_bounded,1,50,3.32301e9,4.5768e9,25.5761184,25.471724000000002,SqEuclidean,blended,238,751487.9862759999,insample,2012
cross,conical_bounded,1,50,3.32301e9,5.00787e9,25.657489,26.4946061,SqEuclidean,blended,261,1.2120804843220003e6,insample,2016
cross,convex_hull,1,100,3.39208e9,1.20394e12,22.2530481,102.76985189999999,SqEuclidean,blended,595,7.242435640156e6,initial,initial
cross,convex_hull,1,100,3.39208e9,5.43368e9,26.9088379,25.5003267,SqEuclidean,blended,415,1.6565302037349998e6,insample,1982
cross,convex_hull,1,100,3.39208e9,5.9142e9,27.0974245,25.349356999999998,SqEuclidean,blended,298,2.0890965066669998e6,insample,1986
cross,convex_hull,1,100,3.39208e9,4.19823e9,26.4153338,25.196407,SqEuclidean,blended,170,466214.79935499997,insample,1990
cross,convex_hull,1,100,3.39208e9,5.53382e9,26.0900583,26.6212493,SqEuclidean,blended,281,1.7615882833939998e6,insample,1994
cross,convex_hull,1,100,3.39208e9,4.60495e9,25.6715483,25.0080617,SqEuclidean,blended,207,813063.289012,insample,1998
cross,convex_hull,1,100,3.39208e9,4.6224e9,25.9752345,25.0012534,SqEuclidean,blended,228,840921.4928690001,insample,2004
cross,convex_hull,1,100,3.39208e9,4.64528e9,33.2778182,33.4784697,SqEuclidean,blended,191,875393.880505,insample,2008
cross,convex_hull,1,100,3.39208e9,5.07982e9,27.3305816,25.8134239,SqEuclidean,blended,318,1.3266305409879996e6,insample,2011
cross,convex_hull,1,100,3.39208e9,4.35648e9,25.9559971,25.613295,SqEuclidean,blended,167,535929.303723,insample,2012
cross,convex_hull,1,100,3.39208e9,4.79324e9,26.0178285,25.4714061,SqEuclidean,blended,208,1.0009894321099998e6,insample,2016
cross,convex_hull,1,20,3.34155e9,1.50869e12,2.6150489,52.7097311,SqEuclidean,blended,557,6.984383825347999e6,initial,initial
cross,convex_hull,1,20,3.34155e9,5.92666e9,24.4352968,25.963344199999998,SqEuclidean,blended,694,2.142849465348e6,insample,1982
cross,convex_hull,1,20,3.34155e9,6.55434e9,25.2625613,31.209733399999998,SqEuclidean,blended,566,2.7222434510000004e6,insample,1986
cross,convex_hull,1,20,3.34155e9,4.40569e9,25.0818164,24.4696855,SqEuclidean,blended,302,667393.1559220002,insample,1990
cross,convex_hull,1,20,3.34155e9,5.76938e9,24.9742534,25.1596012,SqEuclidean,blended,421,1.991900207357e6,insample,1994
cross,convex_hull,1,20,3.34155e9,4.95198e9,24.5396979,24.8038975,SqEuclidean,blended,388,1.152385821542e6,insample,1998
cross,convex_hull,1,20,3.34155e9,5.1539e9,25.0269953,25.1215098,SqEuclidean,blended,501,1.366569362197e6,insample,2004
cross,convex_hull,1,20,3.34155e9,4.86716e9,27.2708838,30.3483297,SqEuclidean,blended,322,1.09223604157e6,insample,2008
cross,convex_hull,1,20,3.34155e9,5.49598e9,24.5604813,25.5646139,SqEuclidean,blended,508,1.7367490493269998e6,insample,2011
cross,convex_hull,1,20,3.34155e9,4.70568e9,25.2454158,25.2841847,SqEuclidean,blended,385,878016.6024580001,insample,2012
cross,convex_hull,1,20,3.34155e9,5.11533e9,24.7319513,24.8848045,SqEuclidean,blended,405,1.3171227745320003e6,insample,2016
cross,convex_hull,1,50,3.35487e9,1.42891e12,9.3358936,77.6183036,SqEuclidean,blended,558,6.987466249039998e6,initial,initial
cross,convex_hull,1,50,3.35487e9,5.6759e9,25.6056858,25.1713386,SqEuclidean,blended,557,1.88998039994e6,insample,1982
cross,convex_hull,1,50,3.35487e9,6.14889e9,25.3584781,25.1385969,SqEuclidean,blended,403,2.3136913318290003e6,insample,1986
cross,convex_hull,1,50,3.35487e9,4.29093e9,26.1008816,29.8879715,SqEuclidean,blended,242,551620.377263,insample,1990
cross,convex_hull,1,50,3.35487e9,5.62635e9,25.3741888,27.690412900000002,SqEuclidean,blended,342,1.847051531575e6,insample,1994
cross,convex_hull,1,50,3.35487e9,4.78329e9,26.7319144,24.7931403,SqEuclidean,blended,295,982286.6919859999,insample,1998
cross,convex_hull,1,50,3.35487e9,4.81229e9,25.0504326,24.7900256,SqEuclidean,blended,357,1.023000559857e6,insample,2004
cross,convex_hull,1,50,3.35487e9,4.73339e9,29.4327713,31.2596764,SqEuclidean,blended,227,957053.5371380001,insample,2008
cross,convex_hull,1,50,3.35487e9,5.27071e9,25.5892169,25.5393554,SqEuclidean,blended,411,1.5091498682709998e6,insample,2011
cross,convex_hull,1,50,3.35487e9,4.44645e9,26.4303433,23.6281573,SqEuclidean,blended,226,616584.8127920001,insample,2012
cross,convex_hull,1,50,3.35487e9,4.92249e9,25.6814398,25.8677663,SqEuclidean,blended,269,1.122449666151e6,insample,2016
cross,k_medoids,1005471400,100,3.35565e9,1.4101e12,26.1374282,67.13667290000001,SqEuclidean,blended,596,7.055330906543001e6,initial,initial
cross,k_medoids,1005471400,100,3.35565e9,5.64666e9,28.204402,28.446208799999997,SqEuclidean,blended,505,1.8459337603100003e6,insample,1982
cross,k_medoids,1005471400,100,3.35565e9,6.10091e9,26.919724,24.5886788,SqEuclidean,blended,375,2.2518976929490007e6,insample,1986
cross,k_medoids,1005471400,100,3.35565e9,4.28081e9,26.657558,24.8390709,SqEuclidean,blended,224,527741.238304,insample,1990
cross,k_medoids,1005471400,100,3.35565e9,5.58857e9,26.17118,25.678984099999997,SqEuclidean,blended,319,1.7951317114679995e6,insample,1994
cross,k_medoids,1005471400,100,3.35565e9,4.73513e9,26.7841232,26.0708165,SqEuclidean,blended,265,919946.969868,insample,1998
cross,k_medoids,1005471400,100,3.35565e9,4.81873e9,25.8441595,24.9418969,SqEuclidean,blended,326,1.0164057997080002e6,insample,2004
cross,k_medoids,1005471400,100,3.35565e9,4.69622e9,29.4450524,30.133544999999998,SqEuclidean,blended,210,906100.942294,insample,2008
cross,k_medoids,1005471400,100,3.35565e9,5.28042e9,26.0543027,25.6195701,SqEuclidean,blended,399,1.5056185844939998e6,insample,2011
cross,k_medoids,1005471400,100,3.35565e9,4.43924e9,25.9565246,25.4856065,SqEuclidean,blended,208,595571.1617090002,insample,2012
cross,k_medoids,1005471400,100,3.35565e9,4.86389e9,26.5866613,26.054089400000002,SqEuclidean,blended,230,1.049561857309e6,insample,2016
cross,k_medoids,1262311769,100,3.33443e9,1.07886e12,23.0862184,65.81099640000001,SqEuclidean,blended,603,7.143953553858e6,initial,initial
cross,k_medoids,1262311769,100,3.33443e9,5.53073e9,30.9605099,32.0856341,SqEuclidean,blended,476,1.752685497982e6,insample,1982
cross,k_medoids,1262311769,100,3.33443e9,6.00868e9,28.0428194,25.1568739,SqEuclidean,blended,341,2.182737515464001e6,insample,1986
cross,k_medoids,1262311769,100,3.33443e9,4.21831e9,27.0499808,25.3772375,SqEuclidean,blended,202,485874.112701,insample,1990
cross,k_medoids,1262311769,100,3.33443e9,5.54216e9,27.2348412,25.3025339,SqEuclidean,blended,288,1.7707762610260001e6,insample,1994
cross,k_medoids,1262311769,100,3.33443e9,4.65811e9,26.205365,25.3097204,SqEuclidean,blended,243,866015.081391,insample,1998
cross,k_medoids,1262311769,100,3.33443e9,4.66496e9,25.920284,24.748013099999998,SqEuclidean,blended,260,883977.031718,insample,2004
cross,k_medoids,1262311769,100,3.33443e9,4.65209e9,29.525757,31.571287,SqEuclidean,blended,193,883297.6475300002,insample,2008
cross,k_medoids,1262311769,100,3.33443e9,5.11329e9,26.4420819,24.8433607,SqEuclidean,blended,344,1.360112573362e6,insample,2011
cross,k_medoids,1262311769,100,3.33443e9,4.35174e9,26.6752803,23.9790772,SqEuclidean,blended,178,531477.792859,insample,2012
cross,k_medoids,1262311769,100,3.33443e9,4.80127e9,25.7456879,25.5072581,SqEuclidean,blended,213,1.0096928365109998e6,insample,2016
cross,k_medoids,1400059389,100,3.36396e9,1.18225e12,21.50123,66.7849233,SqEuclidean,blended,543,7.081670076358997e6,initial,initial
cross,k_medoids,1400059389,100,3.36396e9,5.47683e9,27.8653212,26.244349,SqEuclidean,blended,488,1.7010177285800003e6,insample,1982
cross,k_medoids,1400059389,100,3.36396e9,5.94068e9,26.0800574,25.0318464,SqEuclidean,blended,342,2.116601812640001e6,insample,1986
cross,k_medoids,1400059389,100,3.36396e9,4.19099e9,27.7045781,25.3745975,SqEuclidean,blended,190,461088.092868,insample,1990
cross,k_medoids,1400059389,100,3.36396e9,5.45872e9,26.471195,25.199992799999997,SqEuclidean,blended,278,1.690113375638e6,insample,1994
cross,k_medoids,1400059389,100,3.36396e9,4.59437e9,27.2679747,23.4751375,SqEuclidean,blended,223,804588.8529110003,insample,1998
cross,k_medoids,1400059389,100,3.36396e9,4.60274e9,26.9172856,24.770049399999998,SqEuclidean,blended,255,824032.4533520001,insample,2004
cross,k_medoids,1400059389,100,3.36396e9,4.57581e9,29.1162062,30.8898042,SqEuclidean,blended,184,809360.5150500002,insample,2008
cross,k_medoids,1400059389,100,3.36396e9,5.02061e9,26.5944886,25.85961,SqEuclidean,blended,339,1.2691560049299998e6,insample,2011
cross,k_medoids,1400059389,100,3.36396e9,4.30221e9,25.8768433,23.8571407,SqEuclidean,blended,176,484572.005906,insample,2012
cross,k_medoids,1400059389,100,3.36396e9,4.72065e9,27.051853,25.0046437,SqEuclidean,blended,211,931576.456504,insample,2016
cross,k_medoids,1693313909,100,3.33011e9,1.27904e12,21.325927,66.7375627,SqEuclidean,blended,613,7.13494209097e6,initial,initial
cross,k_medoids,1693313909,100,3.33011e9,5.69408e9,26.6870231,23.6278647,SqEuclidean,blended,582,1.9097524692229999e6,insample,1982
cross,k_medoids,1693313909,100,3.33011e9,6.18236e9,25.6324976,26.6054402,SqEuclidean,blended,452,2.350654006326e6,insample,1986
cross,k_medoids,1693313909,100,3.33011e9,4.29291e9,25.7383977,25.2992797,SqEuclidean,blended,255,553561.001117,insample,1990
cross,k_medoids,1693313909,100,3.33011e9,5.60796e9,26.6258159,24.015579,SqEuclidean,blended,349,1.829332455516e6,insample,1994
cross,k_medoids,1693313909,100,3.33011e9,4.77227e9,26.0695527,25.5990806,SqEuclidean,blended,303,973571.1046110002,insample,1998
cross,k_medoids,1693313909,100,3.33011e9,4.84981e9,25.9232935,25.4413574,SqEuclidean,blended,394,1.061947985037e6,insample,2004
cross,k_medoids,1693313909,100,3.33011e9,4.73565e9,28.2347117,29.9282253,SqEuclidean,blended,259,959140.5027310001,insample,2008
cross,k_medoids,1693313909,100,3.33011e9,5.25403e9,26.4632774,24.036019,SqEuclidean,blended,434,1.494665451111e6,insample,2011
cross,k_medoids,1693313909,100,3.33011e9,4.4751e9,25.8392299,23.7570304,SqEuclidean,blended,286,648265.3655020002,insample,2012
cross,k_medoids,1693313909,100,3.33011e9,4.92093e9,26.0992541,25.2843405,SqEuclidean,blended,312,1.1223146327619997e6,insample,2016
cross,k_medoids,2483487299,100,3.34539e9,1.1253e12,19.5421224,65.5208401,SqEuclidean,blended,532,7.087173330458e6,initial,initial
cross,k_medoids,2483487299,100,3.34539e9,5.57277e9,25.791777,26.7525828,SqEuclidean,blended,501,1.7993704770200003e6,insample,1982
cross,k_medoids,2483487299,100,3.34539e9,6.06455e9,26.8194345,24.6893766,SqEuclidean,blended,378,2.243258261364001e6,insample,1986
cross,k_medoids,2483487299,100,3.34539e9,4.25115e9,27.4002028,24.8968388,SqEuclidean,blended,217,522930.81526,insample,1990
cross,k_medoids,2483487299,100,3.34539e9,5.52271e9,25.9019914,26.4901929,SqEuclidean,blended,321,1.7555167830669996e6,insample,1994
cross,k_medoids,2483487299,100,3.34539e9,4.6724e9,27.1850062,23.7039069,SqEuclidean,blended,259,884695.203993,insample,1998
cross,k_medoids,2483487299,100,3.34539e9,4.75623e9,26.0786704,23.779869299999998,SqEuclidean,blended,335,979726.6156400001,insample,2004
cross,k_medoids,2483487299,100,3.34539e9,4.64631e9,30.4292894,30.207032,SqEuclidean,blended,207,881203.6456870001,insample,2008
cross,k_medoids,2483487299,100,3.34539e9,5.18258e9,26.9101193,25.4811397,SqEuclidean,blended,390,1.4333738721619996e6,insample,2011
cross,k_medoids,2483487299,100,3.34539e9,4.38863e9,25.5218716,23.354984400000003,SqEuclidean,blended,199,573072.4393719999,insample,2012
cross,k_medoids,2483487299,100,3.34539e9,4.81016e9,27.3907394,24.847869900000003,SqEuclidean,blended,244,1.0230891113100001e6,insample,2016
cross,k_medoids,2529186237,100,3.35229e9,1.32122e12,24.401405,66.5296483,SqEuclidean,blended,586,7.106195913969e6,initial,initial
cross,k_medoids,2529186237,100,3.35229e9,5.5129e9,27.5200499,25.4970788,SqEuclidean,blended,455,1.7345712834079997e6,insample,1982
cross,k_medoids,2529186237,100,3.35229e9,6.00896e9,26.7403713,23.8503745,SqEuclidean,blended,341,2.1826679678290007e6,insample,1986
cross,k_medoids,2529186237,100,3.35229e9,4.22869e9,26.1407524,25.5559488,SqEuclidean,blended,192,495865.103998,insample,1990
cross,k_medoids,2529186237,100,3.35229e9,5.53415e9,26.4232829,23.796071700000002,SqEuclidean,blended,302,1.7618596599179998e6,insample,1994
cross,k_medoids,2529186237,100,3.35229e9,4.6529e9,27.1345923,23.486118599999998,SqEuclidean,blended,228,860121.19331,insample,1998
cross,k_medoids,2529186237,100,3.35229e9,4.71857e9,27.145964,23.4674534,SqEuclidean,blended,271,936998.3875440002,insample,2004
cross,k_medoids,2529186237,100,3.35229e9,4.6373e9,29.640957,30.8334309,SqEuclidean,blended,186,867296.857144,insample,2008
cross,k_medoids,2529186237,100,3.35229e9,5.13883e9,26.1115107,24.9227427,SqEuclidean,blended,342,1.385303125689e6,insample,2011
cross,k_medoids,2529186237,100,3.35229e9,4.37962e9,25.8968211,23.0415666,SqEuclidean,blended,181,558161.1368190001,insample,2012
cross,k_medoids,2529186237,100,3.35229e9,4.80232e9,33.2238582,30.0700531,SqEuclidean,blended,208,1.0098964416679998e6,insample,2016
cross,k_medoids,2910484191,100,3.35848e9,1.40411e12,21.7828136,66.694405,SqEuclidean,blended,599,7.2338687168580005e6,initial,initial
cross,k_medoids,2910484191,100,3.35848e9,5.61663e9,26.1291526,24.464059499999998,SqEuclidean,blended,516,1.824677896017e6,insample,1982
cross,k_medoids,2910484191,100,3.35848e9,6.11118e9,25.5737503,25.4836001,SqEuclidean,blended,393,2.2711068149180007e6,insample,1986
cross,k_medoids,2910484191,100,3.35848e9,4.26143e9,25.7473941,24.768146,SqEuclidean,blended,224,515847.685267,insample,1990
cross,k_medoids,2910484191,100,3.35848e9,5.49577e9,26.5245182,25.6117828,SqEuclidean,blended,309,1.710810658907e6,insample,1994
cross,k_medoids,2910484191,100,3.35848e9,4.67242e9,25.2819405,24.8481318,SqEuclidean,blended,260,866036.571779,insample,1998
cross,k_medoids,2910484191,100,3.35848e9,4.78644e9,25.4669424,25.2539192,SqEuclidean,blended,351,991539.6170030002,insample,2004
cross,k_medoids,2910484191,100,3.35848e9,4.62589e9,29.6048425,29.3806884,SqEuclidean,blended,209,842774.5977660003,insample,2008
cross,k_medoids,2910484191,100,3.35848e9,5.21683e9,26.5610523,25.6985146,SqEuclidean,blended,386,1.450089721729e6,insample,2011
cross,k_medoids,2910484191,100,3.35848e9,4.40136e9,25.3838089,23.096184100000002,SqEuclidean,blended,208,566630.2964520002,insample,2012
cross,k_medoids,2910484191,100,3.35848e9,4.81467e9,25.498759,25.002648100000002,SqEuclidean,blended,251,1.0084984774150001e6,insample,2016
cross,k_medoids,2931455462,100,3.34531e9,1.22781e12,22.8935757,66.1556578,SqEuclidean,blended,630,7.440175107715e6,initial,initial
cross,k_medoids,2931455462,100,3.34531e9,5.55232e9,26.4143252,25.5186016,SqEuclidean,blended,452,1.7765836203110002e6,insample,1982
cross,k_medoids,2931455462,100,3.34531e9,6.09723e9,26.2257612,25.038213,SqEuclidean,blended,338,2.274310863617e6,insample,1986
cross,k_medoids,2931455462,100,3.34531e9,4.25281e9,25.670678,26.812808999999998,SqEuclidean,blended,191,521484.565299,insample,1990
cross,k_medoids,2931455462,100,3.34531e9,5.59609e9,25.0545412,26.883831400000002,SqEuclidean,blended,305,1.825534462867e6,insample,1994
cross,k_medoids,2931455462,100,3.34531e9,4.6963e9,25.57304,23.7060593,SqEuclidean,blended,225,906285.5220860003,insample,1998
cross,k_medoids,2931455462,100,3.34531e9,4.73634e9,25.3756856,24.7561128,SqEuclidean,blended,281,956004.760958,insample,2004
cross,k_medoids,2931455462,100,3.34531e9,4.71736e9,28.766396,30.2913775,SqEuclidean,blended,211,948399.258438,insample,2008
cross,k_medoids,2931455462,100,3.34531e9,5.22382e9,25.4724151,25.505474,SqEuclidean,blended,350,1.4723510832519997e6,insample,2011
cross,k_medoids,2931455462,100,3.34531e9,4.41488e9,26.1133908,24.6247605,SqEuclidean,blended,186,596673.5520119999,insample,2012
cross,k_medoids,2931455462,100,3.34531e9,4.8952e9,26.7494199,26.0154512,SqEuclidean,blended,240,1.104967677193e6,insample,2016
cross,k_medoids,3631457564,100,3.32966e9,1.27964e12,22.7533668,65.6756017,SqEuclidean,blended,596,7.106647782102001e6,initial,initial
cross,k_medoids,3631457564,100,3.32966e9,5.7129e9,25.6923152,24.2829765,SqEuclidean,blended,506,1.918489073364e6,insample,1982
cross,k_medoids,3631457564,100,3.32966e9,6.30747e9,25.3984607,24.9787186,SqEuclidean,blended,383,2.465593159668001e6,insample,1986
cross,k_medoids,3631457564,100,3.32966e9,4.30375e9,26.4928618,25.0800777,SqEuclidean,blended,214,555478.2604149999,insample,1990
cross,k_medoids,3631457564,100,3.32966e9,5.59631e9,25.7606114,26.1073929,SqEuclidean,blended,309,1.8089849193509996e6,insample,1994
cross,k_medoids,3631457564,100,3.32966e9,4.75345e9,25.6482489,25.2563305,SqEuclidean,blended,248,944700.6269060001,insample,1998
cross,k_medoids,3631457564,100,3.32966e9,4.93391e9,26.6026764,23.6609565,SqEuclidean,blended,335,1.1365553690109996e6,insample,2004
cross,k_medoids,3631457564,100,3.32966e9,4.69964e9,28.7674112,29.0881549,SqEuclidean,blended,217,914068.9479680002,insample,2008
cross,k_medoids,3631457564,100,3.32966e9,5.37513e9,25.8358967,25.9500563,SqEuclidean,blended,394,1.6065531641489998e6,insample,2011
cross,k_medoids,3631457564,100,3.32966e9,4.48805e9,31.0174118,24.5856773,SqEuclidean,blended,208,651143.569887,insample,2012
cross,k_medoids,3631457564,100,3.32966e9,4.90385e9,25.8139244,26.5950346,SqEuclidean,blended,229,1.094908970846e6,insample,2016
cross,k_medoids,472808301,100,3.36901e9,1.55252e12,25.045762,66.6381116,SqEuclidean,blended,635,7.428855563216999e6,initial,initial
cross,k_medoids,472808301,100,3.36901e9,5.53711e9,26.5849611,24.7825877,SqEuclidean,blended,483,1.7512650036769998e6,insample,1982
cross,k_medoids,472808301,100,3.36901e9,5.99149e9,25.5458248,24.4508642,SqEuclidean,blended,351,2.1575251589880013e6,insample,1986
cross,k_medoids,472808301,100,3.36901e9,4.24815e9,26.6181942,25.076961200000003,SqEuclidean,blended,201,508421.64382700005,insample,1990
cross,k_medoids,472808301,100,3.36901e9,5.59812e9,25.8486042,23.8698731,SqEuclidean,blended,323,1.8190965114979998e6,insample,1994
cross,k_medoids,472808301,100,3.36901e9,4.71875e9,25.4060682,24.1776239,SqEuclidean,blended,236,918893.6494800001,insample,1998
cross,k_medoids,472808301,100,3.36901e9,4.73113e9,26.1951898,26.076038999999998,SqEuclidean,blended,295,942177.15156,insample,2004
cross,k_medoids,472808301,100,3.36901e9,4.70161e9,29.8306032,31.7449649,SqEuclidean,blended,210,925228.996058,insample,2008
cross,k_medoids,472808301,100,3.36901e9,5.14208e9,25.3325688,25.8176148,SqEuclidean,blended,348,1.3818038425409996e6,insample,2011
cross,k_medoids,472808301,100,3.36901e9,4.4008e9,25.1980969,25.977079500000002,SqEuclidean,blended,187,572405.4672270002,insample,2012
cross,k_medoids,472808301,100,3.36901e9,4.85473e9,25.5929889,27.2556999,SqEuclidean,blended,231,1.0548267158420002e6,insample,2016
cross,k_medoids,1516602964,20,3.20446e9,8.82827e11,2.8191535,44.3922671,SqEuclidean,blended,546,6.948739562009e6,initial,initial
cross,k_medoids,1516602964,20,3.20446e9,6.8039e9,25.5574535,24.7427473,SqEuclidean,blended,777,3.039439837955e6,insample,1982
cross,k_medoids,1516602964,20,3.20446e9,7.12219e9,24.7908477,24.6512486,SqEuclidean,blended,605,3.309660041313e6,insample,1986
cross,k_medoids,1516602964,20,3.20446e9,4.80098e9,25.3492073,25.4959828,SqEuclidean,blended,355,1.079167252873e6,insample,1990
cross,k_medoids,1516602964,20,3.20446e9,6.81029e9,25.3647037,25.0900677,SqEuclidean,blended,495,3.0521324233400007e6,insample,1994
cross,k_medoids,1516602964,20,3.20446e9,5.40957e9,25.3248341,25.507821800000002,SqEuclidean,blended,424,1.629385853266e6,insample,1998
cross,k_medoids,1516602964,20,3.20446e9,5.54456e9,25.1218775,24.579303499999998,SqEuclidean,blended,567,1.775037465418e6,insample,2004
cross,k_medoids,1516602964,20,3.20446e9,5.19042e9,29.1238357,31.0815624,SqEuclidean,blended,362,1.431834079261e6,insample,2008
cross,k_medoids,1516602964,20,3.20446e9,5.86714e9,26.022666,25.571747600000002,SqEuclidean,blended,593,2.124312005281001e6,insample,2011
cross,k_medoids,1516602964,20,3.20446e9,5.11978e9,25.7599655,25.0376766,SqEuclidean,blended,454,1.3113639942319999e6,insample,2012
cross,k_medoids,1516602964,20,3.20446e9,5.65334e9,26.9976934,24.0915067,SqEuclidean,blended,478,1.8734626675300004e6,insample,2016
cross,k_medoids,1886534858,20,3.21703e9,9.73969e11,2.6973327,43.8286771,SqEuclidean,blended,550,6.966740166369001e6,initial,initial
cross,k_medoids,1886534858,20,3.21703e9,6.9875e9,24.9033405,24.3586438,SqEuclidean,blended,705,3.213433832617e6,insample,1982
cross,k_medoids,1886534858,20,3.21703e9,7.17876e9,25.9093782,23.045606799999998,SqEuclidean,blended,518,3.355613340544e6,insample,1986
cross,k_medoids,1886534858,20,3.21703e9,4.93475e9,25.7682769,24.8349522,SqEuclidean,blended,345,1.2038781297870001e6,insample,1990
cross,k_medoids,1886534858,20,3.21703e9,7.05054e9,25.5346962,26.0293171,SqEuclidean,blended,463,3.283374568369e6,insample,1994
cross,k_medoids,1886534858,20,3.21703e9,5.51482e9,26.3634455,24.6643707,SqEuclidean,blended,370,1.7241290446139998e6,insample,1998
cross,k_medoids,1886534858,20,3.21703e9,5.60902e9,25.0775055,24.595768500000002,SqEuclidean,blended,493,1.8297209575170001e6,insample,2004
cross,k_medoids,1886534858,20,3.21703e9,5.27067e9,31.6644449,32.1261907,SqEuclidean,blended,305,1.5030972637729996e6,insample,2008
cross,k_medoids,1886534858,20,3.21703e9,5.95268e9,24.9613523,26.6684907,SqEuclidean,blended,504,2.200539405268e6,insample,2011
cross,k_medoids,1886534858,20,3.21703e9,5.19492e9,24.9702053,24.576930400000002,SqEuclidean,blended,340,1.3757492688939997e6,insample,2012
cross,k_medoids,1886534858,20,3.21703e9,5.80734e9,24.9497181,24.893455,SqEuclidean,blended,383,2.0179116785670002e6,insample,2016
cross,k_medoids,2317698438,20,3.31124e9,1.05543e12,2.7483789,43.2706572,SqEuclidean,blended,549,6.9587766376e6,initial,initial
cross,k_medoids,2317698438,20,3.31124e9,5.91476e9,26.0623788,25.547015,SqEuclidean,blended,681,2.141138664986e6,insample,1982
cross,k_medoids,2317698438,20,3.31124e9,6.54542e9,24.5212959,24.4447377,SqEuclidean,blended,570,2.724735952396e6,insample,1986
cross,k_medoids,2317698438,20,3.31124e9,4.39636e9,24.1998062,25.6122132,SqEuclidean,blended,310,667261.1547750001,insample,1990
cross,k_medoids,2317698438,20,3.31124e9,5.76e9,25.9932719,23.6550731,SqEuclidean,blended,422,1.9920167308509997e6,insample,1994
cross,k_medoids,2317698438,20,3.31124e9,4.93569e9,24.6931098,25.720841,SqEuclidean,blended,378,1.1474783641790003e6,insample,1998
cross,k_medoids,2317698438,20,3.31124e9,5.14599e9,26.3735525,24.6093863,SqEuclidean,blended,501,1.3696100772900002e6,insample,2004
cross,k_medoids,2317698438,20,3.31124e9,4.85936e9,26.0575552,27.7600871,SqEuclidean,blended,326,1.094091716031e6,insample,2008
cross,k_medoids,2317698438,20,3.31124e9,5.48664e9,25.603276,23.592402,SqEuclidean,blended,515,1.737349725106e6,insample,2011
cross,k_medoids,2317698438,20,3.31124e9,4.6992e9,24.4462935,25.378040799999997,SqEuclidean,blended,382,883553.9562359999,insample,2012
cross,k_medoids,2317698438,20,3.31124e9,5.10928e9,25.3654337,25.2905286,SqEuclidean,blended,415,1.3217289197960002e6,insample,2016
cross,k_medoids,2466700586,20,3.33708e9,1.4082e12,2.6991861,43.456376500000005,SqEuclidean,blended,546,6.948277387217e6,initial,initial
cross,k_medoids,2466700586,20,3.33708e9,5.86671e9,25.5700649,25.4347201,SqEuclidean,blended,613,2.0893068284840002e6,insample,1982
cross,k_medoids,2466700586,20,3.33708e9,6.42225e9,24.8933236,24.8388616,SqEuclidean,blended,480,2.5975814553560005e6,insample,1986
cross,k_medoids,2466700586,20,3.33708e9,4.36063e9,25.1670708,25.3677228,SqEuclidean,blended,270,628382.8278190001,insample,1990
cross,k_medoids,2466700586,20,3.33708e9,5.73224e9,25.0072488,25.592055600000002,SqEuclidean,blended,373,1.9612872165469998e6,insample,1994
cross,k_medoids,2466700586,20,3.33708e9,4.87579e9,25.8092223,25.1315073,SqEuclidean,blended,328,1.0837856318029999e6,insample,1998
cross,k_medoids,2466700586,20,3.33708e9,5.05383e9,26.1078624,23.399773800000002,SqEuclidean,blended,441,1.273807849583e6,insample,2004
cross,k_medoids,2466700586,20,3.33708e9,4.82855e9,26.4375934,26.8232907,SqEuclidean,blended,295,1.05992533551e6,insample,2008
cross,k_medoids,2466700586,20,3.33708e9,5.47796e9,25.7646234,27.2343599,SqEuclidean,blended,478,1.7252226731469997e6,insample,2011
cross,k_medoids,2466700586,20,3.33708e9,4.61285e9,26.638974,23.3531318,SqEuclidean,blended,307,793156.851545,insample,2012
cross,k_medoids,2466700586,20,3.33708e9,5.05054e9,26.5755857,26.906216099999998,SqEuclidean,blended,340,1.259166883513e6,insample,2016
cross,k_medoids,2692059346,20,3.31266e9,1.10358e12,2.6856479,44.2383101,SqEuclidean,blended,548,7.021930379976e6,initial,initial
cross,k_medoids,2692059346,20,3.31266e9,5.85891e9,26.0321497,26.006967399999997,SqEuclidean,blended,603,2.0816647417049997e6,insample,1982
cross,k_medoids,2692059346,20,3.31266e9,6.4514e9,24.4165261,24.333045799999997,SqEuclidean,blended,468,2.626917525233e6,insample,1986
cross,k_medoids,2692059346,20,3.31266e9,4.367e9,25.135058,24.9390577,SqEuclidean,blended,260,635238.5475379999,insample,1990
cross,k_medoids,2692059346,20,3.31266e9,5.74318e9,25.6579216,23.472805700000002,SqEuclidean,blended,380,1.9722529266980002e6,insample,1994
cross,k_medoids,2692059346,20,3.31266e9,4.9042e9,24.9325395,25.0303957,SqEuclidean,blended,317,1.112760917502e6,insample,1998
cross,k_medoids,2692059346,20,3.31266e9,5.0948e9,25.944553,24.8939433,SqEuclidean,blended,443,1.314825754936e6,insample,2004
cross,k_medoids,2692059346,20,3.31266e9,4.82822e9,24.9354232,24.7174552,SqEuclidean,blended,279,1.0595677405039999e6,insample,2008
cross,k_medoids,2692059346,20,3.31266e9,5.4745e9,25.2879287,24.6817319,SqEuclidean,blended,463,1.7218140718129997e6,insample,2011
cross,k_medoids,2692059346,20,3.31266e9,4.61587e9,25.0679316,24.9374061,SqEuclidean,blended,279,796325.2364260001,insample,2012
cross,k_medoids,2692059346,20,3.31266e9,5.04949e9,24.696344,25.7651841,SqEuclidean,blended,316,1.2579433327660006e6,insample,2016
cross,k_medoids,3032526906,20,3.19188e9,6.83547e11,2.6077258,43.152116500000005,SqEuclidean,blended,551,6.956038680939001e6,initial,initial
cross,k_medoids,3032526906,20,3.19188e9,5.98165e9,26.6127118,25.2530937,SqEuclidean,blended,720,2.205577108751e6,insample,1982
cross,k_medoids,3032526906,20,3.19188e9,6.56768e9,25.8108039,24.6987029,SqEuclidean,blended,562,2.745761401794e6,insample,1986
cross,k_medoids,3032526906,20,3.19188e9,4.39939e9,27.1428905,26.568271000000003,SqEuclidean,blended,296,669353.2091429998,insample,1990
cross,k_medoids,3032526906,20,3.19188e9,5.8182e9,26.9240107,25.4742884,SqEuclidean,blended,431,2.0477083066579998e6,insample,1994
cross,k_medoids,3032526906,20,3.19188e9,4.962e9,25.7543049,24.425410499999998,SqEuclidean,blended,389,1.1735906064849999e6,insample,1998
cross,k_medoids,3032526906,20,3.19188e9,5.1395e9,25.2372899,25.5813093,SqEuclidean,blended,519,1.3623759765320003e6,insample,2004
cross,k_medoids,3032526906,20,3.19188e9,4.83757e9,25.7030744,24.7039212,SqEuclidean,blended,322,1.0714553371950001e6,insample,2008
cross,k_medoids,3032526906,20,3.19188e9,5.48063e9,26.9064774,25.351518000000002,SqEuclidean,blended,534,1.7263823413159999e6,insample,2011
cross,k_medoids,3032526906,20,3.19188e9,4.64817e9,24.9873394,25.0317,SqEuclidean,blended,378,832167.3949570002,insample,2012
cross,k_medoids,3032526906,20,3.19188e9,5.12472e9,26.0409473,25.4169939,SqEuclidean,blended,395,1.3359898163100001e6,insample,2016
cross,k_medoids,3214418042,20,3.31381e9,1.20206e12,2.4958704,43.046380299999996,SqEuclidean,blended,544,6.947464626828999e6,initial,initial
cross,k_medoids,3214418042,20,3.31381e9,6.06993e9,25.4728739,24.910378299999998,SqEuclidean,blended,814,2.2890624991460005e6,insample,1982
cross,k_medoids,3214418042,20,3.31381e9,6.71207e9,25.6594415,25.610610400000002,SqEuclidean,blended,708,2.883844686763e6,insample,1986
cross,k_medoids,3214418042,20,3.31381e9,4.43869e9,26.3593425,25.2404243,SqEuclidean,blended,363,702514.3929080002,insample,1990
cross,k_medoids,3214418042,20,3.31381e9,5.8198e9,25.1980224,25.1217997,SqEuclidean,blended,503,2.044921079352e6,insample,1994
cross,k_medoids,3214418042,20,3.31381e9,5.04253e9,25.9962634,26.5296525,SqEuclidean,blended,515,1.2467778379580001e6,insample,1998
cross,k_medoids,3214418042,20,3.31381e9,5.2685e9,25.3347239,24.8775562,SqEuclidean,blended,629,1.484788250862e6,insample,2004
cross,k_medoids,3214418042,20,3.31381e9,4.90776e9,26.1922549,24.0422148,SqEuclidean,blended,390,1.135553028304e6,insample,2008
cross,k_medoids,3214418042,20,3.31381e9,5.61299e9,25.175108,25.6806715,SqEuclidean,blended,645,1.8570781401039998e6,insample,2011
cross,k_medoids,3214418042,20,3.31381e9,4.84544e9,24.977893,24.767258299999998,SqEuclidean,blended,522,1.022231982629e6,insample,2012
cross,k_medoids,3214418042,20,3.31381e9,5.22145e9,24.7496065,24.7043548,SqEuclidean,blended,541,1.426037427919e6,insample,2016
cross,k_medoids,3217763985,20,3.3365e9,1.46389e12,2.7885313,46.137941,SqEuclidean,blended,552,6.982024236344e6,initial,initial
cross,k_medoids,3217763985,20,3.3365e9,6.08386e9,25.0720286,25.7430227,SqEuclidean,blended,816,2.2918588136990005e6,insample,1982
cross,k_medoids,3217763985,20,3.3365e9,6.72437e9,25.2509775,27.025526300000003,SqEuclidean,blended,710,2.8850865262320004e6,insample,1986
cross,k_medoids,3217763985,20,3.3365e9,4.44884e9,25.1548091,25.8156682,SqEuclidean,blended,361,702442.4198619999,insample,1990
cross,k_medoids,3217763985,20,3.3365e9,5.83253e9,25.3740295,24.4323326,SqEuclidean,blended,507,2.046451486077e6,insample,1994
cross,k_medoids,3217763985,20,3.3365e9,5.05439e9,25.6386263,25.1205627,SqEuclidean,blended,512,1.2477192376450002e6,insample,1998
cross,k_medoids,3217763985,20,3.3365e9,5.28681e9,25.5790925,25.3577277,SqEuclidean,blended,637,1.4923599948850004e6,insample,2004
cross,k_medoids,3217763985,20,3.3365e9,4.92062e9,25.0783479,26.6915895,SqEuclidean,blended,389,1.1376491657850002e6,insample,2008
cross,k_medoids,3217763985,20,3.3365e9,5.63517e9,25.0941511,25.623727799999998,SqEuclidean,blended,645,1.868740428285e6,insample,2011
cross,k_medoids,3217763985,20,3.3365e9,4.85918e9,26.001274,24.206205699999998,SqEuclidean,blended,515,1.024507859285e6,insample,2012
cross,k_medoids,3217763985,20,3.3365e9,5.23327e9,25.4520885,24.510127899999997,SqEuclidean,blended,537,1.4269781411500005e6,insample,2016
cross,k_medoids,3272403283,20,3.20956e9,8.245e11,2.6925962,43.806174,SqEuclidean,blended,545,6.948746515749998e6,initial,initial
cross,k_medoids,3272403283,20,3.20956e9,6.56559e9,26.7834809,25.6035477,SqEuclidean,blended,605,2.8000111685160003e6,insample,1982
cross,k_medoids,3272403283,20,3.20956e9,6.85532e9,25.6915671,25.2735989,SqEuclidean,blended,421,3.0416268346760003e6,insample,1986
cross,k_medoids,3272403283,20,3.20956e9,4.71569e9,25.4749659,23.874942200000003,SqEuclidean,blended,280,992381.143905,insample,1990
cross,k_medoids,3272403283,20,3.20956e9,6.72252e9,25.6186594,25.533773999999998,SqEuclidean,blended,403,2.9634173228610004e6,insample,1994
cross,k_medoids,3272403283,20,3.20956e9,5.25102e9,25.6621764,26.4521318,SqEuclidean,blended,291,1.469898445118e6,insample,1998
cross,k_medoids,3272403283,20,3.20956e9,5.29381e9,25.8083812,25.118535700000002,SqEuclidean,blended,399,1.5221319237030002e6,insample,2004
cross,k_medoids,3272403283,20,3.20956e9,5.09742e9,26.8552945,24.1777319,SqEuclidean,blended,270,1.3365298402089996e6,insample,2008
cross,k_medoids,3272403283,20,3.20956e9,5.70361e9,26.1772156,26.6356205,SqEuclidean,blended,437,1.959541879305e6,insample,2011
cross,k_medoids,3272403283,20,3.20956e9,4.93104e9,26.1740213,24.0720647,SqEuclidean,blended,274,1.121540300179e6,insample,2012
cross,k_medoids,3272403283,20,3.20956e9,5.5084e9,25.4175179,25.0681221,SqEuclidean,blended,313,1.7269753757949998e6,insample,2016
cross,k_medoids,408956147,20,3.17837e9,7.72794e11,2.7545399,44.463039300000005,SqEuclidean,blended,548,6.953175318511e6,initial,initial
cross,k_medoids,408956147,20,3.17837e9,7.72478e9,25.2758149,25.2411401,SqEuclidean,blended,830,3.9691281871909997e6,insample,1982
cross,k_medoids,408956147,20,3.17837e9,7.69241e9,25.6509881,24.6190156,SqEuclidean,blended,647,3.8878448206799994e6,insample,1986
cross,k_medoids,408956147,20,3.17837e9,5.3412e9,25.7801096,24.8725929,SqEuclidean,blended,408,1.626446883357e6,insample,1990
cross,k_medoids,408956147,20,3.17837e9,7.80901e9,25.0866607,25.6902627,SqEuclidean,blended,577,4.060314736932e6,insample,1994
cross,k_medoids,408956147,20,3.17837e9,6.0913e9,25.6995654,23.966267199999997,SqEuclidean,blended,477,2.3193792102429997e6,insample,1998
cross,k_medoids,408956147,20,3.17837e9,6.29921e9,25.5989922,24.9291625,SqEuclidean,blended,631,2.537432651709e6,insample,2004
cross,k_medoids,408956147,20,3.17837e9,5.67017e9,25.5187086,27.201730400000002,SqEuclidean,blended,394,1.9180705017349995e6,insample,2008
cross,k_medoids,408956147,20,3.17837e9,6.49952e9,25.7799285,24.2469945,SqEuclidean,blended,638,2.763865569827e6,insample,2011
cross,k_medoids,408956147,20,3.17837e9,5.87251e9,26.0187702,24.3035714,SqEuclidean,blended,506,2.0725689406879996e6,insample,2012
cross,k_medoids,408956147,20,3.17837e9,6.54724e9,35.8796389,24.169249399999998,SqEuclidean,blended,551,2.7756334795929994e6,insample,2016
cross,k_medoids,123456789,50,3.44556e9,1.07701e12,8.6490372,52.3945033,SqEuclidean,blended,582,7.136080760824e6,initial,initial
cross,k_medoids,123456789,50,3.44556e9,5.43688e9,29.1961133,29.0312353,SqEuclidean,blended,511,1.6696173789239996e6,insample,1982
cross,k_medoids,123456789,50,3.44556e9,5.83197e9,26.2230438,26.393428500000002,SqEuclidean,blended,352,2.0170274426919995e6,insample,1986
cross,k_medoids,123456789,50,3.44556e9,4.22567e9,25.2815043,25.3510003,SqEuclidean,blended,216,503943.55056799995,insample,1990
cross,k_medoids,123456789,50,3.44556e9,5.5192e9,26.5972665,24.105554700000003,SqEuclidean,blended,321,1.7591199140470002e6,insample,1994
cross,k_medoids,123456789,50,3.44556e9,4.64964e9,25.8752734,24.5478272,SqEuclidean,blended,267,868928.820208,insample,1998
cross,k_medoids,123456789,50,3.44556e9,4.63598e9,25.4439964,25.4661456,SqEuclidean,blended,308,865519.125154,insample,2004
cross,k_medoids,123456789,50,3.44556e9,4.6582e9,25.5836447,26.7141534,SqEuclidean,blended,219,899835.567342,insample,2008
cross,k_medoids,123456789,50,3.44556e9,5.02647e9,26.5414725,25.8710062,SqEuclidean,blended,346,1.2829380631489998e6,insample,2011
cross,k_medoids,123456789,50,3.44556e9,4.37654e9,26.4408084,24.7832054,SqEuclidean,blended,213,567930.5768510001,insample,2012
cross,k_medoids,123456789,50,3.44556e9,4.76436e9,30.9029441,33.757727800000005,SqEuclidean,blended,251,983141.3712780002,insample,2016
cross,k_medoids,1286268702,50,3.3317e9,1.40153e12,9.56849,51.159156800000005,SqEuclidean,blended,577,7.017570035897999e6,initial,initial
cross,k_medoids,1286268702,50,3.3317e9,5.94595e9,26.277006,23.629785400000003,SqEuclidean,blended,693,2.1633572114190003e6,insample,1982
cross,k_medoids,1286268702,50,3.3317e9,6.51084e9,25.3030218,24.935336,SqEuclidean,blended,537,2.6802075644239997e6,insample,1986
cross,k_medoids,1286268702,50,3.3317e9,4.38318e9,25.5081784,26.0328188,SqEuclidean,blended,295,646310.750811,insample,1990
cross,k_medoids,1286268702,50,3.3317e9,5.74933e9,24.8176132,26.2312634,SqEuclidean,blended,407,1.9730261453929998e6,insample,1994
cross,k_medoids,1286268702,50,3.3317e9,4.92483e9,25.9810825,24.4712669,SqEuclidean,blended,390,1.127226851787e6,insample,1998
cross,k_medoids,1286268702,50,3.3317e9,5.12006e9,25.8242895,25.9657268,SqEuclidean,blended,499,1.3346962342309998e6,insample,2004
cross,k_medoids,1286268702,50,3.3317e9,4.84682e9,28.3576139,26.3624845,SqEuclidean,blended,312,1.07352456883e6,insample,2008
cross,k_medoids,1286268702,50,3.3317e9,5.50098e9,26.0788431,25.424408600000003,SqEuclidean,blended,523,1.7430874286869997e6,insample,2011
cross,k_medoids,1286268702,50,3.3317e9,4.68125e9,25.9636149,26.5678384,SqEuclidean,blended,375,855720.676087,insample,2012
cross,k_medoids,1286268702,50,3.3317e9,5.09481e9,29.895766,31.2811981,SqEuclidean,blended,389,1.2980867796309998e6,insample,2016
cross,k_medoids,1308502331,50,3.32502e9,1.11679e12,8.924946,52.1156091,SqEuclidean,blended,600,7.145020347577e6,initial,initial
cross,k_medoids,1308502331,50,3.32502e9,5.83073e9,25.8646549,24.9941102,SqEuclidean,blended,615,2.056711349302e6,insample,1982
cross,k_medoids,1308502331,50,3.32502e9,6.41923e9,27.2852932,23.702072400000002,SqEuclidean,blended,498,2.597838234554e6,insample,1986
cross,k_medoids,1308502331,50,3.32502e9,4.32828e9,26.395983,23.9935893,SqEuclidean,blended,266,598714.750538,insample,1990
cross,k_medoids,1308502331,50,3.32502e9,5.6449e9,25.3492668,24.950616200000002,SqEuclidean,blended,367,1.8767257734870003e6,insample,1994
cross,k_medoids,1308502331,50,3.32502e9,4.79964e9,27.2104639,25.1732302,SqEuclidean,blended,315,1.011184211212e6,insample,1998
cross,k_medoids,1308502331,50,3.32502e9,5.002e9,26.3368021,24.398011099999998,SqEuclidean,blended,446,1.22433787629e6,insample,2004
cross,k_medoids,1308502331,50,3.32502e9,4.75433e9,26.4210615,26.3029737,SqEuclidean,blended,268,987911.666507,insample,2008
cross,k_medoids,1308502331,50,3.32502e9,5.36732e9,26.1104528,25.9793056,SqEuclidean,blended,456,1.617355686102e6,insample,2011
cross,k_medoids,1308502331,50,3.32502e9,4.5617e9,26.9672881,25.4559047,SqEuclidean,blended,307,745275.151384,insample,2012
cross,k_medoids,1308502331,50,3.32502e9,4.97362e9,30.8434558,33.224584,SqEuclidean,blended,336,1.1850995627630001e6,insample,2016
cross,k_medoids,1573928461,50,3.35128e9,9.89086e11,8.3454002,51.6014996,SqEuclidean,blended,588,7.216374489767e6,initial,initial
cross,k_medoids,1573928461,50,3.35128e9,5.62497e9,27.3950278,25.856377000000002,SqEuclidean,blended,471,1.854706923873e6,insample,1982
cross,k_medoids,1573928461,50,3.35128e9,6.26301e9,27.0288313,24.0987324,SqEuclidean,blended,381,2.445452538789001e6,insample,1986
cross,k_medoids,1573928461,50,3.35128e9,4.2818e9,26.646488,27.5531403,SqEuclidean,blended,211,556939.986407,insample,1990
cross,k_medoids,1573928461,50,3.35128e9,5.53274e9,26.7384244,24.4057216,SqEuclidean,blended,302,1.7692384032309996e6,insample,1994
cross,k_medoids,1573928461,50,3.35128e9,4.70579e9,25.5223222,25.3377934,SqEuclidean,blended,245,921346.782797,insample,1998
cross,k_medoids,1573928461,50,3.35128e9,4.90233e9,26.3471846,25.6448985,SqEuclidean,blended,329,1.1295595418270002e6,insample,2004
cross,k_medoids,1573928461,50,3.35128e9,4.65279e9,25.9477918,25.8003131,SqEuclidean,blended,202,891182.2054900001,insample,2008
cross,k_medoids,1573928461,50,3.35128e9,5.28109e9,25.4289362,25.5461172,SqEuclidean,blended,372,1.5353361518289999e6,insample,2011
cross,k_medoids,1573928461,50,3.35128e9,4.48344e9,26.1536437,24.8995654,SqEuclidean,blended,203,671428.695206,insample,2012
cross,k_medoids,1573928461,50,3.35128e9,4.84716e9,26.2287283,27.1373702,SqEuclidean,blended,225,1.0634659089280004e6,insample,2016
cross,k_medoids,1991051616,50,3.34257e9,1.0669e12,8.3520807,52.3929635,SqEuclidean,blended,592,7.145011692217999e6,initial,initial
cross,k_medoids,1991051616,50,3.34257e9,5.63457e9,26.0512517,28.6024456,SqEuclidean,blended,536,1.8735885893599999e6,insample,1982
cross,k_medoids,1991051616,50,3.34257e9,6.15887e9,25.5629738,25.196939399999998,SqEuclidean,blended,392,2.350538691988e6,insample,1986
cross,k_medoids,1991051616,50,3.34257e9,4.25292e9,26.8227646,25.3790341,SqEuclidean,blended,221,537373.0790520001,insample,1990
cross,k_medoids,1991051616,50,3.34257e9,5.5701e9,28.1804408,25.1958727,SqEuclidean,blended,324,1.8160039695709997e6,insample,1994
cross,k_medoids,1991051616,50,3.34257e9,4.7047e9,26.5138418,23.987353600000002,SqEuclidean,blended,277,930155.047792,insample,1998
cross,k_medoids,1991051616,50,3.34257e9,4.75222e9,27.3679499,24.0081769,SqEuclidean,blended,328,987789.4773950002,insample,2004
cross,k_medoids,1991051616,50,3.34257e9,4.68737e9,25.9184944,25.2854278,SqEuclidean,blended,229,935194.6017429999,insample,2008
cross,k_medoids,1991051616,50,3.34257e9,5.21853e9,25.8886798,24.233065500000002,SqEuclidean,blended,379,1.4810439550479995e6,insample,2011
cross,k_medoids,1991051616,50,3.34257e9,4.41819e9,26.1925621,25.035859600000002,SqEuclidean,blended,217,615434.5790309999,insample,2012
cross,k_medoids,1991051616,50,3.34257e9,4.8599e9,26.5287139,24.6612132,SqEuclidean,blended,263,1.084763192225e6,insample,2016
cross,k_medoids,2678701235,50,3.21865e9,1.04818e12,9.2729155,51.687839499999995,SqEuclidean,blended,566,7.156131925959e6,initial,initial
cross,k_medoids,2678701235,50,3.21865e9,7.37616e9,25.5404651,27.915838299999997,SqEuclidean,blended,669,3.6127133517410005e6,insample,1982
cross,k_medoids,2678701235,50,3.21865e9,7.26377e9,26.1402873,23.4616905,SqEuclidean,blended,475,3.4507005128430007e6,insample,1986
cross,k_medoids,2678701235,50,3.21865e9,5.20194e9,26.7983639,25.2808743,SqEuclidean,blended,339,1.4801134551040002e6,insample,1990
cross,k_medoids,2678701235,50,3.21865e9,7.62375e9,25.5683978,24.3631658,SqEuclidean,blended,497,3.867293312083001e6,insample,1994
cross,k_medoids,2678701235,50,3.21865e9,5.87148e9,25.7344831,24.712404199999998,SqEuclidean,blended,368,2.091411825218e6,insample,1998
cross,k_medoids,2678701235,50,3.21865e9,5.91896e9,27.4247716,25.6651923,SqEuclidean,blended,461,2.149755709504e6,insample,2004
cross,k_medoids,2678701235,50,3.21865e9,5.48291e9,26.1295254,26.6879524,SqEuclidean,blended,304,1.7240364319769999e6,insample,2008
cross,k_medoids,2678701235,50,3.21865e9,6.25847e9,25.8756942,26.256920400000002,SqEuclidean,blended,500,2.515910832905e6,insample,2011
cross,k_medoids,2678701235,50,3.21865e9,5.46227e9,26.1872424,23.5753526,SqEuclidean,blended,329,1.654018478315e6,insample,2012
cross,k_medoids,2678701235,50,3.21865e9,6.26664e9,26.6976492,27.4464223,SqEuclidean,blended,391,2.4880648514549993e6,insample,2016
cross,k_medoids,3861234567,50,3.34439e9,1.52696e12,9.3012919,52.0331715,SqEuclidean,blended,590,7.145333993626999e6,initial,initial
cross,k_medoids,3861234567,50,3.34439e9,5.868e9,26.4294843,25.6635906,SqEuclidean,blended,628,2.0896655777089999e6,insample,1982
cross,k_medoids,3861234567,50,3.34439e9,6.45925e9,26.1785088,24.526222999999998,SqEuclidean,blended,506,2.6335574940239997e6,insample,1986
cross,k_medoids,3861234567,50,3.34439e9,4.37109e9,26.7049232,24.8949716,SqEuclidean,blended,270,637766.819034,insample,1990
cross,k_medoids,3861234567,50,3.34439e9,5.72323e9,25.3098931,24.5801689,SqEuclidean,blended,386,1.950615774246e6,insample,1994
cross,k_medoids,3861234567,50,3.34439e9,4.89701e9,25.4628751,23.6044727,SqEuclidean,blended,335,1.1043621472590002e6,insample,1998
cross,k_medoids,3861234567,50,3.34439e9,5.0917e9,25.1501142,25.717543499999998,SqEuclidean,blended,471,1.310300668139e6,insample,2004
cross,k_medoids,3861234567,50,3.34439e9,4.83089e9,25.6399359,24.4988623,SqEuclidean,blended,294,1.060605660006e6,insample,2008
cross,k_medoids,3861234567,50,3.34439e9,5.44738e9,25.1045787,25.3238671,SqEuclidean,blended,475,1.6935588580599998e6,insample,2011
cross,k_medoids,3861234567,50,3.34439e9,4.64248e9,24.6694018,24.4602768,SqEuclidean,blended,321,821742.12272,insample,2012
cross,k_medoids,3861234567,50,3.34439e9,5.05763e9,26.5695388,25.239091100000003,SqEuclidean,blended,346,1.2651274991570003e6,insample,2016
cross,k_medoids,477073181,50,3.34306e9,1.22012e12,8.9174708,52.636077900000004,SqEuclidean,blended,576,7.000324577513999e6,initial,initial
cross,k_medoids,477073181,50,3.34306e9,5.7031e9,26.0223852,26.824118799999997,SqEuclidean,blended,631,1.932177094023e6,insample,1982
cross,k_medoids,477073181,50,3.34306e9,6.15397e9,26.8704466,24.532902099999998,SqEuclidean,blended,476,2.335053411888e6,insample,1986
cross,k_medoids,477073181,50,3.34306e9,4.26728e9,26.8133343,25.4799874,SqEuclidean,blended,256,541856.0960649999,insample,1990
cross,k_medoids,477073181,50,3.34306e9,5.6039e9,25.6155304,24.2131634,SqEuclidean,blended,360,1.8395608344669999e6,insample,1994
cross,k_medoids,477073181,50,3.34306e9,4.76118e9,25.540229,26.6887343,SqEuclidean,blended,341,975887.9442150001,insample,1998
cross,k_medoids,477073181,50,3.34306e9,4.78132e9,29.4716662,24.9705607,SqEuclidean,blended,398,1.0070818295100003e6,insample,2004
cross,k_medoids,477073181,50,3.34306e9,4.73e9,27.3975823,24.5215641,SqEuclidean,blended,265,968507.6805479999,insample,2008
cross,k_medoids,477073181,50,3.34306e9,5.19534e9,25.6494307,25.7505915,SqEuclidean,blended,447,1.4482719944669998e6,insample,2011
cross,k_medoids,477073181,50,3.34306e9,4.47017e9,25.6474301,23.8156768,SqEuclidean,blended,313,656970.307302,insample,2012
cross,k_medoids,477073181,50,3.34306e9,4.93067e9,25.6022058,26.4657962,SqEuclidean,blended,343,1.1458505341969999e6,insample,2016
cross,k_medoids,876543210,50,3.32158e9,1.04536e12,9.6607928,51.5970018,SqEuclidean,blended,583,7.1184684180270005e6,initial,initial
cross,k_medoids,876543210,50,3.32158e9,5.68469e9,26.7895716,24.981279999999998,SqEuclidean,blended,513,1.9064878427259994e6,insample,1982
cross,k_medoids,876543210,50,3.32158e9,6.2475e9,26.3800089,25.283042000000002,SqEuclidean,blended,384,2.4216750790989995e6,insample,1986
cross,k_medoids,876543210,50,3.32158e9,4.30687e9,26.703555,24.4803811,SqEuclidean,blended,219,574385.3382229998,insample,1990
cross,k_medoids,876543210,50,3.32158e9,5.65139e9,25.9265369,25.3984079,SqEuclidean,blended,340,1.8798222703e6,insample,1994
cross,k_medoids,876543210,50,3.32158e9,4.79713e9,25.984215,24.9652123,SqEuclidean,blended,271,1.0047883821880001e6,insample,1998
cross,k_medoids,876543210,50,3.32158e9,4.88876e9,29.8376887,31.1969447,SqEuclidean,blended,336,1.1078328369580004e6,insample,2004
cross,k_medoids,876543210,50,3.32158e9,4.75017e9,27.2004048,26.1431121,SqEuclidean,blended,219,981288.1958230002,insample,2008
cross,k_medoids,876543210,50,3.32158e9,5.3387e9,26.5268471,24.732211799999998,SqEuclidean,blended,384,1.5855404150339998e6,insample,2011
cross,k_medoids,876543210,50,3.32158e9,4.48353e9,28.0465789,23.8710399,SqEuclidean,blended,208,663190.2834219999,insample,2012
cross,k_medoids,876543210,50,3.32158e9,4.95074e9,25.7357105,24.6782114,SqEuclidean,blended,253,1.158914553732e6,insample,2016
cross,k_medoids,987654321,50,3.32229e9,1.28009e12,9.1337517,52.60530970000001,SqEuclidean,blended,559,7.055641902446999e6,initial,initial
cross,k_medoids,987654321,50,3.32229e9,5.7604e9,25.1850943,25.5576544,SqEuclidean,blended,558,1.9811835159210002e6,insample,1982
cross,k_medoids,987654321,50,3.32229e9,6.36522e9,25.6805617,24.6291696,SqEuclidean,blended,422,2.538462466195e6,insample,1986
cross,k_medoids,987654321,50,3.32229e9,4.31906e9,28.8308715,28.8192537,SqEuclidean,blended,243,585086.163849,insample,1990
cross,k_medoids,987654321,50,3.32229e9,5.62832e9,25.5730578,25.2546652,SqEuclidean,blended,340,1.855615925166e6,insample,1994
cross,k_medoids,987654321,50,3.32229e9,4.79309e9,25.268817,25.6398756,SqEuclidean,blended,277,999617.3040420001,insample,1998
cross,k_medoids,987654321,50,3.32229e9,4.96866e9,31.1068192,31.7850467,SqEuclidean,blended,372,1.186710258128e6,insample,2004
cross,k_medoids,987654321,50,3.32229e9,4.73332e9,26.0517549,26.279785399999998,SqEuclidean,blended,234,963004.9736520001,insample,2008
cross,k_medoids,987654321,50,3.32229e9,5.35117e9,26.3795584,25.6046526,SqEuclidean,blended,412,1.5967884959289997e6,insample,2011
cross,k_medoids,987654321,50,3.32229e9,4.51819e9,26.9615539,32.704995800000006,SqEuclidean,blended,230,696687.4245370001,insample,2012
cross,k_medoids,987654321,50,3.32229e9,4.93545e9,26.6080008,26.0839632,SqEuclidean,blended,277,1.1422710827960002e6,insample,2016
cross,k_means,1005471400,100,3.19942e9,9.27974e11,24.3017187,73.3854049,SqEuclidean,blended,1799,2.5692735189416997e7,initial,initial
cross,k_means,1005471400,100,3.19942e9,9.57645e9,24.8978415,24.4431381,SqEuclidean,blended,1068,5.826361504921e6,insample,1982
cross,k_means,1005471400,100,3.19942e9,9.01002e9,24.6487838,24.5348505,SqEuclidean,blended,850,5.208273745148e6,insample,1986
cross,k_means,1005471400,100,3.19942e9,6.35811e9,32.9254018,32.7105812,SqEuclidean,blended,558,2.6461632739869994e6,insample,1990
cross,k_means,1005471400,100,3.19942e9,9.52698e9,25.2068002,24.3824969,SqEuclidean,blended,782,5.783473086988999e6,insample,1994
cross,k_means,1005471400,100,3.19942e9,7.65016e9,25.2089342,24.3489043,SqEuclidean,blended,655,3.88175182851e6,insample,1998
cross,k_means,1005471400,100,3.19942e9,8.18587e9,29.9706751,32.056805499999996,SqEuclidean,blended,834,4.430197974451e6,insample,2004
cross,k_means,1005471400,100,3.19942e9,7.11491e9,25.2770772,25.4146939,SqEuclidean,blended,528,3.368275999894e6,insample,2008
cross,k_means,1005471400,100,3.19942e9,8.06921e9,24.225949,26.0562523,SqEuclidean,blended,801,4.338027180295e6,insample,2011
cross,k_means,1005471400,100,3.19942e9,7.83471e9,24.9028529,29.326656,SqEuclidean,blended,714,4.040132995785e6,insample,2012
cross,k_means,1005471400,100,3.19942e9,8.24852e9,25.0158895,26.5340111,SqEuclidean,blended,762,4.482467518204e6,insample,2016
cross,k_means,1262311769,100,3.19267e9,9.02075e11,23.1200167,64.1667267,SqEuclidean,blended,1161,1.7319089589817997e7,initial,initial
cross,k_means,1262311769,100,3.19267e9,9.61428e9,25.0055788,25.2193727,SqEuclidean,blended,1092,5.863652676623e6,insample,1982
cross,k_means,1262311769,100,3.19267e9,9.04596e9,24.1590981,24.8098049,SqEuclidean,blended,871,5.243203003214001e6,insample,1986
cross,k_means,1262311769,100,3.19267e9,6.36597e9,33.3669971,29.944968900000003,SqEuclidean,blended,569,2.6536937537429994e6,insample,1990
cross,k_means,1262311769,100,3.19267e9,9.54829e9,25.0255492,23.8850676,SqEuclidean,blended,788,5.80396394905e6,insample,1994
cross,k_means,1262311769,100,3.19267e9,7.67884e9,25.0899899,26.2486149,SqEuclidean,blended,675,3.9093752270969995e6,insample,1998
cross,k_means,1262311769,100,3.19267e9,8.21481e9,30.3323419,31.7069173,SqEuclidean,blended,857,4.458051826971e6,insample,2004
cross,k_means,1262311769,100,3.19267e9,7.12504e9,25.6901531,25.383795600000003,SqEuclidean,blended,526,3.377642515515001e6,insample,2008
cross,k_means,1262311769,100,3.19267e9,8.0999e9,25.2490542,25.0386223,SqEuclidean,blended,832,4.367893604129999e6,insample,2011
cross,k_means,1262311769,100,3.19267e9,7.86654e9,25.2386326,27.496757199999998,SqEuclidean,blended,733,4.07074321745e6,insample,2012
cross,k_means,1262311769,100,3.19267e9,8.27255e9,25.4744732,24.7106602,SqEuclidean,blended,787,4.505739430674999e6,insample,2016
cross,k_means,1400059389,100,3.1957e9,9.62852e11,25.3061809,75.6817192,SqEuclidean,blended,1158,1.6385680597346999e7,initial,initial
cross,k_means,1400059389,100,3.1957e9,9.53785e9,25.6626036,24.9114647,SqEuclidean,blended,1021,5.779988677110001e6,insample,1982
cross,k_means,1400059389,100,3.1957e9,8.94786e9,24.7540368,23.5403307,SqEuclidean,blended,769,5.137777748087001e6,insample,1986
cross,k_means,1400059389,100,3.1957e9,6.34415e9,25.5857286,30.2568877,SqEuclidean,blended,521,2.6250801424289998e6,insample,1990
cross,k_means,1400059389,100,3.1957e9,9.51518e9,24.4154759,25.009109199999997,SqEuclidean,blended,717,5.764073138242999e6,insample,1994
cross,k_means,1400059389,100,3.1957e9,7.64094e9,24.9568536,25.048914200000002,SqEuclidean,blended,608,3.864583021079e6,insample,1998
cross,k_means,1400059389,100,3.1957e9,8.15579e9,33.1892231,34.0669746,SqEuclidean,blended,778,4.392463282749999e6,insample,2004
cross,k_means,1400059389,100,3.1957e9,7.09354e9,24.6005249,24.8916005,SqEuclidean,blended,478,3.3394643391079996e6,insample,2008
cross,k_means,1400059389,100,3.1957e9,8.05556e9,24.8384329,24.989951100000003,SqEuclidean,blended,750,4.317046522236e6,insample,2011
cross,k_means,1400059389,100,3.1957e9,7.77444e9,27.1208731,28.9412415,SqEuclidean,blended,647,3.971655745183e6,insample,2012
cross,k_means,1400059389,100,3.1957e9,8.19662e9,25.5406519,24.6420585,SqEuclidean,blended,689,4.422599897132999e6,insample,2016
cross,k_means,1693313909,100,3.19216e9,1.03155e12,26.6581332,72.74942870000001,SqEuclidean,blended,491,6.948283525529e6,initial,initial
cross,k_means,1693313909,100,3.19216e9,9.59394e9,24.3689976,26.0874688,SqEuclidean,blended,1063,5.830881206008e6,insample,1982
cross,k_means,1693313909,100,3.19216e9,9.00137e9,24.4002645,24.538417,SqEuclidean,blended,813,5.1860271474600015e6,insample,1986
cross,k_means,1693313909,100,3.19216e9,6.36603e9,25.3065669,30.0387441,SqEuclidean,blended,546,2.6418398442949997e6,insample,1990
cross,k_means,1693313909,100,3.19216e9,9.5482e9,24.9748224,25.2977904,SqEuclidean,blended,746,5.792044053529999e6,insample,1994
cross,k_means,1693313909,100,3.19216e9,7.67652e9,24.8865804,24.968260299999997,SqEuclidean,blended,634,3.8947247674409994e6,insample,1998
cross,k_means,1693313909,100,3.19216e9,8.20881e9,27.3032472,31.8718495,SqEuclidean,blended,802,4.440357094857e6,insample,2004
cross,k_means,1693313909,100,3.19216e9,7.12149e9,24.2204791,25.7454113,SqEuclidean,blended,513,3.362123547649e6,insample,2008
cross,k_means,1693313909,100,3.19216e9,8.11777e9,25.078218,24.3900309,SqEuclidean,blended,785,4.374317015885001e6,insample,2011
cross,k_means,1693313909,100,3.19216e9,7.82956e9,24.6472824,29.3819734,SqEuclidean,blended,694,4.0212481688379995e6,insample,2012
cross,k_means,1693313909,100,3.19216e9,8.23547e9,24.5901039,26.0005828,SqEuclidean,blended,722,4.456102321176e6,insample,2016
cross,k_means,2483487299,100,3.19595e9,9.12789e11,28.4045507,72.1118404,SqEuclidean,blended,498,6.948346362710999e6,initial,initial
cross,k_means,2483487299,100,3.19595e9,9.59001e9,25.2935934,25.465946799999998,SqEuclidean,blended,1072,5.836329211605e6,insample,1982
cross,k_means,2483487299,100,3.19595e9,9.01491e9,24.4281962,24.0145865,SqEuclidean,blended,828,5.209104058286999e6,insample,1986
cross,k_means,2483487299,100,3.19595e9,6.36012e9,25.5227759,30.62068,SqEuclidean,blended,544,2.6447369274729993e6,insample,1990
cross,k_means,2483487299,100,3.19595e9,9.53771e9,24.9191809,24.881241199999998,SqEuclidean,blended,761,5.790480204773998e6,insample,1994
cross,k_means,2483487299,100,3.19595e9,7.66262e9,25.397444,23.9926715,SqEuclidean,blended,654,3.8904161950319987e6,insample,1998
cross,k_means,2483487299,100,3.19595e9,8.1924e9,31.3052769,31.649282600000003,SqEuclidean,blended,821,4.432892775903998e6,insample,2004
cross,k_means,2483487299,100,3.19595e9,7.11725e9,24.988927,24.0357154,SqEuclidean,blended,526,3.367008999123e6,insample,2008
cross,k_means,2483487299,100,3.19595e9,8.08382e9,25.4931139,23.9250478,SqEuclidean,blended,803,4.349088431462e6,insample,2011
cross,k_means,2483487299,100,3.19595e9,7.83944e9,25.0219104,28.6792004,SqEuclidean,blended,720,4.040889300638e6,insample,2012
cross,k_means,2483487299,100,3.19595e9,8.24869e9,25.9668596,23.6827714,SqEuclidean,blended,750,4.478839246844e6,insample,2016
cross,k_means,2529186237,100,3.31351e9,1.09449e12,27.2819674,75.9605566,SqEuclidean,blended,1140,1.5965785219801e7,initial,initial
cross,k_means,2529186237,100,3.31351e9,6.02022e9,25.6745264,25.6744688,SqEuclidean,blended,762,2.241420671792e6,insample,1982
cross,k_means,2529186237,100,3.31351e9,6.62045e9,25.0084559,24.4774813,SqEuclidean,blended,637,2.793780648406999e6,insample,1986
cross,k_means,2529186237,100,3.31351e9,4.41191e9,25.8361582,28.7237088,SqEuclidean,blended,328,678741.99454,insample,1990
cross,k_means,2529186237,100,3.31351e9,5.78951e9,24.6989956,25.4008321,SqEuclidean,blended,464,2.0169154632069997e6,insample,1994
cross,k_means,2529186237,100,3.31351e9,4.99687e9,24.9099919,25.383023,SqEuclidean,blended,443,1.202696035819e6,insample,1998
cross,k_means,2529186237,100,3.31351e9,5.22479e9,32.1122288,36.923594200000004,SqEuclidean,blended,559,1.443004556438e6,insample,2004
cross,k_means,2529186237,100,3.31351e9,4.88243e9,25.5679467,25.449876500000002,SqEuclidean,blended,358,1.1125435172730002e6,insample,2008
cross,k_means,2529186237,100,3.31351e9,5.58325e9,25.3893385,27.049755400000002,SqEuclidean,blended,582,1.828602143062e6,insample,2011
cross,k_means,2529186237,100,3.31351e9,4.76755e9,26.0296451,27.1415486,SqEuclidean,blended,450,945323.9138140001,insample,2012
cross,k_means,2529186237,100,3.31351e9,5.15228e9,25.7924953,24.8065265,SqEuclidean,blended,467,1.359040677082e6,insample,2016
cross,k_means,2910484191,100,3.31722e9,1.21584e12,25.8675899,74.0556923,SqEuclidean,blended,1796,2.5430552456814002e7,initial,initial
cross,k_means,2910484191,100,3.31722e9,6.03298e9,24.5359411,25.614008600000002,SqEuclidean,blended,775,2.2510607600009996e6,insample,1982
cross,k_means,2910484191,100,3.31722e9,6.63609e9,26.530984,25.3615432,SqEuclidean,blended,646,2.8063868388559995e6,insample,1986
cross,k_means,2910484191,100,3.31722e9,4.42013e9,26.2861831,29.4006502,SqEuclidean,blended,335,683839.804176,insample,1990
cross,k_means,2910484191,100,3.31722e9,5.79821e9,25.0361308,25.0878409,SqEuclidean,blended,458,2.022366643518e6,insample,1994
cross,k_means,2910484191,100,3.31722e9,5.00687e9,25.1840641,23.889300300000002,SqEuclidean,blended,459,1.2093974221139997e6,insample,1998
cross,k_means,2910484191,100,3.31722e9,5.23846e9,32.7616263,36.8747426,SqEuclidean,blended,580,1.4534022089870002e6,insample,2004
cross,k_means,2910484191,100,3.31722e9,4.89162e9,25.6851101,26.3251958,SqEuclidean,blended,357,1.1184326462109997e6,insample,2008
cross,k_means,2910484191,100,3.31722e9,5.60021e9,26.0006444,25.592009700000002,SqEuclidean,blended,597,1.8427204426129998e6,insample,2011
cross,k_means,2910484191,100,3.31722e9,4.78343e9,26.226938,26.2035856,SqEuclidean,blended,458,957846.4722690003,insample,2012
cross,k_means,2910484191,100,3.31722e9,5.16466e9,25.6525376,25.441685,SqEuclidean,blended,463,1.3683842798090004e6,insample,2016
cross,k_means,2931455462,100,3.18629e9,1.0051e12,23.9695323,70.8215433,SqEuclidean,blended,493,6.948515176317998e6,initial,initial
cross,k_means,2931455462,100,3.18629e9,9.58879e9,24.9860743,25.1753058,SqEuclidean,blended,1046,5.818279145313999e6,insample,1982
cross,k_means,2931455462,100,3.18629e9,8.9864e9,24.1185576,25.433284500000003,SqEuclidean,blended,788,5.163586816334e6,insample,1986
cross,k_means,2931455462,100,3.18629e9,6.3677e9,24.5791635,27.7462581,SqEuclidean,blended,531,2.6361914694519998e6,insample,1990
cross,k_means,2931455462,100,3.18629e9,9.54782e9,24.910357,24.8715669,SqEuclidean,blended,726,5.784104935560999e6,insample,1994
cross,k_means,2931455462,100,3.18629e9,7.67543e9,24.2887455,25.4195153,SqEuclidean,blended,605,3.8862880002320004e6,insample,1998
cross,k_means,2931455462,100,3.18629e9,8.20878e9,32.852895,36.7830317,SqEuclidean,blended,804,4.433057422909999e6,insample,2004
cross,k_means,2931455462,100,3.18629e9,7.12117e9,27.1786317,26.3438924,SqEuclidean,blended,502,3.3544316601369996e6,insample,2008
cross,k_means,2931455462,100,3.18629e9,8.11992e9,24.8481786,26.703426999999998,SqEuclidean,blended,778,4.369513860193e6,insample,2011
cross,k_means,2931455462,100,3.18629e9,7.81478e9,26.1755104,25.752990399999998,SqEuclidean,blended,666,3.998943747533e6,insample,2012
cross,k_means,2931455462,100,3.18629e9,8.22994e9,25.7906484,24.723197,SqEuclidean,blended,681,4.443048787918e6,insample,2016
cross,k_means,3631457564,100,3.18993e9,9.69806e11,27.4884883,63.3354289,SqEuclidean,blended,1152,1.7091454484536e7,initial,initial
cross,k_means,3631457564,100,3.18993e9,9.54503e9,24.9118555,25.099978800000002,SqEuclidean,blended,1026,5.780708262717001e6,insample,1982
cross,k_means,3631457564,100,3.18993e9,8.95291e9,24.7872718,23.4450143,SqEuclidean,blended,758,5.136465268694e6,insample,1986
cross,k_means,3631457564,100,3.18993e9,6.35176e9,24.7927002,25.803145100000002,SqEuclidean,blended,528,2.6263291256369995e6,insample,1990
cross,k_means,3631457564,100,3.18993e9,9.52359e9,25.1470924,24.2136702,SqEuclidean,blended,723,5.766116769764e6,insample,1994
cross,k_means,3631457564,100,3.18993e9,7.64841e9,24.9548771,24.1135339,SqEuclidean,blended,611,3.8656044635710004e6,insample,1998
cross,k_means,3631457564,100,3.18993e9,8.16941e9,32.1692656,36.8594592,SqEuclidean,blended,765,4.3998546002090005e6,insample,2004
cross,k_means,3631457564,100,3.18993e9,7.09869e9,24.5449854,25.519182200000003,SqEuclidean,blended,495,3.3381628298970005e6,insample,2008
cross,k_means,3631457564,100,3.18993e9,8.07254e9,25.4344179,24.5318846,SqEuclidean,blended,739,4.328050192191e6,insample,2011
cross,k_means,3631457564,100,3.18993e9,7.77774e9,29.0027907,30.4274703,SqEuclidean,blended,638,3.968390433766e6,insample,2012
cross,k_means,3631457564,100,3.18993e9,8.20033e9,25.8226871,25.2569742,SqEuclidean,blended,681,4.419796479836999e6,insample,2016
cross,k_means,472808301,100,3.31233e9,1.2205e12,24.4813669,72.9727766,SqEuclidean,blended,494,6.948148474389e6,initial,initial
cross,k_means,472808301,100,3.31233e9,6.0991e9,25.1684809,25.510283299999998,SqEuclidean,blended,810,2.3113295664370004e6,insample,1982
cross,k_means,472808301,100,3.31233e9,6.71588e9,25.1667983,25.351018900000003,SqEuclidean,blended,698,2.8798319742219998e6,insample,1986
cross,k_means,472808301,100,3.31233e9,4.44392e9,27.2751025,25.0142705,SqEuclidean,blended,362,701793.79446,insample,1990
cross,k_means,472808301,100,3.31233e9,5.83134e9,25.8172988,27.315551600000003,SqEuclidean,blended,513,2.0496023282449995e6,insample,1994
cross,k_means,472808301,100,3.31233e9,5.06184e9,25.0373532,25.8350374,SqEuclidean,blended,521,1.2583931178080002e6,insample,1998
cross,k_means,472808301,100,3.31233e9,5.29395e9,31.4598972,34.3090675,SqEuclidean,blended,639,1.5027502078650002e6,insample,2004
cross,k_means,472808301,100,3.31233e9,4.91664e9,25.5679748,25.4974598,SqEuclidean,blended,385,1.1374939605140002e6,insample,2008
cross,k_means,472808301,100,3.31233e9,5.65557e9,25.5698203,25.4393558,SqEuclidean,blended,650,1.8924463365549995e6,insample,2011
cross,k_means,472808301,100,3.31233e9,4.85466e9,26.2163251,28.148781,SqEuclidean,blended,522,1.022912678194e6,insample,2012
cross,k_means,472808301,100,3.31233e9,5.22259e9,24.9068705,24.8841643,SqEuclidean,blended,529,1.4200573308299999e6,insample,2016
cross,k_means,1516602964,20,3.04801e9,5.33256e11,3.3451914,52.0570976,SqEuclidean,blended,535,6.949923586638001e6,initial,initial
cross,k_means,1516602964,20,3.04801e9,9.63891e9,24.8621446,26.447144,SqEuclidean,blended,1142,5.879566521883e6,insample,1982
cross,k_means,1516602964,20,3.04801e9,9.05479e9,24.3065784,24.762825,SqEuclidean,blended,899,5.245560684350999e6,insample,1986
cross,k_means,1516602964,20,3.04801e9,6.36913e9,25.6729579,25.0349547,SqEuclidean,blended,575,2.651839505308999e6,insample,1990
cross,k_means,1516602964,20,3.04801e9,9.54403e9,25.3097955,25.6893715,SqEuclidean,blended,799,5.791886485286e6,insample,1994
cross,k_means,1516602964,20,3.04801e9,7.66716e9,24.8270431,23.6710573,SqEuclidean,blended,678,3.8949007435190007e6,insample,1998
cross,k_means,1516602964,20,3.04801e9,8.22592e9,31.8961802,34.4669393,SqEuclidean,blended,882,4.467686676143e6,insample,2004
cross,k_means,1516602964,20,3.04801e9,7.126e9,24.8375768,25.0121765,SqEuclidean,blended,537,3.3777556313720006e6,insample,2008
cross,k_means,1516602964,20,3.04801e9,8.11184e9,24.8837361,25.8556051,SqEuclidean,blended,853,4.3685721528010005e6,insample,2011
cross,k_means,1516602964,20,3.04801e9,7.85237e9,25.6045653,25.8110714,SqEuclidean,blended,749,4.054888042509e6,insample,2012
cross,k_means,1516602964,20,3.04801e9,8.2769e9,25.4463784,24.4085279,SqEuclidean,blended,805,4.504007326452e6,insample,2016
cross,k_means,1886534858,20,3.04041e9,5.45317e11,3.1297913,47.329245,SqEuclidean,blended,538,6.949921734836e6,initial,initial
cross,k_means,1886534858,20,3.04041e9,9.72118e9,25.0672319,24.501669800000002,SqEuclidean,blended,1215,5.957429651576001e6,insample,1982
cross,k_means,1886534858,20,3.04041e9,9.1552e9,24.965068,24.6309669,SqEuclidean,blended,984,5.341671267527998e6,insample,1986
cross,k_means,1886534858,20,3.04041e9,6.39961e9,25.4809761,26.6355096,SqEuclidean,blended,614,2.6778114781049998e6,insample,1990
cross,k_means,1886534858,20,3.04041e9,9.5991e9,24.924817,25.3216762,SqEuclidean,blended,842,5.842441525963999e6,insample,1994
cross,k_means,1886534858,20,3.04041e9,7.73163e9,24.5470112,24.654103199999998,SqEuclidean,blended,741,3.954924831149e6,insample,1998
cross,k_means,1886534858,20,3.04041e9,8.30519e9,33.1987108,36.4811131,SqEuclidean,blended,946,4.5428601543809995e6,insample,2004
cross,k_means,1886534858,20,3.04041e9,7.16545e9,24.9394392,25.3173047,SqEuclidean,blended,583,3.412824896493e6,insample,2008
cross,k_means,1886534858,20,3.04041e9,8.18583e9,25.2756252,24.8521235,SqEuclidean,blended,927,4.438573805217002e6,insample,2011
cross,k_means,1886534858,20,3.04041e9,7.94101e9,25.9180112,25.852318,SqEuclidean,blended,835,4.139256301467e6,insample,2012
cross,k_means,1886534858,20,3.04041e9,8.35632e9,25.5401073,25.9209676,SqEuclidean,blended,867,4.57910769434e6,insample,2016
cross,k_means,2317698438,20,3.04551e9,5.28624e11,3.5240281,47.5013805,SqEuclidean,blended,547,6.949919827876e6,initial,initial
cross,k_means,2317698438,20,3.04551e9,9.64683e9,25.0482362,25.4466749,SqEuclidean,blended,1148,5.886647556011002e6,insample,1982
cross,k_means,2317698438,20,3.04551e9,9.06438e9,24.7042705,24.2697519,SqEuclidean,blended,916,5.2543378787980005e6,insample,1986
cross,k_means,2317698438,20,3.04551e9,6.37113e9,25.3118779,25.2124548,SqEuclidean,blended,566,2.652988734059999e6,insample,1990
cross,k_means,2317698438,20,3.04551e9,9.54832e9,24.7203066,25.5117163,SqEuclidean,blended,797,5.795388463709999e6,insample,1994
cross,k_means,2317698438,20,3.04551e9,7.67322e9,24.337585,24.6344378,SqEuclidean,blended,688,3.9003931674289997e6,insample,1998
cross,k_means,2317698438,20,3.04551e9,8.23427e9,29.6377145,33.3513058,SqEuclidean,blended,872,4.475277459679999e6,insample,2004
cross,k_means,2317698438,20,3.04551e9,7.12868e9,24.4680585,25.2379526,SqEuclidean,blended,553,3.379516649649e6,insample,2008
cross,k_means,2317698438,20,3.04551e9,8.1187e9,24.8761931,24.253648700000003,SqEuclidean,blended,869,4.374649376084e6,insample,2011
cross,k_means,2317698438,20,3.04551e9,7.86093e9,24.6733102,28.612034,SqEuclidean,blended,776,4.0627510421949998e6,insample,2012
cross,k_means,2317698438,20,3.04551e9,8.2859e9,24.1368194,25.094865600000002,SqEuclidean,blended,808,4.512096045088999e6,insample,2016
cross,k_means,2466700586,20,3.08409e9,6.77952e11,3.2025684,51.769960600000005,SqEuclidean,blended,547,6.949460812582e6,initial,initial
cross,k_means,2466700586,20,3.08409e9,9.74159e9,24.9873439,24.1638326,SqEuclidean,blended,1239,5.976617114177001e6,insample,1982
cross,k_means,2466700586,20,3.08409e9,9.17234e9,25.6467012,23.813325300000002,SqEuclidean,blended,983,5.3569490987829985e6,insample,1986
cross,k_means,2466700586,20,3.08409e9,6.40445e9,25.2585532,27.6880121,SqEuclidean,blended,612,2.6811626448989995e6,insample,1990
cross,k_means,2466700586,20,3.08409e9,9.60809e9,25.1394952,23.9832691,SqEuclidean,blended,845,5.850062828839999e6,insample,1994
cross,k_means,2466700586,20,3.08409e9,7.74758e9,24.9946678,24.9876297,SqEuclidean,blended,766,3.969320031654e6,insample,1998
cross,k_means,2466700586,20,3.08409e9,8.31894e9,34.4709918,35.6307331,SqEuclidean,blended,959,4.555066221966e6,insample,2004
cross,k_means,2466700586,20,3.08409e9,7.1712e9,25.9495657,26.2063362,SqEuclidean,blended,578,3.416929213865e6,insample,2008
cross,k_means,2466700586,20,3.08409e9,8.19979e9,24.084374,26.0161935,SqEuclidean,blended,932,4.450955963052999e6,insample,2011
cross,k_means,2466700586,20,3.08409e9,7.96063e9,24.949112,25.464811700000002,SqEuclidean,blended,845,4.157153885155e6,insample,2012
cross,k_means,2466700586,20,3.08409e9,8.37122e9,24.2505364,24.1824701,SqEuclidean,blended,892,4.592614122005001e6,insample,2016
cross,k_means,2692059346,20,3.04218e9,5.11003e11,3.3885896,49.7622961,SqEuclidean,blended,535,6.94991330263e6,initial,initial
cross,k_means,2692059346,20,3.04218e9,9.68004e9,25.2896052,24.8098855,SqEuclidean,blended,1167,5.919752255806999e6,insample,1982
cross,k_means,2692059346,20,3.04218e9,9.10443e9,24.516335,25.1183987,SqEuclidean,blended,940,5.294223509018e6,insample,1986
cross,k_means,2692059346,20,3.04218e9,6.38274e9,24.4443048,27.4205262,SqEuclidean,blended,586,2.6642478350329995e6,insample,1990
cross,k_means,2692059346,20,3.04218e9,9.57059e9,25.6869096,24.6112467,SqEuclidean,blended,817,5.817261817267e6,insample,1994
cross,k_means,2692059346,20,3.04218e9,7.70017e9,24.7253522,24.7779364,SqEuclidean,blended,719,3.9267890268849996e6,insample,1998
cross,k_means,2692059346,20,3.04218e9,8.26595e9,32.630242,38.4572916,SqEuclidean,blended,911,4.506408131047001e6,insample,2004
cross,k_means,2692059346,20,3.04218e9,7.14441e9,24.9301794,25.0524636,SqEuclidean,blended,565,3.39448253014e6,insample,2008
cross,k_means,2692059346,20,3.04218e9,8.14712e9,25.2903053,25.0083359,SqEuclidean,blended,893,4.402830357071999e6,insample,2011
cross,k_means,2692059346,20,3.04218e9,7.89653e9,24.4226384,24.9631695,SqEuclidean,blended,790,4.0980119438909995e6,insample,2012
cross,k_means,2692059346,20,3.04218e9,8.31831e9,24.713071,25.8343991,SqEuclidean,blended,833,4.544344388354999e6,insample,2016
cross,k_means,3032526906,20,3.04609e9,5.43514e11,3.1650614,47.8372607,SqEuclidean,blended,547,6.949922648211e6,initial,initial
cross,k_means,3032526906,20,3.04609e9,9.70331e9,24.86785,23.6402826,SqEuclidean,blended,1193,5.943133896474e6,insample,1982
cross,k_means,3032526906,20,3.04609e9,9.13119e9,25.006591,25.057615600000002,SqEuclidean,blended,967,5.320910291725999e6,insample,1986
cross,k_means,3032526906,20,3.04609e9,6.39003e9,25.0482465,26.1421894,SqEuclidean,blended,592,2.6716553885049997e6,insample,1990
cross,k_means,3032526906,20,3.04609e9,9.58493e9,25.1570074,25.1713965,SqEuclidean,blended,842,5.831778388253999e6,insample,1994
cross,k_means,3032526906,20,3.04609e9,7.71843e9,24.7066037,24.883682099999998,SqEuclidean,blended,748,3.9452359520179997e6,insample,1998
cross,k_means,3032526906,20,3.04609e9,8.28569e9,32.0808131,36.019320799999996,SqEuclidean,blended,930,4.526580943712e6,insample,2004
cross,k_means,3032526906,20,3.04609e9,7.15308e9,24.3364231,26.2890704,SqEuclidean,blended,585,3.403846041986e6,insample,2008
cross,k_means,3032526906,20,3.04609e9,8.16762e9,24.9226295,25.2090025,SqEuclidean,blended,918,4.42342591836e6,insample,2011
cross,k_means,3032526906,20,3.04609e9,7.92001e9,26.2829322,29.4878963,SqEuclidean,blended,815,4.121600437635999e6,insample,2012
cross,k_means,3032526906,20,3.04609e9,8.33758e9,25.365158,24.3397397,SqEuclidean,blended,854,4.563810488987001e6,insample,2016
cross,k_means,3214418042,20,3.04559e9,5.33511e11,3.2550672,49.261651900000004,SqEuclidean,blended,527,6.949918978289999e6,initial,initial
cross,k_means,3214418042,20,3.04559e9,9.69946e9,25.3975126,24.660137400000004,SqEuclidean,blended,1203,5.939481075340001e6,insample,1982
cross,k_means,3214418042,20,3.04559e9,9.13023e9,25.0312514,24.253581699999998,SqEuclidean,blended,961,5.320331017652001e6,insample,1986
cross,k_means,3214418042,20,3.04559e9,6.38928e9,24.7070677,26.543153,SqEuclidean,blended,589,2.671081817811e6,insample,1990
cross,k_means,3214418042,20,3.04559e9,9.58359e9,24.9874607,26.138332000000002,SqEuclidean,blended,847,5.830655178528e6,insample,1994
cross,k_means,3214418042,20,3.04559e9,7.71679e9,24.8955201,24.8446383,SqEuclidean,blended,743,3.9439215833740006e6,insample,1998
cross,k_means,3214418042,20,3.04559e9,8.28527e9,33.8445366,35.9130047,SqEuclidean,blended,936,4.526312437875001e6,insample,2004
cross,k_means,3214418042,20,3.04559e9,7.15183e9,25.2526926,25.351769,SqEuclidean,blended,577,3.4027370249139997e6,insample,2008
cross,k_means,3214418042,20,3.04559e9,8.16565e9,25.6396489,24.96924,SqEuclidean,blended,916,4.421716642228e6,insample,2011
cross,k_means,3214418042,20,3.04559e9,7.9183e9,26.0999629,27.3205193,SqEuclidean,blended,828,4.1202159479559995e6,insample,2012
cross,k_means,3214418042,20,3.04559e9,8.33708e9,26.2382953,25.194419,SqEuclidean,blended,857,4.563495054343e6,insample,2016
cross,k_means,3217763985,20,3.03854e9,6.17722e11,3.1375586,48.623319699999996,SqEuclidean,blended,535,6.949915998038e6,initial,initial
cross,k_means,3217763985,20,3.03854e9,9.70805e9,24.823077,25.685168,SqEuclidean,blended,1178,5.943178737931999e6,insample,1982
cross,k_means,3217763985,20,3.03854e9,9.13168e9,27.5510548,25.7652781,SqEuclidean,blended,944,5.316578412893e6,insample,1986
cross,k_means,3217763985,20,3.03854e9,6.3936e9,24.3796259,24.7151147,SqEuclidean,blended,600,2.670696666843e6,insample,1990
cross,k_means,3217763985,20,3.03854e9,9.58762e9,24.5333648,24.572491900000003,SqEuclidean,blended,831,5.829709303163e6,insample,1994
cross,k_means,3217763985,20,3.03854e9,7.72068e9,24.2811075,24.7145922,SqEuclidean,blended,726,3.942452057241e6,insample,1998
cross,k_means,3217763985,20,3.03854e9,8.28624e9,33.5413133,38.993036,SqEuclidean,blended,928,4.522419960976001e6,insample,2004
cross,k_means,3217763985,20,3.03854e9,7.15725e9,24.9952935,25.804051,SqEuclidean,blended,565,3.4031540122100003e6,insample,2008
cross,k_means,3217763985,20,3.03854e9,8.16941e9,24.3980549,25.987457399999997,SqEuclidean,blended,910,4.420777200762999e6,insample,2011
cross,k_means,3217763985,20,3.03854e9,7.92289e9,25.6435592,26.9574469,SqEuclidean,blended,819,4.119346827113e6,insample,2012
cross,k_means,3217763985,20,3.03854e9,8.33839e9,24.4562653,25.826008,SqEuclidean,blended,844,4.559893213169999e6,insample,2016
cross,k_means,3272403283,20,3.04398e9,6.00995e11,3.8976709,53.4304824,SqEuclidean,blended,547,6.949918466387001e6,initial,initial
cross,k_means,3272403283,20,3.04398e9,9.65603e9,24.8783461,24.8736616,SqEuclidean,blended,1170,5.897276721154001e6,insample,1982
cross,k_means,3272403283,20,3.04398e9,9.07571e9,25.1231987,23.4723966,SqEuclidean,blended,928,5.266836723909999e6,insample,1986
cross,k_means,3272403283,20,3.04398e9,6.37483e9,24.7884298,24.8004738,SqEuclidean,blended,569,2.6576993848279994e6,insample,1990
cross,k_means,3272403283,20,3.04398e9,9.55465e9,25.3968862,23.450331,SqEuclidean,blended,809,5.802666126662999e6,insample,1994
cross,k_means,3272403283,20,3.04398e9,7.68217e9,25.1656119,25.101806200000002,SqEuclidean,blended,708,3.909992670255e6,insample,1998
cross,k_means,3272403283,20,3.04398e9,8.24291e9,32.2494634,38.8773933,SqEuclidean,blended,887,4.484444767616e6,insample,2004
cross,k_means,3272403283,20,3.04398e9,7.13335e9,25.1101366,24.0460411,SqEuclidean,blended,559,3.3847190585460006e6,insample,2008
cross,k_means,3272403283,20,3.04398e9,8.125e9,24.70649,24.524693,SqEuclidean,blended,860,4.381936820661001e6,insample,2011
cross,k_means,3272403283,20,3.04398e9,7.87135e9,25.6489474,26.261331,SqEuclidean,blended,761,4.074062504698e6,insample,2012
cross,k_means,3272403283,20,3.04398e9,8.29402e9,25.3755571,24.117013500000002,SqEuclidean,blended,812,4.521435219750999e6,insample,2016
cross,k_means,408956147,20,3.04804e9,5.52001e11,3.3441506,48.5488441,SqEuclidean,blended,547,6.949917263811999e6,initial,initial
cross,k_means,408956147,20,3.04804e9,9.66017e9,24.9388956,24.1929811,SqEuclidean,blended,1150,5.901929598475e6,insample,1982
cross,k_means,408956147,20,3.04804e9,9.07911e9,26.2324103,25.1783829,SqEuclidean,blended,921,5.270991169062e6,insample,1986
cross,k_means,408956147,20,3.04804e9,6.37372e9,24.9151302,23.9957235,SqEuclidean,blended,577,2.657486248139e6,insample,1990
cross,k_means,408956147,20,3.04804e9,9.5557e9,24.4171281,25.664264900000003,SqEuclidean,blended,818,5.804587282978e6,insample,1994
cross,k_means,408956147,20,3.04804e9,7.68425e9,24.9895412,24.9966096,SqEuclidean,blended,705,3.913088337613999e6,insample,1998
cross,k_means,408956147,20,3.04804e9,8.2454e9,31.6665647,38.083001,SqEuclidean,blended,879,4.488120695209e6,insample,2004
cross,k_means,408956147,20,3.04804e9,7.13281e9,26.2035868,26.8456647,SqEuclidean,blended,551,3.3853866517209997e6,insample,2008
cross,k_means,408956147,20,3.04804e9,8.12912e9,25.6076552,25.7524027,SqEuclidean,blended,890,4.386798848869001e6,insample,2011
cross,k_means,408956147,20,3.04804e9,7.87436e9,25.0393138,24.2176668,SqEuclidean,blended,771,4.078085335777e6,insample,2012
cross,k_means,408956147,20,3.04804e9,8.29773e9,25.6634006,25.3512276,SqEuclidean,blended,820,4.525901463326e6,insample,2016
cross,k_means,123456789,50,3.19047e9,9.33003e11,9.7199145,57.7129015,SqEuclidean,blended,495,6.948352812843999e6,initial,initial
cross,k_means,123456789,50,3.19047e9,9.69619e9,25.7867545,24.6806013,SqEuclidean,blended,1124,5.932700193116e6,insample,1982
cross,k_means,123456789,50,3.19047e9,9.12285e9,24.6649154,25.1599541,SqEuclidean,blended,907,5.307311671736999e6,insample,1986
cross,k_means,123456789,50,3.19047e9,6.39797e9,25.3500012,23.8641317,SqEuclidean,blended,577,2.673044574317e6,insample,1990
cross,k_means,123456789,50,3.19047e9,9.60679e9,25.2216551,25.1402955,SqEuclidean,blended,813,5.849914298442999e6,insample,1994
cross,k_means,123456789,50,3.19047e9,7.74683e9,25.1805744,24.905055899999997,SqEuclidean,blended,721,3.964546463889e6,insample,1998
cross,k_means,123456789,50,3.19047e9,8.30175e9,31.850648,35.222451299999996,SqEuclidean,blended,900,4.5327799056629995e6,insample,2004
cross,k_means,123456789,50,3.19047e9,7.16347e9,24.409046,25.693004900000002,SqEuclidean,blended,551,3.4034644437870006e6,insample,2008
cross,k_means,123456789,50,3.19047e9,8.20132e9,26.1191791,25.812775300000002,SqEuclidean,blended,876,4.457504090515002e6,insample,2011
cross,k_means,123456789,50,3.19047e9,7.9382e9,25.0095427,27.8691314,SqEuclidean,blended,780,4.12964824851e6,insample,2012
cross,k_means,123456789,50,3.19047e9,8.32932e9,25.0144425,24.6516494,SqEuclidean,blended,817,4.549520568523001e6,insample,2016
cross,k_means,1286268702,50,3.17675e9,7.86217e11,10.7016998,57.5101968,SqEuclidean,blended,494,6.948487293089998e6,initial,initial
cross,k_means,1286268702,50,3.17675e9,9.59113e9,24.8374179,23.793130899999998,SqEuclidean,blended,1081,5.844878931544999e6,insample,1982
cross,k_means,1286268702,50,3.17675e9,9.02288e9,25.2859169,24.9203092,SqEuclidean,blended,870,5.225070701685e6,insample,1986
cross,k_means,1286268702,50,3.17675e9,6.3567e9,25.8224041,26.1321435,SqEuclidean,blended,550,2.648751359449999e6,insample,1990
cross,k_means,1286268702,50,3.17675e9,9.53261e9,25.6023837,24.849038,SqEuclidean,blended,776,5.7928216146869995e6,insample,1994
cross,k_means,1286268702,50,3.17675e9,7.65942e9,24.9499793,25.8574988,SqEuclidean,blended,670,3.894800391295e6,insample,1998
cross,k_means,1286268702,50,3.17675e9,8.19548e9,30.9708251,39.5806668,SqEuclidean,blended,862,4.443594246266e6,insample,2004
cross,k_means,1286268702,50,3.17675e9,7.11465e9,25.5058594,23.8240808,SqEuclidean,blended,524,3.371955064648e6,insample,2008
cross,k_means,1286268702,50,3.17675e9,8.07891e9,24.8187798,25.6363674,SqEuclidean,blended,812,4.351289037550001e6,insample,2011
cross,k_means,1286268702,50,3.17675e9,7.84564e9,25.6213975,24.9800327,SqEuclidean,blended,731,4.0549342970529995e6,insample,2012
cross,k_means,1286268702,50,3.17675e9,8.25654e9,25.3641049,24.0714652,SqEuclidean,blended,766,4.494344855553999e6,insample,2016
cross,k_means,1308502331,50,3.16602e9,7.19674e11,9.6733902,57.9231286,SqEuclidean,blended,499,6.948527933438e6,initial,initial
cross,k_means,1308502331,50,3.16602e9,9.58036e9,25.4712536,25.1186304,SqEuclidean,blended,1081,5.829458838386999e6,insample,1982
cross,k_means,1308502331,50,3.16602e9,9.00734e9,24.3682146,25.4814504,SqEuclidean,blended,846,5.204785813200002e6,insample,1986
cross,k_means,1308502331,50,3.16602e9,6.3565e9,24.7518845,26.3828724,SqEuclidean,blended,558,2.6437210936579993e6,insample,1990
cross,k_means,1308502331,50,3.16602e9,9.53017e9,24.8592241,26.5487115,SqEuclidean,blended,762,5.785710338644e6,insample,1994
cross,k_means,1308502331,50,3.16602e9,7.65339e9,25.7563587,24.7520748,SqEuclidean,blended,638,3.884288683471e6,insample,1998
cross,k_means,1308502331,50,3.16602e9,8.18552e9,31.5375963,34.5989964,SqEuclidean,blended,830,4.429156984585001e6,insample,2004
cross,k_means,1308502331,50,3.16602e9,7.11297e9,24.3610859,26.3865881,SqEuclidean,blended,521,3.3655982763980012e6,insample,2008
cross,k_means,1308502331,50,3.16602e9,8.0731e9,25.0604364,24.3219569,SqEuclidean,blended,798,4.341137583926999e6,insample,2011
cross,k_means,1308502331,50,3.16602e9,7.83232e9,24.94355,30.2049083,SqEuclidean,blended,712,4.037040041268999e6,insample,2012
cross,k_means,1308502331,50,3.16602e9,8.24439e9,24.736775,24.650456300000002,SqEuclidean,blended,752,4.4775013651669985e6,insample,2016
cross,k_means,1573928461,50,3.17321e9,7.13136e11,9.682472,57.8353753,SqEuclidean,blended,500,6.948522480227e6,initial,initial
cross,k_means,1573928461,50,3.17321e9,9.51931e9,25.1583873,24.9695575,SqEuclidean,blended,1032,5.773382178422e6,insample,1982
cross,k_means,1573928461,50,3.17321e9,8.94315e9,24.7115055,24.631424199999998,SqEuclidean,blended,807,5.145823108860999e6,insample,1986
cross,k_means,1573928461,50,3.17321e9,6.33754e9,25.5136153,25.411154500000002,SqEuclidean,blended,538,2.6299860186630003e6,insample,1990
cross,k_means,1573928461,50,3.17321e9,9.49332e9,24.8720752,23.338517200000002,SqEuclidean,blended,728,5.75415016097e6,insample,1994
cross,k_means,1573928461,50,3.17321e9,7.61315e9,25.0737214,25.140341199999998,SqEuclidean,blended,615,3.84916435475e6,insample,1998
cross,k_means,1573928461,50,3.17321e9,8.135e9,30.9233987,32.71073,SqEuclidean,blended,788,4.383723468642999e6,insample,2004
cross,k_means,1573928461,50,3.17321e9,7.08866e9,25.2263236,25.6689105,SqEuclidean,blended,496,3.3464681806190014e6,insample,2008
cross,k_means,1573928461,50,3.17321e9,8.02266e9,24.5070368,26.4058626,SqEuclidean,blended,769,4.295468453543e6,insample,2011
cross,k_means,1573928461,50,3.17321e9,7.77345e9,24.4098077,25.1210751,SqEuclidean,blended,688,3.983169617646e6,insample,2012
cross,k_means,1573928461,50,3.17321e9,8.19835e9,25.2658729,24.8744763,SqEuclidean,blended,727,4.436605267468999e6,insample,2016
cross,k_means,1991051616,50,3.178e9,7.73984e11,9.6105181,57.894682200000005,SqEuclidean,blended,493,6.948489402718e6,initial,initial
cross,k_means,1991051616,50,3.178e9,9.56158e9,25.0787055,26.1308267,SqEuclidean,blended,1062,5.816534916147e6,insample,1982
cross,k_means,1991051616,50,3.178e9,8.99051e9,24.9550153,24.8505282,SqEuclidean,blended,853,5.1939474841060005e6,insample,1986
cross,k_means,1991051616,50,3.178e9,6.34773e9,24.9820316,24.9774247,SqEuclidean,blended,548,2.6411144445079993e6,insample,1990
cross,k_means,1991051616,50,3.178e9,9.51308e9,25.8028599,23.6609345,SqEuclidean,blended,759,5.774578371825999e6,insample,1994
cross,k_means,1991051616,50,3.178e9,7.63958e9,26.3548513,25.1885412,SqEuclidean,blended,651,3.8761835792549998e6,insample,1998
cross,k_means,1991051616,50,3.178e9,8.16935e9,31.0233643,33.1600606,SqEuclidean,blended,833,4.4185310134189995e6,insample,2004
cross,k_means,1991051616,50,3.178e9,7.10331e9,25.3785935,24.7810752,SqEuclidean,blended,511,3.3618170065349997e6,insample,2008
cross,k_means,1991051616,50,3.178e9,8.05376e9,25.1768731,24.4032779,SqEuclidean,blended,800,4.327231637462999e6,insample,2011
cross,k_means,1991051616,50,3.178e9,7.81645e9,25.6139487,25.1549164,SqEuclidean,blended,715,4.026866293756001e6,insample,2012
cross,k_means,1991051616,50,3.178e9,8.23457e9,24.1779733,24.4364536,SqEuclidean,blended,750,4.473484111897001e6,insample,2016
cross,k_means,2678701235,50,3.19834e9,9.84223e11,9.8725899,58.735867999999996,SqEuclidean,blended,499,6.948428784143e6,initial,initial
cross,k_means,2678701235,50,3.19834e9,9.63448e9,24.8175389,24.799846000000002,SqEuclidean,blended,1121,5.882957560976001e6,insample,1982
cross,k_means,2678701235,50,3.19834e9,9.07467e9,24.9072342,25.065878299999998,SqEuclidean,blended,896,5.271250526517999e6,insample,1986
cross,k_means,2678701235,50,3.19834e9,6.37456e9,24.9578972,27.6973485,SqEuclidean,blended,576,2.661345979208e6,insample,1990
cross,k_means,2678701235,50,3.19834e9,9.56057e9,24.5782522,25.4204564,SqEuclidean,blended,802,5.815546543156001e6,insample,1994
cross,k_means,2678701235,50,3.19834e9,7.69433e9,24.6632339,24.7812389,SqEuclidean,blended,708,3.924347069706e6,insample,1998
cross,k_means,2678701235,50,3.19834e9,8.23722e9,29.1750828,40.145287599999996,SqEuclidean,blended,873,4.479997596035999e6,insample,2004
cross,k_means,2678701235,50,3.19834e9,7.13535e9,24.3460069,25.8813635,SqEuclidean,blended,541,3.3872320579130007e6,insample,2008
cross,k_means,2678701235,50,3.19834e9,8.11609e9,24.4126142,25.3152721,SqEuclidean,blended,842,4.383349020578999e6,insample,2011
cross,k_means,2678701235,50,3.19834e9,7.8918e9,24.9058261,29.0728915,SqEuclidean,blended,771,4.095456053917e6,insample,2012
cross,k_means,2678701235,50,3.19834e9,8.29903e9,24.327634,25.2840085,SqEuclidean,blended,818,4.531405778386e6,insample,2016
cross,k_means,3861234567,50,3.20152e9,1.044e12,9.0360316,58.2907077,SqEuclidean,blended,500,6.948278120216001e6,initial,initial
cross,k_means,3861234567,50,3.20152e9,9.64583e9,24.7985071,25.085913,SqEuclidean,blended,1122,5.895240481975999e6,insample,1982
cross,k_means,3861234567,50,3.20152e9,9.08865e9,24.5835768,25.1062514,SqEuclidean,blended,913,5.286186274415e6,insample,1986
cross,k_means,3861234567,50,3.20152e9,6.37927e9,25.4484497,26.7051992,SqEuclidean,blended,580,2.6667593657299997e6,insample,1990
cross,k_means,3861234567,50,3.20152e9,9.5722e9,24.0828274,24.6470972,SqEuclidean,blended,815,5.828126015704e6,insample,1994
cross,k_means,3861234567,50,3.20152e9,7.7014e9,24.750464,23.312972499999997,SqEuclidean,blended,708,3.93233238748e6,insample,1998
cross,k_means,3861234567,50,3.20152e9,8.24912e9,28.7639433,33.5094552,SqEuclidean,blended,895,4.492779516827001e6,insample,2004
cross,k_means,3861234567,50,3.20152e9,7.14218e9,24.5461322,25.7300238,SqEuclidean,blended,554,3.394978335144e6,insample,2008
cross,k_means,3861234567,50,3.20152e9,8.13239e9,25.330956,28.826317799999998,SqEuclidean,blended,849,4.400631065196e6,insample,2011
cross,k_means,3861234567,50,3.20152e9,7.90225e9,24.2971835,28.0379242,SqEuclidean,blended,778,4.1069090823299997e6,insample,2012
cross,k_means,3861234567,50,3.20152e9,8.30467e9,24.9576272,25.2011933,SqEuclidean,blended,812,4.538067506949e6,insample,2016
cross,k_means,477073181,50,3.17402e9,7.24758e11,10.0092285,58.7183119,SqEuclidean,blended,500,6.94850124748e6,initial,initial
cross,k_means,477073181,50,3.17402e9,9.56961e9,24.9355513,24.703779,SqEuclidean,blended,1063,5.8231481032610005e6,insample,1982
cross,k_means,477073181,50,3.17402e9,8.99985e9,25.2913641,24.9896014,SqEuclidean,blended,849,5.201996417274002e6,insample,1986
cross,k_means,477073181,50,3.17402e9,6.35224e9,25.5311284,25.6008846,SqEuclidean,blended,562,2.643973527044e6,insample,1990
cross,k_means,477073181,50,3.17402e9,9.52225e9,25.3852208,23.4314857,SqEuclidean,blended,760,5.782300701942e6,insample,1994
cross,k_means,477073181,50,3.17402e9,7.64448e9,25.2962874,23.6741053,SqEuclidean,blended,646,3.879724070792e6,insample,1998
cross,k_means,477073181,50,3.17402e9,8.17812e9,32.1796191,37.675474699999995,SqEuclidean,blended,833,4.426105864127002e6,insample,2004
cross,k_means,477073181,50,3.17402e9,7.10874e9,25.1517658,25.557177499999998,SqEuclidean,blended,511,3.3658172434089994e6,insample,2008
cross,k_means,477073181,50,3.17402e9,8.06302e9,25.2654888,24.9376539,SqEuclidean,blended,795,4.335345873383e6,insample,2011
cross,k_means,477073181,50,3.17402e9,7.82549e9,25.00404,24.7742079,SqEuclidean,blended,717,4.0347128478790005e6,insample,2012
cross,k_means,477073181,50,3.17402e9,8.23896e9,25.0230854,24.5377568,SqEuclidean,blended,761,4.476650735959999e6,insample,2016
cross,k_means,876543210,50,3.17248e9,7.6998e11,9.7627966,56.925187300000005,SqEuclidean,blended,491,6.948516956066e6,initial,initial
cross,k_means,876543210,50,3.17248e9,9.54058e9,24.7735071,24.4265911,SqEuclidean,blended,1034,5.794370108681999e6,insample,1982
cross,k_means,876543210,50,3.17248e9,8.96677e9,25.522499,24.8530771,SqEuclidean,blended,824,5.169288676981e6,insample,1986
cross,k_means,876543210,50,3.17248e9,6.34351e9,26.4500589,27.8240622,SqEuclidean,blended,526,2.6355136703549987e6,insample,1990
cross,k_means,876543210,50,3.17248e9,9.50427e9,24.9810946,25.586667,SqEuclidean,blended,761,5.764787207368998e6,insample,1994
cross,k_means,876543210,50,3.17248e9,7.62567e9,24.9646581,25.2947324,SqEuclidean,blended,630,3.861592199297e6,insample,1998
cross,k_means,876543210,50,3.17248e9,8.15248e9,30.2375107,32.6767999,SqEuclidean,blended,805,4.401020491813999e6,insample,2004
cross,k_means,876543210,50,3.17248e9,7.09715e9,24.8492657,25.4143218,SqEuclidean,blended,514,3.354709422529e6,insample,2008
cross,k_means,876543210,50,3.17248e9,8.03894e9,25.9061382,26.319632400000003,SqEuclidean,blended,772,4.311584418949e6,insample,2011
cross,k_means,876543210,50,3.17248e9,7.79551e9,26.106432,28.219743700000002,SqEuclidean,blended,690,4.005323103492e6,insample,2012
cross,k_means,876543210,50,3.17248e9,8.21651e9,24.258352,25.633813200000002,SqEuclidean,blended,740,4.454504863686999e6,insample,2016
cross,k_means,987654321,50,3.17182e9,8.40728e11,10.1067247,57.7166256,SqEuclidean,blended,1151,1.6744454363445003e7,initial,initial
cross,k_means,987654321,50,3.17182e9,9.71875e9,24.4382628,24.8027878,SqEuclidean,blended,1172,5.961668143241e6,insample,1982
cross,k_means,987654321,50,3.17182e9,9.17029e9,24.3376631,26.0413641,SqEuclidean,blended,965,5.361426186651e6,insample,1986
cross,k_means,987654321,50,3.17182e9,6.40545e9,24.4273848,25.055203,SqEuclidean,blended,612,2.686508308683e6,insample,1990
cross,k_means,987654321,50,3.17182e9,9.624e9,24.7521698,27.5858023,SqEuclidean,blended,833,5.873310224477e6,insample,1994
cross,k_means,987654321,50,3.17182e9,7.76612e9,24.5293976,24.8490916,SqEuclidean,blended,760,3.9903400811380004e6,insample,1998
cross,k_means,987654321,50,3.17182e9,8.32601e9,31.7525584,35.0848665,SqEuclidean,blended,941,4.563382102609999e6,insample,2004
cross,k_means,987654321,50,3.17182e9,7.17647e9,24.536557,26.7532255,SqEuclidean,blended,577,3.4226786964319996e6,insample,2008
cross,k_means,987654321,50,3.17182e9,8.21355e9,24.4253904,25.0009266,SqEuclidean,blended,906,4.475834869911999e6,insample,2011
cross,k_means,987654321,50,3.17182e9,7.97579e9,24.4329808,26.0880675,SqEuclidean,blended,819,4.173880103752e6,insample,2012
cross,k_means,987654321,50,3.17182e9,8.36278e9,24.7278987,23.8271155,SqEuclidean,blended,853,4.589564121884e6,insample,2016
cross,conical_bounded,1,100,2.50447e9,3.02964e10,22.2549576,53.7734809,SqEuclidean,extreme,575,7.0870800703719985e6,initial,initial
cross,conical_bounded,1,100,2.50447e9,5.71218e9,26.283224,24.8066724,SqEuclidean,extreme,578,1.9146623986870002e6,insample,1982
cross,conical_bounded,1,100,2.50447e9,6.1603e9,25.7977094,24.896132299999998,SqEuclidean,extreme,390,2.3145275830820003e6,insample,1986
cross,conical_bounded,1,100,2.50447e9,4.58722e9,25.9261666,27.833866200000003,SqEuclidean,extreme,262,833936.794475,insample,1990
cross,conical_bounded,1,100,2.50447e9,6.01143e9,26.3971682,26.0981649,SqEuclidean,extreme,405,2.221129531003e6,insample,1994
cross,conical_bounded,1,100,2.50447e9,4.90699e9,26.2323441,26.5936762,SqEuclidean,extreme,418,1.0963535153820002e6,insample,1998
cross,conical_bounded,1,100,2.50447e9,5.08092e9,36.2696035,38.7743539,SqEuclidean,extreme,369,1.2799858434799998e6,insample,2004
cross,conical_bounded,1,100,2.50447e9,5.11773e9,27.3555832,25.4980122,SqEuclidean,extreme,304,1.3282310346529994e6,insample,2008
cross,conical_bounded,1,100,2.50447e9,5.40484e9,26.4627342,25.0589799,SqEuclidean,extreme,420,1.6290865162189999e6,insample,2011
cross,conical_bounded,1,100,2.50447e9,4.88117e9,26.6260824,25.3443323,SqEuclidean,extreme,307,1.0428735293909999e6,insample,2012
cross,conical_bounded,1,100,2.50447e9,5.33991e9,25.9965304,24.6044148,SqEuclidean,extreme,304,1.5290455268579996e6,insample,2016
cross,conical_bounded,1,20,2.99558e9,1.31454e11,2.6948652,35.9424483,SqEuclidean,extreme,550,6.957218021463e6,initial,initial
cross,conical_bounded,1,20,2.99558e9,9.18413e9,26.0305679,23.7684016,SqEuclidean,extreme,805,5.419707517754999e6,insample,1982
cross,conical_bounded,1,20,2.99558e9,8.4665e9,26.0086593,24.5364459,SqEuclidean,extreme,609,4.650612164528999e6,insample,1986
cross,conical_bounded,1,20,2.99558e9,6.18284e9,25.1998457,25.8329279,SqEuclidean,extreme,429,2.457780221927e6,insample,1990
cross,conical_bounded,1,20,2.99558e9,9.34379e9,26.378743,23.986098499999997,SqEuclidean,extreme,659,5.585456499137e6,insample,1994
cross,conical_bounded,1,20,2.99558e9,7.42759e9,25.2872785,23.9278396,SqEuclidean,extreme,594,3.6467089932e6,insample,1998
cross,conical_bounded,1,20,2.99558e9,7.6718e9,31.821631,36.9614305,SqEuclidean,extreme,594,3.900497509626e6,insample,2004
cross,conical_bounded,1,20,2.99558e9,6.87401e9,26.0881142,25.6137797,SqEuclidean,extreme,415,3.112468481337e6,insample,2008
cross,conical_bounded,1,20,2.99558e9,7.72474e9,25.8499688,24.2221122,SqEuclidean,extreme,607,3.977857436880001e6,insample,2011
cross,conical_bounded,1,20,2.99558e9,7.227e9,25.1564711,25.3811516,SqEuclidean,extreme,495,3.418066313766e6,insample,2012
cross,conical_bounded,1,20,2.99558e9,7.868e9,25.2733749,24.431777699999998,SqEuclidean,extreme,529,4.088137032765e6,insample,2016
cross,conical_bounded,1,50,2.64648e9,5.51104e10,7.9038246,43.004585899999995,SqEuclidean,extreme,554,6.987150646232e6,initial,initial
cross,conical_bounded,1,50,2.64648e9,7.23499e9,26.5935379,25.197531899999998,SqEuclidean,extreme,681,3.451224857953001e6,insample,1982
cross,conical_bounded,1,50,2.64648e9,7.05163e9,26.670691,25.1518067,SqEuclidean,extreme,428,3.218179950474001e6,insample,1986
cross,conical_bounded,1,50,2.64648e9,5.26963e9,26.8937909,26.8820422,SqEuclidean,extreme,328,1.5283394380729997e6,insample,1990
cross,conical_bounded,1,50,2.64648e9,7.62826e9,25.9665524,25.500355099999997,SqEuclidean,extreme,514,3.851088998276e6,insample,1994
cross,conical_bounded,1,50,2.64648e9,5.79814e9,26.3633561,25.302583600000002,SqEuclidean,extreme,479,1.9983301664279997e6,insample,1998
cross,conical_bounded,1,50,2.64648e9,5.7432e9,33.6468013,36.563922999999996,SqEuclidean,extreme,409,1.952812099661e6,insample,2004
cross,conical_bounded,1,50,2.64648e9,5.51952e9,27.302402,27.587757800000002,SqEuclidean,extreme,337,1.7410271819729998e6,insample,2008
cross,conical_bounded,1,50,2.64648e9,6.18458e9,27.0600003,23.6175089,SqEuclidean,extreme,498,2.419371886378e6,insample,2011
cross,conical_bounded,1,50,2.64648e9,5.57904e9,26.6821239,24.2583599,SqEuclidean,extreme,358,1.7517614697440001e6,insample,2012
cross,conical_bounded,1,50,2.64648e9,6.17766e9,26.5957122,25.4027668,SqEuclidean,extreme,384,2.3800474145269995e6,insample,2016
cross,convex_hull,1,100,2.65538e9,2.97567e10,22.9126078,53.210893999999996,SqEuclidean,extreme,573,7.105238275864998e6,initial,initial
cross,convex_hull,1,100,2.65538e9,5.52044e9,35.1620674,32.985441200000004,SqEuclidean,extreme,623,1.7273284763669998e6,insample,1982
cross,convex_hull,1,100,2.65538e9,6.08046e9,27.1146987,25.674505500000002,SqEuclidean,extreme,542,2.238677234559001e6,insample,1986
cross,convex_hull,1,100,2.65538e9,4.3196e9,27.8275331,25.4253838,SqEuclidean,extreme,376,571173.1620969999,insample,1990
cross,convex_hull,1,100,2.65538e9,5.6636e9,28.0283941,23.585211100000002,SqEuclidean,extreme,469,1.8769817324009999e6,insample,1994
cross,convex_hull,1,100,2.65538e9,4.66461e9,27.6725033,24.3341066,SqEuclidean,extreme,354,856706.2396539999,insample,1998
cross,convex_hull,1,100,2.65538e9,4.74e9,34.6762408,33.686371,SqEuclidean,extreme,483,941842.269975,insample,2004
cross,convex_hull,1,100,2.65538e9,4.58949e9,26.8050919,25.545398300000002,SqEuclidean,extreme,264,802124.3459040001,insample,2008
cross,convex_hull,1,100,2.65538e9,5.12868e9,27.2703583,25.1515089,SqEuclidean,extreme,567,1.356623569474e6,insample,2011
cross,convex_hull,1,100,2.65538e9,4.3821e9,27.2129835,28.909144,SqEuclidean,extreme,339,546604.3468780001,insample,2012
cross,convex_hull,1,100,2.65538e9,4.87461e9,27.0606919,25.995306,SqEuclidean,extreme,426,1.068911329066e6,insample,2016
cross,convex_hull,1,20,3.13724e9,1.31545e11,3.1876307,42.7378645,SqEuclidean,extreme,555,6.993696182411e6,initial,initial
cross,convex_hull,1,20,3.13724e9,5.55177e9,35.3417655,35.036163599999995,SqEuclidean,extreme,480,1.767645087571e6,insample,1982
cross,convex_hull,1,20,3.13724e9,6.08697e9,26.1365624,23.5525367,SqEuclidean,extreme,404,2.255650886591e6,insample,1986
cross,convex_hull,1,20,3.13724e9,4.25264e9,26.8701632,26.7022783,SqEuclidean,extreme,204,515450.814381,insample,1990
cross,convex_hull,1,20,3.13724e9,5.61418e9,26.1547384,25.033158099999998,SqEuclidean,extreme,347,1.8364023054680002e6,insample,1994
cross,convex_hull,1,20,3.13724e9,4.74297e9,25.7665248,24.8781636,SqEuclidean,extreme,388,946906.5979609999,insample,1998
cross,convex_hull,1,20,3.13724e9,4.7803e9,33.3393042,33.035182500000005,SqEuclidean,extreme,331,993612.546631,insample,2004
cross,convex_hull,1,20,3.13724e9,4.71378e9,26.1797812,29.4402504,SqEuclidean,extreme,248,938678.6231200001,insample,2008
cross,convex_hull,1,20,3.13724e9,5.19748e9,26.5734687,23.8054139,SqEuclidean,extreme,371,1.4350578868550002e6,insample,2011
cross,convex_hull,1,20,3.13724e9,4.41404e9,25.9354344,24.711003299999998,SqEuclidean,extreme,241,589496.7664239999,insample,2012
cross,convex_hull,1,20,3.13724e9,4.87626e9,25.5542823,24.3289459,SqEuclidean,extreme,240,1.0792268122110004e6,insample,2016
cross,convex_hull,1,50,2.76439e9,5.52452e10,9.2182257,41.0562326,SqEuclidean,extreme,566,7.041716684265e6,initial,initial
cross,convex_hull,1,50,2.76439e9,5.80421e9,32.0727663,34.6376836,SqEuclidean,extreme,531,2.0167831100940001e6,insample,1982
cross,convex_hull,1,50,2.76439e9,6.60463e9,27.2331974,25.0366162,SqEuclidean,extreme,522,2.7701974273509993e6,insample,1986
cross,convex_hull,1,50,2.76439e9,4.70943e9,27.3468859,26.3460624,SqEuclidean,extreme,302,966864.3307510001,insample,1990
cross,convex_hull,1,50,2.76439e9,6.33559e9,27.6704737,25.0454011,SqEuclidean,extreme,458,2.557045031326e6,insample,1994
cross,convex_hull,1,50,2.76439e9,4.77985e9,26.2269323,25.8844907,SqEuclidean,extreme,312,976257.4510929999,insample,1998
cross,convex_hull,1,50,2.76439e9,4.99435e9,35.1802201,33.989751399999996,SqEuclidean,extreme,428,1.2028277211000002e6,insample,2004
cross,convex_hull,1,50,2.76439e9,5.06171e9,26.5881849,26.8966016,SqEuclidean,extreme,259,1.2808675149519998e6,insample,2008
cross,convex_hull,1,50,2.76439e9,5.79441e9,26.7220883,24.2693382,SqEuclidean,extreme,515,2.0292665319690001e6,insample,2011
cross,convex_hull,1,50,2.76439e9,4.92968e9,27.5695608,27.4967912,SqEuclidean,extreme,315,1.101309459728e6,insample,2012
cross,convex_hull,1,50,2.76439e9,5.43015e9,26.4292562,27.4031584,SqEuclidean,extreme,390,1.63211286612e6,insample,2016
cross,k_medoids,1005471400,100,2.42175e9,2.99314e10,26.2145733,44.1627296,SqEuclidean,extreme,596,7.145312006111999e6,initial,initial
cross,k_medoids,1005471400,100,2.42175e9,6.21285e9,32.8137761,35.681025399999996,SqEuclidean,extreme,692,2.4230460670960005e6,insample,1982
cross,k_medoids,1005471400,100,2.42175e9,6.75947e9,25.5215433,25.1334309,SqEuclidean,extreme,564,2.9211288147560004e6,insample,1986
cross,k_medoids,1005471400,100,2.42175e9,4.65743e9,27.6350516,25.7883727,SqEuclidean,extreme,330,911464.927843,insample,1990
cross,k_medoids,1005471400,100,2.42175e9,6.2136e9,25.8668813,25.813102999999998,SqEuclidean,extreme,506,2.429190896948e6,insample,1994
cross,k_medoids,1005471400,100,2.42175e9,5.13613e9,26.5251452,23.4874846,SqEuclidean,extreme,417,1.3337582328229998e6,insample,1998
cross,k_medoids,1005471400,100,2.42175e9,5.60021e9,34.9664485,37.5245461,SqEuclidean,extreme,549,1.8052980842129998e6,insample,2004
cross,k_medoids,1005471400,100,2.42175e9,5.17365e9,26.1887235,27.4909306,SqEuclidean,extreme,373,1.390535675151e6,insample,2008
cross,k_medoids,1005471400,100,2.42175e9,5.78503e9,27.2418144,25.1231624,SqEuclidean,extreme,564,2.0157248978339997e6,insample,2011
cross,k_medoids,1005471400,100,2.42175e9,5.00223e9,26.9885065,25.773529,SqEuclidean,extreme,386,1.171620569526e6,insample,2012
cross,k_medoids,1005471400,100,2.42175e9,5.59821e9,26.0809956,24.0748934,SqEuclidean,extreme,377,1.7940684490519997e6,insample,2016
cross,k_medoids,1262311769,100,2.47504e9,3.0526e10,25.139349,42.545949,SqEuclidean,extreme,596,7.185215628061001e6,initial,initial
cross,k_medoids,1262311769,100,2.47504e9,5.6345e9,32.4017036,33.4902324,SqEuclidean,extreme,499,1.839474012451e6,insample,1982
cross,k_medoids,1262311769,100,2.47504e9,6.15826e9,25.9245082,24.5020205,SqEuclidean,extreme,391,2.3151864037320004e6,insample,1986
cross,k_medoids,1262311769,100,2.47504e9,4.36317e9,26.5711172,25.6629951,SqEuclidean,extreme,221,612914.22835,insample,1990
cross,k_medoids,1262311769,100,2.47504e9,5.83511e9,26.6271851,25.4034694,SqEuclidean,extreme,331,2.0473076495750002e6,insample,1994
cross,k_medoids,1262311769,100,2.47504e9,4.87225e9,26.0289834,25.163597199999998,SqEuclidean,extreme,248,1.065414687825e6,insample,1998
cross,k_medoids,1262311769,100,2.47504e9,5.0512e9,32.8833881,35.6882965,SqEuclidean,extreme,301,1.2530843638239997e6,insample,2004
cross,k_medoids,1262311769,100,2.47504e9,4.87005e9,27.2928209,26.2078998,SqEuclidean,extreme,242,1.082783975327e6,insample,2008
cross,k_medoids,1262311769,100,2.47504e9,5.24059e9,26.510202,26.3268988,SqEuclidean,extreme,434,1.465564143372e6,insample,2011
cross,k_medoids,1262311769,100,2.47504e9,4.6311e9,26.9139142,24.684999700000002,SqEuclidean,extreme,233,796321.633436,insample,2012
cross,k_medoids,1262311769,100,2.47504e9,5.25957e9,27.2800851,23.8444961,SqEuclidean,extreme,275,1.450752833714e6,insample,2016
cross,k_medoids,1400059389,100,2.48134e9,3.02832e10,24.5866475,37.8085929,SqEuclidean,extreme,559,7.166240508427e6,initial,initial
cross,k_medoids,1400059389,100,2.48134e9,5.9091e9,35.1526063,38.0679126,SqEuclidean,extreme,667,2.113175433354e6,insample,1982
cross,k_medoids,1400059389,100,2.48134e9,6.31441e9,26.4815187,26.2335609,SqEuclidean,extreme,514,2.470843171283e6,insample,1986
cross,k_medoids,1400059389,100,2.48134e9,4.36466e9,27.7404086,23.731277,SqEuclidean,extreme,301,615137.2960940001,insample,1990
cross,k_medoids,1400059389,100,2.48134e9,5.78516e9,27.4283628,25.924126,SqEuclidean,extreme,448,1.9947146655060002e6,insample,1994
cross,k_medoids,1400059389,100,2.48134e9,4.84054e9,25.9785815,23.677340700000002,SqEuclidean,extreme,467,1.033607395666e6,insample,1998
cross,k_medoids,1400059389,100,2.48134e9,4.92646e9,34.1630103,33.5431757,SqEuclidean,extreme,433,1.1272023296840002e6,insample,2004
cross,k_medoids,1400059389,100,2.48134e9,4.73742e9,26.8874066,25.2816378,SqEuclidean,extreme,306,951434.923676,insample,2008
cross,k_medoids,1400059389,100,2.48134e9,5.37435e9,26.9088047,23.88251,SqEuclidean,extreme,584,1.5982383546169999e6,insample,2011
cross,k_medoids,1400059389,100,2.48134e9,4.51032e9,26.046147,27.9496782,SqEuclidean,extreme,366,675268.6548949997,insample,2012
cross,k_medoids,1400059389,100,2.48134e9,4.96714e9,26.3927245,24.1425911,SqEuclidean,extreme,322,1.159377807577e6,insample,2016
cross,k_medoids,1693313909,100,2.60025e9,3.04503e10,24.6588765,45.4979772,SqEuclidean,extreme,593,7.153526830532999e6,initial,initial
cross,k_medoids,1693313909,100,2.60025e9,5.34843e9,36.4386306,34.8082852,SqEuclidean,extreme,557,1.55658716521e6,insample,1982
cross,k_medoids,1693313909,100,2.60025e9,5.86924e9,29.7339243,25.940558,SqEuclidean,extreme,489,2.0291869272399996e6,insample,1986
cross,k_medoids,1693313909,100,2.60025e9,4.28884e9,26.2678,24.9647206,SqEuclidean,extreme,339,542492.113929,insample,1990
cross,k_medoids,1693313909,100,2.60025e9,5.67406e9,26.9192355,27.2051052,SqEuclidean,extreme,432,1.8881611171070004e6,insample,1994
cross,k_medoids,1693313909,100,2.60025e9,4.62315e9,27.369075,23.5150082,SqEuclidean,extreme,378,817468.659653,insample,1998
cross,k_medoids,1693313909,100,2.60025e9,4.87097e9,34.1251217,34.7941935,SqEuclidean,extreme,442,1.075109454551e6,insample,2004
cross,k_medoids,1693313909,100,2.60025e9,4.68122e9,27.7727412,24.280078,SqEuclidean,extreme,277,897184.2858350001,insample,2008
cross,k_medoids,1693313909,100,2.60025e9,5.04633e9,25.8089998,22.9244334,SqEuclidean,extreme,511,1.2739083625089999e6,insample,2011
cross,k_medoids,1693313909,100,2.60025e9,4.5456e9,26.5989507,24.7206087,SqEuclidean,extreme,316,713559.910626,insample,2012
cross,k_medoids,1693313909,100,2.60025e9,4.87971e9,27.2382091,25.2897161,SqEuclidean,extreme,354,1.075563453075e6,insample,2016
cross,k_medoids,2483487299,100,2.46817e9,2.99728e10,26.1783916,45.0477418,SqEuclidean,extreme,542,7.149800202590999e6,initial,initial
cross,k_medoids,2483487299,100,2.46817e9,5.69058e9,27.864267,26.998340900000002,SqEuclidean,extreme,581,1.9037364628239998e6,insample,1982
cross,k_medoids,2483487299,100,2.46817e9,6.23947e9,26.7186925,26.4617608,SqEuclidean,extreme,400,2.4063336957310014e6,insample,1986
cross,k_medoids,2483487299,100,2.46817e9,4.44462e9,26.7936486,26.503112199999997,SqEuclidean,extreme,242,704318.966765,insample,1990
cross,k_medoids,2483487299,100,2.46817e9,6.14053e9,27.7005644,24.0562079,SqEuclidean,extreme,396,2.360821787798e6,insample,1994
cross,k_medoids,2483487299,100,2.46817e9,4.79722e9,27.4424343,24.816787899999998,SqEuclidean,extreme,278,997978.4424,insample,1998
cross,k_medoids,2483487299,100,2.46817e9,4.98742e9,33.4687391,36.3170703,SqEuclidean,extreme,346,1.195656241921e6,insample,2004
cross,k_medoids,2483487299,100,2.46817e9,4.90208e9,26.9394312,26.827136099999997,SqEuclidean,extreme,246,1.124385292862e6,insample,2008
cross,k_medoids,2483487299,100,2.46817e9,5.3383e9,25.9298527,23.8289607,SqEuclidean,extreme,458,1.5728420865809997e6,insample,2011
cross,k_medoids,2483487299,100,2.46817e9,4.77198e9,26.774094,24.2487128,SqEuclidean,extreme,257,945244.196981,insample,2012
cross,k_medoids,2483487299,100,2.46817e9,5.13555e9,26.5952666,25.0024746,SqEuclidean,extreme,293,1.335785354858e6,insample,2016
cross,k_medoids,2529186237,100,2.40533e9,3.0817e10,25.885219,43.8786562,SqEuclidean,extreme,586,7.190498539096e6,initial,initial
cross,k_medoids,2529186237,100,2.40533e9,6.43398e9,37.2194761,34.3973691,SqEuclidean,extreme,615,2.6485198334000004e6,insample,1982
cross,k_medoids,2529186237,100,2.40533e9,6.77545e9,26.6640407,24.6917519,SqEuclidean,extreme,479,2.941522164097e6,insample,1986
cross,k_medoids,2529186237,100,2.40533e9,4.72631e9,27.0414243,25.9713253,SqEuclidean,extreme,336,982670.6025370001,insample,1990
cross,k_medoids,2529186237,100,2.40533e9,6.65304e9,28.3360788,25.1565367,SqEuclidean,extreme,444,2.874605865229e6,insample,1994
cross,k_medoids,2529186237,100,2.40533e9,5.3187e9,27.6594895,24.806038400000002,SqEuclidean,extreme,352,1.5181122010430004e6,insample,1998
cross,k_medoids,2529186237,100,2.40533e9,5.42587e9,31.3652255,32.1953236,SqEuclidean,extreme,416,1.6350334070139998e6,insample,2004
cross,k_medoids,2529186237,100,2.40533e9,5.09764e9,27.227652,26.3231222,SqEuclidean,extreme,311,1.316052719126e6,insample,2008
cross,k_medoids,2529186237,100,2.40533e9,5.61633e9,26.5358441,23.2300994,SqEuclidean,extreme,512,1.8503574578849997e6,insample,2011
cross,k_medoids,2529186237,100,2.40533e9,4.92005e9,27.1033547,24.5830253,SqEuclidean,extreme,298,1.091373271152e6,insample,2012
cross,k_medoids,2529186237,100,2.40533e9,5.66504e9,26.7484522,24.2982389,SqEuclidean,extreme,350,1.8647270106660002e6,insample,2016
cross,k_medoids,2910484191,100,2.46716e9,3.06877e10,24.5860635,43.637868,SqEuclidean,extreme,588,7.301696406308999e6,initial,initial
cross,k_medoids,2910484191,100,2.46716e9,6.81031e9,33.0208926,33.0450508,SqEuclidean,extreme,646,3.025109957145e6,insample,1982
cross,k_medoids,2910484191,100,2.46716e9,6.78637e9,26.682138,23.5491719,SqEuclidean,extreme,456,2.951662393424001e6,insample,1986
cross,k_medoids,2910484191,100,2.46716e9,5.01918e9,25.7507904,25.613423700000002,SqEuclidean,extreme,300,1.2762986976359999e6,insample,1990
cross,k_medoids,2910484191,100,2.46716e9,7.20015e9,26.6371947,24.868396399999998,SqEuclidean,extreme,448,3.421369808668e6,insample,1994
cross,k_medoids,2910484191,100,2.46716e9,5.49702e9,26.0751535,25.2681365,SqEuclidean,extreme,358,1.697561480383e6,insample,1998
cross,k_medoids,2910484191,100,2.46716e9,5.72823e9,31.9465352,31.451680500000002,SqEuclidean,extreme,424,1.9367476993540002e6,insample,2004
cross,k_medoids,2910484191,100,2.46716e9,5.23523e9,26.4751158,25.0108043,SqEuclidean,extreme,302,1.4534638709119996e6,insample,2008
cross,k_medoids,2910484191,100,2.46716e9,5.77319e9,25.9990542,24.1233679,SqEuclidean,extreme,491,2.0059230706659998e6,insample,2011
cross,k_medoids,2910484191,100,2.46716e9,5.37296e9,27.3093189,27.9454294,SqEuclidean,extreme,305,1.5450636787830002e6,insample,2012
cross,k_medoids,2910484191,100,2.46716e9,5.8763e9,26.5828228,26.5530712,SqEuclidean,extreme,325,2.075595019062e6,insample,2016
cross,k_medoids,2931455462,100,2.43235e9,3.11641e10,24.9262516,46.6072329,SqEuclidean,extreme,616,7.534908464313e6,initial,initial
cross,k_medoids,2931455462,100,2.43235e9,5.95486e9,31.1356683,29.7876993,SqEuclidean,extreme,585,2.1623393740500007e6,insample,1982
cross,k_medoids,2931455462,100,2.43235e9,6.28286e9,26.7948436,24.400017899999998,SqEuclidean,extreme,392,2.441755316979e6,insample,1986
cross,k_medoids,2931455462,100,2.43235e9,4.36744e9,27.2041926,25.8099077,SqEuclidean,extreme,244,619489.509855,insample,1990
cross,k_medoids,2931455462,100,2.43235e9,6.18483e9,26.5324063,24.919399900000002,SqEuclidean,extreme,376,2.3966327709009997e6,insample,1994
cross,k_medoids,2931455462,100,2.43235e9,4.87438e9,26.9347163,24.876130500000002,SqEuclidean,extreme,259,1.069204022611e6,insample,1998
cross,k_medoids,2931455462,100,2.43235e9,5.09728e9,35.5095406,32.791942199999994,SqEuclidean,extreme,362,1.2994902319709996e6,insample,2004
cross,k_medoids,2931455462,100,2.43235e9,4.73611e9,27.4106366,24.5879062,SqEuclidean,extreme,259,950771.378793,insample,2008
cross,k_medoids,2931455462,100,2.43235e9,5.29189e9,26.0825852,23.851591900000003,SqEuclidean,extreme,489,1.5179312790629996e6,insample,2011
cross,k_medoids,2931455462,100,2.43235e9,4.65407e9,28.1118845,25.1572482,SqEuclidean,extreme,270,820519.004527,insample,2012
cross,k_medoids,2931455462,100,2.43235e9,5.1537e9,27.26576,24.504477700000002,SqEuclidean,extreme,300,1.3471977079769997e6,insample,2016
cross,k_medoids,3631457564,100,2.39025e9,3.02337e10,25.9905899,44.4849112,SqEuclidean,extreme,595,7.176924973285e6,initial,initial
cross,k_medoids,3631457564,100,2.39025e9,7.45228e9,29.5453725,30.3424466,SqEuclidean,extreme,764,3.666722568492e6,insample,1982
cross,k_medoids,3631457564,100,2.39025e9,7.29994e9,26.5529173,26.067264899999998,SqEuclidean,extreme,544,3.464933754273e6,insample,1986
cross,k_medoids,3631457564,100,2.39025e9,5.14409e9,26.6690216,27.888385800000002,SqEuclidean,extreme,411,1.400518039945e6,insample,1990
cross,k_medoids,3631457564,100,2.39025e9,7.447e9,25.8029224,26.0687248,SqEuclidean,extreme,529,3.666143874628e6,insample,1994
cross,k_medoids,3631457564,100,2.39025e9,5.68082e9,25.6847202,24.6106116,SqEuclidean,extreme,416,1.8795103971710003e6,insample,1998
cross,k_medoids,3631457564,100,2.39025e9,6.01642e9,34.477067,35.5616002,SqEuclidean,extreme,557,2.222782590696e6,insample,2004
cross,k_medoids,3631457564,100,2.39025e9,5.34428e9,27.1501677,24.0614806,SqEuclidean,extreme,317,1.5631024108919995e6,insample,2008
cross,k_medoids,3631457564,100,2.39025e9,6.11403e9,26.0969174,23.6610997,SqEuclidean,extreme,571,2.34810983955e6,insample,2011
cross,k_medoids,3631457564,100,2.39025e9,5.2527e9,26.3908576,24.9727436,SqEuclidean,extreme,384,1.421587270486e6,insample,2012
cross,k_medoids,3631457564,100,2.39025e9,6.07413e9,26.791001,25.291091599999998,SqEuclidean,extreme,458,2.2749054977649995e6,insample,2016
cross,k_medoids,472808301,100,2.61987e9,3.21438e10,25.4038556,44.0157602,SqEuclidean,extreme,619,7.426749861710998e6,initial,initial
cross,k_medoids,472808301,100,2.61987e9,5.34581e9,26.1735815,24.789318,SqEuclidean,extreme,536,1.555566429407e6,insample,1982
cross,k_medoids,472808301,100,2.61987e9,5.80237e9,27.1772287,24.412906,SqEuclidean,extreme,389,1.9647559021039999e6,insample,1986
cross,k_medoids,472808301,100,2.61987e9,4.26856e9,26.6238863,25.2641414,SqEuclidean,extreme,246,523148.06196500006,insample,1990
cross,k_medoids,472808301,100,2.61987e9,5.68588e9,26.031395,25.436243400000002,SqEuclidean,extreme,359,1.9013099012260002e6,insample,1994
cross,k_medoids,472808301,100,2.61987e9,4.67598e9,26.3252306,24.325914700000002,SqEuclidean,extreme,295,872448.040497,insample,1998
cross,k_medoids,472808301,100,2.61987e9,4.8398e9,33.0213352,36.370205000000006,SqEuclidean,extreme,358,1.0445373899499999e6,insample,2004
cross,k_medoids,472808301,100,2.61987e9,4.73508e9,27.1886527,26.002280499999998,SqEuclidean,extreme,265,950471.8073670003,insample,2008
cross,k_medoids,472808301,100,2.61987e9,4.97594e9,25.5553353,23.2432141,SqEuclidean,extreme,411,1.2074114635309996e6,insample,2011
cross,k_medoids,472808301,100,2.61987e9,4.53215e9,25.7068414,26.6624137,SqEuclidean,extreme,261,700841.8645019999,insample,2012
cross,k_medoids,472808301,100,2.61987e9,4.96445e9,27.429578,25.1704003,SqEuclidean,extreme,292,1.160539459448e6,insample,2016
cross,k_medoids,1516602964,20,2.94614e9,1.31151e11,2.6161388,34.6793486,SqEuclidean,extreme,546,6.955287239351e6,initial,initial
cross,k_medoids,1516602964,20,2.94614e9,7.08489e9,25.7232007,25.5478604,SqEuclidean,extreme,852,3.306707258464e6,insample,1982
cross,k_medoids,1516602964,20,2.94614e9,7.47535e9,26.2090225,24.926531299999997,SqEuclidean,extreme,709,3.6499467401409997e6,insample,1986
cross,k_medoids,1516602964,20,2.94614e9,4.96551e9,27.2914324,24.074357600000003,SqEuclidean,extreme,394,1.2314658047390005e6,insample,1990
cross,k_medoids,1516602964,20,2.94614e9,7.04317e9,25.6226029,23.805569000000002,SqEuclidean,extreme,588,3.2711981017350005e6,insample,1994
cross,k_medoids,1516602964,20,2.94614e9,5.62762e9,26.3084963,24.2941835,SqEuclidean,extreme,595,1.8363278836019998e6,insample,1998
cross,k_medoids,1516602964,20,2.94614e9,5.84195e9,32.6640109,35.9934903,SqEuclidean,extreme,679,2.0599319669350001e6,insample,2004
cross,k_medoids,1516602964,20,2.94614e9,5.35407e9,26.1391854,26.030139700000003,SqEuclidean,extreme,447,1.582435816119e6,insample,2008
cross,k_medoids,1516602964,20,2.94614e9,6.11828e9,26.07001,23.3188902,SqEuclidean,extreme,664,2.3586435306450003e6,insample,2011
cross,k_medoids,1516602964,20,2.94614e9,5.26538e9,27.023227,23.842843,SqEuclidean,extreme,544,1.4457504344710002e6,insample,2012
cross,k_medoids,1516602964,20,2.94614e9,5.84571e9,26.9564212,25.755341299999998,SqEuclidean,extreme,516,2.0525610000949998e6,insample,2016
cross,k_medoids,1886534858,20,2.98284e9,1.31219e11,2.4655926,33.219535,SqEuclidean,extreme,550,6.9712868384650005e6,initial,initial
cross,k_medoids,1886534858,20,2.98284e9,6.95783e9,24.9374276,25.387615,SqEuclidean,extreme,729,3.1830089779459997e6,insample,1982
cross,k_medoids,1886534858,20,2.98284e9,7.19834e9,26.1771839,24.797896899999998,SqEuclidean,extreme,569,3.375560343747e6,insample,1986
cross,k_medoids,1886534858,20,2.98284e9,4.92881e9,24.774804,25.7103897,SqEuclidean,extreme,341,1.1974290909570002e6,insample,1990
cross,k_medoids,1886534858,20,2.98284e9,7.05954e9,26.1755322,25.912696500000003,SqEuclidean,extreme,522,3.290868493975e6,insample,1994
cross,k_medoids,1886534858,20,2.98284e9,5.51973e9,24.9972739,24.5215174,SqEuclidean,extreme,536,1.7305289417769997e6,insample,1998
cross,k_medoids,1886534858,20,2.98284e9,5.61829e9,30.8962104,38.680925,SqEuclidean,extreme,535,1.838136314363e6,insample,2004
cross,k_medoids,1886534858,20,2.98284e9,5.28401e9,25.1256845,25.4546085,SqEuclidean,extreme,404,1.51429412686e6,insample,2008
cross,k_medoids,1886534858,20,2.98284e9,5.9574e9,25.8118499,25.9314316,SqEuclidean,extreme,540,2.2006711225430006e6,insample,2011
cross,k_medoids,1886534858,20,2.98284e9,5.19702e9,24.7879543,25.772313,SqEuclidean,extreme,417,1.3793766462729997e6,insample,2012
cross,k_medoids,1886534858,20,2.98284e9,5.80656e9,24.6416036,25.1405626,SqEuclidean,extreme,421,2.0165022186410003e6,insample,2016
cross,k_medoids,2317698438,20,2.93676e9,1.31146e11,2.5185964,31.6598574,SqEuclidean,extreme,550,6.964923255916e6,initial,initial
cross,k_medoids,2317698438,20,2.93676e9,1.00381e10,25.2150463,24.0708223,SqEuclidean,extreme,1111,6.276400069933001e6,insample,1982
cross,k_medoids,2317698438,20,2.93676e9,9.37306e9,25.8638933,25.7323717,SqEuclidean,extreme,878,5.562738980857002e6,insample,1986
cross,k_medoids,2317698438,20,2.93676e9,6.67693e9,25.1996603,23.9029198,SqEuclidean,extreme,579,2.9549449967749994e6,insample,1990
cross,k_medoids,2317698438,20,2.93676e9,9.9857e9,24.7980258,26.1024392,SqEuclidean,extreme,831,6.230605423942002e6,insample,1994
cross,k_medoids,2317698438,20,2.93676e9,7.89176e9,24.6365017,24.7080733,SqEuclidean,extreme,805,4.114905978505e6,insample,1998
cross,k_medoids,2317698438,20,2.93676e9,8.78725e9,35.0697024,35.607084900000004,SqEuclidean,extreme,910,5.022656987622e6,insample,2004
cross,k_medoids,2317698438,20,2.93676e9,7.34507e9,25.1973732,25.2993991,SqEuclidean,extreme,602,3.5879397145040003e6,insample,2008
cross,k_medoids,2317698438,20,2.93676e9,8.34955e9,24.9369483,23.4952821,SqEuclidean,extreme,837,4.6046301346700005e6,insample,2011
cross,k_medoids,2317698438,20,2.93676e9,8.06575e9,24.9714922,27.6166748,SqEuclidean,extreme,774,4.264049271195e6,insample,2012
cross,k_medoids,2317698438,20,2.93676e9,8.68488e9,25.1739348,23.4137422,SqEuclidean,extreme,795,4.909256022435e6,insample,2016
cross,k_medoids,2466700586,20,2.91461e9,1.31089e11,2.5407843,31.830853400000002,SqEuclidean,extreme,545,6.955329856698999e6,initial,initial
cross,k_medoids,2466700586,20,2.91461e9,9.98661e9,26.5514547,25.5927733,SqEuclidean,extreme,1022,6.227401482305001e6,insample,1982
cross,k_medoids,2466700586,20,2.91461e9,9.23082e9,26.8504199,25.3863647,SqEuclidean,extreme,767,5.422035272453999e6,insample,1986
cross,k_medoids,2466700586,20,2.91461e9,6.6702e9,25.7111958,26.7060399,SqEuclidean,extreme,544,2.9505138655439992e6,insample,1990
cross,k_medoids,2466700586,20,2.91461e9,9.95209e9,25.7442501,24.7984058,SqEuclidean,extreme,771,6.200054899740002e6,insample,1994
cross,k_medoids,2466700586,20,2.91461e9,7.82195e9,25.4902337,24.921913,SqEuclidean,extreme,745,4.04872156596e6,insample,1998
cross,k_medoids,2466700586,20,2.91461e9,8.67346e9,33.3044687,39.5455587,SqEuclidean,extreme,820,4.910452441185e6,insample,2004
cross,k_medoids,2466700586,20,2.91461e9,7.29083e9,25.6882935,24.2785794,SqEuclidean,extreme,533,3.536101053643e6,insample,2008
cross,k_medoids,2466700586,20,2.91461e9,8.29e9,25.2024089,24.875458000000002,SqEuclidean,extreme,770,4.546544454456e6,insample,2011
cross,k_medoids,2466700586,20,2.91461e9,7.96238e9,27.0393682,25.0837151,SqEuclidean,extreme,676,4.163082727715e6,insample,2012
cross,k_medoids,2466700586,20,2.91461e9,8.62373e9,25.8897273,23.6009815,SqEuclidean,extreme,682,4.850133153204e6,insample,2016
cross,k_medoids,2692059346,20,2.90523e9,1.33136e11,2.5209048,32.6420598,SqEuclidean,extreme,549,7.029408469948e6,initial,initial
cross,k_medoids,2692059346,20,2.90523e9,1.09111e10,25.759232,23.9617817,SqEuclidean,extreme,1181,7.148404431467e6,insample,1982
cross,k_medoids,2692059346,20,2.90523e9,1.00176e10,26.7083901,25.9358298,SqEuclidean,extreme,888,6.203543817137999e6,insample,1986
cross,k_medoids,2692059346,20,2.90523e9,7.23644e9,26.1299889,27.004835399999997,SqEuclidean,extreme,682,3.5116363725119997e6,insample,1990
cross,k_medoids,2692059346,20,2.90523e9,1.08242e10,24.9075294,26.0045618,SqEuclidean,extreme,929,7.067608965983001e6,insample,1994
cross,k_medoids,2692059346,20,2.90523e9,8.45283e9,24.9368481,25.546527,SqEuclidean,extreme,869,4.672727553505e6,insample,1998
cross,k_medoids,2692059346,20,2.90523e9,9.76133e9,32.2254563,32.539925499999995,SqEuclidean,extreme,1037,5.993636073233001e6,insample,2004
cross,k_medoids,2692059346,20,2.90523e9,7.72564e9,25.1229286,24.2766185,SqEuclidean,extreme,644,3.964168246111e6,insample,2008
cross,k_medoids,2692059346,20,2.90523e9,8.84711e9,24.6396316,23.5054649,SqEuclidean,extreme,870,5.100134788711001e6,insample,2011
cross,k_medoids,2692059346,20,2.90523e9,8.58443e9,25.2290439,25.8341146,SqEuclidean,extreme,808,4.777908231930002e6,insample,2012
cross,k_medoids,2692059346,20,2.90523e9,9.2825e9,25.7690059,25.0281893,SqEuclidean,extreme,820,5.503886362738e6,insample,2016
cross,k_medoids,3032526906,20,3.08643e9,1.31113e11,2.7862624,32.8208846,SqEuclidean,extreme,548,6.956520513918e6,initial,initial
cross,k_medoids,3032526906,20,3.08643e9,5.88881e9,25.6792484,24.533977800000002,SqEuclidean,extreme,619,2.1110367046449995e6,insample,1982
cross,k_medoids,3032526906,20,3.08643e9,6.40146e9,26.9597361,25.276997299999998,SqEuclidean,extreme,498,2.578719633889e6,insample,1986
cross,k_medoids,3032526906,20,3.08643e9,4.38614e9,26.547779,25.4417739,SqEuclidean,extreme,263,655337.162958,insample,1990
cross,k_medoids,3032526906,20,3.08643e9,5.88987e9,26.3108569,24.844651799999998,SqEuclidean,extreme,440,2.1184934446779997e6,insample,1994
cross,k_medoids,3032526906,20,3.08643e9,4.96989e9,26.7489466,24.5689322,SqEuclidean,extreme,486,1.1813459613800002e6,insample,1998
cross,k_medoids,3032526906,20,3.08643e9,5.03023e9,35.5777541,42.1451388,SqEuclidean,extreme,451,1.251225977229e6,insample,2004
cross,k_medoids,3032526906,20,3.08643e9,4.82418e9,25.6088435,26.2578007,SqEuclidean,extreme,303,1.0567780717699998e6,insample,2008
cross,k_medoids,3032526906,20,3.08643e9,5.38358e9,25.091724,23.9688721,SqEuclidean,extreme,460,1.6271842525639993e6,insample,2011
cross,k_medoids,3032526906,20,3.08643e9,4.52796e9,26.0781366,24.710576,SqEuclidean,extreme,326,711627.4622440002,insample,2012
cross,k_medoids,3032526906,20,3.08643e9,5.05691e9,25.8362499,24.7824561,SqEuclidean,extreme,322,1.267182923894e6,insample,2016
cross,k_medoids,3214418042,20,2.92762e9,1.31277e11,2.5949981,32.635511900000004,SqEuclidean,extreme,545,6.953965204688e6,initial,initial
cross,k_medoids,3214418042,20,2.92762e9,9.8676e9,27.5871338,25.821479,SqEuclidean,extreme,1238,6.101010245493e6,insample,1982
cross,k_medoids,3214418042,20,2.92762e9,9.3397e9,25.7763614,25.6806538,SqEuclidean,extreme,1023,5.524238499307e6,insample,1986
cross,k_medoids,3214418042,20,2.92762e9,6.47493e9,26.6268366,25.100459,SqEuclidean,extreme,650,2.7484234270699997e6,insample,1990
cross,k_medoids,3214418042,20,2.92762e9,9.67196e9,26.0149634,24.8885844,SqEuclidean,extreme,891,5.911176629136e6,insample,1994
cross,k_medoids,3214418042,20,2.92762e9,7.68087e9,26.3086852,24.9893526,SqEuclidean,extreme,791,3.899729089669999e6,insample,1998
cross,k_medoids,3214418042,20,2.92762e9,8.58873e9,35.0960362,38.5911734,SqEuclidean,extreme,1088,4.818310079278e6,insample,2004
cross,k_medoids,3214418042,20,2.92762e9,6.72692e9,25.5744497,27.2593509,SqEuclidean,extreme,591,2.963623313817e6,insample,2008
cross,k_medoids,3214418042,20,2.92762e9,8.01128e9,26.1703545,24.637601500000002,SqEuclidean,extreme,931,4.261224064773e6,insample,2011
cross,k_medoids,3214418042,20,2.92762e9,7.53225e9,25.9597044,27.2273776,SqEuclidean,extreme,853,3.7237568748189993e6,insample,2012
cross,k_medoids,3214418042,20,2.92762e9,8.43142e9,25.7551471,25.1026817,SqEuclidean,extreme,884,4.650547123527001e6,insample,2016
cross,k_medoids,3217763985,20,3.03171e9,1.31531e11,2.4496157,32.0068953,SqEuclidean,extreme,553,6.984944760550001e6,initial,initial
cross,k_medoids,3217763985,20,3.03171e9,6.76194e9,25.7813102,25.6188675,SqEuclidean,extreme,876,2.982474871911e6,insample,1982
cross,k_medoids,3217763985,20,3.03171e9,7.21357e9,24.8858128,24.822637,SqEuclidean,extreme,765,3.3869203831819994e6,insample,1986
cross,k_medoids,3217763985,20,3.03171e9,4.76341e9,25.0981576,24.858977799999998,SqEuclidean,extreme,395,1.0282307614839999e6,insample,1990
cross,k_medoids,3217763985,20,3.03171e9,6.7461e9,25.7957356,25.8520441,SqEuclidean,extreme,593,2.9724050420170003e6,insample,1994
cross,k_medoids,3217763985,20,3.03171e9,5.42415e9,26.1012744,24.8075582,SqEuclidean,extreme,656,1.6312453222019998e6,insample,1998
cross,k_medoids,3217763985,20,3.03171e9,5.57655e9,32.298742,35.7136207,SqEuclidean,extreme,696,1.7934531135760003e6,insample,2004
cross,k_medoids,3217763985,20,3.03171e9,5.18119e9,25.4026267,25.783699499999997,SqEuclidean,extreme,462,1.4084089300379998e6,insample,2008
cross,k_medoids,3217763985,20,3.03171e9,5.8929e9,25.241924,23.8913785,SqEuclidean,extreme,708,2.132297979256e6,insample,2011
cross,k_medoids,3217763985,20,3.03171e9,5.16271e9,25.5018928,24.3749337,SqEuclidean,extreme,604,1.3414287021090004e6,insample,2012
cross,k_medoids,3217763985,20,3.03171e9,5.6505e9,25.914468,24.7016363,SqEuclidean,extreme,569,1.8563761063300003e6,insample,2016
cross,k_medoids,3272403283,20,3.04942e9,1.31192e11,2.6326193,32.1453501,SqEuclidean,extreme,546,6.950638936738e6,initial,initial
cross,k_medoids,3272403283,20,3.04942e9,6.58583e9,26.0675638,25.5551988,SqEuclidean,extreme,603,2.8141810119620003e6,insample,1982
cross,k_medoids,3272403283,20,3.04942e9,6.75382e9,27.3939574,25.5123241,SqEuclidean,extreme,431,2.9354500987820006e6,insample,1986
cross,k_medoids,3272403283,20,3.04942e9,4.73801e9,25.9638616,24.6634685,SqEuclidean,extreme,277,1.01044156868e6,insample,1990
cross,k_medoids,3272403283,20,3.04942e9,6.78923e9,26.5630738,23.4096498,SqEuclidean,extreme,415,3.0245467358489996e6,insample,1994
cross,k_medoids,3272403283,20,3.04942e9,5.23684e9,26.4933178,24.7610827,SqEuclidean,extreme,337,1.4514554146079998e6,insample,1998
cross,k_medoids,3272403283,20,3.04942e9,5.20421e9,33.012718,37.283547500000005,SqEuclidean,extreme,372,1.4279191012090002e6,insample,2004
cross,k_medoids,3272403283,20,3.04942e9,5.09758e9,26.609862,26.3895203,SqEuclidean,extreme,259,1.332802999894e6,insample,2008
cross,k_medoids,3272403283,20,3.04942e9,5.65459e9,25.7647029,23.3970944,SqEuclidean,extreme,429,1.9021439244059997e6,insample,2011
cross,k_medoids,3272403283,20,3.04942e9,4.87065e9,26.7112608,26.4846315,SqEuclidean,extreme,269,1.05730901304e6,insample,2012
cross,k_medoids,3272403283,20,3.04942e9,5.53244e9,26.0916176,24.8335753,SqEuclidean,extreme,318,1.7471142495139998e6,insample,2016
cross,k_medoids,408956147,20,2.87194e9,1.31459e11,2.6226877,33.7232859,SqEuclidean,extreme,549,6.962961406059001e6,initial,initial
cross,k_medoids,408956147,20,2.87194e9,8.75094e9,26.3014713,24.721073699999998,SqEuclidean,extreme,984,4.9825098462499995e6,insample,1982
cross,k_medoids,408956147,20,2.87194e9,8.63919e9,24.9311691,25.5636573,SqEuclidean,extreme,796,4.823130835894001e6,insample,1986
cross,k_medoids,408956147,20,2.87194e9,5.91218e9,26.2896825,25.7855336,SqEuclidean,extreme,511,2.1859199342159997e6,insample,1990
cross,k_medoids,408956147,20,2.87194e9,8.73155e9,26.1679692,23.5664384,SqEuclidean,extreme,754,4.970679892511001e6,insample,1994
cross,k_medoids,408956147,20,2.87194e9,6.76592e9,25.956267,24.6532253,SqEuclidean,extreme,729,2.9846831272730003e6,insample,1998
cross,k_medoids,408956147,20,2.87194e9,7.49443e9,33.9869149,36.5757895,SqEuclidean,extreme,851,3.722164763779999e6,insample,2004
cross,k_medoids,408956147,20,2.87194e9,6.15387e9,25.7467595,26.2723638,SqEuclidean,extreme,532,2.390788852063e6,insample,2008
cross,k_medoids,408956147,20,2.87194e9,7.21325e9,25.645355,24.560938200000002,SqEuclidean,extreme,764,3.461887974523e6,insample,2011
cross,k_medoids,408956147,20,2.87194e9,6.38408e9,25.501221,26.0004319,SqEuclidean,extreme,633,2.574069570482e6,insample,2012
cross,k_medoids,408956147,20,2.87194e9,7.35284e9,25.7011866,25.7589753,SqEuclidean,extreme,641,3.569901422168e6,insample,2016
cross,k_medoids,123456789,50,2.84159e9,5.59998e10,8.5554754,35.2519123,SqEuclidean,extreme,578,7.16093553751e6,initial,initial
cross,k_medoids,123456789,50,2.84159e9,5.39521e9,27.5920199,25.3128545,SqEuclidean,extreme,496,1.6161317758409993e6,insample,1982
cross,k_medoids,123456789,50,2.84159e9,5.85861e9,26.357837,25.802727,SqEuclidean,extreme,414,2.031925385424e6,insample,1986
cross,k_medoids,123456789,50,2.84159e9,4.2524e9,26.3354883,25.0724659,SqEuclidean,extreme,251,518179.5391749999,insample,1990
cross,k_medoids,123456789,50,2.84159e9,5.55053e9,27.2455322,24.1346586,SqEuclidean,extreme,359,1.7787368399130001e6,insample,1994
cross,k_medoids,123456789,50,2.84159e9,4.675e9,27.2169911,23.636361,SqEuclidean,extreme,369,881571.6288160001,insample,1998
cross,k_medoids,123456789,50,2.84159e9,4.59657e9,34.2333348,38.0404469,SqEuclidean,extreme,345,813411.3630090001,insample,2004
cross,k_medoids,123456789,50,2.84159e9,4.6753e9,27.7006098,26.203723,SqEuclidean,extreme,253,903255.2149930001,insample,2008
cross,k_medoids,123456789,50,2.84159e9,5.00553e9,26.35789,23.223450200000002,SqEuclidean,extreme,409,1.2461547244829996e6,insample,2011
cross,k_medoids,123456789,50,2.84159e9,4.38296e9,26.5625684,23.5553115,SqEuclidean,extreme,250,562815.017165,insample,2012
cross,k_medoids,123456789,50,2.84159e9,4.77011e9,27.2353695,25.6790597,SqEuclidean,extreme,268,978608.390301,insample,2016
cross,k_medoids,1286268702,50,2.62241e9,5.54777e10,9.4354916,35.4597487,SqEuclidean,extreme,563,7.049580018643e6,initial,initial
cross,k_medoids,1286268702,50,2.62241e9,6.98493e9,26.2033541,25.5587018,SqEuclidean,extreme,701,3.202185771004e6,insample,1982
cross,k_medoids,1286268702,50,2.62241e9,7.10178e9,26.3135518,25.3338047,SqEuclidean,extreme,570,3.269796367736e6,insample,1986
cross,k_medoids,1286268702,50,2.62241e9,4.95994e9,26.2221641,24.7703637,SqEuclidean,extreme,388,1.220006293375e6,insample,1990
cross,k_medoids,1286268702,50,2.62241e9,7.14422e9,28.2922598,23.403353199999998,SqEuclidean,extreme,575,3.367111639606e6,insample,1994
cross,k_medoids,1286268702,50,2.62241e9,5.51869e9,25.5210973,26.104497000000002,SqEuclidean,extreme,532,1.7216431230170003e6,insample,1998
cross,k_medoids,1286268702,50,2.62241e9,5.58426e9,34.46228,37.8668085,SqEuclidean,extreme,565,1.794480602349e6,insample,2004
cross,k_medoids,1286268702,50,2.62241e9,5.30029e9,26.7149398,25.2058285,SqEuclidean,extreme,333,1.522744603951e6,insample,2008
cross,k_medoids,1286268702,50,2.62241e9,6.00913e9,26.3959789,24.3393184,SqEuclidean,extreme,620,2.244154216839e6,insample,2011
cross,k_medoids,1286268702,50,2.62241e9,5.11802e9,26.3379496,25.898596,SqEuclidean,extreme,425,1.2916729473889999e6,insample,2012
cross,k_medoids,1286268702,50,2.62241e9,5.88506e9,27.4789311,25.4350446,SqEuclidean,extreme,445,2.087506226848e6,insample,2016
cross,k_medoids,1308502331,50,2.79217e9,5.60571e10,8.623413,35.2386893,SqEuclidean,extreme,584,7.102693423507e6,initial,initial
cross,k_medoids,1308502331,50,2.79217e9,7.06416e9,26.5958904,25.1073295,SqEuclidean,extreme,658,3.2799995156239998e6,insample,1982
cross,k_medoids,1308502331,50,2.79217e9,7.01689e9,25.7600774,25.8307273,SqEuclidean,extreme,491,3.1839586826829994e6,insample,1986
cross,k_medoids,1308502331,50,2.79217e9,4.93053e9,26.5001518,27.187829699999998,SqEuclidean,extreme,325,1.1892373434959997e6,insample,1990
cross,k_medoids,1308502331,50,2.79217e9,7.10328e9,27.1726174,25.5703265,SqEuclidean,extreme,456,3.3258752665029992e6,insample,1994
cross,k_medoids,1308502331,50,2.79217e9,5.47156e9,25.7014066,23.4857723,SqEuclidean,extreme,354,1.6724504689399998e6,insample,1998
cross,k_medoids,1308502331,50,2.79217e9,5.6363e9,33.2659374,35.651612899999996,SqEuclidean,extreme,471,1.845001829859e6,insample,2004
cross,k_medoids,1308502331,50,2.79217e9,5.22113e9,27.2526394,23.5656819,SqEuclidean,extreme,284,1.4423842585899998e6,insample,2008
cross,k_medoids,1308502331,50,2.79217e9,5.89182e9,26.275684,24.8186465,SqEuclidean,extreme,488,2.127027521814e6,insample,2011
cross,k_medoids,1308502331,50,2.79217e9,5.08281e9,25.5269619,25.6553952,SqEuclidean,extreme,332,1.2550212708659999e6,insample,2012
cross,k_medoids,1308502331,50,2.79217e9,5.84776e9,27.068847,25.372102100000003,SqEuclidean,extreme,380,2.049584217402e6,insample,2016
cross,k_medoids,1573928461,50,2.73845e9,5.64373e10,8.5246912,35.6385255,SqEuclidean,extreme,578,7.236787545143999e6,initial,initial
cross,k_medoids,1573928461,50,2.73845e9,5.85877e9,27.222973,25.1957649,SqEuclidean,extreme,573,2.0683610998029998e6,insample,1982
cross,k_medoids,1573928461,50,2.73845e9,6.32078e9,26.3221863,24.2625335,SqEuclidean,extreme,487,2.483453414289e6,insample,1986
cross,k_medoids,1573928461,50,2.73845e9,4.33317e9,26.3820139,29.0527672,SqEuclidean,extreme,270,588075.938301,insample,1990
cross,k_medoids,1573928461,50,2.73845e9,5.74385e9,26.7460374,25.3914777,SqEuclidean,extreme,438,1.9582291755970002e6,insample,1994
cross,k_medoids,1573928461,50,2.73845e9,4.8856e9,27.1252646,23.5449559,SqEuclidean,extreme,435,1.08349818912e6,insample,1998
cross,k_medoids,1573928461,50,2.73845e9,5.04219e9,33.4383353,34.5120507,SqEuclidean,extreme,457,1.2469027563059996e6,insample,2004
cross,k_medoids,1573928461,50,2.73845e9,4.71354e9,25.6855551,25.8865522,SqEuclidean,extreme,264,933372.9385360001,insample,2008
cross,k_medoids,1573928461,50,2.73845e9,5.39974e9,25.9110524,25.1274954,SqEuclidean,extreme,539,1.630369504755e6,insample,2011
cross,k_medoids,1573928461,50,2.73845e9,4.57183e9,25.9362798,26.5997584,SqEuclidean,extreme,352,741538.434262,insample,2012
cross,k_medoids,1573928461,50,2.73845e9,5.04578e9,27.162977,25.506330499999997,SqEuclidean,extreme,317,1.2437916582810003e6,insample,2016
cross,k_medoids,1991051616,50,2.83634e9,5.55419e10,9.2766254,35.0970418,SqEuclidean,extreme,583,7.104117778775001e6,initial,initial
cross,k_medoids,1991051616,50,2.83634e9,5.42941e9,26.4283929,25.211461099999998,SqEuclidean,extreme,573,1.642099927652e6,insample,1982
cross,k_medoids,1991051616,50,2.83634e9,5.92249e9,27.5285668,23.8556815,SqEuclidean,extreme,487,2.0877210341380003e6,insample,1986
cross,k_medoids,1991051616,50,2.83634e9,4.24117e9,26.872476,25.828682399999998,SqEuclidean,extreme,320,499866.11079199996,insample,1990
cross,k_medoids,1991051616,50,2.83634e9,5.46557e9,27.566663,23.5514553,SqEuclidean,extreme,441,1.6840612521940002e6,insample,1994
cross,k_medoids,1991051616,50,2.83634e9,4.56992e9,26.0287484,25.624977299999998,SqEuclidean,extreme,414,772456.6777900001,insample,1998
cross,k_medoids,1991051616,50,2.83634e9,4.59602e9,33.9204538,34.7414052,SqEuclidean,extreme,423,806197.8507300002,insample,2004
cross,k_medoids,1991051616,50,2.83634e9,4.58121e9,26.3674237,25.1581549,SqEuclidean,extreme,260,804169.450668,insample,2008
cross,k_medoids,1991051616,50,2.83634e9,5.06535e9,26.0315508,23.361762199999998,SqEuclidean,extreme,569,1.297788852899e6,insample,2011
cross,k_medoids,1991051616,50,2.83634e9,4.36518e9,26.2831465,25.464606999999997,SqEuclidean,extreme,339,539621.920086,insample,2012
cross,k_medoids,1991051616,50,2.83634e9,4.71839e9,26.7363308,24.5166914,SqEuclidean,extreme,372,918955.265362,insample,2016
cross,k_medoids,2678701235,50,2.51438e9,5.70747e10,9.0565907,35.5411421,SqEuclidean,extreme,563,7.187520199812e6,initial,initial
cross,k_medoids,2678701235,50,2.51438e9,9.03765e9,25.5741868,24.833802400000003,SqEuclidean,extreme,1060,5.251623447393e6,insample,1982
cross,k_medoids,2678701235,50,2.51438e9,8.4018e9,26.1190635,25.7414517,SqEuclidean,extreme,837,4.565081860834e6,insample,1986
cross,k_medoids,2678701235,50,2.51438e9,5.93777e9,25.8581218,27.395547099999998,SqEuclidean,extreme,607,2.192595662216e6,insample,1990
cross,k_medoids,2678701235,50,2.51438e9,8.69971e9,25.7314313,25.5283739,SqEuclidean,extreme,834,4.918191740745001e6,insample,1994
cross,k_medoids,2678701235,50,2.51438e9,6.89819e9,26.0979052,23.4283481,SqEuclidean,extreme,720,3.097641812786001e6,insample,1998
cross,k_medoids,2678701235,50,2.51438e9,7.37604e9,33.7506612,36.0957152,SqEuclidean,extreme,922,3.5827235460019996e6,insample,2004
cross,k_medoids,2678701235,50,2.51438e9,6.12577e9,25.9181786,25.5413933,SqEuclidean,extreme,512,2.344306997223e6,insample,2008
cross,k_medoids,2678701235,50,2.51438e9,7.30095e9,25.9428436,23.6130124,SqEuclidean,extreme,890,3.5308178190220003e6,insample,2011
cross,k_medoids,2678701235,50,2.51438e9,6.17252e9,27.4095261,24.2251574,SqEuclidean,extreme,667,2.3423126338150003e6,insample,2012
cross,k_medoids,2678701235,50,2.51438e9,7.34759e9,25.5762808,25.493918999999998,SqEuclidean,extreme,756,3.547143516564e6,insample,2016
cross,k_medoids,3861234567,50,2.74541e9,5.55651e10,8.8158589,35.6848978,SqEuclidean,extreme,578,7.134864563006e6,initial,initial
cross,k_medoids,3861234567,50,2.74541e9,6.18621e9,27.1594725,25.600752600000003,SqEuclidean,extreme,684,2.3993872513649995e6,insample,1982
cross,k_medoids,3861234567,50,2.74541e9,6.54086e9,26.2641067,25.823780600000003,SqEuclidean,extreme,585,2.705415859568999e6,insample,1986
cross,k_medoids,3861234567,50,2.74541e9,4.73707e9,27.2969371,24.0576756,SqEuclidean,extreme,375,994476.5371589998,insample,1990
cross,k_medoids,3861234567,50,2.74541e9,6.66096e9,26.7498805,24.9451205,SqEuclidean,extreme,565,2.881333946006e6,insample,1994
cross,k_medoids,3861234567,50,2.74541e9,4.99669e9,26.7619829,23.6542855,SqEuclidean,extreme,397,1.196705910815e6,insample,1998
cross,k_medoids,3861234567,50,2.74541e9,5.00476e9,35.8059175,37.8486932,SqEuclidean,extreme,517,1.2117501462269998e6,insample,2004
cross,k_medoids,3861234567,50,2.74541e9,5.03498e9,26.5864135,25.325024300000003,SqEuclidean,extreme,294,1.255592043201e6,insample,2008
cross,k_medoids,3861234567,50,2.74541e9,5.5248e9,28.1232863,24.2810105,SqEuclidean,extreme,606,1.756210396481e6,insample,2011
cross,k_medoids,3861234567,50,2.74541e9,4.98419e9,26.1759853,28.6175774,SqEuclidean,extreme,429,1.156875409324e6,insample,2012
cross,k_medoids,3861234567,50,2.74541e9,5.3048e9,26.343626,25.1446371,SqEuclidean,extreme,488,1.503929209768e6,insample,2016
cross,k_medoids,477073181,50,2.67173e9,5.55498e10,9.0062295,35.248239999999996,SqEuclidean,extreme,576,7.033728475600999e6,initial,initial
cross,k_medoids,477073181,50,2.67173e9,6.12515e9,25.5493644,25.0492591,SqEuclidean,extreme,584,2.3385126588810007e6,insample,1982
cross,k_medoids,477073181,50,2.67173e9,6.49652e9,26.5778827,23.783379699999998,SqEuclidean,extreme,485,2.661769021021e6,insample,1986
cross,k_medoids,477073181,50,2.67173e9,4.44504e9,26.1774645,23.8604545,SqEuclidean,extreme,286,704008.616948,insample,1990
cross,k_medoids,477073181,50,2.67173e9,6.11167e9,26.1743327,24.6256968,SqEuclidean,extreme,464,2.331973686814e6,insample,1994
cross,k_medoids,477073181,50,2.67173e9,5.07412e9,26.3511883,23.7549987,SqEuclidean,extreme,469,1.2744585396230002e6,insample,1998
cross,k_medoids,477073181,50,2.67173e9,5.10623e9,32.6338593,37.7896917,SqEuclidean,extreme,453,1.3144838934279997e6,insample,2004
cross,k_medoids,477073181,50,2.67173e9,4.83651e9,26.25314,25.373158200000002,SqEuclidean,extreme,277,1.057375836618e6,insample,2008
cross,k_medoids,477073181,50,2.67173e9,5.45978e9,26.5577466,24.9907265,SqEuclidean,extreme,491,1.6937804978649998e6,insample,2011
cross,k_medoids,477073181,50,2.67173e9,4.6053e9,26.4777453,25.1907347,SqEuclidean,extreme,324,777256.2311540002,insample,2012
cross,k_medoids,477073181,50,2.67173e9,5.24053e9,26.4809748,26.074867899999997,SqEuclidean,extreme,343,1.4412633840760002e6,insample,2016
cross,k_medoids,876543210,50,2.6953e9,5.59745e10,8.6762061,34.3045487,SqEuclidean,extreme,571,7.0771761547489995e6,initial,initial
cross,k_medoids,876543210,50,2.6953e9,7.07918e9,27.2360769,24.8365591,SqEuclidean,extreme,745,3.281406898036999e6,insample,1982
cross,k_medoids,876543210,50,2.6953e9,7.1985e9,26.6516099,24.2462792,SqEuclidean,extreme,613,3.3503906702150004e6,insample,1986
cross,k_medoids,876543210,50,2.6953e9,4.96813e9,26.0409669,26.1977711,SqEuclidean,extreme,402,1.2130020885879998e6,insample,1990
cross,k_medoids,876543210,50,2.6953e9,6.92406e9,27.3674441,25.0711428,SqEuclidean,extreme,571,3.1298359019249994e6,insample,1994
cross,k_medoids,876543210,50,2.6953e9,5.42188e9,27.1078536,25.0026027,SqEuclidean,extreme,518,1.6110206322089997e6,insample,1998
cross,k_medoids,876543210,50,2.6953e9,5.61934e9,32.2587724,32.5453543,SqEuclidean,extreme,586,1.8153259095640006e6,insample,2004
cross,k_medoids,876543210,50,2.6953e9,5.20209e9,27.7461261,25.6304183,SqEuclidean,extreme,365,1.4110504667839997e6,insample,2008
cross,k_medoids,876543210,50,2.6953e9,6.00004e9,27.1526626,24.5924341,SqEuclidean,extreme,677,2.21882168286e6,insample,2011
cross,k_medoids,876543210,50,2.6953e9,5.08423e9,27.364185,26.9582284,SqEuclidean,extreme,441,1.2446774552990003e6,insample,2012
cross,k_medoids,876543210,50,2.6953e9,5.7499e9,28.1733758,26.5548349,SqEuclidean,extreme,443,1.9371534112e6,insample,2016
cross,k_medoids,987654321,50,2.64588e9,5.58323e10,9.1227891,36.0103764,SqEuclidean,extreme,558,7.074399578882999e6,initial,initial
cross,k_medoids,987654321,50,2.64588e9,7.04912e9,27.0794481,23.256098,SqEuclidean,extreme,695,3.2704520586490002e6,insample,1982
cross,k_medoids,987654321,50,2.64588e9,7.08431e9,27.0329958,24.5945201,SqEuclidean,extreme,546,3.2566895684900004e6,insample,1986
cross,k_medoids,987654321,50,2.64588e9,4.96938e9,26.4253931,25.406848500000002,SqEuclidean,extreme,376,1.2329922901079997e6,insample,1990
cross,k_medoids,987654321,50,2.64588e9,7.13877e9,27.0066255,24.850140500000002,SqEuclidean,extreme,523,3.3667096364170006e6,insample,1994
cross,k_medoids,987654321,50,2.64588e9,5.52868e9,26.2858833,25.103604500000003,SqEuclidean,extreme,506,1.7337090664569999e6,insample,1998
cross,k_medoids,987654321,50,2.64588e9,5.63377e9,33.1101558,35.963438,SqEuclidean,extreme,523,1.8486555791610002e6,insample,2004
cross,k_medoids,987654321,50,2.64588e9,5.22198e9,26.2920814,25.485367999999998,SqEuclidean,extreme,322,1.447679636578e6,insample,2008
cross,k_medoids,987654321,50,2.64588e9,5.93855e9,26.9925387,24.980298,SqEuclidean,extreme,542,2.17860073424e6,insample,2011
cross,k_medoids,987654321,50,2.64588e9,5.09319e9,27.0890842,23.9812172,SqEuclidean,extreme,359,1.270347845562e6,insample,2012
cross,k_medoids,987654321,50,2.64588e9,5.85619e9,27.2405664,24.2928526,SqEuclidean,extreme,399,2.063434624356e6,insample,2016
cross,k_means,1005471400,100,1.96742e9,2.93013e10,29.9543208,40.783824,SqEuclidean,extreme,521,7.083533171823999e6,initial,initial
cross,k_means,1005471400,100,1.96742e9,2.40329e10,25.2406685,23.6254021,SqEuclidean,extreme,5347,2.0209782627036996e7,insample,1982
cross,k_means,1005471400,100,1.96742e9,2.23285e10,24.4882711,25.0753654,SqEuclidean,extreme,4646,1.8461942302778e7,insample,1986
cross,k_means,1005471400,100,1.96742e9,1.73893e10,24.4782074,28.1250148,SqEuclidean,extreme,4223,1.3607962553149998e7,insample,1990
cross,k_means,1005471400,100,1.96742e9,2.40359e10,24.2733502,25.9509865,SqEuclidean,extreme,4747,2.0229094650432996e7,insample,1994
cross,k_means,1005471400,100,1.96742e9,1.73222e10,24.4313716,24.0305288,SqEuclidean,extreme,4119,1.3486466935727999e7,insample,1998
cross,k_means,1005471400,100,1.96742e9,2.21219e10,26.3999815,29.7194935,SqEuclidean,extreme,4895,1.8308803431044e7,insample,2004
cross,k_means,1005471400,100,1.96742e9,1.72926e10,24.8103791,25.2744225,SqEuclidean,extreme,3800,1.3479681839222e7,insample,2008
cross,k_means,1005471400,100,1.96742e9,2.16357e10,25.1614335,24.998745200000002,SqEuclidean,extreme,5098,1.7831229410631e7,insample,2011
cross,k_means,1005471400,100,1.96742e9,1.86042e10,25.2204543,25.2598406,SqEuclidean,extreme,4177,1.4751825948786002e7,insample,2012
cross,k_means,1005471400,100,1.96742e9,2.10696e10,24.3279781,25.637217,SqEuclidean,extreme,4624,1.7229150292486e7,insample,2016
cross,k_means,1262311769,100,1.96141e9,2.92965e10,31.1009184,42.0177587,SqEuclidean,extreme,511,7.066127636206e6,initial,initial
cross,k_means,1262311769,100,1.96141e9,2.66676e10,25.8108308,23.8151699,SqEuclidean,extreme,5896,2.2841063921944e7,insample,1982
cross,k_means,1262311769,100,1.96141e9,2.45675e10,24.859994,24.681583500000002,SqEuclidean,extreme,5307,2.0699084703167997e7,insample,1986
cross,k_means,1262311769,100,1.96141e9,1.95567e10,24.3043769,25.5124833,SqEuclidean,extreme,4894,1.5772921728675e7,insample,1990
cross,k_means,1262311769,100,1.96141e9,2.65468e10,24.5554998,25.0086446,SqEuclidean,extreme,5584,2.273597446525e7,insample,1994
cross,k_means,1262311769,100,1.96141e9,1.91054e10,24.8466508,24.7029943,SqEuclidean,extreme,4569,1.5268046654293e7,insample,1998
cross,k_means,1262311769,100,1.96141e9,2.46148e10,27.1376249,29.4094015,SqEuclidean,extreme,5668,2.0799200509098e7,insample,2004
cross,k_means,1262311769,100,1.96141e9,1.93024e10,25.2333946,24.2846169,SqEuclidean,extreme,4312,1.5486355376027e7,insample,2008
cross,k_means,1262311769,100,1.96141e9,2.38541e10,24.3034687,24.1964099,SqEuclidean,extreme,5693,2.0046323698303998e7,insample,2011
cross,k_means,1262311769,100,1.96141e9,2.07802e10,25.425237,25.880969999999998,SqEuclidean,extreme,4653,1.6925873106146e7,insample,2012
cross,k_means,1262311769,100,1.96141e9,2.372e10,24.774552,24.550523000000002,SqEuclidean,extreme,5572,1.9874810484849e7,insample,2016
cross,k_means,1400059389,100,1.95904e9,2.92981e10,31.0038966,39.8438881,SqEuclidean,extreme,506,7.067147019904e6,initial,initial
cross,k_means,1400059389,100,1.95904e9,2.70762e10,24.3644238,25.030911,SqEuclidean,extreme,5947,2.325683478146e7,insample,1982
cross,k_means,1400059389,100,1.95904e9,2.50042e10,25.343821,25.0938717,SqEuclidean,extreme,5569,2.1142310524641e7,insample,1986
cross,k_means,1400059389,100,1.95904e9,1.99422e10,24.0542614,27.9444775,SqEuclidean,extreme,4911,1.6164579607629001e7,insample,1990
cross,k_means,1400059389,100,1.95904e9,2.71e10,24.3733608,25.3119651,SqEuclidean,extreme,5628,2.3297234018033005e7,insample,1994
cross,k_means,1400059389,100,1.95904e9,1.95807e10,24.7537221,24.5342019,SqEuclidean,extreme,4612,1.5750467935352e7,insample,1998
cross,k_means,1400059389,100,1.95904e9,2.5019e10,26.0138266,28.776232399999998,SqEuclidean,extreme,5569,2.1210520826089002e7,insample,2004
cross,k_means,1400059389,100,1.95904e9,1.96647e10,24.2177573,25.053042599999998,SqEuclidean,extreme,4469,1.5855746395045001e7,insample,2008
cross,k_means,1400059389,100,1.95904e9,2.42595e10,24.4215781,25.2701361,SqEuclidean,extreme,5785,2.0458592506384e7,insample,2011
cross,k_means,1400059389,100,1.95904e9,2.11978e10,24.4932126,26.381948299999998,SqEuclidean,extreme,4866,1.7349957491368e7,insample,2012
cross,k_means,1400059389,100,1.95904e9,2.4275e10,24.4867296,24.6334967,SqEuclidean,extreme,5721,2.0437849399928004e7,insample,2016
cross,k_means,1693313909,100,1.94929e9,2.93074e10,29.6488296,39.447656699999996,SqEuclidean,extreme,507,7.068265549927e6,initial,initial
cross,k_means,1693313909,100,1.94929e9,2.73383e10,26.0966887,24.9600923,SqEuclidean,extreme,6186,2.350930225452e7,insample,1982
cross,k_means,1693313909,100,1.94929e9,2.46705e10,24.326911,27.1665357,SqEuclidean,extreme,5363,2.0798377713651e7,insample,1986
cross,k_means,1693313909,100,1.94929e9,2.01678e10,24.3057537,25.4873172,SqEuclidean,extreme,5054,1.6381654147589e7,insample,1990
cross,k_means,1693313909,100,1.94929e9,2.71466e10,24.1386087,27.257623,SqEuclidean,extreme,5563,2.333326716026e7,insample,1994
cross,k_means,1693313909,100,1.94929e9,1.9624e10,25.047466,23.4017592,SqEuclidean,extreme,4643,1.5783204221647e7,insample,1998
cross,k_means,1693313909,100,1.94929e9,2.54388e10,25.4611505,27.6138396,SqEuclidean,extreme,5608,2.1620853130269e7,insample,2004
cross,k_means,1693313909,100,1.94929e9,1.98179e10,24.871822,25.626806,SqEuclidean,extreme,4379,1.5999034981317997e7,insample,2008
cross,k_means,1693313909,100,1.94929e9,2.42452e10,25.2688709,26.8167126,SqEuclidean,extreme,5646,2.0434754727027e7,insample,2011
cross,k_means,1693313909,100,1.94929e9,2.14435e10,24.3634978,24.9629115,SqEuclidean,extreme,4926,1.7585822757617e7,insample,2012
cross,k_means,1693313909,100,1.94929e9,2.43621e10,24.843707,26.0661097,SqEuclidean,extreme,5607,2.0513511963239003e7,insample,2016
cross,k_means,2483487299,100,1.95705e9,2.93123e10,29.8277578,38.9222201,SqEuclidean,extreme,509,7.066637844498999e6,initial,initial
cross,k_means,2483487299,100,1.95705e9,2.57631e10,25.6389911,25.1791843,SqEuclidean,extreme,5790,2.1936198664657e7,insample,1982
cross,k_means,2483487299,100,1.95705e9,2.38766e10,25.3199927,25.414220399999998,SqEuclidean,extreme,5129,2.0007382045832e7,insample,1986
cross,k_means,2483487299,100,1.95705e9,1.88066e10,24.847332,25.2773424,SqEuclidean,extreme,4653,1.5022359428366e7,insample,1990
cross,k_means,2483487299,100,1.95705e9,2.56864e10,24.2918456,26.1988655,SqEuclidean,extreme,5330,2.1875594234765e7,insample,1994
cross,k_means,2483487299,100,1.95705e9,1.84742e10,24.0910402,24.8759922,SqEuclidean,extreme,4556,1.4635876731296e7,insample,1998
cross,k_means,2483487299,100,1.95705e9,2.37629e10,26.7610579,26.9630336,SqEuclidean,extreme,5287,1.9946877599423e7,insample,2004
cross,k_means,2483487299,100,1.95705e9,1.86382e10,24.8023202,24.9112929,SqEuclidean,extreme,4162,1.4821675215619e7,insample,2008
cross,k_means,2483487299,100,1.95705e9,2.31107e10,24.6435847,24.867639,SqEuclidean,extreme,5312,1.930288966567e7,insample,2011
cross,k_means,2483487299,100,1.95705e9,2.00201e10,25.1761902,24.9328518,SqEuclidean,extreme,4670,1.6164710636240002e7,insample,2012
cross,k_means,2483487299,100,1.95705e9,2.27718e10,24.4653045,27.334336399999998,SqEuclidean,extreme,5358,1.8926300874630004e7,insample,2016
cross,k_means,2529186237,100,1.96186e9,2.92964e10,31.6805112,39.1537074,SqEuclidean,extreme,510,7.065908634977001e6,initial,initial
cross,k_means,2529186237,100,1.96186e9,2.62625e10,25.3235885,23.605206199999998,SqEuclidean,extreme,5883,2.2439054095753e7,insample,1982
cross,k_means,2529186237,100,1.96186e9,2.42242e10,24.5110668,24.8182187,SqEuclidean,extreme,5450,2.0357852924543e7,insample,1986
cross,k_means,2529186237,100,1.96186e9,1.92193e10,25.0402457,25.2041405,SqEuclidean,extreme,4855,1.5437977900783999e7,insample,1990
cross,k_means,2529186237,100,1.96186e9,2.62326e10,24.4524256,23.462144799999997,SqEuclidean,extreme,5456,2.2425903228684e7,insample,1994
cross,k_means,2529186237,100,1.96186e9,1.89511e10,24.6250098,24.5846372,SqEuclidean,extreme,4476,1.5115475099511e7,insample,1998
cross,k_means,2529186237,100,1.96186e9,2.42557e10,26.0102501,28.387701500000002,SqEuclidean,extreme,5686,2.0443551436395e7,insample,2004
cross,k_means,2529186237,100,1.96186e9,1.89925e10,24.4218706,27.5355728,SqEuclidean,extreme,4263,1.5178772656556001e7,insample,2008
cross,k_means,2529186237,100,1.96186e9,2.35082e10,24.9572542,25.0259845,SqEuclidean,extreme,5359,1.9703218699926e7,insample,2011
cross,k_means,2529186237,100,1.96186e9,2.05233e10,24.1618693,26.4492063,SqEuclidean,extreme,4865,1.6671032187649002e7,insample,2012
cross,k_means,2529186237,100,1.96186e9,2.33793e10,24.3161116,24.9718439,SqEuclidean,extreme,5427,1.953807875969e7,insample,2016
cross,k_means,2910484191,100,1.96157e9,2.93045e10,29.8095039,39.0383126,SqEuclidean,extreme,524,7.10131421015e6,initial,initial
cross,k_means,2910484191,100,1.96157e9,2.5348e10,24.7463693,24.7444133,SqEuclidean,extreme,5604,2.1517420246401e7,insample,1982
cross,k_means,2910484191,100,1.96157e9,2.33267e10,24.1245507,24.3854504,SqEuclidean,extreme,5261,1.9454026742039e7,insample,1986
cross,k_means,2910484191,100,1.96157e9,1.84221e10,24.9699786,24.560488000000003,SqEuclidean,extreme,4442,1.463494141245e7,insample,1990
cross,k_means,2910484191,100,1.96157e9,2.49937e10,24.8042002,25.399311,SqEuclidean,extreme,5216,2.1178195202035e7,insample,1994
cross,k_means,2910484191,100,1.96157e9,1.79594e10,25.0406804,24.723180900000003,SqEuclidean,extreme,4309,1.4117847051380001e7,insample,1998
cross,k_means,2910484191,100,1.96157e9,2.33118e10,25.4856548,27.3138173,SqEuclidean,extreme,5463,1.9490969857069e7,insample,2004
cross,k_means,2910484191,100,1.96157e9,1.82641e10,25.0017993,25.4484778,SqEuclidean,extreme,4094,1.4444068204018002e7,insample,2008
cross,k_means,2910484191,100,1.96157e9,2.26532e10,25.4830156,25.1354032,SqEuclidean,extreme,5392,1.8842374369909e7,insample,2011
cross,k_means,2910484191,100,1.96157e9,1.95877e10,25.0366675,25.0460733,SqEuclidean,extreme,4490,1.5728376628236e7,insample,2012
cross,k_means,2910484191,100,1.96157e9,2.21782e10,24.5082061,25.4990835,SqEuclidean,extreme,5207,1.8327627444535e7,insample,2016
cross,k_means,2931455462,100,1.95688e9,2.93135e10,30.729164,39.3346096,SqEuclidean,extreme,509,7.0670541629059985e6,initial,initial
cross,k_means,2931455462,100,1.95688e9,2.49582e10,26.4737506,25.475222900000002,SqEuclidean,extreme,5397,2.1131559797785997e7,insample,1982
cross,k_means,2931455462,100,1.95688e9,2.29345e10,25.0409169,25.0250022,SqEuclidean,extreme,5039,1.9064037698309004e7,insample,1986
cross,k_means,2931455462,100,1.95688e9,1.81037e10,25.094433,25.0623741,SqEuclidean,extreme,4486,1.4319280784080999e7,insample,1990
cross,k_means,2931455462,100,1.95688e9,2.48246e10,25.0326308,24.8651237,SqEuclidean,extreme,4976,2.10132474765e7,insample,1994
cross,k_means,2931455462,100,1.95688e9,1.77955e10,24.8619668,25.056224200000003,SqEuclidean,extreme,4172,1.3956117370183002e7,insample,1998
cross,k_means,2931455462,100,1.95688e9,2.2994e10,26.6491115,27.7935847,SqEuclidean,extreme,5127,1.9177074463542998e7,insample,2004
cross,k_means,2931455462,100,1.95688e9,1.79619e10,24.7320735,25.6894919,SqEuclidean,extreme,4032,1.4144472014019e7,insample,2008
cross,k_means,2931455462,100,1.95688e9,2.22821e10,25.0942632,25.3872309,SqEuclidean,extreme,5193,1.8474023570628002e7,insample,2011
cross,k_means,2931455462,100,1.95688e9,1.92964e10,24.5854499,25.6585879,SqEuclidean,extreme,4410,1.544004966595e7,insample,2012
cross,k_means,2931455462,100,1.95688e9,2.18323e10,24.5540193,25.3982879,SqEuclidean,extreme,4969,1.7986024120640002e7,insample,2016
cross,k_means,3631457564,100,1.9596e9,2.93206e10,31.232254,39.7093268,SqEuclidean,extreme,520,7.0668561283990005e6,initial,initial
cross,k_means,3631457564,100,1.9596e9,2.46283e10,24.9465762,26.1411753,SqEuclidean,extreme,5672,2.0801951252209e7,insample,1982
cross,k_means,3631457564,100,1.9596e9,2.30735e10,24.3827024,25.3050623,SqEuclidean,extreme,5151,1.9203631281044997e7,insample,1986
cross,k_means,3631457564,100,1.9596e9,1.78912e10,24.0868539,27.7811253,SqEuclidean,extreme,4433,1.4106826389422998e7,insample,1990
cross,k_means,3631457564,100,1.9596e9,2.45758e10,24.4927934,25.3844714,SqEuclidean,extreme,5052,2.0765665634843e7,insample,1994
cross,k_means,3631457564,100,1.9596e9,1.77565e10,24.3847624,25.041039299999998,SqEuclidean,extreme,4409,1.3917890099693e7,insample,1998
cross,k_means,3631457564,100,1.9596e9,2.26326e10,26.3832416,28.593609700000002,SqEuclidean,extreme,5222,1.8816744471749e7,insample,2004
cross,k_means,3631457564,100,1.9596e9,1.77514e10,24.7088237,25.1979741,SqEuclidean,extreme,3936,1.3935132391069002e7,insample,2008
cross,k_means,3631457564,100,1.9596e9,2.22283e10,24.0908014,24.4675306,SqEuclidean,extreme,5359,1.8420333088134e7,insample,2011
cross,k_means,3631457564,100,1.9596e9,1.90851e10,24.2146405,25.3549298,SqEuclidean,extreme,4492,1.5229646747743e7,insample,2012
cross,k_means,3631457564,100,1.9596e9,2.1641e10,24.2008088,25.0038907,SqEuclidean,extreme,5135,1.7796507592568003e7,insample,2016
cross,k_means,472808301,100,1.95504e9,2.93004e10,29.868746,39.7458597,SqEuclidean,extreme,499,7.067655200852001e6,initial,initial
cross,k_means,472808301,100,1.95504e9,2.66709e10,24.7721974,24.657902399999998,SqEuclidean,extreme,5937,2.2849501587529e7,insample,1982
cross,k_means,472808301,100,1.95504e9,2.46546e10,24.7275359,25.0984252,SqEuclidean,extreme,5564,2.0791021369642e7,insample,1986
cross,k_means,472808301,100,1.95504e9,1.95387e10,24.0049959,25.8463995,SqEuclidean,extreme,4942,1.575945715377e7,insample,1990
cross,k_means,472808301,100,1.95504e9,2.66304e10,24.5078913,24.6631716,SqEuclidean,extreme,5560,2.2825315656418e7,insample,1994
cross,k_means,472808301,100,1.95504e9,1.9228e10,29.3777987,25.7231185,SqEuclidean,extreme,4549,1.539494357153e7,insample,1998
cross,k_means,472808301,100,1.95504e9,2.46027e10,26.2004395,27.4810182,SqEuclidean,extreme,5493,2.079243912153e7,insample,2004
cross,k_means,472808301,100,1.95504e9,1.93235e10,24.510707,25.2955388,SqEuclidean,extreme,4458,1.5512401981470002e7,insample,2008
cross,k_means,472808301,100,1.95504e9,2.38621e10,24.5922817,24.0700236,SqEuclidean,extreme,5681,2.0059537419777997e7,insample,2011
cross,k_means,472808301,100,1.95504e9,2.08612e10,23.9513632,24.9226564,SqEuclidean,extreme,4793,1.7011829814476002e7,insample,2012
cross,k_means,472808301,100,1.95504e9,2.3813e10,25.0430378,23.350967400000002,SqEuclidean,extreme,5571,1.9973530267164e7,insample,2016
cross,k_means,1516602964,20,2.80186e9,1.30799e11,3.0753756,34.5785925,SqEuclidean,extreme,535,6.961522861508e6,initial,initial
cross,k_means,1516602964,20,2.80186e9,2.0714e10,25.2913657,26.5797823,SqEuclidean,extreme,3734,1.6928883328102e7,insample,1982
cross,k_means,1516602964,20,2.80186e9,1.77315e10,24.2321331,25.457833500000003,SqEuclidean,extreme,3077,1.3891523747328e7,insample,1986
cross,k_means,1516602964,20,2.80186e9,1.46561e10,24.3203753,25.1990479,SqEuclidean,extreme,2776,1.0901851224289e7,insample,1990
cross,k_means,1516602964,20,2.80186e9,2.03041e10,24.5736276,24.0113071,SqEuclidean,extreme,3408,1.6522998687768001e7,insample,1994
cross,k_means,1516602964,20,2.80186e9,1.58102e10,25.1585807,25.4344021,SqEuclidean,extreme,2911,1.2004402490158e7,insample,1998
cross,k_means,1516602964,20,2.80186e9,1.9622e10,25.5249501,27.6632256,SqEuclidean,extreme,3461,1.5839755991124e7,insample,2004
cross,k_means,1516602964,20,2.80186e9,1.4645e10,24.9229862,25.9481344,SqEuclidean,extreme,2628,1.0863373053962e7,insample,2008
cross,k_means,1516602964,20,2.80186e9,1.64446e10,24.7683377,25.0200234,SqEuclidean,extreme,3118,1.2667654313064998e7,insample,2011
cross,k_means,1516602964,20,2.80186e9,1.69689e10,24.7208104,25.4934756,SqEuclidean,extreme,3192,1.3143345665001001e7,insample,2012
cross,k_means,1516602964,20,2.80186e9,1.85259e10,24.4948576,24.6579641,SqEuclidean,extreme,3377,1.4725004242069002e7,insample,2016
cross,k_means,1886534858,20,2.80021e9,1.30789e11,3.412612,35.031807400000005,SqEuclidean,extreme,548,6.961597594665e6,initial,initial
cross,k_means,1886534858,20,2.80021e9,2.17969e10,24.7099016,26.2131133,SqEuclidean,extreme,4035,1.8012248696200006e7,insample,1982
cross,k_means,1886534858,20,2.80021e9,1.86573e10,24.4039702,24.74658,SqEuclidean,extreme,3397,1.4817282822231004e7,insample,1986
cross,k_means,1886534858,20,2.80021e9,1.55682e10,24.2407379,24.679052000000002,SqEuclidean,extreme,3025,1.1813808994584002e7,insample,1990
cross,k_means,1886534858,20,2.80021e9,2.13805e10,24.5251814,24.8033725,SqEuclidean,extreme,3737,1.7599576006309003e7,insample,1994
cross,k_means,1886534858,20,2.80021e9,1.67189e10,25.265959,23.436800700000003,SqEuclidean,extreme,3225,1.2913192189941e7,insample,1998
cross,k_means,1886534858,20,2.80021e9,2.08568e10,25.9415878,28.5077051,SqEuclidean,extreme,3846,1.7075626320917e7,insample,2004
cross,k_means,1886534858,20,2.80021e9,1.56091e10,24.8407824,25.754840499999997,SqEuclidean,extreme,2938,1.1827546581118e7,insample,2008
cross,k_means,1886534858,20,2.80021e9,1.73783e10,25.1974147,24.416492400000003,SqEuclidean,extreme,3431,1.3601540290576e7,insample,2011
cross,k_means,1886534858,20,2.80021e9,1.80888e10,25.1587242,25.2978229,SqEuclidean,extreme,3536,1.4263548149805998e7,insample,2012
cross,k_means,1886534858,20,2.80021e9,1.97448e10,24.7740462,23.696550900000002,SqEuclidean,extreme,3737,1.5944705092457999e7,insample,2016
cross,k_means,2317698438,20,2.80151e9,1.30802e11,3.1880877,34.403642399999995,SqEuclidean,extreme,548,6.961605179499e6,initial,initial
cross,k_means,2317698438,20,2.80151e9,2.16563e10,24.3409224,24.3188366,SqEuclidean,extreme,3903,1.7874701431761004e7,insample,1982
cross,k_means,2317698438,20,2.80151e9,1.84726e10,24.4181829,24.7962278,SqEuclidean,extreme,3201,1.4635984450477999e7,insample,1986
cross,k_means,2317698438,20,2.80151e9,1.55005e10,24.8493612,24.4523479,SqEuclidean,extreme,2898,1.1750170664374e7,insample,1990
cross,k_means,2317698438,20,2.80151e9,2.11996e10,24.1770021,25.424187200000002,SqEuclidean,extreme,3611,1.7422339273005e7,insample,1994
cross,k_means,2317698438,20,2.80151e9,1.65253e10,24.755229,25.0556818,SqEuclidean,extreme,2980,1.2723245505215e7,insample,1998
cross,k_means,2317698438,20,2.80151e9,2.07229e10,26.343308,27.1834692,SqEuclidean,extreme,3689,1.6944587776745e7,insample,2004
cross,k_means,2317698438,20,2.80151e9,1.54922e10,24.5503907,25.0420027,SqEuclidean,extreme,2787,1.1714116718665e7,insample,2008
cross,k_means,2317698438,20,2.80151e9,1.72427e10,25.5102353,25.5658204,SqEuclidean,extreme,3271,1.3468856889965001e7,insample,2011
cross,k_means,2317698438,20,2.80151e9,1.79172e10,25.9782938,24.812660700000002,SqEuclidean,extreme,3382,1.4095685081907999e7,insample,2012
cross,k_means,2317698438,20,2.80151e9,1.95685e10,24.2002327,24.3925671,SqEuclidean,extreme,3564,1.5771150152267e7,insample,2016
cross,k_means,2466700586,20,2.79616e9,1.30811e11,2.8521855,33.3433073,SqEuclidean,extreme,548,6.961616843950001e6,initial,initial
cross,k_means,2466700586,20,2.79616e9,2.17377e10,24.3549801,24.689456,SqEuclidean,extreme,4025,1.7949916177053995e7,insample,1982
cross,k_means,2466700586,20,2.79616e9,1.85962e10,24.117854,24.6800866,SqEuclidean,extreme,3322,1.4753404907169e7,insample,1986
cross,k_means,2466700586,20,2.79616e9,1.55071e10,24.8121663,25.4727988,SqEuclidean,extreme,2964,1.1750504893038e7,insample,1990
cross,k_means,2466700586,20,2.79616e9,2.12785e10,25.0849283,24.0180763,SqEuclidean,extreme,3678,1.7494967170978002e7,insample,1994
cross,k_means,2466700586,20,2.79616e9,1.66189e10,24.5794697,24.7063336,SqEuclidean,extreme,3103,1.2810486743238997e7,insample,1998
cross,k_means,2466700586,20,2.79616e9,2.0796e10,26.836239,27.9782832,SqEuclidean,extreme,3809,1.701171815317e7,insample,2004
cross,k_means,2466700586,20,2.79616e9,1.55301e10,24.2545999,25.4182713,SqEuclidean,extreme,2872,1.1746019540631998e7,insample,2008
cross,k_means,2466700586,20,2.79616e9,1.73267e10,25.1322154,24.9174123,SqEuclidean,extreme,3392,1.3546916525571e7,insample,2011
cross,k_means,2466700586,20,2.79616e9,1.80243e10,24.6527116,25.6599108,SqEuclidean,extreme,3494,1.4196266754559e7,insample,2012
cross,k_means,2466700586,20,2.79616e9,1.9655e10,24.129547,23.8621603,SqEuclidean,extreme,3677,1.5851506481790999e7,insample,2016
cross,k_means,2692059346,20,2.80623e9,1.3077e11,3.0026549,33.7034692,SqEuclidean,extreme,532,6.961394954705e6,initial,initial
cross,k_means,2692059346,20,2.80623e9,2.14123e10,24.3406186,24.2011252,SqEuclidean,extreme,3940,1.7626745267902e7,insample,1982
cross,k_means,2692059346,20,2.80623e9,1.82945e10,24.3903672,25.4453258,SqEuclidean,extreme,3235,1.4454582250119999e7,insample,1986
cross,k_means,2692059346,20,2.80623e9,1.5266e10,24.48723,26.2582487,SqEuclidean,extreme,2928,1.1511915350539003e7,insample,1990
cross,k_means,2692059346,20,2.80623e9,2.09315e10,24.1924493,25.8566838,SqEuclidean,extreme,3639,1.7149885462949e7,insample,1994
cross,k_means,2692059346,20,2.80623e9,1.63382e10,24.5609053,24.6703053,SqEuclidean,extreme,3032,1.2532701881255e7,insample,1998
cross,k_means,2692059346,20,2.80623e9,2.04235e10,29.8819741,34.7662455,SqEuclidean,extreme,3694,1.6641969903202996e7,insample,2004
cross,k_means,2692059346,20,2.80623e9,1.52298e10,24.2883702,24.1202942,SqEuclidean,extreme,2810,1.1447827070094e7,insample,2008
cross,k_means,2692059346,20,2.80623e9,1.70593e10,24.5442327,24.077190499999997,SqEuclidean,extreme,3316,1.3282206891068e7,insample,2011
cross,k_means,2692059346,20,2.80623e9,1.76726e10,25.1821993,24.9509865,SqEuclidean,extreme,3404,1.3847194005484998e7,insample,2012
cross,k_means,2692059346,20,2.80623e9,1.92595e10,24.4886549,25.603378,SqEuclidean,extreme,3543,1.5458406179897e7,insample,2016
cross,k_means,3032526906,20,2.79987e9,1.30805e11,3.1550411,34.4445591,SqEuclidean,extreme,539,6.961575960376e6,initial,initial
cross,k_means,3032526906,20,2.79987e9,2.13621e10,25.8119074,25.2140822,SqEuclidean,extreme,3873,1.7579218033534996e7,insample,1982
cross,k_means,3032526906,20,2.79987e9,1.8294e10,24.5876539,25.9753334,SqEuclidean,extreme,3203,1.4456648096134998e7,insample,1986
cross,k_means,3032526906,20,2.79987e9,1.51519e10,24.5185329,27.5271993,SqEuclidean,extreme,2842,1.1400557076763e7,insample,1990
cross,k_means,3032526906,20,2.79987e9,2.0986e10,24.8345196,23.501216200000002,SqEuclidean,extreme,3578,1.7207795669849e7,insample,1994
cross,k_means,3032526906,20,2.79987e9,1.6323e10,25.2279903,23.7252182,SqEuclidean,extreme,2991,1.2520244342521e7,insample,1998
cross,k_means,3032526906,20,2.79987e9,2.03953e10,30.92099,34.1068684,SqEuclidean,extreme,3670,1.6615894370431002e7,insample,2004
cross,k_means,3032526906,20,2.79987e9,1.52423e10,24.7475119,24.953784000000002,SqEuclidean,extreme,2754,1.1463220750449e7,insample,2008
cross,k_means,3032526906,20,2.79987e9,1.6965e10,24.9708781,25.4121502,SqEuclidean,extreme,3232,1.3190377462722e7,insample,2011
cross,k_means,3032526906,20,2.79987e9,1.76555e10,24.4950407,23.7142476,SqEuclidean,extreme,3380,1.3833067793138e7,insample,2012
cross,k_means,3032526906,20,2.79987e9,1.92947e10,24.064577,25.9577783,SqEuclidean,extreme,3529,1.5496394290992e7,insample,2016
cross,k_means,3214418042,20,2.80114e9,1.30789e11,3.0434193,33.5796122,SqEuclidean,extreme,534,6.961608401669e6,initial,initial
cross,k_means,3214418042,20,2.80114e9,2.21489e10,24.4008448,24.323662900000002,SqEuclidean,extreme,4034,1.8369247505110003e7,insample,1982
cross,k_means,3214418042,20,2.80114e9,1.8915e10,24.8290316,25.4893463,SqEuclidean,extreme,3361,1.5079904403195001e7,insample,1986
cross,k_means,3214418042,20,2.80114e9,1.59197e10,23.8584529,26.4321399,SqEuclidean,extreme,3062,1.2170498138314001e7,insample,1990
cross,k_means,3214418042,20,2.80114e9,2.16878e10,24.8054733,24.5209592,SqEuclidean,extreme,3765,1.7912142703918e7,insample,1994
cross,k_means,3214418042,20,2.80114e9,1.6955e10,24.6358742,24.981458,SqEuclidean,extreme,3168,1.3154260226439e7,insample,1998
cross,k_means,3214418042,20,2.80114e9,2.1287e10,31.8621224,37.8916343,SqEuclidean,extreme,3850,1.7510532353362e7,insample,2004
cross,k_means,3214418042,20,2.80114e9,1.59361e10,25.583584,24.2224858,SqEuclidean,extreme,2947,1.2159320232322e7,insample,2008
cross,k_means,3214418042,20,2.80114e9,1.76727e10,24.9686086,24.7482242,SqEuclidean,extreme,3472,1.3900611275259e7,insample,2011
cross,k_means,3214418042,20,2.80114e9,1.84436e10,24.523367,24.3109578,SqEuclidean,extreme,3570,1.4623792520937998e7,insample,2012
cross,k_means,3214418042,20,2.80114e9,2.01305e10,25.210701,25.6693344,SqEuclidean,extreme,3751,1.633521251251e7,insample,2016
cross,k_means,3217763985,20,2.80143e9,1.30814e11,3.1639041,34.0977564,SqEuclidean,extreme,548,6.961585197202e6,initial,initial
cross,k_means,3217763985,20,2.80143e9,2.15089e10,24.829478,23.2773603,SqEuclidean,extreme,3916,1.7726250689218e7,insample,1982
cross,k_means,3217763985,20,2.80143e9,1.83848e10,24.3536196,24.9767778,SqEuclidean,extreme,3211,1.4547048050681999e7,insample,1986
cross,k_means,3217763985,20,2.80143e9,1.53266e10,25.1176899,23.7710555,SqEuclidean,extreme,2922,1.1574888420789e7,insample,1990
cross,k_means,3217763985,20,2.80143e9,2.10679e10,24.3195558,26.283836400000002,SqEuclidean,extreme,3576,1.7289607621023998e7,insample,1994
cross,k_means,3217763985,20,2.80143e9,1.6434e10,24.2474797,23.4773174,SqEuclidean,extreme,3001,1.2630608610769e7,insample,1998
cross,k_means,3217763985,20,2.80143e9,2.05493e10,32.0005159,37.7750714,SqEuclidean,extreme,3679,1.6769456951126002e7,insample,2004
cross,k_means,3217763985,20,2.80143e9,1.53477e10,24.5343208,25.2677377,SqEuclidean,extreme,2764,1.1568449871851001e7,insample,2008
cross,k_means,3217763985,20,2.80143e9,1.71157e10,24.7167361,24.195296000000003,SqEuclidean,extreme,3248,1.3340667082836002e7,insample,2011
cross,k_means,3217763985,20,2.80143e9,1.77838e10,24.3055666,26.7910082,SqEuclidean,extreme,3403,1.3960831772282999e7,insample,2012
cross,k_means,3217763985,20,2.80143e9,1.94202e10,24.270496,25.2744502,SqEuclidean,extreme,3553,1.5621689224263001e7,insample,2016
cross,k_means,3272403283,20,2.79715e9,1.30826e11,3.0556337,33.7792283,SqEuclidean,extreme,533,6.961602366631e6,initial,initial
cross,k_means,3272403283,20,2.79715e9,2.11933e10,25.3959992,25.3689297,SqEuclidean,extreme,3747,1.7411943939983003e7,insample,1982
cross,k_means,3272403283,20,2.79715e9,1.80787e10,25.643436,24.1293006,SqEuclidean,extreme,3069,1.4243264189034e7,insample,1986
cross,k_means,3272403283,20,2.79715e9,1.50743e10,24.6047055,25.8631169,SqEuclidean,extreme,2752,1.1325469458831e7,insample,1990
cross,k_means,3272403283,20,2.79715e9,2.0721e10,24.4602834,24.804323099999998,SqEuclidean,extreme,3430,1.6944985300553e7,insample,1994
cross,k_means,3272403283,20,2.79715e9,1.61171e10,24.3528125,25.782508200000002,SqEuclidean,extreme,2830,1.2316614403401999e7,insample,1998
cross,k_means,3272403283,20,2.79715e9,2.02172e10,31.9036722,37.4200958,SqEuclidean,extreme,3510,1.6439142266343e7,insample,2004
cross,k_means,3272403283,20,2.79715e9,1.50693e10,24.4623062,25.527528699999998,SqEuclidean,extreme,2657,1.1292553113752998e7,insample,2008
cross,k_means,3272403283,20,2.79715e9,1.68333e10,24.9110891,23.7194355,SqEuclidean,extreme,3098,1.3060616088731002e7,insample,2011
cross,k_means,3272403283,20,2.79715e9,1.74434e10,24.1558613,26.3421728,SqEuclidean,extreme,3219,1.36230343346e7,insample,2012
cross,k_means,3272403283,20,2.79715e9,1.90572e10,24.8411672,25.793188999999998,SqEuclidean,extreme,3400,1.5260400405053e7,insample,2016
cross,k_means,408956147,20,2.80193e9,1.30791e11,3.1436664,34.2921433,SqEuclidean,extreme,539,6.961497011034e6,initial,initial
cross,k_means,408956147,20,2.80193e9,2.15427e10,24.3319374,25.1978195,SqEuclidean,extreme,3916,1.7759221255052004e7,insample,1982
cross,k_means,408956147,20,2.80193e9,1.83931e10,23.9698085,25.9098312,SqEuclidean,extreme,3192,1.4554714361071e7,insample,1986
cross,k_means,408956147,20,2.80193e9,1.53914e10,24.2470341,24.7086604,SqEuclidean,extreme,2922,1.1639143829509998e7,insample,1990
cross,k_means,408956147,20,2.80193e9,2.10819e10,24.4756909,25.3098479,SqEuclidean,extreme,3598,1.7302530878407e7,insample,1994
cross,k_means,408956147,20,2.80193e9,1.64497e10,25.0127464,25.1927908,SqEuclidean,extreme,2991,1.2645674380246e7,insample,1998
cross,k_means,408956147,20,2.80193e9,2.05816e10,30.0195701,35.235153,SqEuclidean,extreme,3699,1.6801442492910996e7,insample,2004
cross,k_means,408956147,20,2.80193e9,1.53764e10,24.4098834,26.650615600000002,SqEuclidean,extreme,2779,1.1596236931537e7,insample,2008
cross,k_means,408956147,20,2.80193e9,1.71566e10,24.9106836,24.6013174,SqEuclidean,extreme,3285,1.3381144654879998e7,insample,2011
cross,k_means,408956147,20,2.80193e9,1.78039e10,25.3611576,24.9373476,SqEuclidean,extreme,3424,1.3980349726406999e7,insample,2012
cross,k_means,408956147,20,2.80193e9,1.9433e10,25.68539,24.4794235,SqEuclidean,extreme,3547,1.5633925957452998e7,insample,2016
cross,k_means,123456789,50,2.34846e9,5.46329e10,9.3808091,37.0327626,SqEuclidean,extreme,501,6.993142021172e6,initial,initial
cross,k_means,123456789,50,2.34846e9,2.02267e10,24.9149187,25.0304571,SqEuclidean,extreme,3438,1.6435442299869997e7,insample,1982
cross,k_means,123456789,50,2.34846e9,1.90702e10,24.9216993,25.220409,SqEuclidean,extreme,3201,1.5235895957957e7,insample,1986
cross,k_means,123456789,50,2.34846e9,1.4289e10,24.6609248,24.8317859,SqEuclidean,extreme,2553,1.0536049764188001e7,insample,1990
cross,k_means,123456789,50,2.34846e9,2.02398e10,24.2329355,25.737237099999998,SqEuclidean,extreme,3374,1.645946638245e7,insample,1994
cross,k_means,123456789,50,2.34846e9,1.47834e10,24.7629871,23.527948100000003,SqEuclidean,extreme,2781,1.0976386249685e7,insample,1998
cross,k_means,123456789,50,2.34846e9,1.90475e10,31.1429426,33.5883991,SqEuclidean,extreme,3443,1.5262228288205002e7,insample,2004
cross,k_means,123456789,50,2.34846e9,1.46657e10,24.1267228,25.8015532,SqEuclidean,extreme,2382,1.0882715468508e7,insample,2008
cross,k_means,123456789,50,2.34846e9,1.76253e10,25.0072285,24.1410079,SqEuclidean,extreme,3206,1.3850951844568001e7,insample,2011
cross,k_means,123456789,50,2.34846e9,1.64854e10,24.4054557,25.758087500000002,SqEuclidean,extreme,3068,1.2658242134794e7,insample,2012
cross,k_means,123456789,50,2.34846e9,1.79595e10,24.7694751,25.3090875,SqEuclidean,extreme,3178,1.4158326243601e7,insample,2016
cross,k_means,1286268702,50,2.35319e9,5.46104e10,9.5966801,38.2015023,SqEuclidean,extreme,502,6.993040950650998e6,initial,initial
cross,k_means,1286268702,50,2.35319e9,1.89717e10,24.6460481,23.438207700000003,SqEuclidean,extreme,3238,1.5179113237884998e7,insample,1982
cross,k_means,1286268702,50,2.35319e9,1.81615e10,24.1110778,24.8040617,SqEuclidean,extreme,3034,1.4326276626773e7,insample,1986
cross,k_means,1286268702,50,2.35319e9,1.32892e10,24.1003168,27.079743899999997,SqEuclidean,extreme,2389,9.535192842604e6,insample,1990
cross,k_means,1286268702,50,2.35319e9,1.90488e10,24.5445097,23.6747123,SqEuclidean,extreme,3161,1.5267335714606002e7,insample,1994
cross,k_means,1286268702,50,2.35319e9,1.38754e10,24.6850311,24.1040242,SqEuclidean,extreme,2620,1.0067700680488e7,insample,1998
cross,k_means,1286268702,50,2.35319e9,1.78075e10,30.8932509,34.7021829,SqEuclidean,extreme,3180,1.402081557184e7,insample,2004
cross,k_means,1286268702,50,2.35319e9,1.37534e10,24.9259283,25.2039346,SqEuclidean,extreme,2213,9.969646026836999e6,insample,2008
cross,k_means,1286268702,50,2.35319e9,1.66625e10,24.8158836,25.391871100000003,SqEuclidean,extreme,3040,1.2886954438415002e7,insample,2011
cross,k_means,1286268702,50,2.35319e9,1.5373e10,24.5861122,25.2489116,SqEuclidean,extreme,2839,1.1544475739273999e7,insample,2012
cross,k_means,1286268702,50,2.35319e9,1.66523e10,24.9606906,24.4744272,SqEuclidean,extreme,2976,1.2849819110498e7,insample,2016
cross,k_means,1308502331,50,2.35019e9,5.4609e10,9.9602041,35.8344437,SqEuclidean,extreme,508,6.993164881174999e6,initial,initial
cross,k_means,1308502331,50,2.35019e9,2.16846e10,24.2605442,24.680913200000003,SqEuclidean,extreme,3683,1.7903190171054e7,insample,1982
cross,k_means,1308502331,50,2.35019e9,2.01021e10,24.3842207,25.226548899999997,SqEuclidean,extreme,3370,1.6276247604794e7,insample,1986
cross,k_means,1308502331,50,2.35019e9,1.55007e10,23.9526117,25.9064786,SqEuclidean,extreme,2795,1.1756307120067999e7,insample,1990
cross,k_means,1308502331,50,2.35019e9,2.16854e10,24.3675337,25.5889106,SqEuclidean,extreme,3582,1.7914668612946e7,insample,1994
cross,k_means,1308502331,50,2.35019e9,1.58949e10,24.488218,24.6099807,SqEuclidean,extreme,2961,1.2096034942043e7,insample,1998
cross,k_means,1308502331,50,2.35019e9,2.05143e10,31.5765188,34.8315615,SqEuclidean,extreme,3720,1.6737135736153e7,insample,2004
cross,k_means,1308502331,50,2.35019e9,1.58815e10,24.0513693,25.3092572,SqEuclidean,extreme,2650,1.2106790821798999e7,insample,2008
cross,k_means,1308502331,50,2.35019e9,1.87389e10,24.6228452,25.5519006,SqEuclidean,extreme,3363,1.4972656188309997e7,insample,2011
cross,k_means,1308502331,50,2.35019e9,1.7802e10,24.6547393,23.5190554,SqEuclidean,extreme,3267,1.3983267190931998e7,insample,2012
cross,k_means,1308502331,50,2.35019e9,1.94939e10,24.0464753,24.617908099999998,SqEuclidean,extreme,3480,1.5701967352887e7,insample,2016
cross,k_means,1573928461,50,2.34714e9,5.46064e10,10.9988446,36.3713315,SqEuclidean,extreme,509,6.993391032573999e6,initial,initial
cross,k_means,1573928461,50,2.34714e9,2.15581e10,24.8288397,25.3604515,SqEuclidean,extreme,3603,1.777242681461e7,insample,1982
cross,k_means,1573928461,50,2.34714e9,2.00024e10,24.0312681,24.633745,SqEuclidean,extreme,3260,1.6172704952086e7,insample,1986
cross,k_means,1573928461,50,2.34714e9,1.54038e10,23.9778075,24.7635101,SqEuclidean,extreme,2726,1.1655614291234e7,insample,1990
cross,k_means,1573928461,50,2.34714e9,2.16634e10,23.9389352,25.3808945,SqEuclidean,extreme,3520,1.7888726785974e7,insample,1994
cross,k_means,1573928461,50,2.34714e9,1.58329e10,23.9877484,24.631279499999998,SqEuclidean,extreme,2854,1.2030730989152e7,insample,1998
cross,k_means,1573928461,50,2.34714e9,2.03621e10,30.6271461,36.0913152,SqEuclidean,extreme,3611,1.6581659074968e7,insample,2004
cross,k_means,1573928461,50,2.34714e9,1.58199e10,24.0423247,23.941002100000002,SqEuclidean,extreme,2577,1.2041788635903e7,insample,2008
cross,k_means,1573928461,50,2.34714e9,1.86354e10,24.0081701,24.263195999999997,SqEuclidean,extreme,3370,1.4865247173745003e7,insample,2011
cross,k_means,1573928461,50,2.34714e9,1.76526e10,24.5284745,24.066232,SqEuclidean,extreme,3161,1.3830231643297998e7,insample,2012
cross,k_means,1573928461,50,2.34714e9,1.93794e10,24.1667571,24.4308879,SqEuclidean,extreme,3347,1.5583677098937001e7,insample,2016
cross,k_means,1991051616,50,2.35173e9,5.46126e10,9.2718714,35.308515899999996,SqEuclidean,extreme,502,6.993140751196e6,initial,initial
cross,k_means,1991051616,50,2.35173e9,2.11609e10,25.1610114,25.5859631,SqEuclidean,extreme,3664,1.7373932083276e7,insample,1982
cross,k_means,1991051616,50,2.35173e9,1.97451e10,24.4518946,25.0766685,SqEuclidean,extreme,3344,1.5914346704978e7,insample,1986
cross,k_means,1991051616,50,2.35173e9,1.50531e10,24.0389367,24.1127419,SqEuclidean,extreme,2735,1.1303772535893e7,insample,1990
cross,k_means,1991051616,50,2.35173e9,2.12442e10,24.5023972,24.9577743,SqEuclidean,extreme,3581,1.7468505210448e7,insample,1994
cross,k_means,1991051616,50,2.35173e9,1.55326e10,24.607973,24.7547278,SqEuclidean,extreme,2922,1.1729393875720998e7,insample,1998
cross,k_means,1991051616,50,2.35173e9,1.99659e10,31.486444,35.5080491,SqEuclidean,extreme,3656,1.6184494261726e7,insample,2004
cross,k_means,1991051616,50,2.35173e9,1.54546e10,24.2553639,25.625485299999998,SqEuclidean,extreme,2614,1.1675394755378999e7,insample,2008
cross,k_means,1991051616,50,2.35173e9,1.83353e10,24.5915863,24.1253994,SqEuclidean,extreme,3398,1.4564002006908001e7,insample,2011
cross,k_means,1991051616,50,2.35173e9,1.73136e10,24.2663839,27.0201964,SqEuclidean,extreme,3262,1.3490082349273998e7,insample,2012
cross,k_means,1991051616,50,2.35173e9,1.89519e10,23.9486406,26.6678865,SqEuclidean,extreme,3453,1.515504786279e7,insample,2016
cross,k_means,2678701235,50,2.3433e9,5.46162e10,8.9114284,35.936463,SqEuclidean,extreme,508,6.994551270518999e6,initial,initial
cross,k_means,2678701235,50,2.3433e9,2.21801e10,24.1810426,24.706331199999997,SqEuclidean,extreme,3851,1.8389871413247e7,insample,1982
cross,k_means,2678701235,50,2.3433e9,2.03391e10,24.8161307,25.818713600000002,SqEuclidean,extreme,3495,1.6504324175902002e7,insample,1986
cross,k_means,2678701235,50,2.3433e9,1.59259e10,24.4234281,24.700572599999997,SqEuclidean,extreme,2936,1.2173106441287e7,insample,1990
cross,k_means,2678701235,50,2.3433e9,2.21417e10,24.612786,24.2558081,SqEuclidean,extreme,3737,1.8361867795915e7,insample,1994
cross,k_means,2678701235,50,2.3433e9,1.62658e10,23.9672887,25.124394900000002,SqEuclidean,extreme,3094,1.2458788110922001e7,insample,1998
cross,k_means,2678701235,50,2.3433e9,2.11458e10,31.8584159,34.429321900000005,SqEuclidean,extreme,3927,1.7361067429431e7,insample,2004
cross,k_means,2678701235,50,2.3433e9,1.6297e10,24.8683526,25.393440599999998,SqEuclidean,extreme,2807,1.2513992449070003e7,insample,2008
cross,k_means,2678701235,50,2.3433e9,1.90952e10,24.9970125,23.9157412,SqEuclidean,extreme,3539,1.5320383715396998e7,insample,2011
cross,k_means,2678701235,50,2.3433e9,1.82381e10,24.5187878,25.4308334,SqEuclidean,extreme,3438,1.4410959471361e7,insample,2012
cross,k_means,2678701235,50,2.3433e9,1.99408e10,24.0674271,24.3118222,SqEuclidean,extreme,3656,1.613960288186e7,insample,2016
cross,k_means,3861234567,50,2.348e9,5.46176e10,10.5976943,36.1862862,SqEuclidean,extreme,508,6.993330688617998e6,initial,initial
cross,k_means,3861234567,50,2.348e9,2.13879e10,24.9156174,23.7552425,SqEuclidean,extreme,3747,1.7596629076435998e7,insample,1982
cross,k_means,3861234567,50,2.348e9,1.99446e10,27.9844728,24.1188171,SqEuclidean,extreme,3415,1.6109718457325e7,insample,1986
cross,k_means,3861234567,50,2.348e9,1.52136e10,24.5792334,25.4546515,SqEuclidean,extreme,2780,1.1459970654822e7,insample,1990
cross,k_means,3861234567,50,2.348e9,2.14478e10,24.5673542,25.230055800000002,SqEuclidean,extreme,3643,1.7667784075308e7,insample,1994
cross,k_means,3861234567,50,2.348e9,1.57077e10,24.6720911,24.0466774,SqEuclidean,extreme,2998,1.1900530772183001e7,insample,1998
cross,k_means,3861234567,50,2.348e9,2.01924e10,30.863612,35.7293264,SqEuclidean,extreme,3733,1.6407446728893999e7,insample,2004
cross,k_means,3861234567,50,2.348e9,1.56229e10,24.1423013,26.7246712,SqEuclidean,extreme,2634,1.1839748076992e7,insample,2008
cross,k_means,3861234567,50,2.348e9,1.85314e10,26.1606052,25.1697594,SqEuclidean,extreme,3462,1.4755740405053e7,insample,2011
cross,k_means,3861234567,50,2.348e9,1.75352e10,25.2740284,24.8870022,SqEuclidean,extreme,3314,1.3707764263991999e7,insample,2012
cross,k_means,3861234567,50,2.348e9,1.91836e10,24.6514741,25.851134899999998,SqEuclidean,extreme,3519,1.5382894643933e7,insample,2016
cross,k_means,477073181,50,2.34639e9,5.4606e10,10.2497552,37.0807618,SqEuclidean,extreme,506,6.993401487302999e6,initial,initial
cross,k_means,477073181,50,2.34639e9,2.27544e10,24.7486821,24.8083255,SqEuclidean,extreme,3845,1.8970812502935e7,insample,1982
cross,k_means,477073181,50,2.34639e9,2.09581e10,24.2289397,26.7173254,SqEuclidean,extreme,3487,1.7129615828502e7,insample,1986
cross,k_means,477073181,50,2.34639e9,1.64518e10,23.5780094,23.9095841,SqEuclidean,extreme,2959,1.2704946796967e7,insample,1990
cross,k_means,477073181,50,2.34639e9,2.28309e10,24.2347237,25.1280402,SqEuclidean,extreme,3739,1.9058282111765e7,insample,1994
cross,k_means,477073181,50,2.34639e9,1.67863e10,24.2137344,25.1180304,SqEuclidean,extreme,3083,1.2985202185147e7,insample,1998
cross,k_means,477073181,50,2.34639e9,2.16879e10,30.430037,35.190793,SqEuclidean,extreme,3914,1.7909692647673e7,insample,2004
cross,k_means,477073181,50,2.34639e9,1.68573e10,24.2802256,25.0801266,SqEuclidean,extreme,2825,1.3080627450814e7,insample,2008
cross,k_means,477073181,50,2.34639e9,1.96466e10,24.2253204,25.72963,SqEuclidean,extreme,3566,1.5877648797387e7,insample,2011
cross,k_means,477073181,50,2.34639e9,1.88347e10,24.08726,24.4539755,SqEuclidean,extreme,3443,1.5014084384879002e7,insample,2012
cross,k_means,477073181,50,2.34639e9,2.07027e10,24.5177058,26.133452899999998,SqEuclidean,extreme,3713,1.6909226249898e7,insample,2016
cross,k_means,876543210,50,2.34407e9,5.46161e10,9.5651407,36.7069506,SqEuclidean,extreme,497,6.993371777819e6,initial,initial
cross,k_means,876543210,50,2.34407e9,2.21361e10,25.0687999,23.5194999,SqEuclidean,extreme,3793,1.8347660071479e7,insample,1982
cross,k_means,876543210,50,2.34407e9,2.04474e10,24.5095756,25.599624000000002,SqEuclidean,extreme,3444,1.6615202880158996e7,insample,1986
cross,k_means,876543210,50,2.34407e9,1.58953e10,25.0971861,25.0403446,SqEuclidean,extreme,2894,1.2144408036021002e7,insample,1990
cross,k_means,876543210,50,2.34407e9,2.21767e10,24.6974443,25.2150261,SqEuclidean,extreme,3713,1.8399175907397002e7,insample,1994
cross,k_means,876543210,50,2.34407e9,1.62589e10,24.3058131,26.5457124,SqEuclidean,extreme,3012,1.2454160268252999e7,insample,1998
cross,k_means,876543210,50,2.34407e9,2.09836e10,31.0709172,35.225359600000004,SqEuclidean,extreme,3803,1.7201199124578997e7,insample,2004
cross,k_means,876543210,50,2.34407e9,1.62709e10,24.9711993,25.5380575,SqEuclidean,extreme,2729,1.2490243940335002e7,insample,2008
cross,k_means,876543210,50,2.34407e9,1.9118e10,25.229645,24.218771099999998,SqEuclidean,extreme,3471,1.5345289787255e7,insample,2011
cross,k_means,876543210,50,2.34407e9,1.82184e10,24.0239003,27.2823883,SqEuclidean,extreme,3380,1.4393828628397e7,insample,2012
cross,k_means,876543210,50,2.34407e9,1.99744e10,24.4848991,24.8577394,SqEuclidean,extreme,3582,1.6176301270942e7,insample,2016
cross,k_means,987654321,50,2.34629e9,5.46124e10,8.9972264,35.6610836,SqEuclidean,extreme,504,6.993325150601e6,initial,initial
cross,k_means,987654321,50,2.34629e9,2.20421e10,23.6777413,25.5112083,SqEuclidean,extreme,3848,1.825711501647e7,insample,1982
cross,k_means,987654321,50,2.34629e9,2.03911e10,24.807833,24.6419479,SqEuclidean,extreme,3436,1.6561566303262003e7,insample,1986
cross,k_means,987654321,50,2.34629e9,1.57441e10,24.6554431,25.118743900000002,SqEuclidean,extreme,2847,1.1996040989958e7,insample,1990
cross,k_means,987654321,50,2.34629e9,2.19984e10,24.5635053,24.8345815,SqEuclidean,extreme,3649,1.8224213953833e7,insample,1994
cross,k_means,987654321,50,2.34629e9,1.61656e10,24.0955966,24.4151752,SqEuclidean,extreme,3023,1.2363156978616e7,insample,1998
cross,k_means,987654321,50,2.34629e9,2.08509e10,30.0970114,34.773942899999994,SqEuclidean,extreme,3754,1.7070742069625e7,insample,2004
cross,k_means,987654321,50,2.34629e9,1.61553e10,25.1868899,25.2415146,SqEuclidean,extreme,2716,1.2377189865766998e7,insample,2008
cross,k_means,987654321,50,2.34629e9,1.90051e10,24.2872422,23.403184000000003,SqEuclidean,extreme,3440,1.5235338719002001e7,insample,2011
cross,k_means,987654321,50,2.34629e9,1.81408e10,23.8177468,25.1025116,SqEuclidean,extreme,3381,1.4318884833075e7,insample,2012
cross,k_means,987654321,50,2.34629e9,1.98556e10,24.1535048,23.4857567,SqEuclidean,extreme,3580,1.6060478126560995e7,insample,2016
