rp,clustering,seed,num_periods,investment_cost,operational_cost,runtime,process_time,distance,data,loss_ct,loss,type,year
per,conical_bounded,1,100,4.20725e9,6.73628e11,24.2561274,74.1103053,SqEuclidean,blended,3662,3.9353977020043e7,initial,initial
per,conical_bounded,1,100,4.20725e9,5.13669e9,40.0159748,37.1015933,SqEuclidean,blended,313,1.3935436303399997e6,insample,1982
per,conical_bounded,1,100,4.20725e9,5.63736e9,31.0846421,33.5250839,SqEuclidean,blended,251,1.846130213505e6,insample,1986
per,conical_bounded,1,100,4.20725e9,4.14774e9,34.1565435,30.8172934,SqEuclidean,blended,138,448610.02520199993,insample,1990
per,conical_bounded,1,100,4.20725e9,5.48319e9,41.5550598,42.8845887,SqEuclidean,blended,263,1.7454725146519998e6,insample,1994
per,conical_bounded,1,100,4.20725e9,4.56301e9,69.5971128,81.3511597,SqEuclidean,blended,165,805157.2813210001,insample,1998
per,conical_bounded,1,100,4.20725e9,4.50226e9,28.8451686,28.4951098,SqEuclidean,blended,197,752381.2926,insample,2004
per,conical_bounded,1,100,4.20725e9,4.59625e9,32.9941509,34.4371414,SqEuclidean,blended,160,859327.1316460002,insample,2008
per,conical_bounded,1,100,4.20725e9,4.81187e9,32.4257729,30.3690169,SqEuclidean,blended,240,1.0907468705809996e6,insample,2011
per,conical_bounded,1,100,4.20725e9,4.2598e9,31.3510118,32.287465600000004,SqEuclidean,blended,126,473007.9229860001,insample,2012
per,conical_bounded,1,100,4.20725e9,4.64683e9,31.2712093,34.3091281,SqEuclidean,blended,165,887293.513017,insample,2016
per,conical_bounded,1,20,4.20689e9,7.67545e11,3.3449683,74.53686429999999,SqEuclidean,blended,3543,3.9133424357154995e7,initial,initial
per,conical_bounded,1,20,4.20689e9,5.14116e9,36.8940218,37.4539072,SqEuclidean,blended,317,1.396732785743e6,insample,1982
per,conical_bounded,1,20,4.20689e9,5.65082e9,38.4330238,40.9361898,SqEuclidean,blended,261,1.858239846243e6,insample,1986
per,conical_bounded,1,20,4.20689e9,4.15273e9,36.8663531,40.2854832,SqEuclidean,blended,139,452461.798239,insample,1990
per,conical_bounded,1,20,4.20689e9,5.49523e9,35.9155747,34.942632700000004,SqEuclidean,blended,272,1.7562156646529995e6,insample,1994
per,conical_bounded,1,20,4.20689e9,4.57615e9,38.3105876,37.9744186,SqEuclidean,blended,171,817057.610574,insample,1998
per,conical_bounded,1,20,4.20689e9,4.52506e9,36.4771706,39.1793431,SqEuclidean,blended,206,774025.6188690001,insample,2004
per,conical_bounded,1,20,4.20689e9,4.60121e9,36.3873195,36.3492897,SqEuclidean,blended,164,863014.0333640001,insample,2008
per,conical_bounded,1,20,4.20689e9,4.82289e9,37.0748863,36.732658,SqEuclidean,blended,243,1.1004137816809998e6,insample,2011
per,conical_bounded,1,20,4.20689e9,4.2678e9,37.175503,37.9087511,SqEuclidean,blended,126,479637.941027,insample,2012
per,conical_bounded,1,20,4.20689e9,4.65434e9,34.8638791,31.8488083,SqEuclidean,blended,168,893521.686744,insample,2016
per,conical_bounded,1,200,4.0997e9,6.43641e11,66.6134043,84.4373336,SqEuclidean,blended,3718,3.954019888660199e7,initial,initial
per,conical_bounded,1,200,4.0997e9,5.15786e9,32.5800042,30.1984164,SqEuclidean,blended,367,1.416583562685999e6,insample,1982
per,conical_bounded,1,200,4.0997e9,5.6378e9,32.4959476,32.6576723,SqEuclidean,blended,263,1.848310760748e6,insample,1986
per,conical_bounded,1,200,4.0997e9,4.13825e9,37.9858619,30.3147059,SqEuclidean,blended,158,440709.600926,insample,1990
per,conical_bounded,1,200,4.0997e9,5.43911e9,42.5948439,42.4442418,SqEuclidean,blended,270,1.7032181585409995e6,insample,1994
per,conical_bounded,1,200,4.0997e9,4.52363e9,65.7314845,82.7641873,SqEuclidean,blended,182,767281.552385,insample,1998
per,conical_bounded,1,200,4.0997e9,4.45385e9,29.9276515,28.1512329,SqEuclidean,blended,194,705652.1044069999,insample,2004
per,conical_bounded,1,200,4.0997e9,4.56069e9,34.2369159,33.2786607,SqEuclidean,blended,175,825237.672372,insample,2008
per,conical_bounded,1,200,4.0997e9,4.7842e9,32.310939,31.2233932,SqEuclidean,blended,256,1.0647436552299997e6,insample,2011
per,conical_bounded,1,200,4.0997e9,4.24439e9,33.2469519,30.040688099999997,SqEuclidean,blended,141,459439.198343,insample,2012
per,conical_bounded,1,200,4.0997e9,4.59658e9,32.6282202,32.8861251,SqEuclidean,blended,164,838968.980981,insample,2016
per,conical_bounded,1,50,4.11647e9,5.96845e11,12.7527223,91.2506249,SqEuclidean,blended,3649,3.932257211867499e7,initial,initial
per,conical_bounded,1,50,4.11647e9,5.13922e9,37.5756897,36.5063958,SqEuclidean,blended,328,1.3963999909779998e6,insample,1982
per,conical_bounded,1,50,4.11647e9,5.63253e9,36.1975571,37.5966484,SqEuclidean,blended,244,1.841607760629e6,insample,1986
per,conical_bounded,1,50,4.11647e9,4.1415e9,35.4452982,33.679344699999994,SqEuclidean,blended,143,442615.412929,insample,1990
per,conical_bounded,1,50,4.11647e9,5.47432e9,38.4620581,35.9622612,SqEuclidean,blended,262,1.736877336262e6,insample,1994
per,conical_bounded,1,50,4.11647e9,4.54751e9,36.4291675,36.6163491,SqEuclidean,blended,169,789891.8391230002,insample,1998
per,conical_bounded,1,50,4.11647e9,4.46262e9,36.3533265,35.284998800000004,SqEuclidean,blended,182,712851.066574,insample,2004
per,conical_bounded,1,50,4.11647e9,4.5923e9,36.6656914,34.0105528,SqEuclidean,blended,165,855629.731147,insample,2008
per,conical_bounded,1,50,4.11647e9,4.79333e9,35.8545769,35.206329499999995,SqEuclidean,blended,234,1.0724450972619995e6,insample,2011
per,conical_bounded,1,50,4.11647e9,4.25078e9,38.2687464,34.2925009,SqEuclidean,blended,129,464289.050221,insample,2012
per,conical_bounded,1,50,4.11647e9,4.63908e9,37.7219386,37.3611015,SqEuclidean,blended,166,879792.8484319999,insample,2016
per,convex_hull,1,100,4.20762e9,7.47502e11,26.3300638,72.33150979999999,SqEuclidean,blended,3608,3.9211296611449994e7,initial,initial
per,convex_hull,1,100,4.20762e9,5.13583e9,33.1623056,31.0464917,SqEuclidean,blended,321,1.3930088507569996e6,insample,1982
per,convex_hull,1,100,4.20762e9,5.63702e9,32.2264009,31.7185137,SqEuclidean,blended,252,1.846147764499e6,insample,1986
per,convex_hull,1,100,4.20762e9,4.1455e9,34.0196342,33.5491483,SqEuclidean,blended,135,446608.545545,insample,1990
per,convex_hull,1,100,4.20762e9,5.48411e9,42.2157434,42.4119977,SqEuclidean,blended,264,1.746754882358e6,insample,1994
per,convex_hull,1,100,4.20762e9,4.56843e9,66.2144588,77.7632918,SqEuclidean,blended,171,810887.898904,insample,1998
per,convex_hull,1,100,4.20762e9,4.51348e9,28.5907389,29.8194499,SqEuclidean,blended,208,763992.6964940001,insample,2004
per,convex_hull,1,100,4.20762e9,4.59445e9,32.2467404,33.4208472,SqEuclidean,blended,164,857805.50411,insample,2008
per,convex_hull,1,100,4.20762e9,4.81792e9,31.9930511,30.901039,SqEuclidean,blended,241,1.0971763239619995e6,insample,2011
per,convex_hull,1,100,4.20762e9,4.26586e9,31.3138879,32.2746841,SqEuclidean,blended,125,479467.1547770002,insample,2012
per,convex_hull,1,100,4.20762e9,4.64615e9,32.1046641,32.0343306,SqEuclidean,blended,167,886979.379036,insample,2016
per,convex_hull,1,20,4.21032e9,8.87314e11,3.8958989,73.8284765,SqEuclidean,blended,3550,3.9133264739499e7,initial,initial
per,convex_hull,1,20,4.21032e9,5.14325e9,40.8574614,41.2227456,SqEuclidean,blended,316,1.396732785743e6,insample,1982
per,convex_hull,1,20,4.21032e9,5.65283e9,40.4358037,41.9779963,SqEuclidean,blended,261,1.858239846243e6,insample,1986
per,convex_hull,1,20,4.21032e9,4.15464e9,40.5852957,42.7226374,SqEuclidean,blended,140,452461.798239,insample,1990
per,convex_hull,1,20,4.21032e9,5.49734e9,41.1763457,42.1963659,SqEuclidean,blended,270,1.7562156646529995e6,insample,1994
per,convex_hull,1,20,4.21032e9,4.57819e9,37.9634095,43.3297541,SqEuclidean,blended,173,817057.6105739999,insample,1998
per,convex_hull,1,20,4.21032e9,4.52698e9,39.989222,40.3949013,SqEuclidean,blended,208,774025.6188690001,insample,2004
per,convex_hull,1,20,4.21032e9,4.60317e9,40.3322882,42.8287208,SqEuclidean,blended,163,863014.0333639999,insample,2008
per,convex_hull,1,20,4.21032e9,4.82483e9,39.6758201,41.548248,SqEuclidean,blended,242,1.100413781681e6,insample,2011
per,convex_hull,1,20,4.21032e9,4.26994e9,42.5888855,45.6418926,SqEuclidean,blended,126,479637.9410270001,insample,2012
per,convex_hull,1,20,4.21032e9,4.65635e9,40.2094781,41.3848534,SqEuclidean,blended,166,893521.686744,insample,2016
per,convex_hull,1,200,4.21011e9,7.41308e11,53.6736819,81.8789967,SqEuclidean,blended,3313,3.9277773466414005e7,initial,initial
per,convex_hull,1,200,4.21011e9,5.12568e9,32.7102241,32.7864725,SqEuclidean,blended,313,1.3825055310849997e6,insample,1982
per,convex_hull,1,200,4.21011e9,5.61373e9,31.1529605,31.765577,SqEuclidean,blended,246,1.822379165206e6,insample,1986
per,convex_hull,1,200,4.21011e9,4.1327e9,34.7309699,30.8982603,SqEuclidean,blended,134,433515.832063,insample,1990
per,convex_hull,1,200,4.21011e9,5.46212e9,42.9720237,41.410776000000006,SqEuclidean,blended,260,1.72433740535e6,insample,1994
per,convex_hull,1,200,4.21011e9,4.5397e9,67.1712889,80.4596725,SqEuclidean,blended,158,781731.4629500002,insample,1998
per,convex_hull,1,200,4.21011e9,4.45525e9,29.7690083,30.2579149,SqEuclidean,blended,184,705203.228829,insample,2004
per,convex_hull,1,200,4.21011e9,4.58297e9,32.7337242,31.3631852,SqEuclidean,blended,154,845974.571161,insample,2008
per,convex_hull,1,200,4.21011e9,4.78815e9,32.1866414,34.0867497,SqEuclidean,blended,235,1.066910894324e6,insample,2011
per,convex_hull,1,200,4.21011e9,4.24507e9,32.6840186,30.1540739,SqEuclidean,blended,123,458230.09746500006,insample,2012
per,convex_hull,1,200,4.21011e9,4.62722e9,33.1775204,35.379243200000005,SqEuclidean,blended,157,867626.035336,insample,2016
per,convex_hull,1,50,4.20664e9,7.00476e11,12.4543946,80.0384531,SqEuclidean,blended,3611,3.9168349713322e7,initial,initial
per,convex_hull,1,50,4.20664e9,5.13971e9,38.2122504,40.0961974,SqEuclidean,blended,314,1.3967122423190002e6,insample,1982
per,convex_hull,1,50,4.20664e9,5.6492e9,37.5530591,38.347833699999995,SqEuclidean,blended,254,1.858222973183e6,insample,1986
per,convex_hull,1,50,4.20664e9,4.1515e9,36.6427871,37.7522646,SqEuclidean,blended,137,452456.89691,insample,1990
per,convex_hull,1,50,4.20664e9,5.49372e9,37.5279224,36.8813308,SqEuclidean,blended,267,1.7562071154879995e6,insample,1994
per,convex_hull,1,50,4.20664e9,4.57472e9,41.4205092,40.6110257,SqEuclidean,blended,172,817048.826478,insample,1998
per,convex_hull,1,50,4.20664e9,4.52366e9,36.8976669,37.9972421,SqEuclidean,blended,206,774020.0159700001,insample,2004
per,convex_hull,1,50,4.20664e9,4.59979e9,34.9801574,37.8741126,SqEuclidean,blended,163,863008.6396479999,insample,2008
per,convex_hull,1,50,4.20664e9,4.8213e9,36.7981962,37.6441459,SqEuclidean,blended,245,1.10041068094e6,insample,2011
per,convex_hull,1,50,4.20664e9,4.26623e9,36.6055089,40.2803086,SqEuclidean,blended,126,479634.7405210001,insample,2012
per,convex_hull,1,50,4.20664e9,4.65284e9,35.3388749,35.590567799999995,SqEuclidean,blended,167,893509.1502189998,insample,2016
per,conical_bounded,2,100,1.21434e9,4.12701e9,32.2254593,54.3839182,SqEuclidean,blended,99,383786.690229,initial,initial
per,conical_bounded,2,200,1.29481e9,4.47447e9,114.9120109,70.1274856,SqEuclidean,blended,211,876683.063018,initial,initial
per,conical_bounded,2,50,1.06305e9,4.24786e9,11.481853,47.4033996,SqEuclidean,blended,55,340218.640197,initial,initial
per,convex_hull,2,100,1.27654e9,4.00014e9,34.4476951,53.8200291,SqEuclidean,blended,87,127353.511854,initial,initial
per,convex_hull,2,20,9.90369e8,3.43671e9,4.5544017,60.1772511,SqEuclidean,blended,3,11618.320731999998,initial,initial
per,convex_hull,2,200,1.5509e9,4.26977e9,85.4975444,62.3145676,SqEuclidean,blended,182,448384.49719499995,initial,initial
per,convex_hull,2,50,1.08034e9,3.60534e9,13.3028634,52.9935253,SqEuclidean,blended,27,35209.472673,initial,initial
per,conical_bounded,3,100,1.21434e9,4.12701e9,38.4855623,65.1895521,SqEuclidean,blended,99,383786.690229,initial,initial
per,conical_bounded,3,20,8.23358e8,3.90689e9,4.2568121,56.0457947,SqEuclidean,blended,5,5618.241307,initial,initial
per,conical_bounded,3,200,1.29481e9,4.47447e9,123.6302674,78.728177,SqEuclidean,blended,211,876683.063018,initial,initial
per,conical_bounded,3,50,1.06305e9,4.24786e9,10.9169655,49.0866793,SqEuclidean,blended,55,340218.640197,initial,initial
per,convex_hull,3,100,1.27654e9,4.00014e9,31.7684327,69.5752417,SqEuclidean,blended,87,127353.511854,initial,initial
per,convex_hull,3,20,9.90369e8,3.43671e9,4.0908606,53.7945838,SqEuclidean,blended,3,11618.320731999998,initial,initial
per,convex_hull,3,200,1.5509e9,4.26977e9,90.4222428,59.8876628,SqEuclidean,blended,182,448384.49719499995,initial,initial
per,convex_hull,3,50,1.08034e9,3.60534e9,12.9965485,51.7497124,SqEuclidean,blended,27,35209.472673,initial,initial
per,conical_bounded,4,100,1.21434e9,4.12701e9,40.3924403,74.1282572,SqEuclidean,blended,99,383786.690229,initial,initial
per,conical_bounded,4,20,8.23358e8,3.90689e9,3.7668511,50.7595268,SqEuclidean,blended,5,5618.241307,initial,initial
per,conical_bounded,4,200,1.29481e9,4.47447e9,112.9635013,65.3060445,SqEuclidean,blended,211,876683.063018,initial,initial
per,conical_bounded,4,50,1.06305e9,4.24786e9,11.4648762,49.3842867,SqEuclidean,blended,55,340218.640197,initial,initial
per,convex_hull,4,100,1.27654e9,4.00014e9,31.6501883,56.8926546,SqEuclidean,blended,87,127353.511854,initial,initial
per,convex_hull,4,20,9.90369e8,3.43671e9,3.8868711,49.021148,SqEuclidean,blended,3,11618.320731999998,initial,initial
per,convex_hull,4,200,1.5509e9,4.26977e9,84.5882289,56.0089455,SqEuclidean,blended,182,448384.49719499995,initial,initial
per,convex_hull,4,50,1.08034e9,3.60534e9,14.5798508,59.8665448,SqEuclidean,blended,27,35209.472673,initial,initial
per,conical_bounded,5,100,1.21434e9,4.12701e9,37.4959305,67.66843560000001,SqEuclidean,blended,99,383786.690229,initial,initial
per,conical_bounded,5,20,8.23358e8,3.90689e9,3.5017037,46.6432234,SqEuclidean,blended,5,5618.241307,initial,initial
per,conical_bounded,5,200,1.29481e9,4.47447e9,101.3677639,56.6252314,SqEuclidean,blended,211,876683.063018,initial,initial
per,conical_bounded,5,50,1.06305e9,4.24786e9,11.886948,50.9429668,SqEuclidean,blended,55,340218.640197,initial,initial
per,convex_hull,5,100,1.27654e9,4.00014e9,31.5167547,58.4456649,SqEuclidean,blended,87,127353.511854,initial,initial
per,convex_hull,5,20,9.90369e8,3.43671e9,3.8796316,51.242261799999994,SqEuclidean,blended,3,11618.320731999998,initial,initial
per,convex_hull,5,200,1.5509e9,4.26977e9,83.758983,56.3289115,SqEuclidean,blended,182,448384.49719499995,initial,initial
per,convex_hull,5,50,1.08034e9,3.60534e9,13.2208461,57.3276612,SqEuclidean,blended,27,35209.472673,initial,initial
per,k_medoids,1005471400,100,4.07129e9,4.75261e11,25.7134432,68.43251860000001,SqEuclidean,blended,3620,3.9202935285987005e7,initial,initial
per,k_medoids,1005471400,100,4.07129e9,5.1054e9,30.8988971,29.213119,SqEuclidean,blended,314,1.3689258569060003e6,insample,1982
per,k_medoids,1005471400,100,4.07129e9,5.62307e9,32.896075,32.051235,SqEuclidean,blended,245,1.838576650114e6,insample,1986
per,k_medoids,1005471400,100,4.07129e9,4.1071e9,43.5388917,43.7366068,SqEuclidean,blended,135,414079.121123,insample,1990
per,k_medoids,1005471400,100,4.07129e9,5.3862e9,30.5051893,29.4977553,SqEuclidean,blended,243,1.655538526892e6,insample,1994
per,k_medoids,1005471400,100,4.07129e9,4.48074e9,40.0338228,37.289195199999995,SqEuclidean,blended,152,729344.812507,insample,1998
per,k_medoids,1005471400,100,4.07129e9,4.43482e9,35.8473802,33.3734807,SqEuclidean,blended,173,691498.7447800001,insample,2004
per,k_medoids,1005471400,100,4.07129e9,4.51745e9,32.9352742,33.4060657,SqEuclidean,blended,145,787202.2000620002,insample,2008
per,k_medoids,1005471400,100,4.07129e9,4.74249e9,33.1107753,31.9529079,SqEuclidean,blended,227,1.027712820869e6,insample,2011
per,k_medoids,1005471400,100,4.07129e9,4.19191e9,32.6952444,31.322773,SqEuclidean,blended,117,412097.263675,insample,2012
per,k_medoids,1005471400,100,4.07129e9,4.55181e9,31.9862803,31.2315799,SqEuclidean,blended,149,799064.755023,insample,2016
per,k_medoids,1262311769,100,3.99047e9,4.3637e11,25.5595668,65.5449426,SqEuclidean,blended,3627,3.945944143252999e7,initial,initial
per,k_medoids,1262311769,100,3.99047e9,5.15746e9,40.1228475,39.8852936,SqEuclidean,blended,381,1.4236099330590002e6,insample,1982
per,k_medoids,1262311769,100,3.99047e9,5.62317e9,33.4432694,32.833703299999996,SqEuclidean,blended,276,1.841302610524e6,insample,1986
per,k_medoids,1262311769,100,3.99047e9,4.13344e9,48.0098598,47.4616552,SqEuclidean,blended,171,442157.3226160001,insample,1990
per,k_medoids,1262311769,100,3.99047e9,5.39161e9,29.236643,29.5878356,SqEuclidean,blended,281,1.6630485406089998e6,insample,1994
per,k_medoids,1262311769,100,3.99047e9,4.49823e9,38.9955663,40.499699,SqEuclidean,blended,195,748935.4398530001,insample,1998
per,k_medoids,1262311769,100,3.99047e9,4.49606e9,36.0004394,34.3084489,SqEuclidean,blended,231,755246.087846,insample,2004
per,k_medoids,1262311769,100,3.99047e9,4.5306e9,33.1939504,33.4830824,SqEuclidean,blended,178,802213.333838,insample,2008
per,k_medoids,1262311769,100,3.99047e9,4.78701e9,31.31013,31.6229567,SqEuclidean,blended,267,1.074509862689e6,insample,2011
per,k_medoids,1262311769,100,3.99047e9,4.24296e9,32.4204245,32.315508200000004,SqEuclidean,blended,152,465844.285593,insample,2012
per,k_medoids,1262311769,100,3.99047e9,4.57337e9,33.0737812,31.0718995,SqEuclidean,blended,185,823231.0651329999,insample,2016
per,k_medoids,1400059389,100,4.02707e9,4.58913e11,25.250433,68.70107540000001,SqEuclidean,blended,3618,3.9210522928363994e7,initial,initial
per,k_medoids,1400059389,100,4.02707e9,5.13352e9,31.9397759,32.096621,SqEuclidean,blended,337,1.3971154909400004e6,insample,1982
per,k_medoids,1400059389,100,4.02707e9,5.63765e9,32.5417045,32.8525694,SqEuclidean,blended,255,1.853207158866e6,insample,1986
per,k_medoids,1400059389,100,4.02707e9,4.12461e9,45.5721355,45.7015321,SqEuclidean,blended,152,431591.074347,insample,1990
per,k_medoids,1400059389,100,4.02707e9,5.41044e9,29.6097603,28.858300999999997,SqEuclidean,blended,265,1.6796694291119997e6,insample,1994
per,k_medoids,1400059389,100,4.02707e9,4.49918e9,39.3614977,37.197468,SqEuclidean,blended,166,747773.593225,insample,1998
per,k_medoids,1400059389,100,4.02707e9,4.45252e9,35.8684937,31.7554261,SqEuclidean,blended,184,709216.9759650001,insample,2004
per,k_medoids,1400059389,100,4.02707e9,4.53768e9,33.1111647,30.6625455,SqEuclidean,blended,158,807321.4865350001,insample,2008
per,k_medoids,1400059389,100,4.02707e9,4.76308e9,32.2738391,30.8601398,SqEuclidean,blended,244,1.048330174444e6,insample,2011
per,k_medoids,1400059389,100,4.02707e9,4.21616e9,32.5774559,31.543884,SqEuclidean,blended,130,436303.614876,insample,2012
per,k_medoids,1400059389,100,4.02707e9,4.57385e9,33.2837715,31.7628301,SqEuclidean,blended,159,821076.11597,insample,2016
per,k_medoids,1693313909,100,4.05209e9,5.85187e11,27.1508192,65.5558173,SqEuclidean,blended,3610,3.927938380594999e7,initial,initial
per,k_medoids,1693313909,100,4.05209e9,5.18709e9,32.592117,31.7792763,SqEuclidean,blended,389,1.4499129467260002e6,insample,1982
per,k_medoids,1693313909,100,4.05209e9,5.6607e9,32.9965777,31.871731,SqEuclidean,blended,271,1.875642621401e6,insample,1986
per,k_medoids,1693313909,100,4.05209e9,4.14703e9,47.6030794,44.0632234,SqEuclidean,blended,170,452921.34614,insample,1990
per,k_medoids,1693313909,100,4.05209e9,5.44785e9,29.6793891,29.1061447,SqEuclidean,blended,282,1.715898834575e6,insample,1994
per,k_medoids,1693313909,100,4.05209e9,4.53142e9,41.1455053,42.6773425,SqEuclidean,blended,196,779104.496595,insample,1998
per,k_medoids,1693313909,100,4.05209e9,4.4671e9,36.8981583,34.441911,SqEuclidean,blended,209,722882.927632,insample,2004
per,k_medoids,1693313909,100,4.05209e9,4.56303e9,32.7518414,32.3339782,SqEuclidean,blended,180,831287.0334980001,insample,2008
per,k_medoids,1693313909,100,4.05209e9,4.78632e9,32.8747693,31.4201297,SqEuclidean,blended,267,1.0706841527869997e6,insample,2011
per,k_medoids,1693313909,100,4.05209e9,4.24392e9,32.1836943,31.7266128,SqEuclidean,blended,156,463256.093416,insample,2012
per,k_medoids,1693313909,100,4.05209e9,4.60696e9,33.4084058,30.9249903,SqEuclidean,blended,182,853502.397567,insample,2016
per,k_medoids,2483487299,100,4.03345e9,5.07551e11,25.6158812,68.0938078,SqEuclidean,blended,3648,3.943704691061099e7,initial,initial
per,k_medoids,2483487299,100,4.03345e9,5.10096e9,32.6832203,30.3965651,SqEuclidean,blended,315,1.365372485463e6,insample,1982
per,k_medoids,2483487299,100,4.03345e9,5.61909e9,32.0709237,31.6430298,SqEuclidean,blended,247,1.835527595761e6,insample,1986
per,k_medoids,2483487299,100,4.03345e9,4.10255e9,43.9988292,47.6384523,SqEuclidean,blended,134,410289.86192799994,insample,1990
per,k_medoids,2483487299,100,4.03345e9,5.38339e9,29.3068794,27.327699300000003,SqEuclidean,blended,238,1.653627512592e6,insample,1994
per,k_medoids,2483487299,100,4.03345e9,4.47356e9,41.8811924,40.5301169,SqEuclidean,blended,152,723057.5881090001,insample,1998
per,k_medoids,2483487299,100,4.03345e9,4.42474e9,37.4946428,34.2834311,SqEuclidean,blended,169,682281.309314,insample,2004
per,k_medoids,2483487299,100,4.03345e9,4.5128e9,31.7399816,33.1249778,SqEuclidean,blended,145,783384.3490070001,insample,2008
per,k_medoids,2483487299,100,4.03345e9,4.73409e9,33.2677761,32.5087413,SqEuclidean,blended,223,1.020178436921e6,insample,2011
per,k_medoids,2483487299,100,4.03345e9,4.18516e9,32.3127283,30.030192099999997,SqEuclidean,blended,112,406291.08372200007,insample,2012
per,k_medoids,2483487299,100,4.03345e9,4.54725e9,33.404136,30.1271774,SqEuclidean,blended,147,795448.3681569999,insample,2016
per,k_medoids,2529186237,100,4.08485e9,4.99437e11,26.5877233,66.6507622,SqEuclidean,blended,3599,3.9220305851211995e7,initial,initial
per,k_medoids,2529186237,100,4.08485e9,5.19261e9,32.3521677,33.138115899999995,SqEuclidean,blended,400,1.458206132511e6,insample,1982
per,k_medoids,2529186237,100,4.08485e9,5.68244e9,33.3671152,30.4693519,SqEuclidean,blended,294,1.900182809656e6,insample,1986
per,k_medoids,2529186237,100,4.08485e9,4.15417e9,43.2674174,45.6474079,SqEuclidean,blended,176,462727.074807,insample,1990
per,k_medoids,2529186237,100,4.08485e9,5.45367e9,28.7684326,29.4507175,SqEuclidean,blended,292,1.7247124588050002e6,insample,1994
per,k_medoids,2529186237,100,4.08485e9,4.54886e9,40.3381156,42.0465233,SqEuclidean,blended,200,799460.7208230002,insample,1998
per,k_medoids,2529186237,100,4.08485e9,4.52257e9,35.2361014,35.735457600000004,SqEuclidean,blended,236,781314.8575950001,insample,2004
per,k_medoids,2529186237,100,4.08485e9,4.56296e9,31.422559,31.0997552,SqEuclidean,blended,184,834160.7140560001,insample,2008
per,k_medoids,2529186237,100,4.08485e9,4.80904e9,34.6967238,39.6497153,SqEuclidean,blended,279,1.0961646686839997e6,insample,2011
per,k_medoids,2529186237,100,4.08485e9,4.25615e9,31.9909622,32.8614332,SqEuclidean,blended,157,478385.98463,insample,2012
per,k_medoids,2529186237,100,4.08485e9,4.61459e9,33.1677926,32.1439928,SqEuclidean,blended,184,863847.090961,insample,2016
per,k_medoids,2910484191,100,4.0045e9,4.56806e11,25.4779221,67.3169328,SqEuclidean,blended,3579,3.9247636904255e7,initial,initial
per,k_medoids,2910484191,100,4.0045e9,5.1639e9,32.3539353,30.3848922,SqEuclidean,blended,369,1.4281928028380005e6,insample,1982
per,k_medoids,2910484191,100,4.0045e9,5.67169e9,32.339918,30.331135,SqEuclidean,blended,275,1.888019994671e6,insample,1986
per,k_medoids,2910484191,100,4.0045e9,4.13782e9,45.0100018,46.8728501,SqEuclidean,blended,165,445260.956557,insample,1990
per,k_medoids,2910484191,100,4.0045e9,5.42283e9,28.7274365,27.7657363,SqEuclidean,blended,276,1.6927955894350002e6,insample,1994
per,k_medoids,2910484191,100,4.0045e9,4.52649e9,38.9718623,44.1532169,SqEuclidean,blended,187,775839.417784,insample,1998
per,k_medoids,2910484191,100,4.0045e9,4.5069e9,35.5168873,31.8357678,SqEuclidean,blended,213,764417.714056,insample,2004
per,k_medoids,2910484191,100,4.0045e9,4.5464e9,31.8973966,30.399888,SqEuclidean,blended,174,816678.2307740002,insample,2008
per,k_medoids,2910484191,100,4.0045e9,4.79431e9,33.613675,32.0418263,SqEuclidean,blended,258,1.080299359041e6,insample,2011
per,k_medoids,2910484191,100,4.0045e9,4.23696e9,32.0961238,30.182163699999997,SqEuclidean,blended,141,457963.989577,insample,2012
per,k_medoids,2910484191,100,4.0045e9,4.59042e9,32.9072289,32.732699600000004,SqEuclidean,blended,174,838429.313636,insample,2016
per,k_medoids,2931455462,100,4.11855e9,4.83363e11,27.7945832,67.7368459,SqEuclidean,blended,3603,3.9246232259397e7,initial,initial
per,k_medoids,2931455462,100,4.11855e9,5.09937e9,32.9639187,30.6654505,SqEuclidean,blended,376,1.3644410126510002e6,insample,1982
per,k_medoids,2931455462,100,4.11855e9,5.64239e9,32.5967017,31.7014413,SqEuclidean,blended,283,1.859643884393e6,insample,1986
per,k_medoids,2931455462,100,4.11855e9,4.11967e9,43.6580477,45.836161,SqEuclidean,blended,169,427593.3252,insample,1990
per,k_medoids,2931455462,100,4.11855e9,5.34499e9,29.2331327,27.6935081,SqEuclidean,blended,254,1.615565020436e6,insample,1994
per,k_medoids,2931455462,100,4.11855e9,4.41737e9,40.5164109,38.4378762,SqEuclidean,blended,177,666961.2474439999,insample,1998
per,k_medoids,2931455462,100,4.11855e9,4.40185e9,35.9310321,31.8598502,SqEuclidean,blended,191,660094.9143549999,insample,2004
per,k_medoids,2931455462,100,4.11855e9,4.44936e9,31.7036931,33.4088701,SqEuclidean,blended,165,719905.8350280001,insample,2008
per,k_medoids,2931455462,100,4.11855e9,4.70601e9,32.4000227,35.763802,SqEuclidean,blended,243,992594.636793,insample,2011
per,k_medoids,2931455462,100,4.11855e9,4.1707e9,31.7356628,31.7360203,SqEuclidean,blended,142,392554.376615,insample,2012
per,k_medoids,2931455462,100,4.11855e9,4.54214e9,31.603934,30.6531544,SqEuclidean,blended,191,791154.6029030001,insample,2016
per,k_medoids,3631457564,100,4.11146e9,5.41611e11,25.2831415,67.20676230000001,SqEuclidean,blended,3613,3.930217919862001e7,initial,initial
per,k_medoids,3631457564,100,4.11146e9,5.10542e9,32.6704439,32.5897731,SqEuclidean,blended,330,1.368603209807e6,insample,1982
per,k_medoids,3631457564,100,4.11146e9,5.59625e9,32.6989362,31.3274919,SqEuclidean,blended,250,1.811364904498e6,insample,1986
per,k_medoids,3631457564,100,4.11146e9,4.12066e9,42.561303,41.7954828,SqEuclidean,blended,148,427101.87607699994,insample,1990
per,k_medoids,3631457564,100,4.11146e9,5.4017e9,29.5792954,28.6415322,SqEuclidean,blended,267,1.6705260221099996e6,insample,1994
per,k_medoids,3631457564,100,4.11146e9,4.48429e9,41.114792,40.9871311,SqEuclidean,blended,170,732364.0263880001,insample,1998
per,k_medoids,3631457564,100,4.11146e9,4.47982e9,36.7144505,31.2787171,SqEuclidean,blended,202,736276.893227,insample,2004
per,k_medoids,3631457564,100,4.11146e9,4.51316e9,32.0908512,31.670686,SqEuclidean,blended,152,782005.0912569999,insample,2008
per,k_medoids,3631457564,100,4.11146e9,4.75825e9,34.4297119,33.4584028,SqEuclidean,blended,235,1.0430758248179998e6,insample,2011
per,k_medoids,3631457564,100,4.11146e9,4.23783e9,32.8399104,32.434646,SqEuclidean,blended,131,457689.962306,insample,2012
per,k_medoids,3631457564,100,4.11146e9,4.56181e9,32.7210961,33.2643489,SqEuclidean,blended,160,808726.569599,insample,2016
per,k_medoids,472808301,100,4.09737e9,5.4316e11,26.486198,67.1726357,SqEuclidean,blended,3633,3.9442296220997006e7,initial,initial
per,k_medoids,472808301,100,4.09737e9,5.13706e9,31.8261953,32.690846799999996,SqEuclidean,blended,363,1.4011419308029998e6,insample,1982
per,k_medoids,472808301,100,4.09737e9,5.61487e9,32.4087855,31.0238418,SqEuclidean,blended,266,1.830732850584e6,insample,1986
per,k_medoids,472808301,100,4.09737e9,4.12659e9,42.8228519,42.5992738,SqEuclidean,blended,158,433808.31010699994,insample,1990
per,k_medoids,472808301,100,4.09737e9,5.38537e9,29.6776772,29.1484485,SqEuclidean,blended,271,1.655153944656e6,insample,1994
per,k_medoids,472808301,100,4.09737e9,4.48808e9,42.3106017,39.687164499999994,SqEuclidean,blended,183,736963.628805,insample,1998
per,k_medoids,472808301,100,4.09737e9,4.48457e9,35.6490013,32.921175999999996,SqEuclidean,blended,211,741805.3677159998,insample,2004
per,k_medoids,472808301,100,4.09737e9,4.52332e9,31.3896444,30.6164438,SqEuclidean,blended,167,793228.243659,insample,2008
per,k_medoids,472808301,100,4.09737e9,4.77931e9,33.5489477,32.2361717,SqEuclidean,blended,256,1.065006463907e6,insample,2011
per,k_medoids,472808301,100,4.09737e9,4.23652e9,32.0865465,31.8215498,SqEuclidean,blended,138,457282.189684,insample,2012
per,k_medoids,472808301,100,4.09737e9,4.56075e9,32.3087676,31.5057262,SqEuclidean,blended,173,808511.4647880001,insample,2016
per,k_medoids,1516602964,20,3.29806e9,7.24635e10,4.5189677,67.2730404,SqEuclidean,blended,3216,3.9375493622972e7,initial,initial
per,k_medoids,1516602964,20,3.29806e9,5.7992e9,35.3911023,34.3071808,SqEuclidean,blended,621,2.0527637460439997e6,insample,1982
per,k_medoids,1516602964,20,3.29806e9,6.49318e9,35.6440782,34.8586095,SqEuclidean,blended,557,2.699712049792e6,insample,1986
per,k_medoids,1516602964,20,3.29806e9,4.35861e9,34.3850041,32.817922,SqEuclidean,blended,297,653435.6824330001,insample,1990
per,k_medoids,1516602964,20,3.29806e9,5.71923e9,34.5588787,31.7061067,SqEuclidean,blended,416,1.976944594459e6,insample,1994
per,k_medoids,1516602964,20,3.29806e9,4.89896e9,36.287083,36.004601,SqEuclidean,blended,356,1.1374645951049998e6,insample,1998
per,k_medoids,1516602964,20,3.29806e9,5.0835e9,36.6278855,34.4260802,SqEuclidean,blended,482,1.330500924544e6,insample,2004
per,k_medoids,1516602964,20,3.29806e9,4.82941e9,35.2090339,34.8804518,SqEuclidean,blended,319,1.0873809635449997e6,insample,2008
per,k_medoids,1516602964,20,3.29806e9,5.40378e9,34.693565,35.197975,SqEuclidean,blended,502,1.679482041783e6,insample,2011
per,k_medoids,1516602964,20,3.29806e9,4.66907e9,35.7448267,33.838220299999996,SqEuclidean,blended,385,878818.5991900001,insample,2012
per,k_medoids,1516602964,20,3.29806e9,5.07259e9,32.5437888,33.7381863,SqEuclidean,blended,399,1.309110754431e6,insample,2016
per,k_medoids,1886534858,20,3.29806e9,7.24635e10,4.7599201,68.9073893,SqEuclidean,blended,3216,3.9375493622972e7,initial,initial
per,k_medoids,1886534858,20,3.29806e9,5.7992e9,39.5091981,40.6605371,SqEuclidean,blended,621,2.0527637460439997e6,insample,1982
per,k_medoids,1886534858,20,3.29806e9,6.49318e9,40.1971123,42.131004399999995,SqEuclidean,blended,557,2.699712049792e6,insample,1986
per,k_medoids,1886534858,20,3.29806e9,4.35861e9,39.4495902,39.9616034,SqEuclidean,blended,297,653435.6824330001,insample,1990
per,k_medoids,1886534858,20,3.29806e9,5.71923e9,40.5068803,38.8791509,SqEuclidean,blended,416,1.976944594459e6,insample,1994
per,k_medoids,1886534858,20,3.29806e9,4.89896e9,39.7974428,39.7230317,SqEuclidean,blended,356,1.1374645951049998e6,insample,1998
per,k_medoids,1886534858,20,3.29806e9,5.0835e9,37.8296146,39.2007407,SqEuclidean,blended,482,1.330500924544e6,insample,2004
per,k_medoids,1886534858,20,3.29806e9,4.82941e9,38.9557972,41.2309944,SqEuclidean,blended,319,1.0873809635449997e6,insample,2008
per,k_medoids,1886534858,20,3.29806e9,5.40378e9,37.3862847,36.5896021,SqEuclidean,blended,502,1.679482041783e6,insample,2011
per,k_medoids,1886534858,20,3.29806e9,4.66907e9,37.8434454,40.3337447,SqEuclidean,blended,385,878818.5991900001,insample,2012
per,k_medoids,1886534858,20,3.29806e9,5.07259e9,39.7128073,38.7654302,SqEuclidean,blended,399,1.309110754431e6,insample,2016
per,k_medoids,2317698438,20,3.29806e9,7.24635e10,4.308952,67.1668651,SqEuclidean,blended,3216,3.9375493622972e7,initial,initial
per,k_medoids,2317698438,20,3.29806e9,5.7992e9,35.4322789,36.0761308,SqEuclidean,blended,621,2.0527637460439997e6,insample,1982
per,k_medoids,2317698438,20,3.29806e9,6.49318e9,37.6883885,35.044183,SqEuclidean,blended,557,2.699712049792e6,insample,1986
per,k_medoids,2317698438,20,3.29806e9,4.35861e9,33.8856277,35.763217000000004,SqEuclidean,blended,297,653435.6824330001,insample,1990
per,k_medoids,2317698438,20,3.29806e9,5.71923e9,36.3887546,35.9088473,SqEuclidean,blended,416,1.976944594459e6,insample,1994
per,k_medoids,2317698438,20,3.29806e9,4.89896e9,35.55136,34.8035013,SqEuclidean,blended,356,1.1374645951049998e6,insample,1998
per,k_medoids,2317698438,20,3.29806e9,5.0835e9,35.9582363,35.4603439,SqEuclidean,blended,482,1.330500924544e6,insample,2004
per,k_medoids,2317698438,20,3.29806e9,4.82941e9,35.6671982,37.5795893,SqEuclidean,blended,319,1.0873809635449997e6,insample,2008
per,k_medoids,2317698438,20,3.29806e9,5.40378e9,35.551404,35.9752144,SqEuclidean,blended,502,1.679482041783e6,insample,2011
per,k_medoids,2317698438,20,3.29806e9,4.66907e9,35.0805856,33.225926,SqEuclidean,blended,385,878818.5991900001,insample,2012
per,k_medoids,2317698438,20,3.29806e9,5.07259e9,37.3431419,38.6757822,SqEuclidean,blended,399,1.309110754431e6,insample,2016
per,k_medoids,2466700586,20,3.29806e9,7.24635e10,4.351268,65.4534532,SqEuclidean,blended,3216,3.9375493622972e7,initial,initial
per,k_medoids,2466700586,20,3.29806e9,5.7992e9,36.7077711,40.3356072,SqEuclidean,blended,621,2.0527637460439997e6,insample,1982
per,k_medoids,2466700586,20,3.29806e9,6.49318e9,35.6316656,38.0235927,SqEuclidean,blended,557,2.699712049792e6,insample,1986
per,k_medoids,2466700586,20,3.29806e9,4.35861e9,37.0456408,39.844828,SqEuclidean,blended,297,653435.6824330001,insample,1990
per,k_medoids,2466700586,20,3.29806e9,5.71923e9,37.5968875,37.0506033,SqEuclidean,blended,416,1.976944594459e6,insample,1994
per,k_medoids,2466700586,20,3.29806e9,4.89896e9,38.7405711,37.985427,SqEuclidean,blended,356,1.1374645951049998e6,insample,1998
per,k_medoids,2466700586,20,3.29806e9,5.0835e9,36.948685,38.9280177,SqEuclidean,blended,482,1.330500924544e6,insample,2004
per,k_medoids,2466700586,20,3.29806e9,4.82941e9,36.6377375,37.2780502,SqEuclidean,blended,319,1.0873809635449997e6,insample,2008
per,k_medoids,2466700586,20,3.29806e9,5.40378e9,37.6040171,37.8562044,SqEuclidean,blended,502,1.679482041783e6,insample,2011
per,k_medoids,2466700586,20,3.29806e9,4.66907e9,36.5119202,39.8200471,SqEuclidean,blended,385,878818.5991900001,insample,2012
per,k_medoids,2466700586,20,3.29806e9,5.07259e9,36.0979206,36.9425386,SqEuclidean,blended,399,1.309110754431e6,insample,2016
per,k_medoids,2692059346,20,3.29806e9,7.24635e10,4.4599023,67.4637851,SqEuclidean,blended,3216,3.9375493622972e7,initial,initial
per,k_medoids,2692059346,20,3.29806e9,5.7992e9,35.5038022,34.387719600000004,SqEuclidean,blended,621,2.0527637460439997e6,insample,1982
per,k_medoids,2692059346,20,3.29806e9,6.49318e9,34.0935212,35.9962021,SqEuclidean,blended,557,2.699712049792e6,insample,1986
per,k_medoids,2692059346,20,3.29806e9,4.35861e9,34.5323927,33.846105,SqEuclidean,blended,297,653435.6824330001,insample,1990
per,k_medoids,2692059346,20,3.29806e9,5.71923e9,34.3891331,37.2768535,SqEuclidean,blended,416,1.976944594459e6,insample,1994
per,k_medoids,2692059346,20,3.29806e9,4.89896e9,34.2820124,36.2446502,SqEuclidean,blended,356,1.1374645951049998e6,insample,1998
per,k_medoids,2692059346,20,3.29806e9,5.0835e9,31.7247096,34.7530513,SqEuclidean,blended,482,1.330500924544e6,insample,2004
per,k_medoids,2692059346,20,3.29806e9,4.82941e9,36.3089843,36.2493043,SqEuclidean,blended,319,1.0873809635449997e6,insample,2008
per,k_medoids,2692059346,20,3.29806e9,5.40378e9,36.4027348,38.6161205,SqEuclidean,blended,502,1.679482041783e6,insample,2011
per,k_medoids,2692059346,20,3.29806e9,4.66907e9,34.9311425,34.2424221,SqEuclidean,blended,385,878818.5991900001,insample,2012
per,k_medoids,2692059346,20,3.29806e9,5.07259e9,34.3899722,35.6100164,SqEuclidean,blended,399,1.309110754431e6,insample,2016
per,k_medoids,3032526906,20,3.29806e9,7.24635e10,4.2956235,64.8649252,SqEuclidean,blended,3216,3.9375493622972e7,initial,initial
per,k_medoids,3032526906,20,3.29806e9,5.7992e9,40.1419551,40.315254800000005,SqEuclidean,blended,621,2.0527637460439997e6,insample,1982
per,k_medoids,3032526906,20,3.29806e9,6.49318e9,39.1103368,41.350489200000005,SqEuclidean,blended,557,2.699712049792e6,insample,1986
per,k_medoids,3032526906,20,3.29806e9,4.35861e9,38.4889707,42.5966825,SqEuclidean,blended,297,653435.6824330001,insample,1990
per,k_medoids,3032526906,20,3.29806e9,5.71923e9,40.6747908,43.6944237,SqEuclidean,blended,416,1.976944594459e6,insample,1994
per,k_medoids,3032526906,20,3.29806e9,4.89896e9,39.1464926,35.569620400000005,SqEuclidean,blended,356,1.1374645951049998e6,insample,1998
per,k_medoids,3032526906,20,3.29806e9,5.0835e9,39.857297,42.562305499999994,SqEuclidean,blended,482,1.330500924544e6,insample,2004
per,k_medoids,3032526906,20,3.29806e9,4.82941e9,37.6869074,41.4375134,SqEuclidean,blended,319,1.0873809635449997e6,insample,2008
per,k_medoids,3032526906,20,3.29806e9,5.40378e9,39.9258087,41.108981199999995,SqEuclidean,blended,502,1.679482041783e6,insample,2011
per,k_medoids,3032526906,20,3.29806e9,4.66907e9,39.1522511,41.2067585,SqEuclidean,blended,385,878818.5991900001,insample,2012
per,k_medoids,3032526906,20,3.29806e9,5.07259e9,37.2611361,44.3874508,SqEuclidean,blended,399,1.309110754431e6,insample,2016
per,k_medoids,3214418042,20,3.29806e9,7.24635e10,4.7329495,66.8595423,SqEuclidean,blended,3216,3.9375493622972e7,initial,initial
per,k_medoids,3214418042,20,3.29806e9,5.7992e9,39.332663,44.6280094,SqEuclidean,blended,621,2.0527637460439997e6,insample,1982
per,k_medoids,3214418042,20,3.29806e9,6.49318e9,33.8274353,42.1554001,SqEuclidean,blended,557,2.699712049792e6,insample,1986
per,k_medoids,3214418042,20,3.29806e9,4.35861e9,40.3069706,40.5968354,SqEuclidean,blended,297,653435.6824330001,insample,1990
per,k_medoids,3214418042,20,3.29806e9,5.71923e9,41.4055053,40.575322,SqEuclidean,blended,416,1.976944594459e6,insample,1994
per,k_medoids,3214418042,20,3.29806e9,4.89896e9,40.4698825,42.3150942,SqEuclidean,blended,356,1.1374645951049998e6,insample,1998
per,k_medoids,3214418042,20,3.29806e9,5.0835e9,41.4305925,43.554396200000006,SqEuclidean,blended,482,1.330500924544e6,insample,2004
per,k_medoids,3214418042,20,3.29806e9,4.82941e9,40.2808294,42.3780544,SqEuclidean,blended,319,1.0873809635449997e6,insample,2008
per,k_medoids,3214418042,20,3.29806e9,5.40378e9,40.5716584,43.470204599999995,SqEuclidean,blended,502,1.679482041783e6,insample,2011
per,k_medoids,3214418042,20,3.29806e9,4.66907e9,34.8424496,44.6644328,SqEuclidean,blended,385,878818.5991900001,insample,2012
per,k_medoids,3214418042,20,3.29806e9,5.07259e9,40.2238562,41.5884788,SqEuclidean,blended,399,1.309110754431e6,insample,2016
per,k_medoids,3217763985,20,3.29806e9,7.24635e10,4.5278447,63.9369894,SqEuclidean,blended,3216,3.9375493622972e7,initial,initial
per,k_medoids,3217763985,20,3.29806e9,5.7992e9,38.9652172,41.580230699999994,SqEuclidean,blended,621,2.0527637460439997e6,insample,1982
per,k_medoids,3217763985,20,3.29806e9,6.49318e9,40.9521075,41.7642527,SqEuclidean,blended,557,2.699712049792e6,insample,1986
per,k_medoids,3217763985,20,3.29806e9,4.35861e9,40.0705583,44.350888399999995,SqEuclidean,blended,297,653435.6824330001,insample,1990
per,k_medoids,3217763985,20,3.29806e9,5.71923e9,40.2157376,41.6440467,SqEuclidean,blended,416,1.976944594459e6,insample,1994
per,k_medoids,3217763985,20,3.29806e9,4.89896e9,38.475655,40.6865284,SqEuclidean,blended,356,1.1374645951049998e6,insample,1998
per,k_medoids,3217763985,20,3.29806e9,5.0835e9,40.9673334,41.9224288,SqEuclidean,blended,482,1.330500924544e6,insample,2004
per,k_medoids,3217763985,20,3.29806e9,4.82941e9,41.4536388,45.7933195,SqEuclidean,blended,319,1.0873809635449997e6,insample,2008
per,k_medoids,3217763985,20,3.29806e9,5.40378e9,39.9546929,40.702872,SqEuclidean,blended,502,1.679482041783e6,insample,2011
per,k_medoids,3217763985,20,3.29806e9,4.66907e9,39.0610871,43.9770686,SqEuclidean,blended,385,878818.5991900001,insample,2012
per,k_medoids,3217763985,20,3.29806e9,5.07259e9,38.7541636,40.2712422,SqEuclidean,blended,399,1.309110754431e6,insample,2016
per,k_medoids,3272403283,20,3.29806e9,7.24635e10,4.3081732,67.4611046,SqEuclidean,blended,3216,3.9375493622972e7,initial,initial
per,k_medoids,3272403283,20,3.29806e9,5.7992e9,34.1371842,33.6731943,SqEuclidean,blended,621,2.0527637460439997e6,insample,1982
per,k_medoids,3272403283,20,3.29806e9,6.49318e9,33.9766377,33.6691944,SqEuclidean,blended,557,2.699712049792e6,insample,1986
per,k_medoids,3272403283,20,3.29806e9,4.35861e9,33.8113089,35.8415313,SqEuclidean,blended,297,653435.6824330001,insample,1990
per,k_medoids,3272403283,20,3.29806e9,5.71923e9,36.8287358,37.10793949999999,SqEuclidean,blended,416,1.976944594459e6,insample,1994
per,k_medoids,3272403283,20,3.29806e9,4.89896e9,36.0851314,36.2814625,SqEuclidean,blended,356,1.1374645951049998e6,insample,1998
per,k_medoids,3272403283,20,3.29806e9,5.0835e9,35.6986816,34.7098994,SqEuclidean,blended,482,1.330500924544e6,insample,2004
per,k_medoids,3272403283,20,3.29806e9,4.82941e9,35.553841,35.1742947,SqEuclidean,blended,319,1.0873809635449997e6,insample,2008
per,k_medoids,3272403283,20,3.29806e9,5.40378e9,35.128181,35.7888875,SqEuclidean,blended,502,1.679482041783e6,insample,2011
per,k_medoids,3272403283,20,3.29806e9,4.66907e9,35.4745049,36.3724113,SqEuclidean,blended,385,878818.5991900001,insample,2012
per,k_medoids,3272403283,20,3.29806e9,5.07259e9,32.7587822,38.0133457,SqEuclidean,blended,399,1.309110754431e6,insample,2016
per,k_medoids,408956147,20,3.29806e9,7.24635e10,4.3192601,65.678425,SqEuclidean,blended,3216,3.9375493622972e7,initial,initial
per,k_medoids,408956147,20,3.29806e9,5.7992e9,38.7996204,40.4167571,SqEuclidean,blended,621,2.0527637460439997e6,insample,1982
per,k_medoids,408956147,20,3.29806e9,6.49318e9,36.9080757,39.3917057,SqEuclidean,blended,557,2.699712049792e6,insample,1986
per,k_medoids,408956147,20,3.29806e9,4.35861e9,37.7490338,39.47287360000001,SqEuclidean,blended,297,653435.6824330001,insample,1990
per,k_medoids,408956147,20,3.29806e9,5.71923e9,40.3627675,38.435366900000005,SqEuclidean,blended,416,1.976944594459e6,insample,1994
per,k_medoids,408956147,20,3.29806e9,4.89896e9,39.0123522,40.254918800000006,SqEuclidean,blended,356,1.1374645951049998e6,insample,1998
per,k_medoids,408956147,20,3.29806e9,5.0835e9,39.9799772,40.5576122,SqEuclidean,blended,482,1.330500924544e6,insample,2004
per,k_medoids,408956147,20,3.29806e9,4.82941e9,37.3739896,39.0674814,SqEuclidean,blended,319,1.0873809635449997e6,insample,2008
per,k_medoids,408956147,20,3.29806e9,5.40378e9,38.6919382,36.7369171,SqEuclidean,blended,502,1.679482041783e6,insample,2011
per,k_medoids,408956147,20,3.29806e9,4.66907e9,35.4360392,42.6495522,SqEuclidean,blended,385,878818.5991900001,insample,2012
per,k_medoids,408956147,20,3.29806e9,5.07259e9,39.3544913,40.0270306,SqEuclidean,blended,399,1.309110754431e6,insample,2016
per,k_medoids,1040218444,200,4.09289e9,4.77863e11,65.1444063,72.8662434,SqEuclidean,blended,3628,3.9417999113838e7,initial,initial
per,k_medoids,1040218444,200,4.09289e9,5.14786e9,33.7044438,32.9535746,SqEuclidean,blended,367,1.4110140542449998e6,insample,1982
per,k_medoids,1040218444,200,4.09289e9,5.60821e9,34.1353547,30.9236917,SqEuclidean,blended,257,1.823113322964e6,insample,1986
per,k_medoids,1040218444,200,4.09289e9,4.1223e9,41.2179711,40.8029424,SqEuclidean,blended,165,428503.694503,insample,1990
per,k_medoids,1040218444,200,4.09289e9,5.37523e9,29.3322261,30.0583153,SqEuclidean,blended,264,1.6438943838529997e6,insample,1994
per,k_medoids,1040218444,200,4.09289e9,4.47384e9,43.7603535,43.5216569,SqEuclidean,blended,178,721715.629192,insample,1998
per,k_medoids,1040218444,200,4.09289e9,4.44301e9,39.9496319,32.3183636,SqEuclidean,blended,205,699128.178958,insample,2004
per,k_medoids,1040218444,200,4.09289e9,4.52245e9,33.0269931,29.9124165,SqEuclidean,blended,166,791305.1148570001,insample,2008
per,k_medoids,1040218444,200,4.09289e9,4.76179e9,32.467806,34.2240909,SqEuclidean,blended,254,1.0465022031159998e6,insample,2011
per,k_medoids,1040218444,200,4.09289e9,4.22504e9,33.0651094,32.2304506,SqEuclidean,blended,143,444796.06017700006,insample,2012
per,k_medoids,1040218444,200,4.09289e9,4.55701e9,32.6420795,33.0104792,SqEuclidean,blended,171,803817.994129,insample,2016
per,k_medoids,1498923158,200,4.2144e9,5.99675e11,63.7700547,73.6963791,SqEuclidean,blended,3717,3.9800151462513e7,initial,initial
per,k_medoids,1498923158,200,4.2144e9,5.07061e9,32.5947375,30.5781443,SqEuclidean,blended,305,1.3330144551789998e6,insample,1982
per,k_medoids,1498923158,200,4.2144e9,5.5673e9,33.416055,31.1007628,SqEuclidean,blended,229,1.781519784561e6,insample,1986
per,k_medoids,1498923158,200,4.2144e9,4.09426e9,40.8126905,41.2097548,SqEuclidean,blended,126,400142.9365299999,insample,1990
per,k_medoids,1498923158,200,4.2144e9,5.33734e9,29.6685149,29.8186935,SqEuclidean,blended,230,1.605589827076e6,insample,1994
per,k_medoids,1498923158,200,4.2144e9,4.43676e9,46.1201472,44.7230243,SqEuclidean,blended,148,684088.9454900001,insample,1998
per,k_medoids,1498923158,200,4.2144e9,4.40819e9,34.2434858,33.249591200000005,SqEuclidean,blended,170,663758.228426,insample,2004
per,k_medoids,1498923158,200,4.2144e9,4.48186e9,33.1766302,30.7447967,SqEuclidean,blended,134,750165.299672,insample,2008
per,k_medoids,1498923158,200,4.2144e9,4.7206e9,33.0036643,32.381772399999996,SqEuclidean,blended,221,1.004729929352e6,insample,2011
per,k_medoids,1498923158,200,4.2144e9,4.18567e9,32.8022207,32.0554994,SqEuclidean,blended,109,404854.2385770002,insample,2012
per,k_medoids,1498923158,200,4.2144e9,4.51558e9,33.3016738,30.3899315,SqEuclidean,blended,129,761945.1078649999,insample,2016
per,k_medoids,1571330722,200,4.09914e9,5.68268e11,65.3112186,73.9662407,SqEuclidean,blended,3663,3.9752200098974995e7,initial,initial
per,k_medoids,1571330722,200,4.09914e9,5.1149e9,32.0074838,30.610887100000003,SqEuclidean,blended,355,1.379049018334e6,insample,1982
per,k_medoids,1571330722,200,4.09914e9,5.58336e9,33.3935148,31.4343192,SqEuclidean,blended,250,1.799370263561e6,insample,1986
per,k_medoids,1571330722,200,4.09914e9,4.11352e9,40.8876771,39.4108495,SqEuclidean,blended,151,420654.3030310001,insample,1990
per,k_medoids,1571330722,200,4.09914e9,5.37376e9,29.0846518,30.3052158,SqEuclidean,blended,252,1.6433894106269996e6,insample,1994
per,k_medoids,1571330722,200,4.09914e9,4.45871e9,44.0036756,44.4014066,SqEuclidean,blended,165,707577.619687,insample,1998
per,k_medoids,1571330722,200,4.09914e9,4.41808e9,37.4765707,33.593367199999996,SqEuclidean,blended,175,675182.847981,insample,2004
per,k_medoids,1571330722,200,4.09914e9,4.51408e9,32.4964987,31.699004,SqEuclidean,blended,157,783875.3972570001,insample,2008
per,k_medoids,1571330722,200,4.09914e9,4.74457e9,33.1287586,33.8762077,SqEuclidean,blended,246,1.030236495687e6,insample,2011
per,k_medoids,1571330722,200,4.09914e9,4.21304e9,32.8619038,30.8676971,SqEuclidean,blended,133,433788.261734,insample,2012
per,k_medoids,1571330722,200,4.09914e9,4.54388e9,34.0193863,30.6243955,SqEuclidean,blended,154,791692.112585,insample,2016
per,k_medoids,2110474755,200,4.1204e9,5.82643e11,63.0334551,73.5990975,SqEuclidean,blended,3688,3.9548358739585e7,initial,initial
per,k_medoids,2110474755,200,4.1204e9,5.06758e9,33.198268,32.4752936,SqEuclidean,blended,344,1.331545990736e6,insample,1982
per,k_medoids,2110474755,200,4.1204e9,5.55868e9,32.6060555,31.8938171,SqEuclidean,blended,235,1.7745444523620002e6,insample,1986
per,k_medoids,2110474755,200,4.1204e9,4.08962e9,45.9715858,45.0338149,SqEuclidean,blended,135,396760.99430499994,insample,1990
per,k_medoids,2110474755,200,4.1204e9,5.34765e9,30.192274,29.907431,SqEuclidean,blended,246,1.6174042646389997e6,insample,1994
per,k_medoids,2110474755,200,4.1204e9,4.3981e9,43.1510583,37.9747951,SqEuclidean,blended,153,646782.0693670001,insample,1998
per,k_medoids,2110474755,200,4.1204e9,4.37695e9,37.2475804,32.6412424,SqEuclidean,blended,157,633955.4152429999,insample,2004
per,k_medoids,2110474755,200,4.1204e9,4.46331e9,33.6107898,31.0537854,SqEuclidean,blended,139,733041.055108,insample,2008
per,k_medoids,2110474755,200,4.1204e9,4.68747e9,32.6188093,33.8645657,SqEuclidean,blended,227,972933.08635,insample,2011
per,k_medoids,2110474755,200,4.1204e9,4.17545e9,33.8305417,30.4391176,SqEuclidean,blended,123,396160.4943270001,insample,2012
per,k_medoids,2110474755,200,4.1204e9,4.50388e9,33.8601146,32.376471699999996,SqEuclidean,blended,145,751633.0991319999,insample,2016
per,k_medoids,2358156674,200,4.09624e9,6.29047e11,64.9764574,72.1099556,SqEuclidean,blended,3615,3.9471509309011e7,initial,initial
per,k_medoids,2358156674,200,4.09624e9,5.14396e9,32.2209072,35.352703299999995,SqEuclidean,blended,357,1.4072464032599998e6,insample,1982
per,k_medoids,2358156674,200,4.09624e9,5.59649e9,33.542597,33.567961200000006,SqEuclidean,blended,258,1.811719544596e6,insample,1986
per,k_medoids,2358156674,200,4.09624e9,4.1461e9,42.4140995,42.0809208,SqEuclidean,blended,155,452508.594865,insample,1990
per,k_medoids,2358156674,200,4.09624e9,5.45207e9,28.7734983,29.8029623,SqEuclidean,blended,278,1.720698326658e6,insample,1994
per,k_medoids,2358156674,200,4.09624e9,4.52917e9,41.6636004,39.4688126,SqEuclidean,blended,187,777392.628854,insample,1998
per,k_medoids,2358156674,200,4.09624e9,4.47518e9,36.0910658,32.632763100000005,SqEuclidean,blended,203,731379.090964,insample,2004
per,k_medoids,2358156674,200,4.09624e9,4.58331e9,32.6177282,30.8502333,SqEuclidean,blended,175,852211.3123440001,insample,2008
per,k_medoids,2358156674,200,4.09624e9,4.80617e9,32.9950913,30.6174805,SqEuclidean,blended,257,1.0911015798869994e6,insample,2011
per,k_medoids,2358156674,200,4.09624e9,4.27306e9,33.6151749,33.5518851,SqEuclidean,blended,141,492976.806449,insample,2012
per,k_medoids,2358156674,200,4.09624e9,4.62902e9,33.021,32.9715872,SqEuclidean,blended,176,875845.6023399998,insample,2016
per,k_medoids,2454944798,200,4.09342e9,5.72014e11,63.9189376,74.2328617,SqEuclidean,blended,3595,3.9328627818639e7,initial,initial
per,k_medoids,2454944798,200,4.09342e9,5.14441e9,31.7426282,31.0933183,SqEuclidean,blended,349,1.4084739818380002e6,insample,1982
per,k_medoids,2454944798,200,4.09342e9,5.65172e9,33.6821254,31.782771299999997,SqEuclidean,blended,270,1.8680524918440003e6,insample,1986
per,k_medoids,2454944798,200,4.09342e9,4.13849e9,42.5802038,43.234301900000006,SqEuclidean,blended,157,445595.69064100005,insample,1990
per,k_medoids,2454944798,200,4.09342e9,5.43192e9,29.7871553,28.774566,SqEuclidean,blended,275,1.701371178219e6,insample,1994
per,k_medoids,2454944798,200,4.09342e9,4.52146e9,41.2719283,39.9956775,SqEuclidean,blended,178,770468.730029,insample,1998
per,k_medoids,2454944798,200,4.09342e9,4.48908e9,36.2816534,32.9991536,SqEuclidean,blended,200,746331.67923,insample,2004
per,k_medoids,2454944798,200,4.09342e9,4.55044e9,32.4675959,30.7735174,SqEuclidean,blended,163,820103.0199380001,insample,2008
per,k_medoids,2454944798,200,4.09342e9,4.78682e9,32.6092206,31.5972025,SqEuclidean,blended,252,1.0724963372619995e6,insample,2011
per,k_medoids,2454944798,200,4.09342e9,4.23655e9,32.7578648,30.8516702,SqEuclidean,blended,136,457331.4970200001,insample,2012
per,k_medoids,2454944798,200,4.09342e9,4.59336e9,32.2640178,34.0708325,SqEuclidean,blended,168,841245.390257,insample,2016
per,k_medoids,3126457023,200,4.09262e9,5.21894e11,64.3787824,72.5323817,SqEuclidean,blended,3601,3.9228574321027994e7,initial,initial
per,k_medoids,3126457023,200,4.09262e9,5.15225e9,33.4262637,31.0813922,SqEuclidean,blended,365,1.41524176593e6,insample,1982
per,k_medoids,3126457023,200,4.09262e9,5.63833e9,32.6178477,32.0212861,SqEuclidean,blended,260,1.853190982543e6,insample,1986
per,k_medoids,3126457023,200,4.09262e9,4.11888e9,41.2144825,45.219981,SqEuclidean,blended,159,425074.5905460001,insample,1990
per,k_medoids,3126457023,200,4.09262e9,5.39304e9,29.7323432,30.719891500000003,SqEuclidean,blended,258,1.661627597619e6,insample,1994
per,k_medoids,3126457023,200,4.09262e9,4.49012e9,42.0897057,40.9621819,SqEuclidean,blended,172,738006.1039470001,insample,1998
per,k_medoids,3126457023,200,4.09262e9,4.43255e9,35.5760989,33.7820521,SqEuclidean,blended,184,688522.173685,insample,2004
per,k_medoids,3126457023,200,4.09262e9,4.52872e9,33.7163089,34.1504396,SqEuclidean,blended,167,797648.91431,insample,2008
per,k_medoids,3126457023,200,4.09262e9,4.75786e9,32.9163522,32.5458361,SqEuclidean,blended,247,1.0424816347450002e6,insample,2011
per,k_medoids,3126457023,200,4.09262e9,4.21315e9,33.6646665,31.0314135,SqEuclidean,blended,137,432726.56334400014,insample,2012
per,k_medoids,3126457023,200,4.09262e9,4.56528e9,33.4354659,30.727861200000003,SqEuclidean,blended,163,811936.55116,insample,2016
per,k_medoids,4093639103,200,4.11257e9,5.74996e11,63.4712175,73.1225652,SqEuclidean,blended,3643,3.9574256679639e7,initial,initial
per,k_medoids,4093639103,200,4.11257e9,5.08366e9,32.3344219,31.7223913,SqEuclidean,blended,320,1.3449809546479995e6,insample,1982
per,k_medoids,4093639103,200,4.11257e9,5.6077e9,32.533823,30.6909421,SqEuclidean,blended,250,1.821049459319e6,insample,1986
per,k_medoids,4093639103,200,4.11257e9,4.09816e9,40.9371325,39.1166792,SqEuclidean,blended,138,403008.487295,insample,1990
per,k_medoids,4093639103,200,4.11257e9,5.36256e9,29.7133184,29.7107032,SqEuclidean,blended,236,1.629731406844e6,insample,1994
per,k_medoids,4093639103,200,4.11257e9,4.4317e9,42.3537884,39.7200371,SqEuclidean,blended,143,677980.739177,insample,1998
per,k_medoids,4093639103,200,4.11257e9,4.39245e9,34.3549635,35.880046400000005,SqEuclidean,blended,155,646901.12395,insample,2004
per,k_medoids,4093639103,200,4.11257e9,4.47615e9,32.8943514,32.5365237,SqEuclidean,blended,147,743357.8746930001,insample,2008
per,k_medoids,4093639103,200,4.11257e9,4.70255e9,32.2975087,33.969774099999995,SqEuclidean,blended,218,985652.974955,insample,2011
per,k_medoids,4093639103,200,4.11257e9,4.17747e9,34.6334283,31.5129463,SqEuclidean,blended,118,395534.629285,insample,2012
per,k_medoids,4093639103,200,4.11257e9,4.52561e9,32.9229562,31.4660651,SqEuclidean,blended,148,770989.4130790001,insample,2016
per,k_medoids,4109171108,200,4.18673e9,5.83246e11,63.3022783,72.6751784,SqEuclidean,blended,3620,3.9859441427855e7,initial,initial
per,k_medoids,4109171108,200,4.18673e9,5.01747e9,33.2116318,31.0729852,SqEuclidean,blended,294,1.2823113155679998e6,insample,1982
per,k_medoids,4109171108,200,4.18673e9,5.52835e9,32.7929166,33.0720429,SqEuclidean,blended,224,1.745138816196e6,insample,1986
per,k_medoids,4109171108,200,4.18673e9,4.07262e9,40.9616121,42.7525358,SqEuclidean,blended,115,380758.836133,insample,1990
per,k_medoids,4109171108,200,4.18673e9,5.33618e9,29.7310477,37.5956066,SqEuclidean,blended,231,1.607014120701e6,insample,1994
per,k_medoids,4109171108,200,4.18673e9,4.3782e9,44.8755439,40.5738099,SqEuclidean,blended,129,627893.8208810001,insample,1998
per,k_medoids,4109171108,200,4.18673e9,4.37089e9,39.2673663,33.1538361,SqEuclidean,blended,150,628937.416435,insample,2004
per,k_medoids,4109171108,200,4.18673e9,4.44113e9,32.4467893,32.663577200000006,SqEuclidean,blended,116,711933.9766340001,insample,2008
per,k_medoids,4109171108,200,4.18673e9,4.67037e9,33.9120501,31.6168497,SqEuclidean,blended,204,956787.436623,insample,2011
per,k_medoids,4109171108,200,4.18673e9,4.14796e9,32.7352866,31.4563227,SqEuclidean,blended,102,369614.342804,insample,2012
per,k_medoids,4109171108,200,4.18673e9,4.48343e9,34.8702112,32.833888699999996,SqEuclidean,blended,125,732129.1613359998,insample,2016
per,k_medoids,535977374,200,4.10283e9,6.72601e11,69.5979032,73.5532199,SqEuclidean,blended,3629,3.945873091698499e7,initial,initial
per,k_medoids,535977374,200,4.10283e9,5.10988e9,33.0011501,30.5554325,SqEuclidean,blended,337,1.3734483392309998e6,insample,1982
per,k_medoids,535977374,200,4.10283e9,5.58683e9,32.6608156,32.4370867,SqEuclidean,blended,245,1.802166717266e6,insample,1986
per,k_medoids,535977374,200,4.10283e9,4.10529e9,40.6334171,38.279472600000005,SqEuclidean,blended,147,411993.969333,insample,1990
per,k_medoids,535977374,200,4.10283e9,5.36578e9,29.7932958,28.227701399999997,SqEuclidean,blended,250,1.634949809551e6,insample,1994
per,k_medoids,535977374,200,4.10283e9,4.4513e9,41.3132725,41.1857459,SqEuclidean,blended,161,699646.9465190002,insample,1998
per,k_medoids,535977374,200,4.10283e9,4.40818e9,38.9963276,34.4208523,SqEuclidean,blended,173,664714.9697540001,insample,2004
per,k_medoids,535977374,200,4.10283e9,4.50878e9,32.4828324,30.5936952,SqEuclidean,blended,150,778206.248154,insample,2008
per,k_medoids,535977374,200,4.10283e9,4.7344e9,32.3999779,34.7760969,SqEuclidean,blended,239,1.0194893525149998e6,insample,2011
per,k_medoids,535977374,200,4.10283e9,4.20231e9,32.7259252,30.7839699,SqEuclidean,blended,128,422433.078519,insample,2012
per,k_medoids,535977374,200,4.10283e9,4.53833e9,32.6293004,33.2704402,SqEuclidean,blended,151,785567.4265930001,insample,2016
per,k_medoids,123456789,50,3.96448e9,3.80306e11,11.8773853,70.0092963,SqEuclidean,blended,3613,3.9292072407638e7,initial,initial
per,k_medoids,123456789,50,3.96448e9,5.19573e9,41.2251215,41.3868412,SqEuclidean,blended,397,1.4623544852210002e6,insample,1982
per,k_medoids,123456789,50,3.96448e9,5.6824e9,40.1833628,38.93226859999999,SqEuclidean,blended,292,1.901147533092e6,insample,1986
per,k_medoids,123456789,50,3.96448e9,4.15353e9,39.7354104,38.7435071,SqEuclidean,blended,176,463107.602849,insample,1990
per,k_medoids,123456789,50,3.96448e9,5.45292e9,39.0092617,39.0216501,SqEuclidean,blended,292,1.725051155821e6,insample,1994
per,k_medoids,123456789,50,3.96448e9,4.54866e9,38.0681861,40.1980439,SqEuclidean,blended,205,800336.210491,insample,1998
per,k_medoids,123456789,50,3.96448e9,4.52245e9,40.1089494,41.4996201,SqEuclidean,blended,236,782235.004361,insample,2004
per,k_medoids,123456789,50,3.96448e9,4.56297e9,42.7547455,40.2479832,SqEuclidean,blended,186,835271.0597350001,insample,2008
per,k_medoids,123456789,50,3.96448e9,4.80858e9,41.6652132,39.6904533,SqEuclidean,blended,280,1.0967206287319998e6,insample,2011
per,k_medoids,123456789,50,3.96448e9,4.25569e9,40.855973,38.2497853,SqEuclidean,blended,158,479007.3062479999,insample,2012
per,k_medoids,123456789,50,3.96448e9,4.61395e9,41.1388769,41.3245604,SqEuclidean,blended,189,864208.8283350001,insample,2016
per,k_medoids,1286268702,50,4.01367e9,4.62358e11,11.9677886,68.9506585,SqEuclidean,blended,3586,3.9341903340432e7,initial,initial
per,k_medoids,1286268702,50,4.01367e9,5.16853e9,36.3271948,37.9637639,SqEuclidean,blended,372,1.433131398435e6,insample,1982
per,k_medoids,1286268702,50,4.01367e9,5.67133e9,34.8550459,35.7831469,SqEuclidean,blended,279,1.887981572195e6,insample,1986
per,k_medoids,1286268702,50,4.01367e9,4.1468e9,35.9405341,33.4445135,SqEuclidean,blended,164,454708.277408,insample,1990
per,k_medoids,1286268702,50,4.01367e9,5.44765e9,34.5878364,34.3639231,SqEuclidean,blended,290,1.7178815130539995e6,insample,1994
per,k_medoids,1286268702,50,4.01367e9,4.53839e9,38.0917435,35.8859225,SqEuclidean,blended,186,788051.815065,insample,1998
per,k_medoids,1286268702,50,4.01367e9,4.51221e9,36.4158021,34.480940999999994,SqEuclidean,blended,216,770026.6605840002,insample,2004
per,k_medoids,1286268702,50,4.01367e9,4.55763e9,36.1090979,35.8516319,SqEuclidean,blended,175,828125.9925140002,insample,2008
per,k_medoids,1286268702,50,4.01367e9,4.80141e9,36.7783776,35.2216455,SqEuclidean,blended,258,1.0876593401819998e6,insample,2011
per,k_medoids,1286268702,50,4.01367e9,4.24811e9,36.6420281,34.1724938,SqEuclidean,blended,143,469313.55800599995,insample,2012
per,k_medoids,1286268702,50,4.01367e9,4.60454e9,38.1615365,37.1598006,SqEuclidean,blended,177,852755.271207,insample,2016
per,k_medoids,1308502331,50,3.92921e9,3.53161e11,12.3516887,70.7868443,SqEuclidean,blended,3616,3.9205196581628e7,initial,initial
per,k_medoids,1308502331,50,3.92921e9,5.38399e9,40.228912,45.044526,SqEuclidean,blended,556,1.652110197725e6,insample,1982
per,k_medoids,1308502331,50,3.92921e9,5.84324e9,40.3124006,42.1173071,SqEuclidean,blended,444,2.0636204967499997e6,insample,1986
per,k_medoids,1308502331,50,3.92921e9,4.21581e9,41.3516382,41.7125147,SqEuclidean,blended,242,526320.171239,insample,1990
per,k_medoids,1308502331,50,3.92921e9,5.54398e9,39.3716589,43.9700884,SqEuclidean,blended,364,1.816967492418e6,insample,1994
per,k_medoids,1308502331,50,3.92921e9,4.67462e9,41.5627691,43.0628938,SqEuclidean,blended,314,927733.353151,insample,1998
per,k_medoids,1308502331,50,3.92921e9,4.66009e9,41.2344561,42.3924779,SqEuclidean,blended,376,921047.707624,insample,2004
per,k_medoids,1308502331,50,3.92921e9,4.67413e9,41.6535701,42.2078846,SqEuclidean,blended,280,947581.899106,insample,2008
per,k_medoids,1308502331,50,3.92921e9,4.93036e9,41.4575236,44.6453995,SqEuclidean,blended,403,1.219754413635e6,insample,2011
per,k_medoids,1308502331,50,3.92921e9,4.4217e9,39.8781645,44.1060713,SqEuclidean,blended,332,646616.5955209999,insample,2012
per,k_medoids,1308502331,50,3.92921e9,4.77842e9,38.3791616,39.8803427,SqEuclidean,blended,344,1.029777390199e6,insample,2016
per,k_medoids,1573928461,50,4.03539e9,4.72757e11,13.0690283,74.3362057,SqEuclidean,blended,3610,3.9179739984785005e7,initial,initial
per,k_medoids,1573928461,50,4.03539e9,5.20194e9,36.9570564,35.779667499999995,SqEuclidean,blended,409,1.466587855751e6,insample,1982
per,k_medoids,1573928461,50,4.03539e9,5.69032e9,36.6558221,34.1683297,SqEuclidean,blended,296,1.906996137214e6,insample,1986
per,k_medoids,1573928461,50,4.03539e9,4.14834e9,35.6982166,34.293612,SqEuclidean,blended,177,455929.35104200005,insample,1990
per,k_medoids,1573928461,50,4.03539e9,5.43009e9,37.9098404,34.2761829,SqEuclidean,blended,287,1.7002365096719996e6,insample,1994
per,k_medoids,1573928461,50,4.03539e9,4.5417e9,37.5065693,36.407670499999995,SqEuclidean,blended,202,791281.4455840001,insample,1998
per,k_medoids,1573928461,50,4.03539e9,4.52391e9,36.9894639,33.2205659,SqEuclidean,blended,246,781689.3545260001,insample,2004
per,k_medoids,1573928461,50,4.03539e9,4.5537e9,36.6323153,32.803537999999996,SqEuclidean,blended,186,824089.0951290003,insample,2008
per,k_medoids,1573928461,50,4.03539e9,4.8058e9,38.2526906,34.4715014,SqEuclidean,blended,281,1.0920096772979996e6,insample,2011
per,k_medoids,1573928461,50,4.03539e9,4.24916e9,41.6513645,43.691923,SqEuclidean,blended,154,470477.738338,insample,2012
per,k_medoids,1573928461,50,4.03539e9,4.60493e9,39.1346819,43.7760822,SqEuclidean,blended,199,853254.9969649999,insample,2016
per,k_medoids,1991051616,50,3.97132e9,4.0627e11,12.7184975,70.2643368,SqEuclidean,blended,3607,3.9166925614494e7,initial,initial
per,k_medoids,1991051616,50,3.97132e9,5.12149e9,37.8188201,36.9535498,SqEuclidean,blended,331,1.387087560192e6,insample,1982
per,k_medoids,1991051616,50,3.97132e9,5.64848e9,39.3990228,35.9646033,SqEuclidean,blended,262,1.866203344203e6,insample,1986
per,k_medoids,1991051616,50,3.97132e9,4.12129e9,37.4849884,36.530167299999995,SqEuclidean,blended,140,430134.68308999995,insample,1990
per,k_medoids,1991051616,50,3.97132e9,5.40687e9,36.7721736,39.555709799999995,SqEuclidean,blended,262,1.678346050552e6,insample,1994
per,k_medoids,1991051616,50,3.97132e9,4.51128e9,37.6123054,36.6269306,SqEuclidean,blended,166,762106.924587,insample,1998
per,k_medoids,1991051616,50,3.97132e9,4.50372e9,37.6048513,35.734953700000005,SqEuclidean,blended,208,762696.5358540001,insample,2004
per,k_medoids,1991051616,50,3.97132e9,4.5323e9,39.0382756,35.9562862,SqEuclidean,blended,158,804038.8931630001,insample,2008
per,k_medoids,1991051616,50,3.97132e9,4.77842e9,37.98057,37.4046608,SqEuclidean,blended,243,1.065787760469e6,insample,2011
per,k_medoids,1991051616,50,3.97132e9,4.2224e9,37.8082035,39.8979213,SqEuclidean,blended,129,444899.5958740001,insample,2012
per,k_medoids,1991051616,50,3.97132e9,4.57219e9,35.8427857,39.020868199999995,SqEuclidean,blended,156,821628.395899,insample,2016
per,k_medoids,2678701235,50,4.01122e9,4.17476e11,12.0603607,70.8359517,SqEuclidean,blended,3621,3.9303781245522e7,initial,initial
per,k_medoids,2678701235,50,4.01122e9,5.25553e9,38.9540238,34.513014600000005,SqEuclidean,blended,456,1.522563827921e6,insample,1982
per,k_medoids,2678701235,50,4.01122e9,5.71003e9,36.4659663,33.371043,SqEuclidean,blended,343,1.928980556916e6,insample,1986
per,k_medoids,2678701235,50,4.01122e9,4.16547e9,37.7691814,34.5859732,SqEuclidean,blended,196,475136.6400869999,insample,1990
per,k_medoids,2678701235,50,4.01122e9,5.44489e9,37.2439283,36.5022491,SqEuclidean,blended,305,1.7171399627889995e6,insample,1994
per,k_medoids,2678701235,50,4.01122e9,4.56343e9,37.5388704,33.128457399999995,SqEuclidean,blended,233,815196.1466290002,insample,1998
per,k_medoids,2678701235,50,4.01122e9,4.55312e9,37.1140638,35.6772395,SqEuclidean,blended,294,813130.973646,insample,2004
per,k_medoids,2678701235,50,4.01122e9,4.57396e9,36.2588229,34.1596073,SqEuclidean,blended,213,846313.744436,insample,2008
per,k_medoids,2678701235,50,4.01122e9,4.82583e9,38.5068494,38.4072864,SqEuclidean,blended,305,1.114145417847e6,insample,2011
per,k_medoids,2678701235,50,4.01122e9,4.28886e9,37.0473595,33.552753,SqEuclidean,blended,196,512455.273055,insample,2012
per,k_medoids,2678701235,50,4.01122e9,4.63529e9,37.2335801,33.1466895,SqEuclidean,blended,232,885755.249058,insample,2016
per,k_medoids,3861234567,50,4.04186e9,4.35122e11,12.5748318,73.2890686,SqEuclidean,blended,3609,3.9290348796603e7,initial,initial
per,k_medoids,3861234567,50,4.04186e9,5.37525e9,36.50635,35.074842000000004,SqEuclidean,blended,543,1.6384818368729996e6,insample,1982
per,k_medoids,3861234567,50,4.04186e9,5.83922e9,37.1408629,33.938080799999994,SqEuclidean,blended,438,2.0545589511859997e6,insample,1986
per,k_medoids,3861234567,50,4.04186e9,4.21814e9,35.9979468,33.8788763,SqEuclidean,blended,238,524004.70909,insample,1990
per,k_medoids,3861234567,50,4.04186e9,5.54687e9,35.6821297,34.6960541,SqEuclidean,blended,357,1.814829296907e6,insample,1994
per,k_medoids,3861234567,50,4.04186e9,4.67292e9,34.857906,37.1395138,SqEuclidean,blended,302,920917.525972,insample,1998
per,k_medoids,3861234567,50,4.04186e9,4.65493e9,37.8033396,34.665058,SqEuclidean,blended,369,910942.869902,insample,2004
per,k_medoids,3861234567,50,4.04186e9,4.67181e9,34.5785886,31.4438864,SqEuclidean,blended,268,940236.651762,insample,2008
per,k_medoids,3861234567,50,4.04186e9,4.92407e9,38.3124605,35.8297635,SqEuclidean,blended,391,1.2086909509919998e6,insample,2011
per,k_medoids,3861234567,50,4.04186e9,4.41219e9,38.1459466,36.6258265,SqEuclidean,blended,310,631815.633467,insample,2012
per,k_medoids,3861234567,50,4.04186e9,4.77743e9,36.7488984,34.508487200000005,SqEuclidean,blended,340,1.023895127918e6,insample,2016
per,k_medoids,477073181,50,4.04916e9,4.56445e11,13.1133721,72.8423595,SqEuclidean,blended,3604,3.9154381111159e7,initial,initial
per,k_medoids,477073181,50,4.04916e9,5.33953e9,42.6159099,39.5778657,SqEuclidean,blended,542,1.6027932784799996e6,insample,1982
per,k_medoids,477073181,50,4.04916e9,5.81837e9,41.0284886,40.7432891,SqEuclidean,blended,427,2.033602133744e6,insample,1986
per,k_medoids,477073181,50,4.04916e9,4.17983e9,40.028334,41.632917199999994,SqEuclidean,blended,230,485669.697354,insample,1990
per,k_medoids,477073181,50,4.04916e9,5.44376e9,37.5688794,40.535726100000005,SqEuclidean,blended,336,1.71193699795e6,insample,1994
per,k_medoids,477073181,50,4.04916e9,4.58527e9,36.1011203,34.8624747,SqEuclidean,blended,287,833065.739456,insample,1998
per,k_medoids,477073181,50,4.04916e9,4.57956e9,37.580576,38.0998565,SqEuclidean,blended,337,835602.934918,insample,2004
per,k_medoids,477073181,50,4.04916e9,4.5952e9,37.1568089,33.572626500000005,SqEuclidean,blended,247,863756.7743439999,insample,2008
per,k_medoids,477073181,50,4.04916e9,4.85383e9,37.3682583,34.8714741,SqEuclidean,blended,369,1.1383617731119995e6,insample,2011
per,k_medoids,477073181,50,4.04916e9,4.34656e9,36.6073517,35.9511514,SqEuclidean,blended,303,566243.4299989999,insample,2012
per,k_medoids,477073181,50,4.04916e9,4.68118e9,37.8099573,33.7955377,SqEuclidean,blended,312,927878.742534,insample,2016
per,k_medoids,876543210,50,4.01078e9,4.20382e11,12.6210966,68.7793136,SqEuclidean,blended,3612,3.9188456832158e7,initial,initial
per,k_medoids,876543210,50,4.01078e9,5.33169e9,37.3016935,32.1081295,SqEuclidean,blended,509,1.599115468206e6,insample,1982
per,k_medoids,876543210,50,4.01078e9,5.78718e9,35.9289272,33.7497021,SqEuclidean,blended,389,2.006770756847e6,insample,1986
per,k_medoids,876543210,50,4.01078e9,4.20258e9,35.5450353,34.041349499999995,SqEuclidean,blended,216,512565.47147900006,insample,1990
per,k_medoids,876543210,50,4.01078e9,5.53083e9,36.2856246,34.240984499999996,SqEuclidean,blended,340,1.803232027155e6,insample,1994
per,k_medoids,876543210,50,4.01078e9,4.64633e9,36.5332902,33.680923,SqEuclidean,blended,275,898730.127601,insample,1998
per,k_medoids,876543210,50,4.01078e9,4.61929e9,35.074983,34.368765499999995,SqEuclidean,blended,344,879541.703224,insample,2004
per,k_medoids,876543210,50,4.01078e9,4.65328e9,36.6774086,36.808188300000005,SqEuclidean,blended,245,926103.264098,insample,2008
per,k_medoids,876543210,50,4.01078e9,4.8907e9,35.6934655,31.3623449,SqEuclidean,blended,356,1.1794145850719998e6,insample,2011
per,k_medoids,876543210,50,4.01078e9,4.36212e9,37.1699057,35.0533951,SqEuclidean,blended,263,586168.77354,insample,2012
per,k_medoids,876543210,50,4.01078e9,4.74118e9,36.867247,37.4240333,SqEuclidean,blended,292,991882.39672,insample,2016
per,k_medoids,987654321,50,3.99981e9,4.0568e11,11.4362801,69.6394039,SqEuclidean,blended,3628,3.9297126021126e7,initial,initial
per,k_medoids,987654321,50,3.99981e9,5.10918e9,36.797576,33.58491,SqEuclidean,blended,329,1.373750187699e6,insample,1982
per,k_medoids,987654321,50,3.99981e9,5.59539e9,35.9845395,32.8742639,SqEuclidean,blended,250,1.811848540796e6,insample,1986
per,k_medoids,987654321,50,3.99981e9,4.12281e9,38.0040125,35.3059229,SqEuclidean,blended,144,430639.41646299994,insample,1990
per,k_medoids,987654321,50,3.99981e9,5.40079e9,32.3615999,33.5118099,SqEuclidean,blended,269,1.671047506525e6,insample,1994
per,k_medoids,987654321,50,3.99981e9,4.49014e9,37.475284,32.483293100000004,SqEuclidean,blended,169,739649.2023320001,insample,1998
per,k_medoids,987654321,50,3.99981e9,4.49024e9,36.4922613,35.869341299999995,SqEuclidean,blended,210,748081.2144919999,insample,2004
per,k_medoids,987654321,50,3.99981e9,4.52786e9,36.1312652,34.242750900000004,SqEuclidean,blended,156,798234.9582600002,insample,2008
per,k_medoids,987654321,50,3.99981e9,4.77594e9,37.1308935,32.5723985,SqEuclidean,blended,243,1.062164883787e6,insample,2011
per,k_medoids,987654321,50,3.99981e9,4.23915e9,35.6504527,34.105224799999995,SqEuclidean,blended,136,460437.555324,insample,2012
per,k_medoids,987654321,50,3.99981e9,4.56291e9,36.424976,36.0304788,SqEuclidean,blended,158,811099.1976999999,insample,2016
per,k_means,1005471400,100,3.85215e9,2.30366e11,30.3313252,66.8140901,SqEuclidean,blended,3594,3.9166970308276005e7,initial,initial
per,k_means,1005471400,100,3.85215e9,5.45257e9,32.2346574,30.5090938,SqEuclidean,blended,619,1.7225285867209998e6,insample,1982
per,k_means,1005471400,100,3.85215e9,5.92963e9,39.5020227,41.7220247,SqEuclidean,blended,535,2.1519544254600005e6,insample,1986
per,k_means,1005471400,100,3.85215e9,4.23594e9,42.587676,39.928112,SqEuclidean,blended,279,548362.56192,insample,1990
per,k_means,1005471400,100,3.85215e9,5.5661e9,29.6791263,27.9978136,SqEuclidean,blended,410,1.8409368254829997e6,insample,1994
per,k_means,1005471400,100,3.85215e9,4.72499e9,41.0812257,41.8743741,SqEuclidean,blended,399,979998.2051490002,insample,1998
per,k_means,1005471400,100,3.85215e9,4.71148e9,37.6547383,33.6417033,SqEuclidean,blended,446,974244.75995,insample,2004
per,k_means,1005471400,100,3.85215e9,4.69831e9,31.9209886,30.9706687,SqEuclidean,blended,315,973698.235443,insample,2008
per,k_means,1005471400,100,3.85215e9,4.99689e9,31.3071779,30.5591396,SqEuclidean,blended,472,1.287995277061e6,insample,2011
per,k_means,1005471400,100,3.85215e9,4.49017e9,32.1909556,30.974452,SqEuclidean,blended,398,717036.938737,insample,2012
per,k_means,1005471400,100,3.85215e9,4.83365e9,32.8779862,32.413413799999994,SqEuclidean,blended,431,1.0868416090340002e6,insample,2016
per,k_means,1262311769,100,3.85738e9,2.27057e11,29.7985649,77.56311099999999,SqEuclidean,blended,3525,3.916614634539899e7,initial,initial
per,k_means,1262311769,100,3.85738e9,5.49909e9,30.407393,32.28459659999999,SqEuclidean,blended,668,1.769624041293e6,insample,1982
per,k_means,1262311769,100,3.85738e9,6.00312e9,39.7272321,39.0642313,SqEuclidean,blended,603,2.226197422676e6,insample,1986
per,k_means,1262311769,100,3.85738e9,4.25704e9,37.1384374,38.6805324,SqEuclidean,blended,313,569789.016253,insample,1990
per,k_means,1262311769,100,3.85738e9,5.59498e9,29.8147868,30.018748,SqEuclidean,blended,461,1.8702801125069996e6,insample,1994
per,k_means,1262311769,100,3.85738e9,4.76821e9,41.3286949,38.8272369,SqEuclidean,blended,450,1.023793990566e6,insample,1998
per,k_means,1262311769,100,3.85738e9,4.75804e9,32.5215083,41.2469632,SqEuclidean,blended,506,1.0213617024280002e6,insample,2004
per,k_means,1262311769,100,3.85738e9,4.72195e9,31.9669097,31.0755818,SqEuclidean,blended,358,997718.832722,insample,2008
per,k_means,1262311769,100,3.85738e9,5.04909e9,31.2864087,31.8896514,SqEuclidean,blended,537,1.34079310104e6,insample,2011
per,k_means,1262311769,100,3.85738e9,4.55035e9,31.6833502,31.2790583,SqEuclidean,blended,461,777908.8162909999,insample,2012
per,k_means,1262311769,100,3.85738e9,4.88436e9,33.3510942,31.5937247,SqEuclidean,blended,487,1.1382032975610003e6,insample,2016
per,k_means,1400059389,100,3.85218e9,2.21585e11,30.6490598,65.9339882,SqEuclidean,blended,3497,3.9167092386386e7,initial,initial
per,k_means,1400059389,100,3.85218e9,5.39188e9,30.3588973,31.8412037,SqEuclidean,blended,558,1.662048228424e6,insample,1982
per,k_means,1400059389,100,3.85218e9,5.84848e9,38.868272,39.670778,SqEuclidean,blended,459,2.070972043534e6,insample,1986
per,k_means,1400059389,100,3.85218e9,4.21648e9,38.2709887,40.1632246,SqEuclidean,blended,248,529208.91995,insample,1990
per,k_means,1400059389,100,3.85218e9,5.54253e9,29.0384299,29.2034878,SqEuclidean,blended,362,1.8177299920059997e6,insample,1994
per,k_means,1400059389,100,3.85218e9,4.68148e9,44.7537842,43.997741,SqEuclidean,blended,334,936806.128834,insample,1998
per,k_means,1400059389,100,3.85218e9,4.66297e9,32.4747473,32.5484065,SqEuclidean,blended,386,926087.97067,insample,2004
per,k_means,1400059389,100,3.85218e9,4.67634e9,31.5731201,31.5350659,SqEuclidean,blended,284,952067.157828,insample,2008
per,k_means,1400059389,100,3.85218e9,4.94423e9,32.2907989,30.4433814,SqEuclidean,blended,420,1.235577945443e6,insample,2011
per,k_means,1400059389,100,3.85218e9,4.42448e9,31.8050226,31.4783977,SqEuclidean,blended,344,651607.9865710001,insample,2012
per,k_means,1400059389,100,3.85218e9,4.78001e9,31.6029894,32.886155800000004,SqEuclidean,blended,356,1.033491022875e6,insample,2016
per,k_means,1693313909,100,3.87396e9,2.75222e11,25.8905881,61.9441076,SqEuclidean,blended,3585,3.9163735641949e7,initial,initial
per,k_means,1693313909,100,3.87396e9,5.47802e9,31.0645249,31.294174,SqEuclidean,blended,649,1.7470707654939997e6,insample,1982
per,k_means,1693313909,100,3.87396e9,5.96342e9,39.5760324,40.2065242,SqEuclidean,blended,564,2.1847637870639996e6,insample,1986
per,k_means,1693313909,100,3.87396e9,4.24258e9,40.5408301,38.770629,SqEuclidean,blended,285,554063.4495699996,insample,1990
per,k_means,1693313909,100,3.87396e9,5.58073e9,28.5591656,28.722034,SqEuclidean,blended,439,1.854560376912e6,insample,1994
per,k_means,1693313909,100,3.87396e9,4.74307e9,40.7413118,42.4146643,SqEuclidean,blended,420,997031.1064640002,insample,1998
per,k_means,1693313909,100,3.87396e9,4.73378e9,33.5745854,31.5188834,SqEuclidean,blended,468,995541.960799,insample,2004
per,k_means,1693313909,100,3.87396e9,4.7024e9,31.6539715,31.2528649,SqEuclidean,blended,334,976735.569306,insample,2008
per,k_means,1693313909,100,3.87396e9,5.00851e9,31.6131271,31.514862,SqEuclidean,blended,499,1.298661026575e6,insample,2011
per,k_means,1693313909,100,3.87396e9,4.51856e9,32.8848514,32.6369887,SqEuclidean,blended,430,744367.1421410001,insample,2012
per,k_means,1693313909,100,3.87396e9,4.85895e9,31.2511223,31.8307099,SqEuclidean,blended,452,1.111134846425e6,insample,2016
per,k_means,2483487299,100,3.85197e9,2.33487e11,30.1257297,68.0690616,SqEuclidean,blended,3583,3.9167118348455e7,initial,initial
per,k_means,2483487299,100,3.85197e9,5.49274e9,31.4147095,30.4171467,SqEuclidean,blended,661,1.763400720779e6,insample,1982
per,k_means,2483487299,100,3.85197e9,5.98814e9,39.9341552,38.0838736,SqEuclidean,blended,587,2.2112575738879996e6,insample,1986
per,k_means,2483487299,100,3.85197e9,4.25147e9,39.8887688,40.0303975,SqEuclidean,blended,308,564448.234319,insample,1990
per,k_means,2483487299,100,3.85197e9,5.58905e9,28.3232542,30.1257763,SqEuclidean,blended,445,1.864516297396e6,insample,1994
per,k_means,2483487299,100,3.85197e9,4.76242e9,43.0298645,41.4052148,SqEuclidean,blended,442,1.018147621995e6,insample,1998
per,k_means,2483487299,100,3.85197e9,4.7496e9,30.2336152,33.8586642,SqEuclidean,blended,496,1.013043500702e6,insample,2004
per,k_means,2483487299,100,3.85197e9,4.71561e9,31.1437849,30.8260683,SqEuclidean,blended,349,991590.255552,insample,2008
per,k_means,2483487299,100,3.85197e9,5.03918e9,31.9751375,34.2492039,SqEuclidean,blended,530,1.330971378153e6,insample,2011
per,k_means,2483487299,100,3.85197e9,4.53896e9,31.6586029,31.0634369,SqEuclidean,blended,453,766623.4685680001,insample,2012
per,k_means,2483487299,100,3.85197e9,4.87498e9,31.4431479,30.7745211,SqEuclidean,blended,474,1.1289059527890002e6,insample,2016
per,k_means,2529186237,100,3.85275e9,2.20073e11,28.4471272,66.51425330000001,SqEuclidean,blended,3474,3.9167104685034e7,initial,initial
per,k_means,2529186237,100,3.85275e9,5.43811e9,31.5367099,33.3602334,SqEuclidean,blended,596,1.708628443705e6,insample,1982
per,k_means,2529186237,100,3.85275e9,5.90779e9,40.0388432,42.3062466,SqEuclidean,blended,517,2.130590734865e6,insample,1986
per,k_means,2529186237,100,3.85275e9,4.22907e9,38.9749505,37.7454182,SqEuclidean,blended,266,542150.483197,insample,1990
per,k_means,2529186237,100,3.85275e9,5.55827e9,27.8605204,30.2591179,SqEuclidean,blended,395,1.8337070219799995e6,insample,1994
per,k_means,2529186237,100,3.85275e9,4.71248e9,40.4272193,40.8947185,SqEuclidean,blended,383,968087.2676429998,insample,1998
per,k_means,2529186237,100,3.85275e9,4.69778e9,31.5070845,30.853617699999997,SqEuclidean,blended,438,961118.708823,insample,2004
per,k_means,2529186237,100,3.85275e9,4.69144e9,33.8886412,32.7181271,SqEuclidean,blended,309,967456.900485,insample,2008
per,k_means,2529186237,100,3.85275e9,4.98146e9,32.0816077,32.7054167,SqEuclidean,blended,452,1.273014280901e6,insample,2011
per,k_means,2529186237,100,3.85275e9,4.47211e9,31.8653467,30.4750237,SqEuclidean,blended,380,699523.3412269999,insample,2012
per,k_means,2529186237,100,3.85275e9,4.81857e9,32.4948825,31.5077824,SqEuclidean,blended,404,1.072290411427e6,insample,2016
per,k_means,2910484191,100,3.84352e9,2.06435e11,29.6551027,66.5321352,SqEuclidean,blended,3543,3.9169323187392e7,initial,initial
per,k_means,2910484191,100,3.84352e9,5.47773e9,31.8616586,29.7673179,SqEuclidean,blended,650,1.7492165753139996e6,insample,1982
per,k_means,2910484191,100,3.84352e9,5.96559e9,39.5746572,38.1054861,SqEuclidean,blended,566,2.1894819184029996e6,insample,1986
per,k_means,2910484191,100,3.84352e9,4.2444e9,37.6659236,37.6210687,SqEuclidean,blended,296,558211.9727210001,insample,1990
per,k_means,2910484191,100,3.84352e9,5.57893e9,28.1983274,29.9814111,SqEuclidean,blended,430,1.8552537542839996e6,insample,1994
per,k_means,2910484191,100,3.84352e9,4.74867e9,42.4563908,39.7264215,SqEuclidean,blended,431,1.0052596986740002e6,insample,1998
per,k_means,2910484191,100,3.84352e9,4.73419e9,31.0232883,31.2642681,SqEuclidean,blended,471,998454.398076,insample,2004
per,k_means,2910484191,100,3.84352e9,4.70773e9,31.5124498,31.5269599,SqEuclidean,blended,338,984579.892178,insample,2008
per,k_means,2910484191,100,3.84352e9,5.02229e9,31.5600489,31.4376745,SqEuclidean,blended,510,1.314828456513e6,insample,2011
per,k_means,2910484191,100,3.84352e9,4.51968e9,31.3372548,31.7053551,SqEuclidean,blended,432,748192.7758379998,insample,2012
per,k_means,2910484191,100,3.84352e9,4.85863e9,31.9377497,32.450320600000005,SqEuclidean,blended,456,1.1133761061560004e6,insample,2016
per,k_means,2931455462,100,3.85176e9,2.34561e11,31.1115993,64.5105746,SqEuclidean,blended,3527,3.9167116101508e7,initial,initial
per,k_means,2931455462,100,3.85176e9,5.48058e9,30.5268104,31.2679865,SqEuclidean,blended,650,1.7510615961890002e6,insample,1982
per,k_means,2931455462,100,3.85176e9,5.97057e9,39.1299611,38.9340085,SqEuclidean,blended,576,2.1934949359050007e6,insample,1986
per,k_means,2931455462,100,3.85176e9,4.24676e9,38.9662489,36.9939642,SqEuclidean,blended,297,559590.407634,insample,1990
per,k_means,2931455462,100,3.85176e9,5.58143e9,28.9059509,27.8259313,SqEuclidean,blended,436,1.85673785026e6,insample,1994
per,k_means,2931455462,100,3.85176e9,4.75091e9,39.9234042,44.7106392,SqEuclidean,blended,432,1.0064634198959996e6,insample,1998
per,k_means,2931455462,100,3.85176e9,4.73735e9,31.434585,30.855116,SqEuclidean,blended,480,1.000624961471e6,insample,2004
per,k_means,2931455462,100,3.85176e9,4.7103e9,31.4380146,32.071777100000006,SqEuclidean,blended,335,986122.434471,insample,2008
per,k_means,2931455462,100,3.85176e9,5.0259e9,31.3916559,30.6524099,SqEuclidean,blended,511,1.317520120976e6,insample,2011
per,k_means,2931455462,100,3.85176e9,4.52368e9,32.1193168,31.5889115,SqEuclidean,blended,436,751142.949408,insample,2012
per,k_means,2931455462,100,3.85176e9,4.86223e9,31.5126966,31.2874242,SqEuclidean,blended,463,1.1159730584210004e6,insample,2016
per,k_means,3631457564,100,3.84961e9,2.28198e11,29.3392252,76.5283649,SqEuclidean,blended,3574,3.916745082659699e7,initial,initial
per,k_means,3631457564,100,3.84961e9,5.46517e9,31.0383071,32.3546318,SqEuclidean,blended,636,1.735090677452e6,insample,1982
per,k_means,3631457564,100,3.84961e9,5.94434e9,35.806919,39.299672699999995,SqEuclidean,blended,553,2.166553920314e6,insample,1986
per,k_means,3631457564,100,3.84961e9,4.23898e9,41.1316331,39.6038024,SqEuclidean,blended,288,551435.6957050001,insample,1990
per,k_means,3631457564,100,3.84961e9,5.57159e9,30.0280393,28.0550962,SqEuclidean,blended,424,1.846355722908e6,insample,1994
per,k_means,3631457564,100,3.84961e9,4.73614e9,40.2266133,38.9428782,SqEuclidean,blended,412,991123.5187990002,insample,1998
per,k_means,3631457564,100,3.84961e9,4.72194e9,31.5480279,30.9857424,SqEuclidean,blended,458,984645.8897299998,insample,2004
per,k_means,3631457564,100,3.84961e9,4.70185e9,30.5384818,32.5138969,SqEuclidean,blended,324,977194.462519,insample,2008
per,k_means,3631457564,100,3.84961e9,5.00776e9,30.5876288,30.9413175,SqEuclidean,blended,485,1.298746789192e6,insample,2011
per,k_means,3631457564,100,3.84961e9,4.50281e9,31.7234024,31.9684753,SqEuclidean,blended,415,729598.1188839999,insample,2012
per,k_means,3631457564,100,3.84961e9,4.84414e9,31.2017474,31.0716164,SqEuclidean,blended,445,1.097227427143e6,insample,2016
per,k_means,472808301,100,3.85368e9,2.4571e11,30.0937659,77.6602916,SqEuclidean,blended,3567,3.9166801433616e7,initial,initial
per,k_means,472808301,100,3.85368e9,5.45445e9,30.6112809,30.9195531,SqEuclidean,blended,617,1.724728843369e6,insample,1982
per,k_means,472808301,100,3.85368e9,5.93177e9,33.8742572,33.5944614,SqEuclidean,blended,533,2.154409561798e6,insample,1986
per,k_means,472808301,100,3.85368e9,4.23613e9,37.3314593,39.5988829,SqEuclidean,blended,280,548866.680542,insample,1990
per,k_means,472808301,100,3.85368e9,5.56666e9,28.7878531,30.299123100000003,SqEuclidean,blended,418,1.841817684036e6,insample,1994
per,k_means,472808301,100,3.85368e9,4.72641e9,41.3673796,39.6660235,SqEuclidean,blended,403,981752.134156,insample,1998
per,k_means,472808301,100,3.85368e9,4.7129e9,31.4868994,30.6181355,SqEuclidean,blended,452,975989.061948,insample,2004
per,k_means,472808301,100,3.85368e9,4.69858e9,33.0685455,31.3715325,SqEuclidean,blended,320,974291.411406,insample,2008
per,k_means,472808301,100,3.85368e9,4.99847e9,31.444667,30.3165563,SqEuclidean,blended,475,1.2898619768450002e6,insample,2011
per,k_means,472808301,100,3.85368e9,4.49192e9,31.3606358,31.8211417,SqEuclidean,blended,394,719123.0979970002,insample,2012
per,k_means,472808301,100,3.85368e9,4.83508e9,30.969433,33.4744518,SqEuclidean,blended,427,1.0885917122660002e6,insample,2016
per,k_means,1516602964,20,1.83644e9,9.83488e9,4.1568612,49.774629399999995,SqEuclidean,blended,5328,7.7268876627813e7,initial,initial
per,k_means,1516602964,20,1.83644e9,4.1844e10,37.1536896,40.663812,SqEuclidean,blended,12191,3.7968411322052e7,insample,1982
per,k_means,1516602964,20,1.83644e9,3.77182e10,35.2817076,37.1855229,SqEuclidean,blended,11745,3.3794190926818e7,insample,1986
per,k_means,1516602964,20,1.83644e9,3.26229e10,36.4524494,35.3001641,SqEuclidean,blended,10156,2.8788894323083e7,insample,1990
per,k_means,1516602964,20,1.83644e9,4.16046e10,34.9524819,37.6464853,SqEuclidean,blended,11802,3.774124283151699e7,insample,1994
per,k_means,1516602964,20,1.83644e9,3.34805e10,33.2834702,41.1007119,SqEuclidean,blended,10621,2.9592781212146e7,insample,1998
per,k_means,1516602964,20,1.83644e9,4.10138e10,33.58336,35.6294895,SqEuclidean,blended,11649,3.7155333643616006e7,insample,2004
per,k_means,1516602964,20,1.83644e9,3.32331e10,33.4551549,36.711703,SqEuclidean,blended,10226,2.9366449353236e7,insample,2008
per,k_means,1516602964,20,1.83644e9,3.74103e10,31.7233272,34.8230024,SqEuclidean,blended,11933,3.354037347613e7,insample,2011
per,k_means,1516602964,20,1.83644e9,3.6954e10,34.846974,33.0615804,SqEuclidean,blended,11501,3.3052470686752006e7,insample,2012
per,k_means,1516602964,20,1.83644e9,4.12384e10,34.0113265,35.1593954,SqEuclidean,blended,12535,3.7354049779788e7,insample,2016
per,k_means,1886534858,20,1.83644e9,9.83488e9,4.0059527,44.7867504,SqEuclidean,blended,5328,7.7268876627813e7,initial,initial
per,k_means,1886534858,20,1.83644e9,4.1844e10,33.6546974,35.256269999999994,SqEuclidean,blended,12191,3.7968411322052e7,insample,1982
per,k_means,1886534858,20,1.83644e9,3.77182e10,34.0343868,35.8365196,SqEuclidean,blended,11745,3.3794190926818e7,insample,1986
per,k_means,1886534858,20,1.83644e9,3.26229e10,32.9287683,34.4498394,SqEuclidean,blended,10156,2.8788894323083e7,insample,1990
per,k_means,1886534858,20,1.83644e9,4.16046e10,34.9536768,35.735810799999996,SqEuclidean,blended,11802,3.774124283151699e7,insample,1994
per,k_means,1886534858,20,1.83644e9,3.34805e10,32.622538,36.3456045,SqEuclidean,blended,10621,2.9592781212146e7,insample,1998
per,k_means,1886534858,20,1.83644e9,4.10138e10,35.2852242,34.743116199999996,SqEuclidean,blended,11649,3.7155333643616006e7,insample,2004
per,k_means,1886534858,20,1.83644e9,3.32331e10,34.7403895,35.7478642,SqEuclidean,blended,10226,2.9366449353236e7,insample,2008
per,k_means,1886534858,20,1.83644e9,3.74103e10,33.3037948,36.8173977,SqEuclidean,blended,11933,3.354037347613e7,insample,2011
per,k_means,1886534858,20,1.83644e9,3.6954e10,33.5983282,34.4239403,SqEuclidean,blended,11501,3.3052470686752006e7,insample,2012
per,k_means,1886534858,20,1.83644e9,4.12384e10,33.479926,37.3405868,SqEuclidean,blended,12535,3.7354049779788e7,insample,2016
per,k_means,2317698438,20,1.83644e9,9.83488e9,4.9127444,63.528538,SqEuclidean,blended,5328,7.7268876627813e7,initial,initial
per,k_means,2317698438,20,1.83644e9,4.1844e10,37.6758703,37.1039107,SqEuclidean,blended,12191,3.7968411322052e7,insample,1982
per,k_means,2317698438,20,1.83644e9,3.77182e10,37.7363746,38.3618901,SqEuclidean,blended,11745,3.3794190926818e7,insample,1986
per,k_means,2317698438,20,1.83644e9,3.26229e10,37.4212049,39.3274302,SqEuclidean,blended,10156,2.8788894323083e7,insample,1990
per,k_means,2317698438,20,1.83644e9,4.16046e10,37.1808328,36.7087572,SqEuclidean,blended,11802,3.774124283151699e7,insample,1994
per,k_means,2317698438,20,1.83644e9,3.34805e10,32.7075378,36.4536738,SqEuclidean,blended,10621,2.9592781212146e7,insample,1998
per,k_means,2317698438,20,1.83644e9,4.10138e10,37.3398678,38.4346199,SqEuclidean,blended,11649,3.7155333643616006e7,insample,2004
per,k_means,2317698438,20,1.83644e9,3.32331e10,38.1290652,38.5573483,SqEuclidean,blended,10226,2.9366449353236e7,insample,2008
per,k_means,2317698438,20,1.83644e9,3.74103e10,37.2837035,39.508250399999994,SqEuclidean,blended,11933,3.354037347613e7,insample,2011
per,k_means,2317698438,20,1.83644e9,3.6954e10,38.1479859,38.2212126,SqEuclidean,blended,11501,3.3052470686752006e7,insample,2012
per,k_means,2317698438,20,1.83644e9,4.12384e10,28.8880159,29.1779978,SqEuclidean,blended,12535,3.7354049779788e7,insample,2016
per,k_means,2466700586,20,1.83644e9,9.83488e9,4.1244668,58.4835513,SqEuclidean,blended,5328,7.7268876627813e7,initial,initial
per,k_means,2466700586,20,1.83644e9,4.1844e10,34.1423475,37.0432772,SqEuclidean,blended,12191,3.7968411322052e7,insample,1982
per,k_means,2466700586,20,1.83644e9,3.77182e10,35.3438564,34.922906600000005,SqEuclidean,blended,11745,3.3794190926818e7,insample,1986
per,k_means,2466700586,20,1.83644e9,3.26229e10,35.7234879,41.0097856,SqEuclidean,blended,10156,2.8788894323083e7,insample,1990
per,k_means,2466700586,20,1.83644e9,4.16046e10,34.0335753,38.1800789,SqEuclidean,blended,11802,3.774124283151699e7,insample,1994
per,k_means,2466700586,20,1.83644e9,3.34805e10,33.9547375,36.854741,SqEuclidean,blended,10621,2.9592781212146e7,insample,1998
per,k_means,2466700586,20,1.83644e9,4.10138e10,34.1709813,38.2422223,SqEuclidean,blended,11649,3.7155333643616006e7,insample,2004
per,k_means,2466700586,20,1.83644e9,3.32331e10,34.3446303,37.4154392,SqEuclidean,blended,10226,2.9366449353236e7,insample,2008
per,k_means,2466700586,20,1.83644e9,3.74103e10,34.2731702,38.2860117,SqEuclidean,blended,11933,3.354037347613e7,insample,2011
per,k_means,2466700586,20,1.83644e9,3.6954e10,33.9585145,36.5557363,SqEuclidean,blended,11501,3.3052470686752006e7,insample,2012
per,k_means,2466700586,20,1.83644e9,4.12384e10,34.1261208,42.620710900000006,SqEuclidean,blended,12535,3.7354049779788e7,insample,2016
per,k_means,2692059346,20,1.83644e9,9.83488e9,5.0053799,67.3683673,SqEuclidean,blended,5328,7.7268876627813e7,initial,initial
per,k_means,2692059346,20,1.83644e9,4.1844e10,33.038509,35.231403300000004,SqEuclidean,blended,12191,3.7968411322052e7,insample,1982
per,k_means,2692059346,20,1.83644e9,3.77182e10,34.5179112,37.8689288,SqEuclidean,blended,11745,3.3794190926818e7,insample,1986
per,k_means,2692059346,20,1.83644e9,3.26229e10,34.9393119,36.3163756,SqEuclidean,blended,10156,2.8788894323083e7,insample,1990
per,k_means,2692059346,20,1.83644e9,4.16046e10,32.9378006,36.5050818,SqEuclidean,blended,11802,3.774124283151699e7,insample,1994
per,k_means,2692059346,20,1.83644e9,3.34805e10,32.0407209,33.791088699999996,SqEuclidean,blended,10621,2.9592781212146e7,insample,1998
per,k_means,2692059346,20,1.83644e9,4.10138e10,32.7658157,34.242712600000004,SqEuclidean,blended,11649,3.7155333643616006e7,insample,2004
per,k_means,2692059346,20,1.83644e9,3.32331e10,32.8054085,33.8326551,SqEuclidean,blended,10226,2.9366449353236e7,insample,2008
per,k_means,2692059346,20,1.83644e9,3.74103e10,32.4391543,34.7722417,SqEuclidean,blended,11933,3.354037347613e7,insample,2011
per,k_means,2692059346,20,1.83644e9,3.6954e10,33.7868453,34.858117899999996,SqEuclidean,blended,11501,3.3052470686752006e7,insample,2012
per,k_means,2692059346,20,1.83644e9,4.12384e10,34.3701251,34.6550821,SqEuclidean,blended,12535,3.7354049779788e7,insample,2016
per,k_means,3032526906,20,1.83644e9,9.83488e9,5.0249674,62.5347609,SqEuclidean,blended,5328,7.7268876627813e7,initial,initial
per,k_means,3032526906,20,1.83644e9,4.1844e10,35.0946055,37.426738400000005,SqEuclidean,blended,12191,3.7968411322052e7,insample,1982
per,k_means,3032526906,20,1.83644e9,3.77182e10,33.7390305,39.2837834,SqEuclidean,blended,11745,3.3794190926818e7,insample,1986
per,k_means,3032526906,20,1.83644e9,3.26229e10,33.8264864,38.5720305,SqEuclidean,blended,10156,2.8788894323083e7,insample,1990
per,k_means,3032526906,20,1.83644e9,4.16046e10,33.6949244,36.103252399999995,SqEuclidean,blended,11802,3.774124283151699e7,insample,1994
per,k_means,3032526906,20,1.83644e9,3.34805e10,34.2424273,39.365544500000006,SqEuclidean,blended,10621,2.9592781212146e7,insample,1998
per,k_means,3032526906,20,1.83644e9,4.10138e10,33.843113,38.1709695,SqEuclidean,blended,11649,3.7155333643616006e7,insample,2004
per,k_means,3032526906,20,1.83644e9,3.32331e10,35.8254807,36.8918775,SqEuclidean,blended,10226,2.9366449353236e7,insample,2008
per,k_means,3032526906,20,1.83644e9,3.74103e10,35.1893683,38.0755166,SqEuclidean,blended,11933,3.354037347613e7,insample,2011
per,k_means,3032526906,20,1.83644e9,3.6954e10,34.9152828,38.9456754,SqEuclidean,blended,11501,3.3052470686752006e7,insample,2012
per,k_means,3032526906,20,1.83644e9,4.12384e10,36.0346321,38.1301806,SqEuclidean,blended,12535,3.7354049779788e7,insample,2016
per,k_means,3214418042,20,1.83644e9,9.83488e9,4.4707073,61.8380555,SqEuclidean,blended,5328,7.7268876627813e7,initial,initial
per,k_means,3214418042,20,1.83644e9,4.1844e10,37.6451046,40.8340916,SqEuclidean,blended,12191,3.7968411322052e7,insample,1982
per,k_means,3214418042,20,1.83644e9,3.77182e10,38.4477238,40.2941088,SqEuclidean,blended,11745,3.3794190926818e7,insample,1986
per,k_means,3214418042,20,1.83644e9,3.26229e10,37.6879821,42.175316,SqEuclidean,blended,10156,2.8788894323083e7,insample,1990
per,k_means,3214418042,20,1.83644e9,4.16046e10,37.0321345,39.273165500000005,SqEuclidean,blended,11802,3.774124283151699e7,insample,1994
per,k_means,3214418042,20,1.83644e9,3.34805e10,37.1190345,40.4358487,SqEuclidean,blended,10621,2.9592781212146e7,insample,1998
per,k_means,3214418042,20,1.83644e9,4.10138e10,36.0241134,41.5406239,SqEuclidean,blended,11649,3.7155333643616006e7,insample,2004
per,k_means,3214418042,20,1.83644e9,3.32331e10,36.8964608,39.5926752,SqEuclidean,blended,10226,2.9366449353236e7,insample,2008
per,k_means,3214418042,20,1.83644e9,3.74103e10,37.8300134,41.668247,SqEuclidean,blended,11933,3.354037347613e7,insample,2011
per,k_means,3214418042,20,1.83644e9,3.6954e10,37.0690312,40.8960571,SqEuclidean,blended,11501,3.3052470686752006e7,insample,2012
per,k_means,3214418042,20,1.83644e9,4.12384e10,38.3344055,39.669397700000005,SqEuclidean,blended,12535,3.7354049779788e7,insample,2016
per,k_means,3217763985,20,1.83644e9,9.83488e9,5.4044887,69.1669564,SqEuclidean,blended,5328,7.7268876627813e7,initial,initial
per,k_means,3217763985,20,1.83644e9,4.1844e10,35.6189257,36.3893871,SqEuclidean,blended,12191,3.7968411322052e7,insample,1982
per,k_means,3217763985,20,1.83644e9,3.77182e10,35.9927128,39.668851100000005,SqEuclidean,blended,11745,3.3794190926818e7,insample,1986
per,k_means,3217763985,20,1.83644e9,3.26229e10,34.0002753,39.0648201,SqEuclidean,blended,10156,2.8788894323083e7,insample,1990
per,k_means,3217763985,20,1.83644e9,4.16046e10,34.9744115,37.0683412,SqEuclidean,blended,11802,3.774124283151699e7,insample,1994
per,k_means,3217763985,20,1.83644e9,3.34805e10,33.4040217,35.0837389,SqEuclidean,blended,10621,2.9592781212146e7,insample,1998
per,k_means,3217763985,20,1.83644e9,4.10138e10,34.9373243,38.5686579,SqEuclidean,blended,11649,3.7155333643616006e7,insample,2004
per,k_means,3217763985,20,1.83644e9,3.32331e10,33.7690257,39.0548539,SqEuclidean,blended,10226,2.9366449353236e7,insample,2008
per,k_means,3217763985,20,1.83644e9,3.74103e10,35.0709177,37.5808021,SqEuclidean,blended,11933,3.354037347613e7,insample,2011
per,k_means,3217763985,20,1.83644e9,3.6954e10,33.7318978,38.7826588,SqEuclidean,blended,11501,3.3052470686752006e7,insample,2012
per,k_means,3217763985,20,1.83644e9,4.12384e10,35.1198887,41.1886096,SqEuclidean,blended,12535,3.7354049779788e7,insample,2016
per,k_means,3272403283,20,1.83644e9,9.83488e9,5.0962431,61.6610134,SqEuclidean,blended,5328,7.7268876627813e7,initial,initial
per,k_means,3272403283,20,1.83644e9,4.1844e10,34.6039117,34.92341089999999,SqEuclidean,blended,12191,3.7968411322052e7,insample,1982
per,k_means,3272403283,20,1.83644e9,3.77182e10,33.9936369,39.7035975,SqEuclidean,blended,11745,3.3794190926818e7,insample,1986
per,k_means,3272403283,20,1.83644e9,3.26229e10,33.4428361,36.0054187,SqEuclidean,blended,10156,2.8788894323083e7,insample,1990
per,k_means,3272403283,20,1.83644e9,4.16046e10,33.8620013,36.4702104,SqEuclidean,blended,11802,3.774124283151699e7,insample,1994
per,k_means,3272403283,20,1.83644e9,3.34805e10,34.0717843,37.6462952,SqEuclidean,blended,10621,2.9592781212146e7,insample,1998
per,k_means,3272403283,20,1.83644e9,4.10138e10,33.7110838,37.8941141,SqEuclidean,blended,11649,3.7155333643616006e7,insample,2004
per,k_means,3272403283,20,1.83644e9,3.32331e10,34.024003,37.4972789,SqEuclidean,blended,10226,2.9366449353236e7,insample,2008
per,k_means,3272403283,20,1.83644e9,3.74103e10,34.3124718,35.7910382,SqEuclidean,blended,11933,3.354037347613e7,insample,2011
per,k_means,3272403283,20,1.83644e9,3.6954e10,35.0641916,33.841081599999995,SqEuclidean,blended,11501,3.3052470686752006e7,insample,2012
per,k_means,3272403283,20,1.83644e9,4.12384e10,35.700739,35.925216,SqEuclidean,blended,12535,3.7354049779788e7,insample,2016
per,k_means,408956147,20,1.83644e9,9.83488e9,5.1002153,65.24927339999999,SqEuclidean,blended,5328,7.7268876627813e7,initial,initial
per,k_means,408956147,20,1.83644e9,4.1844e10,32.6219961,39.4165042,SqEuclidean,blended,12191,3.7968411322052e7,insample,1982
per,k_means,408956147,20,1.83644e9,3.77182e10,31.8422222,33.7215579,SqEuclidean,blended,11745,3.3794190926818e7,insample,1986
per,k_means,408956147,20,1.83644e9,3.26229e10,34.7850254,36.06713010000001,SqEuclidean,blended,10156,2.8788894323083e7,insample,1990
per,k_means,408956147,20,1.83644e9,4.16046e10,34.0558416,36.0179159,SqEuclidean,blended,11802,3.774124283151699e7,insample,1994
per,k_means,408956147,20,1.83644e9,3.34805e10,34.1615262,35.1354099,SqEuclidean,blended,10621,2.9592781212146e7,insample,1998
per,k_means,408956147,20,1.83644e9,4.10138e10,34.56602,34.5666346,SqEuclidean,blended,11649,3.7155333643616006e7,insample,2004
per,k_means,408956147,20,1.83644e9,3.32331e10,33.388806,36.5933845,SqEuclidean,blended,10226,2.9366449353236e7,insample,2008
per,k_means,408956147,20,1.83644e9,3.74103e10,34.519504,34.147708,SqEuclidean,blended,11933,3.354037347613e7,insample,2011
per,k_means,408956147,20,1.83644e9,3.6954e10,34.3422778,35.9064173,SqEuclidean,blended,11501,3.3052470686752006e7,insample,2012
per,k_means,408956147,20,1.83644e9,4.12384e10,33.8479101,37.0298509,SqEuclidean,blended,12535,3.7354049779788e7,insample,2016
per,k_means,1040218444,200,3.8875e9,3.1675e11,60.3801298,71.2518197,SqEuclidean,blended,3251,3.9162115615628e7,initial,initial
per,k_means,1040218444,200,3.8875e9,5.35554e9,31.8213721,32.1128307,SqEuclidean,blended,535,1.623814028798e6,insample,1982
per,k_means,1040218444,200,3.8875e9,5.80424e9,34.4510976,31.68285,SqEuclidean,blended,407,2.0246047847750003e6,insample,1986
per,k_means,1040218444,200,3.8875e9,4.20438e9,38.5755991,40.2429089,SqEuclidean,blended,225,515409.09612699994,insample,1990
per,k_means,1040218444,200,3.8875e9,5.53356e9,28.6898933,28.7348867,SqEuclidean,blended,347,1.806917204479e6,insample,1994
per,k_means,1040218444,200,3.8875e9,4.6555e9,41.9699421,39.4246115,SqEuclidean,blended,294,908778.387486,insample,1998
per,k_means,1040218444,200,3.8875e9,4.63723e9,32.0053755,31.5238471,SqEuclidean,blended,359,898387.626026,insample,2004
per,k_means,1040218444,200,3.8875e9,4.6584e9,31.4195277,31.5832775,SqEuclidean,blended,258,932264.496641,insample,2008
per,k_means,1040218444,200,3.8875e9,4.90326e9,31.9377176,30.3243604,SqEuclidean,blended,370,1.192720594023e6,insample,2011
per,k_means,1040218444,200,3.8875e9,4.38361e9,31.8502897,31.7496849,SqEuclidean,blended,291,608520.539872,insample,2012
per,k_means,1040218444,200,3.8875e9,4.75213e9,32.5037375,31.2280821,SqEuclidean,blended,310,1.003588142128e6,insample,2016
per,k_means,1498923158,200,3.99997e9,3.9834e11,56.7533586,69.9803036,SqEuclidean,blended,3254,3.9148433548399e7,initial,initial
per,k_means,1498923158,200,3.99997e9,5.35042e9,32.2072694,30.1898291,SqEuclidean,blended,527,1.616338369937e6,insample,1982
per,k_means,1498923158,200,3.99997e9,5.80134e9,33.6074015,31.7535012,SqEuclidean,blended,397,2.0191950867949997e6,insample,1986
per,k_means,1498923158,200,3.99997e9,4.20523e9,37.0998114,41.6485364,SqEuclidean,blended,218,514012.562146,insample,1990
per,k_means,1498923158,200,3.99997e9,5.53471e9,28.1964281,28.6528695,SqEuclidean,blended,341,1.805598318994e6,insample,1994
per,k_means,1498923158,200,3.99997e9,4.65539e9,41.5962181,45.538303899999995,SqEuclidean,blended,295,906177.7664160002,insample,1998
per,k_means,1498923158,200,3.99997e9,4.63216e9,31.8678181,31.9378482,SqEuclidean,blended,353,890827.7466520001,insample,2004
per,k_means,1498923158,200,3.99997e9,4.65764e9,31.4771159,32.375419,SqEuclidean,blended,255,929042.5660770002,insample,2008
per,k_means,1498923158,200,3.99997e9,4.89993e9,31.6645928,30.3021546,SqEuclidean,blended,364,1.1870223279739998e6,insample,2011
per,k_means,1498923158,200,3.99997e9,4.37588e9,31.6457542,31.7036309,SqEuclidean,blended,277,598168.3583150001,insample,2012
per,k_means,1498923158,200,3.99997e9,4.75072e9,32.2996077,30.6886733,SqEuclidean,blended,303,999706.9625439998,insample,2016
per,k_means,1571330722,200,3.93022e9,3.34883e11,58.6043993,70.8751219,SqEuclidean,blended,3245,3.915786731167201e7,initial,initial
per,k_means,1571330722,200,3.93022e9,5.39253e9,31.8779687,30.4886084,SqEuclidean,blended,555,1.6604092771859998e6,insample,1982
per,k_means,1571330722,200,3.93022e9,5.84435e9,34.0610045,32.238973200000004,SqEuclidean,blended,452,2.064284116174e6,insample,1986
per,k_means,1571330722,200,3.93022e9,4.21428e9,40.8470335,38.212944,SqEuclidean,blended,244,524768.300204,insample,1990
per,k_means,1571330722,200,3.93022e9,5.54382e9,28.9375916,29.6814634,SqEuclidean,blended,368,1.8166281230079995e6,insample,1994
per,k_means,1571330722,200,3.93022e9,4.67844e9,41.822391,39.5626942,SqEuclidean,blended,329,931212.903767,insample,1998
per,k_means,1571330722,200,3.93022e9,4.66265e9,31.0012225,30.6318127,SqEuclidean,blended,378,923291.102541,insample,2004
per,k_means,1571330722,200,3.93022e9,4.67278e9,31.772178,31.5139727,SqEuclidean,blended,282,946117.281724,insample,2008
per,k_means,1571330722,200,3.93022e9,4.93185e9,31.4407253,31.873718200000003,SqEuclidean,blended,403,1.2209209434399998e6,insample,2011
per,k_means,1571330722,200,3.93022e9,4.42272e9,31.4053898,31.6368141,SqEuclidean,blended,330,647166.488821,insample,2012
per,k_means,1571330722,200,3.93022e9,4.77893e9,32.5269408,30.9705435,SqEuclidean,blended,349,1.029927260589e6,insample,2016
per,k_means,2110474755,200,3.93039e9,3.749e11,62.5541821,72.137051,SqEuclidean,blended,3240,3.9162608022671e7,initial,initial
per,k_means,2110474755,200,3.93039e9,5.24927e9,32.3869298,30.251711500000003,SqEuclidean,blended,431,1.516565191662e6,insample,1982
per,k_means,2110474755,200,3.93039e9,5.70186e9,34.5027247,36.7737187,SqEuclidean,blended,310,1.921297748198e6,insample,1986
per,k_means,2110474755,200,3.93039e9,4.17864e9,39.6639769,41.2498111,SqEuclidean,blended,188,488850.686023,insample,1990
per,k_means,2110474755,200,3.93039e9,5.51354e9,30.3265505,29.6095064,SqEuclidean,blended,312,1.786180025224e6,insample,1994
per,k_means,2110474755,200,3.93039e9,4.60829e9,39.6836116,42.0029039,SqEuclidean,blended,225,860780.8182239998,insample,1998
per,k_means,2110474755,200,3.93039e9,4.55733e9,31.8173252,31.3660898,SqEuclidean,blended,270,817598.667138,insample,2004
per,k_means,2110474755,200,3.93039e9,4.62571e9,31.2526917,32.257518299999994,SqEuclidean,blended,212,898725.590977,insample,2008
per,k_means,2110474755,200,3.93039e9,4.85472e9,31.5319204,32.3845369,SqEuclidean,blended,298,1.1434698762619996e6,insample,2011
per,k_means,2110474755,200,3.93039e9,4.30712e9,31.5255422,30.4595643,SqEuclidean,blended,182,531160.948894,insample,2012
per,k_means,2110474755,200,3.93039e9,4.69164e9,32.5010619,30.565268999999997,SqEuclidean,blended,227,942350.789602,insample,2016
per,k_means,2358156674,200,3.97347e9,3.7104e11,61.1843928,69.2614013,SqEuclidean,blended,3250,3.9154899466612e7,initial,initial
per,k_means,2358156674,200,3.97347e9,5.34776e9,32.8573989,31.6198281,SqEuclidean,blended,528,1.6162436081180002e6,insample,1982
per,k_means,2358156674,200,3.97347e9,5.80642e9,34.2805997,35.8306866,SqEuclidean,blended,410,2.0271989240230003e6,insample,1986
per,k_means,2358156674,200,3.97347e9,4.20749e9,39.8589753,37.6652146,SqEuclidean,blended,224,518412.593044,insample,1990
per,k_means,2358156674,200,3.97347e9,5.53479e9,29.6546903,28.0399195,SqEuclidean,blended,342,1.808207248845e6,insample,1994
per,k_means,2358156674,200,3.97347e9,4.65428e9,38.3695807,40.123733699999995,SqEuclidean,blended,286,907730.073664,insample,1998
per,k_means,2358156674,200,3.97347e9,4.63588e9,31.6692479,31.084919,SqEuclidean,blended,356,897225.4901170001,insample,2004
per,k_means,2358156674,200,3.97347e9,4.66168e9,32.0085229,30.6847651,SqEuclidean,blended,267,935506.7509690002,insample,2008
per,k_means,2358156674,200,3.97347e9,4.90428e9,31.7497353,30.8775251,SqEuclidean,blended,366,1.194001414201e6,insample,2011
per,k_means,2358156674,200,3.97347e9,4.38669e9,32.026156,30.5277383,SqEuclidean,blended,290,611922.21098,insample,2012
per,k_means,2358156674,200,3.97347e9,4.75468e9,32.7150254,32.3432791,SqEuclidean,blended,310,1.006494735008e6,insample,2016
per,k_means,2454944798,200,3.96196e9,3.53126e11,58.8706242,71.3709791,SqEuclidean,blended,3270,3.915313115260701e7,initial,initial
per,k_means,2454944798,200,3.96196e9,5.40913e9,32.5202082,33.1993657,SqEuclidean,blended,582,1.6761359942289998e6,insample,1982
per,k_means,2454944798,200,3.96196e9,5.86554e9,33.3450549,31.651888,SqEuclidean,blended,472,2.084508090899e6,insample,1986
per,k_means,2454944798,200,3.96196e9,4.21904e9,38.9480818,37.3525545,SqEuclidean,blended,246,528711.240413,insample,1990
per,k_means,2454944798,200,3.96196e9,5.54946e9,41.5204955,44.1008186,SqEuclidean,blended,371,1.821298698418e6,insample,1994
per,k_means,2454944798,200,3.96196e9,4.68739e9,37.4230705,37.0610747,SqEuclidean,blended,337,939201.7125210002,insample,1998
per,k_means,2454944798,200,3.96196e9,4.67446e9,32.4331581,30.8557664,SqEuclidean,blended,395,934151.652115,insample,2004
per,k_means,2454944798,200,3.96196e9,4.67614e9,32.8964044,32.1117782,SqEuclidean,blended,290,948502.714236,insample,2008
per,k_means,2454944798,200,3.96196e9,4.9422e9,31.9738328,31.2533987,SqEuclidean,blended,412,1.230289815103e6,insample,2011
per,k_means,2454944798,200,3.96196e9,4.43882e9,32.4834173,31.7762913,SqEuclidean,blended,342,662282.9549590001,insample,2012
per,k_means,2454944798,200,3.96196e9,4.79256e9,31.6851686,30.088484899999997,SqEuclidean,blended,372,1.042578518327e6,insample,2016
per,k_means,3126457023,200,3.88055e9,3.01839e11,61.4256618,70.5003237,SqEuclidean,blended,3928,4.9374185890186e7,initial,initial
per,k_means,3126457023,200,3.88055e9,5.39055e9,31.8358427,32.7787423,SqEuclidean,blended,558,1.659246680447e6,insample,1982
per,k_means,3126457023,200,3.88055e9,5.84484e9,33.6077187,32.671108600000004,SqEuclidean,blended,450,2.0657247153680003e6,insample,1986
per,k_means,3126457023,200,3.88055e9,4.21439e9,39.4576877,36.9439793,SqEuclidean,blended,243,525635.2231099999,insample,1990
per,k_means,3126457023,200,3.88055e9,5.5435e9,41.5559638,41.4516618,SqEuclidean,blended,360,1.817159331677e6,insample,1994
per,k_means,3126457023,200,3.88055e9,4.67722e9,38.7769073,36.155185200000005,SqEuclidean,blended,334,930875.714597,insample,1998
per,k_means,3126457023,200,3.88055e9,4.66209e9,32.9053438,30.8459276,SqEuclidean,blended,383,923636.499975,insample,2004
per,k_means,3126457023,200,3.88055e9,4.67292e9,30.4686216,33.0452848,SqEuclidean,blended,280,947055.524997,insample,2008
per,k_means,3126457023,200,3.88055e9,4.93192e9,33.058094,37.2620408,SqEuclidean,blended,401,1.2217898827949995e6,insample,2011
per,k_means,3126457023,200,3.88055e9,4.42304e9,31.1998078,31.6694879,SqEuclidean,blended,334,648452.441524,insample,2012
per,k_means,3126457023,200,3.88055e9,4.779e9,32.6276716,30.699158299999997,SqEuclidean,blended,348,1.030901937104e6,insample,2016
per,k_means,4093639103,200,3.9282e9,3.57735e11,61.5206589,70.5604329,SqEuclidean,blended,3282,3.915603236712801e7,initial,initial
per,k_means,4093639103,200,3.9282e9,5.42454e9,31.1768371,32.769632699999995,SqEuclidean,blended,592,1.6923157741540002e6,insample,1982
per,k_means,4093639103,200,3.9282e9,5.88869e9,35.0327902,36.0403401,SqEuclidean,blended,497,2.108546488712e6,insample,1986
per,k_means,4093639103,200,3.9282e9,4.2243e9,39.261395,37.6603137,SqEuclidean,blended,256,534591.668527,insample,1990
per,k_means,4093639103,200,3.9282e9,5.55534e9,40.4613796,40.445398,SqEuclidean,blended,387,1.827936848885e6,insample,1994
per,k_means,4093639103,200,3.9282e9,4.69771e9,30.5606888,29.1538951,SqEuclidean,blended,354,950288.352128,insample,1998
per,k_means,4093639103,200,3.9282e9,4.6871e9,31.9929408,30.1219535,SqEuclidean,blended,413,947552.711385,insample,2004
per,k_means,4093639103,200,3.9282e9,4.68244e9,31.0042698,33.0982237,SqEuclidean,blended,298,955565.0322900002,insample,2008
per,k_means,4093639103,200,3.9282e9,4.95631e9,32.2457369,33.164258,SqEuclidean,blended,436,1.245248310455e6,insample,2011
per,k_means,4093639103,200,3.9282e9,4.45728e9,32.5196398,30.9050112,SqEuclidean,blended,361,681601.0186210001,insample,2012
per,k_means,4093639103,200,3.9282e9,4.80791e9,32.3603108,32.0238893,SqEuclidean,blended,387,1.0587824952200002e6,insample,2016
per,k_means,4109171108,200,3.99938e9,3.70792e11,58.5831719,72.2502594,SqEuclidean,blended,3250,3.9148510438953005e7,initial,initial
per,k_means,4109171108,200,3.99938e9,5.40212e9,31.1751082,31.6647998,SqEuclidean,blended,566,1.668950491885e6,insample,1982
per,k_means,4109171108,200,3.99938e9,5.86077e9,34.4181861,33.5118102,SqEuclidean,blended,476,2.079629414204e6,insample,1986
per,k_means,4109171108,200,3.99938e9,4.21848e9,38.3009173,38.1247434,SqEuclidean,blended,247,527932.702886,insample,1990
per,k_means,4109171108,200,3.99938e9,5.54856e9,40.6444336,40.1798987,SqEuclidean,blended,370,1.820235449593e6,insample,1994
per,k_means,4109171108,200,3.99938e9,4.68465e9,30.7879539,31.4513754,SqEuclidean,blended,334,936282.536738,insample,1998
per,k_means,4109171108,200,3.99938e9,4.66781e9,31.4800422,31.6031776,SqEuclidean,blended,390,927328.466868,insample,2004
per,k_means,4109171108,200,3.99938e9,4.6738e9,32.6438535,33.9625975,SqEuclidean,blended,288,945970.527373,insample,2008
per,k_means,4109171108,200,3.99938e9,4.93735e9,32.9349972,32.0311479,SqEuclidean,blended,398,1.2253096885099995e6,insample,2011
per,k_means,4109171108,200,3.99938e9,4.43014e9,31.4693286,32.480442100000005,SqEuclidean,blended,336,653423.1898510001,insample,2012
per,k_means,4109171108,200,3.99938e9,4.7897e9,32.2770289,32.332308999999995,SqEuclidean,blended,366,1.039592367791e6,insample,2016
per,k_means,535977374,200,3.99532e9,4.56286e11,58.9116089,73.6936711,SqEuclidean,blended,3237,3.915106468080301e7,initial,initial
per,k_means,535977374,200,3.99532e9,5.39648e9,32.1353078,31.6602693,SqEuclidean,blended,569,1.6630151753079998e6,insample,1982
per,k_means,535977374,200,3.99532e9,5.85326e9,35.3660871,33.7397919,SqEuclidean,blended,466,2.071751957972e6,insample,1986
per,k_means,535977374,200,3.99532e9,4.21666e9,40.0317463,36.290320300000005,SqEuclidean,blended,247,525888.7245329999,insample,1990
per,k_means,535977374,200,3.99532e9,5.5469e9,41.3051802,39.7660584,SqEuclidean,blended,368,1.818285285167e6,insample,1994
per,k_means,535977374,200,3.99532e9,4.6815e9,30.1088463,28.936039899999997,SqEuclidean,blended,325,932828.401544,insample,1998
per,k_means,535977374,200,3.99532e9,4.66354e9,31.7467591,30.7634883,SqEuclidean,blended,385,922727.0804569996,insample,2004
per,k_means,535977374,200,3.99532e9,4.67135e9,31.8334819,31.1328232,SqEuclidean,blended,279,943266.127788,insample,2008
per,k_means,535977374,200,3.99532e9,4.93282e9,31.0719609,30.551187799999997,SqEuclidean,blended,400,1.220506747311e6,insample,2011
per,k_means,535977374,200,3.99532e9,4.42377e9,31.6774373,32.391251999999994,SqEuclidean,blended,333,646677.289968,insample,2012
per,k_means,535977374,200,3.99532e9,4.78501e9,32.0400247,31.2998846,SqEuclidean,blended,360,1.034584078397e6,insample,2016
per,k_means,123456789,50,3.79711e9,1.41446e11,10.1739622,70.8657341,SqEuclidean,blended,3625,3.9178491500664e7,initial,initial
per,k_means,123456789,50,3.79711e9,5.60357e9,39.85209,39.4260223,SqEuclidean,blended,774,1.873544618157e6,insample,1982
per,k_means,123456789,50,3.79711e9,6.13923e9,39.1264037,38.8552531,SqEuclidean,blended,732,2.361656029931e6,insample,1986
per,k_means,123456789,50,3.79711e9,4.29149e9,40.8429969,40.5625301,SqEuclidean,blended,361,603500.27992,insample,1990
per,k_means,123456789,50,3.79711e9,5.67172e9,40.7424695,39.1973354,SqEuclidean,blended,569,1.946366052077e6,insample,1994
per,k_means,123456789,50,3.79711e9,4.87108e9,39.957428,39.9077279,SqEuclidean,blended,580,1.126271429241e6,insample,1998
per,k_means,123456789,50,3.79711e9,4.86431e9,39.7148683,39.1076577,SqEuclidean,blended,647,1.12715253547e6,insample,2004
per,k_means,123456789,50,3.79711e9,4.76888e9,38.5673048,39.295956,SqEuclidean,blended,437,1.043939076898e6,insample,2008
per,k_means,123456789,50,3.79711e9,5.15968e9,40.7862748,38.5921006,SqEuclidean,blended,688,1.4507730355969998e6,insample,2011
per,k_means,123456789,50,3.79711e9,4.68519e9,38.0897893,39.2867078,SqEuclidean,blended,619,912316.833923,insample,2012
per,k_means,123456789,50,3.79711e9,4.99672e9,41.3006864,41.8992028,SqEuclidean,blended,635,1.249979057953e6,insample,2016
per,k_means,1286268702,50,3.67482e9,1.52111e11,14.1638851,70.0841993,SqEuclidean,blended,3624,3.921473159674699e7,initial,initial
per,k_means,1286268702,50,3.67482e9,6.01029e9,35.4479022,33.372854000000004,SqEuclidean,blended,851,2.281570121815e6,insample,1982
per,k_means,1286268702,50,3.67482e9,6.7202e9,36.0659562,35.8661792,SqEuclidean,blended,804,2.9446204920209995e6,insample,1986
per,k_means,1286268702,50,3.67482e9,4.40801e9,36.1246611,34.4629416,SqEuclidean,blended,397,720202.3191119998,insample,1990
per,k_means,1286268702,50,3.67482e9,5.81546e9,35.1779504,34.216066999999995,SqEuclidean,blended,601,2.090307951447e6,insample,1994
per,k_means,1286268702,50,3.67482e9,5.05552e9,35.9101456,36.3984748,SqEuclidean,blended,594,1.3109896261589995e6,insample,1998
per,k_means,1286268702,50,3.67482e9,5.27678e9,34.9598959,34.5359767,SqEuclidean,blended,732,1.5408451808140003e6,insample,2004
per,k_means,1286268702,50,3.67482e9,4.89412e9,35.7487576,34.7510014,SqEuclidean,blended,464,1.169283310465e6,insample,2008
per,k_means,1286268702,50,3.67482e9,5.59349e9,36.4621815,34.5556304,SqEuclidean,blended,741,1.885976544562e6,insample,2011
per,k_means,1286268702,50,3.67482e9,4.90981e9,35.1814463,34.3499176,SqEuclidean,blended,649,1.1372726713839998e6,insample,2012
per,k_means,1286268702,50,3.67482e9,5.26824e9,33.0167728,37.1187073,SqEuclidean,blended,671,1.5222210819120002e6,insample,2016
per,k_means,1308502331,50,3.63651e9,1.37976e11,14.2043774,74.2497963,SqEuclidean,blended,3593,3.9228006922255e7,initial,initial
per,k_means,1308502331,50,3.63651e9,6.43999e9,35.1944336,34.3000032,SqEuclidean,blended,1309,2.711676961318e6,insample,1982
per,k_means,1308502331,50,3.63651e9,7.30402e9,35.8680024,34.9120775,SqEuclidean,blended,1432,3.529222151148e6,insample,1986
per,k_means,1308502331,50,3.63651e9,4.73795e9,35.3877027,35.485818699999996,SqEuclidean,blended,910,1.0501837098270005e6,insample,1990
per,k_means,1308502331,50,3.63651e9,6.2919e9,33.9277962,36.6969433,SqEuclidean,blended,1165,2.5672397242670003e6,insample,1994
per,k_means,1308502331,50,3.63651e9,5.50018e9,34.752561,33.5315634,SqEuclidean,blended,1126,1.756064247084e6,insample,1998
per,k_means,1308502331,50,3.63651e9,5.73415e9,35.9344388,32.4891065,SqEuclidean,blended,1242,1.998783454154e6,insample,2004
per,k_means,1308502331,50,3.63651e9,5.32193e9,36.6628839,36.8059841,SqEuclidean,blended,1046,1.597335577411e6,insample,2008
per,k_means,1308502331,50,3.63651e9,6.15786e9,36.1732035,35.294711799999995,SqEuclidean,blended,1342,2.451118436472001e6,insample,2011
per,k_means,1308502331,50,3.63651e9,5.43987e9,34.1541114,35.8488863,SqEuclidean,blended,1180,1.6678919479630005e6,insample,2012
per,k_means,1308502331,50,3.63651e9,5.76315e9,35.1219269,35.925929,SqEuclidean,blended,1193,2.017689878651e6,insample,2016
per,k_means,1573928461,50,3.80891e9,1.53831e11,13.2314287,68.4424058,SqEuclidean,blended,3623,3.9176241164648995e7,initial,initial
per,k_means,1573928461,50,3.80891e9,5.55026e9,34.295575,36.69029200000001,SqEuclidean,blended,721,1.821632192355e6,insample,1982
per,k_means,1573928461,50,3.80891e9,6.0687e9,36.0482448,32.9300722,SqEuclidean,blended,678,2.292558225537e6,insample,1986
per,k_means,1573928461,50,3.80891e9,4.2717e9,35.2677361,34.0127393,SqEuclidean,blended,334,585269.6598120001,insample,1990
per,k_means,1573928461,50,3.80891e9,5.62624e9,31.5444217,37.4020717,SqEuclidean,blended,499,1.902369767074e6,insample,1994
per,k_means,1573928461,50,3.80891e9,4.81731e9,39.2136058,33.725513799999995,SqEuclidean,blended,503,1.073911746194e6,insample,1998
per,k_means,1573928461,50,3.80891e9,4.80763e9,35.6196575,35.9282882,SqEuclidean,blended,572,1.0717546954410004e6,insample,2004
per,k_means,1573928461,50,3.80891e9,4.7403e9,34.6095998,34.6383333,SqEuclidean,blended,382,1.016943882476e6,insample,2008
per,k_means,1573928461,50,3.80891e9,5.09955e9,36.0731834,33.9261272,SqEuclidean,blended,599,1.3919697287129995e6,insample,2011
per,k_means,1573928461,50,3.80891e9,4.61374e9,35.6454635,34.7495044,SqEuclidean,blended,537,842301.4763870001,insample,2012
per,k_means,1573928461,50,3.80891e9,4.93558e9,36.6600388,35.0540521,SqEuclidean,blended,551,1.1901952147680004e6,insample,2016
per,k_means,1991051616,50,3.67289e9,1.4313e11,13.2202822,68.6393813,SqEuclidean,blended,3623,3.9215202360682994e7,initial,initial
per,k_means,1991051616,50,3.67289e9,6.06747e9,36.0604189,35.091134700000005,SqEuclidean,blended,904,2.3390363003820004e6,insample,1982
per,k_means,1991051616,50,3.67289e9,6.7951e9,35.9825436,34.1232141,SqEuclidean,blended,892,3.0199039041460007e6,insample,1986
per,k_means,1991051616,50,3.67289e9,4.43098e9,33.4884493,36.9065196,SqEuclidean,blended,438,743171.221815,insample,1990
per,k_means,1991051616,50,3.67289e9,5.86352e9,34.5275352,36.606773,SqEuclidean,blended,653,2.1386242070490005e6,insample,1994
per,k_means,1991051616,50,3.67289e9,5.11103e9,36.3976094,32.9628782,SqEuclidean,blended,660,1.366821163213e6,insample,1998
per,k_means,1991051616,50,3.67289e9,5.34344e9,35.8660624,33.4820021,SqEuclidean,blended,808,1.6078935121910002e6,insample,2004
per,k_means,1991051616,50,3.67289e9,4.92951e9,35.5823671,34.7029471,SqEuclidean,blended,528,1.2048029849770004e6,insample,2008
per,k_means,1991051616,50,3.67289e9,5.66124e9,34.0226148,34.6756328,SqEuclidean,blended,832,1.954135538219e6,insample,2011
per,k_means,1991051616,50,3.67289e9,4.98577e9,33.876053,34.8362493,SqEuclidean,blended,731,1.2136222137069998e6,insample,2012
per,k_means,1991051616,50,3.67289e9,5.33523e9,35.4433076,34.1796047,SqEuclidean,blended,745,1.5895980455680003e6,insample,2016
per,k_means,2678701235,50,3.67656e9,1.42592e11,13.9242865,67.7532994,SqEuclidean,blended,3594,3.921508826517e7,initial,initial
per,k_means,2678701235,50,3.67656e9,5.9613e9,33.8552634,37.0812807,SqEuclidean,blended,797,2.233631416793e6,insample,1982
per,k_means,2678701235,50,3.67656e9,6.65511e9,36.999174,35.1087514,SqEuclidean,blended,758,2.8805186687789997e6,insample,1986
per,k_means,2678701235,50,3.67656e9,4.39099e9,35.1234643,33.636866899999994,SqEuclidean,blended,371,704328.427149,insample,1990
per,k_means,2678701235,50,3.67656e9,5.77753e9,34.8774088,37.7030183,SqEuclidean,blended,535,2.053466661774e6,insample,1994
per,k_means,2678701235,50,3.67656e9,5.00923e9,35.0557405,38.7965035,SqEuclidean,blended,547,1.265863782264e6,insample,1998
per,k_means,2678701235,50,3.67656e9,5.22252e9,35.9423772,34.1772532,SqEuclidean,blended,687,1.4875860432440008e6,insample,2004
per,k_means,2678701235,50,3.67656e9,4.87088e9,34.4355443,33.964924700000005,SqEuclidean,blended,419,1.147231906545e6,insample,2008
per,k_means,2678701235,50,3.67656e9,5.54122e9,38.0107928,32.888024,SqEuclidean,blended,683,1.83467223242e6,insample,2011
per,k_means,2678701235,50,3.67656e9,4.84553e9,33.4296507,35.660552700000004,SqEuclidean,blended,584,1.0741186317800002e6,insample,2012
per,k_means,2678701235,50,3.67656e9,5.21287e9,37.0220641,36.638426900000006,SqEuclidean,blended,599,1.467876450113e6,insample,2016
per,k_means,3861234567,50,3.67771e9,1.46928e11,13.7103634,66.62020770000001,SqEuclidean,blended,3626,3.9214351766004995e7,initial,initial
per,k_means,3861234567,50,3.67771e9,5.96648e9,37.6204363,37.2445424,SqEuclidean,blended,794,2.237932047061001e6,insample,1982
per,k_means,3861234567,50,3.67771e9,6.65967e9,36.7601339,38.716307,SqEuclidean,blended,755,2.884089716398e6,insample,1986
per,k_means,3861234567,50,3.67771e9,4.39158e9,32.5501369,34.6223365,SqEuclidean,blended,372,704127.184961,insample,1990
per,k_means,3861234567,50,3.67771e9,5.78163e9,36.377102,35.7342359,SqEuclidean,blended,551,2.056653569165e6,insample,1994
per,k_means,3861234567,50,3.67771e9,5.01513e9,35.2909829,36.1910892,SqEuclidean,blended,545,1.270790880167e6,insample,1998
per,k_means,3861234567,50,3.67771e9,5.22592e9,37.0201707,40.3807017,SqEuclidean,blended,681,1.4900690167260002e6,insample,2004
per,k_means,3861234567,50,3.67771e9,4.87107e9,35.5166709,38.0243403,SqEuclidean,blended,419,1.146502699318e6,insample,2008
per,k_means,3861234567,50,3.67771e9,5.54576e9,36.4369012,36.2389918,SqEuclidean,blended,690,1.838212954537e6,insample,2011
per,k_means,3861234567,50,3.67771e9,4.85091e9,36.7620309,38.5302145,SqEuclidean,blended,584,1.078466973767e6,insample,2012
per,k_means,3861234567,50,3.67771e9,5.21762e9,37.2325203,35.5483139,SqEuclidean,blended,604,1.471673569695e6,insample,2016
per,k_means,477073181,50,3.79852e9,1.48916e11,14.8608219,75.7101351,SqEuclidean,blended,3596,3.9178091555470996e7,initial,initial
per,k_means,477073181,50,3.79852e9,5.58335e9,39.2014673,40.7502712,SqEuclidean,blended,763,1.853535760263e6,insample,1982
per,k_means,477073181,50,3.79852e9,6.11237e9,37.2446288,39.1319057,SqEuclidean,blended,716,2.334964840092e6,insample,1986
per,k_means,477073181,50,3.79852e9,4.28315e9,38.3231705,37.301232299999995,SqEuclidean,blended,348,595512.9850849999,insample,1990
per,k_means,477073181,50,3.79852e9,5.65458e9,37.274319,36.4368942,SqEuclidean,blended,550,1.929455224132e6,insample,1994
per,k_means,477073181,50,3.79852e9,4.85075e9,37.7331533,35.5457705,SqEuclidean,blended,549,1.106120852299e6,insample,1998
per,k_means,477073181,50,3.79852e9,4.84166e9,37.0506671,38.3068476,SqEuclidean,blended,612,1.104649477475e6,insample,2004
per,k_means,477073181,50,3.79852e9,4.75637e9,35.577334,39.2040554,SqEuclidean,blended,413,1.0317026624670002e6,insample,2008
per,k_means,477073181,50,3.79852e9,5.13638e9,38.6227997,36.9127644,SqEuclidean,blended,650,1.427593586143e6,insample,2011
per,k_means,477073181,50,3.79852e9,4.65831e9,38.530394,38.7946161,SqEuclidean,blended,577,885597.8206590001,insample,2012
per,k_means,477073181,50,3.79852e9,4.97371e9,35.9864647,37.8283444,SqEuclidean,blended,604,1.2271179968480002e6,insample,2016
per,k_means,876543210,50,3.6656e9,1.36553e11,15.1724511,73.83615979999999,SqEuclidean,blended,3622,3.921756987992e7,initial,initial
per,k_means,876543210,50,3.6656e9,6.03421e9,35.8153436,35.2598708,SqEuclidean,blended,876,2.305513623815e6,insample,1982
per,k_means,876543210,50,3.6656e9,6.75128e9,36.1600121,36.2949283,SqEuclidean,blended,833,2.9756546949380003e6,insample,1986
per,k_means,876543210,50,3.6656e9,4.41631e9,36.0583565,35.938801999999995,SqEuclidean,blended,411,728374.1258019999,insample,1990
per,k_means,876543210,50,3.6656e9,5.8365e9,35.7477191,37.3695517,SqEuclidean,blended,623,2.1113455747259995e6,insample,1994
per,k_means,876543210,50,3.6656e9,5.07873e9,35.4515342,36.8938485,SqEuclidean,blended,625,1.334331787949e6,insample,1998
per,k_means,876543210,50,3.6656e9,5.30384e9,36.893141,37.216325999999995,SqEuclidean,blended,779,1.568010352875e6,insample,2004
per,k_means,876543210,50,3.6656e9,4.90739e9,35.4044517,38.0931626,SqEuclidean,blended,476,1.1824729576569998e6,insample,2008
per,k_means,876543210,50,3.6656e9,5.62185e9,35.1282936,39.1928295,SqEuclidean,blended,788,1.914383587059e6,insample,2011
per,k_means,876543210,50,3.6656e9,4.94163e9,35.4638232,35.5108805,SqEuclidean,blended,691,1.16914885301e6,insample,2012
per,k_means,876543210,50,3.6656e9,5.29656e9,46.8318,40.9867784,SqEuclidean,blended,705,1.5505813619690002e6,insample,2016
per,k_means,987654321,50,3.68784e9,1.43975e11,14.5530326,68.69297399999999,SqEuclidean,blended,3596,3.9212507228598e7,initial,initial
per,k_means,987654321,50,3.68784e9,5.97458e9,40.0439747,38.8786065,SqEuclidean,blended,801,2.245522174424999e6,insample,1982
per,k_means,987654321,50,3.68784e9,6.67135e9,38.1626307,36.3991128,SqEuclidean,blended,770,2.89510983343e6,insample,1986
per,k_means,987654321,50,3.68784e9,4.39477e9,38.1984831,37.6596333,SqEuclidean,blended,379,706704.062501,insample,1990
per,k_means,987654321,50,3.68784e9,5.78839e9,34.158327,38.1149202,SqEuclidean,blended,557,2.062846421336e6,insample,1994
per,k_means,987654321,50,3.68784e9,5.02285e9,38.7871609,38.8818101,SqEuclidean,blended,545,1.2779259234989998e6,insample,1998
per,k_means,987654321,50,3.68784e9,5.2351e9,39.9831396,39.197211200000005,SqEuclidean,blended,693,1.498823878714e6,insample,2004
per,k_means,987654321,50,3.68784e9,4.87483e9,39.5145953,40.6953018,SqEuclidean,blended,421,1.1496111836219998e6,insample,2008
per,k_means,987654321,50,3.68784e9,5.55487e9,40.8973664,40.5328416,SqEuclidean,blended,696,1.846815790899e6,insample,2011
per,k_means,987654321,50,3.68784e9,4.86188e9,39.620503,38.2597865,SqEuclidean,blended,605,1.088803663982e6,insample,2012
per,k_means,987654321,50,3.68784e9,5.22712e9,39.0094696,39.675246300000005,SqEuclidean,blended,616,1.480636342968e6,insample,2016
per,conical_bounded,1,100,3.78871e9,1.36859e11,27.2024862,64.3559329,SqEuclidean,extreme,3647,3.9381636309262e7,initial,initial
per,conical_bounded,1,100,3.78871e9,5.09276e9,29.8320659,26.2438807,SqEuclidean,extreme,311,1.350111308322e6,insample,1982
per,conical_bounded,1,100,3.78871e9,5.57276e9,28.7393444,26.945801600000003,SqEuclidean,extreme,231,1.781823855274e6,insample,1986
per,conical_bounded,1,100,3.78871e9,4.1067e9,38.8348491,37.6095684,SqEuclidean,extreme,133,406895.382942,insample,1990
per,conical_bounded,1,100,3.78871e9,5.37189e9,36.8479574,34.933818200000005,SqEuclidean,extreme,244,1.634709161564e6,insample,1994
per,conical_bounded,1,100,3.78871e9,4.45611e9,38.6976227,38.8275674,SqEuclidean,extreme,159,698452.1309700002,insample,1998
per,conical_bounded,1,100,3.78871e9,4.41443e9,29.6935081,30.655419199999997,SqEuclidean,extreme,163,665240.462376,insample,2004
per,conical_bounded,1,100,3.78871e9,4.51471e9,30.8029457,30.359036,SqEuclidean,extreme,148,777629.966857,insample,2008
per,conical_bounded,1,100,3.78871e9,4.74366e9,29.8033813,26.8635211,SqEuclidean,extreme,238,1.023003786069e6,insample,2011
per,conical_bounded,1,100,3.78871e9,4.20544e9,27.9139944,26.2223476,SqEuclidean,extreme,129,419218.2942420001,insample,2012
per,conical_bounded,1,100,3.78871e9,4.53545e9,30.3431018,28.1116138,SqEuclidean,extreme,141,776369.3484670001,insample,2016
per,conical_bounded,1,20,4.20677e9,7.21149e11,3.0041521,60.326635800000005,SqEuclidean,extreme,3583,3.913342133598299e7,initial,initial
per,conical_bounded,1,20,4.20677e9,5.14069e9,40.6801708,41.1408379,SqEuclidean,extreme,316,1.396719594462e6,insample,1982
per,conical_bounded,1,20,4.20677e9,5.65022e9,39.713911,45.9632498,SqEuclidean,extreme,256,1.858229011767e6,insample,1986
per,conical_bounded,1,20,4.20677e9,4.15234e9,39.4630476,41.8911689,SqEuclidean,extreme,137,452458.651013,insample,1990
per,conical_bounded,1,20,4.20677e9,5.49472e9,41.3135697,44.955036,SqEuclidean,extreme,273,1.7562101750909996e6,insample,1994
per,conical_bounded,1,20,4.20677e9,4.57568e9,39.8164748,43.5758814,SqEuclidean,extreme,172,817051.9701589999,insample,1998
per,conical_bounded,1,20,4.20677e9,4.5246e9,38.1119109,47.928883799999994,SqEuclidean,extreme,205,774022.0211540001,insample,2004
per,conical_bounded,1,20,4.20677e9,4.60072e9,40.0060079,40.5346735,SqEuclidean,extreme,162,863010.569968,insample,2008
per,conical_bounded,1,20,4.20677e9,4.82229e9,40.6587309,40.1164148,SqEuclidean,extreme,241,1.1004117906429996e6,insample,2011
per,conical_bounded,1,20,4.20677e9,4.26726e9,40.2678779,39.9013893,SqEuclidean,extreme,124,479635.885927,insample,2012
per,conical_bounded,1,20,4.20677e9,4.65382e9,41.2979929,45.3898533,SqEuclidean,extreme,166,893513.63683,insample,2016
per,conical_bounded,1,200,3.48519e9,7.65018e10,64.1353772,54.6705988,SqEuclidean,extreme,3698,3.9898145009938e7,initial,initial
per,conical_bounded,1,200,3.48519e9,5.09834e9,29.4024238,26.7676329,SqEuclidean,extreme,330,1.3506175675859996e6,insample,1982
per,conical_bounded,1,200,3.48519e9,5.63535e9,29.6562156,27.7008223,SqEuclidean,extreme,263,1.83935159535e6,insample,1986
per,conical_bounded,1,200,3.48519e9,4.10838e9,38.8535044,35.209105300000004,SqEuclidean,extreme,140,403359.40826900007,insample,1990
per,conical_bounded,1,200,3.48519e9,5.34774e9,36.5221461,38.0409066,SqEuclidean,extreme,239,1.6055666160929997e6,insample,1994
per,conical_bounded,1,200,3.48519e9,4.42923e9,35.3297217,38.6450671,SqEuclidean,extreme,161,666274.0636810001,insample,1998
per,conical_bounded,1,200,3.48519e9,4.39241e9,28.8546036,26.5782761,SqEuclidean,extreme,160,638323.5653510002,insample,2004
per,conical_bounded,1,200,3.48519e9,4.46267e9,29.832113,28.213942,SqEuclidean,extreme,151,720073.2333130001,insample,2008
per,conical_bounded,1,200,3.48519e9,4.73484e9,31.2283325,32.6015885,SqEuclidean,extreme,234,1.0091190124390002e6,insample,2011
per,conical_bounded,1,200,3.48519e9,4.19875e9,28.4920239,26.2679983,SqEuclidean,extreme,132,407649.875659,insample,2012
per,conical_bounded,1,200,3.48519e9,4.52842e9,29.7428755,27.9611039,SqEuclidean,extreme,145,764310.5933680001,insample,2016
per,conical_bounded,1,50,3.91281e9,2.92188e11,11.5031148,61.7241024,SqEuclidean,extreme,3632,3.9379542966178e7,initial,initial
per,conical_bounded,1,50,3.91281e9,5.1427e9,40.7444306,37.776306899999994,SqEuclidean,extreme,339,1.403105878667e6,insample,1982
per,conical_bounded,1,50,3.91281e9,5.60326e9,38.737951,38.1680895,SqEuclidean,extreme,259,1.815766124266e6,insample,1986
per,conical_bounded,1,50,3.91281e9,4.15053e9,42.4436253,40.673507,SqEuclidean,extreme,157,453965.961784,insample,1990
per,conical_bounded,1,50,3.91281e9,5.46026e9,40.2184399,41.3556269,SqEuclidean,extreme,281,1.725952804981e6,insample,1994
per,conical_bounded,1,50,3.91281e9,4.54266e9,40.4660365,39.6437753,SqEuclidean,extreme,189,788123.815224,insample,1998
per,conical_bounded,1,50,3.91281e9,4.50696e9,41.3895896,40.1736398,SqEuclidean,extreme,215,760476.6655890001,insample,2004
per,conical_bounded,1,50,3.91281e9,4.59229e9,40.6007079,39.238376,SqEuclidean,extreme,178,858215.5197310001,insample,2008
per,conical_bounded,1,50,3.91281e9,4.82085e9,39.5800719,38.9428276,SqEuclidean,extreme,262,1.103171064531e6,insample,2011
per,conical_bounded,1,50,3.91281e9,4.2869e9,40.8760227,37.7441961,SqEuclidean,extreme,149,504062.86157700006,insample,2012
per,conical_bounded,1,50,3.91281e9,4.634e9,39.8801419,36.967401800000005,SqEuclidean,extreme,173,877948.49893,insample,2016
per,convex_hull,1,100,3.79371e9,1.40706e11,26.7380241,65.2839393,SqEuclidean,extreme,3647,3.925079260302699e7,initial,initial
per,convex_hull,1,100,3.79371e9,5.1514e9,29.1028151,27.3624137,SqEuclidean,extreme,344,1.4080617886109997e6,insample,1982
per,convex_hull,1,100,3.79371e9,5.62095e9,29.8642704,26.4282557,SqEuclidean,extreme,259,1.829414816639e6,insample,1986
per,convex_hull,1,100,3.79371e9,4.15337e9,36.5576815,34.1167777,SqEuclidean,extreme,158,453060.886255,insample,1990
per,convex_hull,1,100,3.79371e9,5.47318e9,37.2790989,36.946427799999995,SqEuclidean,extreme,280,1.735187011279e6,insample,1994
per,convex_hull,1,100,3.79371e9,4.55854e9,36.6145591,36.8926578,SqEuclidean,extreme,191,800419.4810999999,insample,1998
per,convex_hull,1,100,3.79371e9,4.51064e9,29.31983,28.0278811,SqEuclidean,extreme,216,760786.8608210001,insample,2004
per,convex_hull,1,100,3.79371e9,4.60133e9,30.6312926,28.1406818,SqEuclidean,extreme,176,863605.1341909999,insample,2008
per,convex_hull,1,100,3.79371e9,4.82463e9,29.884421,25.6485063,SqEuclidean,extreme,259,1.103400155999e6,insample,2011
per,convex_hull,1,100,3.79371e9,4.28889e9,28.3702915,26.0394752,SqEuclidean,extreme,149,502056.245955,insample,2012
per,convex_hull,1,100,3.79371e9,4.64458e9,29.6697836,28.02825,SqEuclidean,extreme,176,884603.669503,insample,2016
per,convex_hull,1,20,4.20626e9,7.21121e11,2.6808756,65.431414,SqEuclidean,extreme,3582,3.9133424357154995e7,initial,initial
per,convex_hull,1,20,4.20626e9,5.14197e9,36.6634753,35.336527,SqEuclidean,extreme,319,1.396732785743e6,insample,1982
per,convex_hull,1,20,4.20626e9,5.65159e9,34.9125394,33.8101783,SqEuclidean,extreme,265,1.858239846243e6,insample,1986
per,convex_hull,1,20,4.20626e9,4.15349e9,34.9198749,38.1686391,SqEuclidean,extreme,140,452461.798239,insample,1990
per,convex_hull,1,20,4.20626e9,5.49605e9,37.3020611,37.5153845,SqEuclidean,extreme,269,1.756215664653e6,insample,1994
per,convex_hull,1,20,4.20626e9,4.57695e9,35.6104855,32.7335833,SqEuclidean,extreme,173,817057.6105739999,insample,1998
per,convex_hull,1,20,4.20626e9,4.52583e9,36.3859453,34.1910442,SqEuclidean,extreme,207,774025.6188690001,insample,2004
per,convex_hull,1,20,4.20626e9,4.60199e9,35.4132344,35.091544299999995,SqEuclidean,extreme,166,863014.0333639999,insample,2008
per,convex_hull,1,20,4.20626e9,4.82364e9,35.1959394,35.3195549,SqEuclidean,extreme,240,1.1004137816809996e6,insample,2011
per,convex_hull,1,20,4.20626e9,4.26861e9,35.8987553,34.0781105,SqEuclidean,extreme,125,479637.941027,insample,2012
per,convex_hull,1,20,4.20626e9,4.65514e9,35.1003784,32.7322031,SqEuclidean,extreme,166,893521.6867440001,insample,2016
per,convex_hull,1,200,3.46304e9,7.61478e10,68.354003,55.1961476,SqEuclidean,extreme,3669,3.9652051702851e7,initial,initial
per,convex_hull,1,200,3.46304e9,5.15511e9,28.8037491,26.9141202,SqEuclidean,extreme,340,1.404804653422e6,insample,1982
per,convex_hull,1,200,3.46304e9,5.69502e9,28.4120847,26.2142957,SqEuclidean,extreme,282,1.896855111264e6,insample,1986
per,convex_hull,1,200,3.46304e9,4.12505e9,36.8713287,35.3356974,SqEuclidean,extreme,152,417635.38583300007,insample,1990
per,convex_hull,1,200,3.46304e9,5.40531e9,38.0235715,37.6854499,SqEuclidean,extreme,255,1.660584002461e6,insample,1994
per,convex_hull,1,200,3.46304e9,4.51934e9,37.5371774,36.3190251,SqEuclidean,extreme,171,754499.2343110001,insample,1998
per,convex_hull,1,200,3.46304e9,4.45398e9,29.6539127,26.7849652,SqEuclidean,extreme,187,697256.5537850001,insample,2004
per,convex_hull,1,200,3.46304e9,4.54392e9,29.4907446,28.4147972,SqEuclidean,extreme,157,799490.766532,insample,2008
per,convex_hull,1,200,3.46304e9,4.79353e9,29.7663156,26.320849000000003,SqEuclidean,extreme,259,1.0654330524049995e6,insample,2011
per,convex_hull,1,200,3.46304e9,4.22964e9,28.2963395,26.3920806,SqEuclidean,extreme,137,436310.693033,insample,2012
per,convex_hull,1,200,3.46304e9,4.57689e9,29.357024,27.6602364,SqEuclidean,extreme,154,810528.9079549998,insample,2016
per,convex_hull,1,50,3.90357e9,2.9084e11,11.6937724,65.967507,SqEuclidean,extreme,3614,3.9170543360078e7,initial,initial
per,convex_hull,1,50,3.90357e9,5.15695e9,36.9434164,31.9487657,SqEuclidean,extreme,368,1.414722624468e6,insample,1982
per,convex_hull,1,50,3.90357e9,5.64634e9,36.8833182,36.2884357,SqEuclidean,extreme,262,1.856096039131e6,insample,1986
per,convex_hull,1,50,3.90357e9,4.13143e9,37.2920784,33.8188544,SqEuclidean,extreme,157,432631.926742,insample,1990
per,convex_hull,1,50,3.90357e9,5.42565e9,36.3326058,33.933336499999996,SqEuclidean,extreme,260,1.688863452584e6,insample,1994
per,convex_hull,1,50,3.90357e9,4.50358e9,36.8836824,34.0484395,SqEuclidean,extreme,176,746380.098188,insample,1998
per,convex_hull,1,50,3.90357e9,4.44325e9,36.7997269,35.1861631,SqEuclidean,extreme,177,694124.2981960002,insample,2004
per,convex_hull,1,50,3.90357e9,4.5477e9,38.1892837,33.4137313,SqEuclidean,extreme,168,811303.3793240001,insample,2008
per,convex_hull,1,50,3.90357e9,4.76536e9,34.216054,35.316024000000006,SqEuclidean,extreme,250,1.045055734545e6,insample,2011
per,convex_hull,1,50,3.90357e9,4.22668e9,38.4248372,33.741369,SqEuclidean,extreme,141,440877.863745,insample,2012
per,convex_hull,1,50,3.90357e9,4.58164e9,37.40454,35.5357378,SqEuclidean,extreme,163,822992.5591010001,insample,2016
per,conical_bounded,2,100,3.78871e9,1.36859e11,24.5815224,61.4885527,SqEuclidean,extreme,3647,3.9381636309262e7,initial,initial
per,conical_bounded,2,20,9.69425e8,3.98352e9,4.082681,65.3744027,SqEuclidean,extreme,2,994.429226,initial,initial
per,conical_bounded,2,200,3.48519e9,7.65018e10,66.1671919,55.7819676,SqEuclidean,extreme,3698,3.9898145009938e7,initial,initial
per,conical_bounded,2,50,1.37113e9,7.78678e9,12.8659261,47.7455025,SqEuclidean,extreme,29,238623.017088,initial,initial
per,convex_hull,2,100,3.79371e9,1.40706e11,26.8573071,58.0917956,SqEuclidean,extreme,3647,3.925079260302699e7,initial,initial
per,convex_hull,2,20,9.90369e8,3.43671e9,5.8802633,46.6981529,SqEuclidean,extreme,3,11618.320731999998,initial,initial
per,convex_hull,2,200,3.46304e9,7.61478e10,64.6398384,54.40299280000001,SqEuclidean,extreme,3669,3.9652051702851e7,initial,initial
per,convex_hull,2,50,1.13007e9,3.81237e9,13.6874022,40.6147629,SqEuclidean,extreme,12,21634.310869,initial,initial
per,conical_bounded,3,100,3.78871e9,1.36859e11,24.7387135,58.87283600000001,SqEuclidean,extreme,3647,3.9381636309262e7,initial,initial
per,conical_bounded,3,20,9.69425e8,3.98352e9,4.0577292,40.6034585,SqEuclidean,extreme,2,994.429226,initial,initial
per,conical_bounded,3,200,3.48519e9,7.65018e10,65.0698143,57.9959363,SqEuclidean,extreme,3698,3.9898145009938e7,initial,initial
per,conical_bounded,3,50,1.37113e9,7.78678e9,12.2270215,46.534001200000006,SqEuclidean,extreme,29,238623.017088,initial,initial
per,convex_hull,3,100,3.79371e9,1.40706e11,26.538538,58.025285800000006,SqEuclidean,extreme,3647,3.925079260302699e7,initial,initial
per,convex_hull,3,20,9.90369e8,3.43671e9,5.4515528,56.6131667,SqEuclidean,extreme,3,11618.320731999998,initial,initial
per,convex_hull,3,200,3.46304e9,7.61478e10,65.375039,52.7287852,SqEuclidean,extreme,3669,3.9652051702851e7,initial,initial
per,convex_hull,3,50,1.13007e9,3.81237e9,13.4809714,40.1662467,SqEuclidean,extreme,12,21634.310869,initial,initial
per,conical_bounded,4,100,3.78871e9,1.36859e11,25.3027677,58.9222556,SqEuclidean,extreme,3647,3.9381636309262e7,initial,initial
per,conical_bounded,4,20,9.69425e8,3.98352e9,3.7879013,39.1756844,SqEuclidean,extreme,2,994.429226,initial,initial
per,conical_bounded,4,200,3.48519e9,7.65018e10,65.6979218,57.1527621,SqEuclidean,extreme,3698,3.9898145009938e7,initial,initial
per,conical_bounded,4,50,1.37113e9,7.78678e9,12.3638153,41.4375572,SqEuclidean,extreme,29,238623.017088,initial,initial
per,convex_hull,4,100,3.79371e9,1.40706e11,26.1023104,56.2568522,SqEuclidean,extreme,3647,3.925079260302699e7,initial,initial
per,convex_hull,4,20,9.90369e8,3.43671e9,4.9673635,60.2276638,SqEuclidean,extreme,3,11618.320731999998,initial,initial
per,convex_hull,4,200,3.46304e9,7.61478e10,65.4349018,54.6925487,SqEuclidean,extreme,3669,3.9652051702851e7,initial,initial
per,convex_hull,4,50,1.13007e9,3.81237e9,13.7681511,41.4765643,SqEuclidean,extreme,12,21634.310869,initial,initial
per,conical_bounded,5,100,1.48297e9,7.29089e9,37.3372483,53.4923986,SqEuclidean,extreme,45,277044.636223,initial,initial
per,conical_bounded,5,20,9.69425e8,3.98352e9,4.1556091,45.3278454,SqEuclidean,extreme,2,994.429226,initial,initial
per,conical_bounded,5,200,1.71526e9,7.90516e9,110.2162378,60.649506,SqEuclidean,extreme,129,661841.640514,initial,initial
per,conical_bounded,5,50,1.37113e9,7.78678e9,13.6086804,44.5388473,SqEuclidean,extreme,29,238623.017088,initial,initial
per,convex_hull,5,100,1.40369e9,4.23655e9,40.6184354,78.62498260000001,SqEuclidean,extreme,47,76198.49592100001,initial,initial
per,convex_hull,5,20,9.90369e8,3.43671e9,4.3200468,40.8462456,SqEuclidean,extreme,3,11618.320731999998,initial,initial
per,convex_hull,5,200,1.6198e9,4.62128e9,98.3976952,62.0590033,SqEuclidean,extreme,131,377975.21667800006,initial,initial
per,convex_hull,5,50,1.13007e9,3.81237e9,13.5065955,41.6413236,SqEuclidean,extreme,12,21634.310869,initial,initial
per,k_medoids,1005471400,100,3.7827e9,1.33525e11,24.9140319,46.8657045,SqEuclidean,extreme,3611,3.9251638580722e7,initial,initial
per,k_medoids,1005471400,100,3.7827e9,5.09349e9,28.106343,27.0467007,SqEuclidean,extreme,323,1.352116140534e6,insample,1982
per,k_medoids,1005471400,100,3.7827e9,5.61649e9,28.5032938,27.1542734,SqEuclidean,extreme,247,1.827110445205e6,insample,1986
per,k_medoids,1005471400,100,3.7827e9,4.10677e9,36.9949248,36.4970895,SqEuclidean,extreme,141,408319.260288,insample,1990
per,k_medoids,1005471400,100,3.7827e9,5.38958e9,37.0538173,38.0834796,SqEuclidean,extreme,239,1.6538315555630005e6,insample,1994
per,k_medoids,1005471400,100,3.7827e9,4.45717e9,28.4878742,27.6955492,SqEuclidean,extreme,153,701057.8457880002,insample,1998
per,k_medoids,1005471400,100,3.7827e9,4.41917e9,29.0131172,27.1723407,SqEuclidean,extreme,164,671350.1154609999,insample,2004
per,k_medoids,1005471400,100,3.7827e9,4.51054e9,29.7008506,27.2225766,SqEuclidean,extreme,154,774988.2962560002,insample,2008
per,k_medoids,1005471400,100,3.7827e9,4.73064e9,29.3056464,26.8097515,SqEuclidean,extreme,229,1.011255523463e6,insample,2011
per,k_medoids,1005471400,100,3.7827e9,4.18851e9,28.1252388,27.7869526,SqEuclidean,extreme,126,403769.502156,insample,2012
per,k_medoids,1005471400,100,3.7827e9,4.54118e9,29.3377592,27.3462284,SqEuclidean,extreme,145,783513.4060559999,insample,2016
per,k_medoids,1262311769,100,3.76018e9,1.33961e11,21.5026027,47.3038834,SqEuclidean,extreme,3354,4.302026190507201e7,initial,initial
per,k_medoids,1262311769,100,3.76018e9,5.16254e9,29.171714,27.8405119,SqEuclidean,extreme,383,1.421510524002e6,insample,1982
per,k_medoids,1262311769,100,3.76018e9,5.63033e9,28.2676867,28.6756206,SqEuclidean,extreme,275,1.841130455809e6,insample,1986
per,k_medoids,1262311769,100,3.76018e9,4.1419e9,37.6424336,34.2135739,SqEuclidean,extreme,174,443128.055504,insample,1990
per,k_medoids,1262311769,100,3.76018e9,5.40094e9,38.6296087,33.525162,SqEuclidean,extreme,280,1.6649052836719998e6,insample,1994
per,k_medoids,1262311769,100,3.76018e9,4.51008e9,29.0005193,27.4044762,SqEuclidean,extreme,197,753658.0284920002,insample,1998
per,k_medoids,1262311769,100,3.76018e9,4.50919e9,28.8321943,28.9562542,SqEuclidean,extreme,238,761620.583195,insample,2004
per,k_medoids,1262311769,100,3.76018e9,4.54301e9,28.6977968,27.5701677,SqEuclidean,extreme,180,807117.4191880001,insample,2008
per,k_medoids,1262311769,100,3.76018e9,4.79815e9,29.3805592,26.66638,SqEuclidean,extreme,269,1.0787678472689998e6,insample,2011
per,k_medoids,1262311769,100,3.76018e9,4.2567e9,27.983774,28.1788453,SqEuclidean,extreme,154,472123.066324,insample,2012
per,k_medoids,1262311769,100,3.76018e9,4.58358e9,29.6886781,27.0252467,SqEuclidean,extreme,189,826101.87895,insample,2016
per,k_medoids,1400059389,100,3.77042e9,1.33048e11,25.9628184,58.17498019999999,SqEuclidean,extreme,3924,4.7840287939670995e7,initial,initial
per,k_medoids,1400059389,100,3.77042e9,5.10877e9,28.4912761,26.382469800000003,SqEuclidean,extreme,330,1.366519212856e6,insample,1982
per,k_medoids,1400059389,100,3.77042e9,5.63258e9,28.5440471,26.4792338,SqEuclidean,extreme,254,1.842219885118e6,insample,1986
per,k_medoids,1400059389,100,3.77042e9,4.11382e9,38.0037088,35.839903299999996,SqEuclidean,extreme,143,414598.013874,insample,1990
per,k_medoids,1400059389,100,3.77042e9,5.36923e9,34.3872,36.7663577,SqEuclidean,extreme,237,1.6327354570699998e6,insample,1994
per,k_medoids,1400059389,100,3.77042e9,4.46714e9,29.532119,27.3916522,SqEuclidean,extreme,155,710125.0566130001,insample,1998
per,k_medoids,1400059389,100,3.77042e9,4.41553e9,29.4743492,26.5598422,SqEuclidean,extreme,165,666789.595441,insample,2004
per,k_medoids,1400059389,100,3.77042e9,4.50231e9,29.080386,27.408951,SqEuclidean,extreme,154,765782.6281950001,insample,2008
per,k_medoids,1400059389,100,3.77042e9,4.73994e9,29.2116718,26.6575733,SqEuclidean,extreme,240,1.019778158498e6,insample,2011
per,k_medoids,1400059389,100,3.77042e9,4.1955e9,28.4942314,26.938043200000003,SqEuclidean,extreme,127,409900.954152,insample,2012
per,k_medoids,1400059389,100,3.77042e9,4.54271e9,29.3323948,26.6969789,SqEuclidean,extreme,148,784307.807134,insample,2016
per,k_medoids,1693313909,100,3.75932e9,1.33262e11,24.0803497,51.6004448,SqEuclidean,extreme,3927,4.795205598076001e7,initial,initial
per,k_medoids,1693313909,100,3.75932e9,5.16203e9,28.5353204,27.4633451,SqEuclidean,extreme,382,1.420890042656e6,insample,1982
per,k_medoids,1693313909,100,3.75932e9,5.64581e9,29.7954615,27.2656584,SqEuclidean,extreme,275,1.85682318157e6,insample,1986
per,k_medoids,1693313909,100,3.75932e9,4.13952e9,37.5676354,35.0908194,SqEuclidean,extreme,172,440986.7698540001,insample,1990
per,k_medoids,1693313909,100,3.75932e9,5.44419e9,36.3218818,39.5223446,SqEuclidean,extreme,269,1.7081534416250004e6,insample,1994
per,k_medoids,1693313909,100,3.75932e9,4.50222e9,30.0050281,28.3439574,SqEuclidean,extreme,190,746008.7289890001,insample,1998
per,k_medoids,1693313909,100,3.75932e9,4.44324e9,28.7821212,26.8190383,SqEuclidean,extreme,195,695447.507679,insample,2004
per,k_medoids,1693313909,100,3.75932e9,4.54623e9,29.8976491,28.2079619,SqEuclidean,extreme,180,810229.822274,insample,2008
per,k_medoids,1693313909,100,3.75932e9,4.76067e9,30.1554084,26.3072917,SqEuclidean,extreme,265,1.041262550616e6,insample,2011
per,k_medoids,1693313909,100,3.75932e9,4.22828e9,28.5620951,27.2531543,SqEuclidean,extreme,152,443685.3885510001,insample,2012
per,k_medoids,1693313909,100,3.75932e9,4.58885e9,30.163487,27.6740373,SqEuclidean,extreme,185,831423.7779949999,insample,2016
per,k_medoids,2483487299,100,3.84971e9,1.33856e11,24.8586992,47.3574311,SqEuclidean,extreme,3964,4.8089185149353e7,initial,initial
per,k_medoids,2483487299,100,3.84971e9,5.07099e9,29.2965396,25.8731758,SqEuclidean,extreme,313,1.330248105801e6,insample,1982
per,k_medoids,2483487299,100,3.84971e9,5.61761e9,29.2460715,27.5300171,SqEuclidean,extreme,240,1.828974453659e6,insample,1986
per,k_medoids,2483487299,100,3.84971e9,4.07995e9,36.9772349,35.5697606,SqEuclidean,extreme,122,382211.571833,insample,1990
per,k_medoids,2483487299,100,3.84971e9,5.36211e9,39.0660841,35.657254,SqEuclidean,extreme,229,1.627183573029e6,insample,1994
per,k_medoids,2483487299,100,3.84971e9,4.44386e9,29.0995962,27.1384225,SqEuclidean,extreme,142,688466.8274740002,insample,1998
per,k_medoids,2483487299,100,3.84971e9,4.40542e9,29.031841,28.2120514,SqEuclidean,extreme,158,658272.92654,insample,2004
per,k_medoids,2483487299,100,3.84971e9,4.47389e9,29.5413268,28.6538779,SqEuclidean,extreme,141,738873.1467840002,insample,2008
per,k_medoids,2483487299,100,3.84971e9,4.70128e9,29.8363394,26.9977318,SqEuclidean,extreme,212,982526.708052,insample,2011
per,k_medoids,2483487299,100,3.84971e9,4.18595e9,29.1085016,26.8754922,SqEuclidean,extreme,115,402111.109653,insample,2012
per,k_medoids,2483487299,100,3.84971e9,4.53246e9,30.4219387,27.2301436,SqEuclidean,extreme,142,775758.141851,insample,2016
per,k_medoids,2529186237,100,3.749e9,1.33064e11,24.1855781,46.656382699999995,SqEuclidean,extreme,3929,4.7922306710579e7,initial,initial
per,k_medoids,2529186237,100,3.749e9,5.19859e9,28.8157427,27.2388523,SqEuclidean,extreme,392,1.457725977388e6,insample,1982
per,k_medoids,2529186237,100,3.749e9,5.67155e9,28.2498342,27.1777183,SqEuclidean,extreme,282,1.882701303735e6,insample,1986
per,k_medoids,2529186237,100,3.749e9,4.15493e9,38.9431685,36.9421524,SqEuclidean,extreme,178,456655.035245,insample,1990
per,k_medoids,2529186237,100,3.749e9,5.44357e9,38.8415425,35.2640365,SqEuclidean,extreme,291,1.707816797901e6,insample,1994
per,k_medoids,2529186237,100,3.749e9,4.54222e9,29.1143328,27.1238574,SqEuclidean,extreme,203,786393.71203,insample,1998
per,k_medoids,2529186237,100,3.749e9,4.49797e9,30.2070649,26.5776065,SqEuclidean,extreme,222,750517.2864439997,insample,2004
per,k_medoids,2529186237,100,3.749e9,4.57012e9,31.3348238,26.7818484,SqEuclidean,extreme,187,834478.8612370002,insample,2008
per,k_medoids,2529186237,100,3.749e9,4.80419e9,29.5086443,28.1557315,SqEuclidean,extreme,278,1.0850904286269995e6,insample,2011
per,k_medoids,2529186237,100,3.749e9,4.25808e9,29.8109213,28.7871651,SqEuclidean,extreme,161,473681.08602100005,insample,2012
per,k_medoids,2529186237,100,3.749e9,4.61081e9,30.4126477,26.28148,SqEuclidean,extreme,187,853517.158333,insample,2016
per,k_medoids,2910484191,100,3.74867e9,1.33385e11,23.7461223,47.8492452,SqEuclidean,extreme,3943,4.8069231541263e7,initial,initial
per,k_medoids,2910484191,100,3.74867e9,5.18996e9,29.0283799,26.9257514,SqEuclidean,extreme,375,1.449345924156e6,insample,1982
per,k_medoids,2910484191,100,3.74867e9,5.68656e9,28.617725,26.883069,SqEuclidean,extreme,289,1.897898970339e6,insample,1986
per,k_medoids,2910484191,100,3.74867e9,4.15294e9,37.8979699,35.487802699999996,SqEuclidean,extreme,179,454962.833155,insample,1990
per,k_medoids,2910484191,100,3.74867e9,5.43545e9,36.9792859,35.063891700000006,SqEuclidean,extreme,285,1.7002122141099998e6,insample,1994
per,k_medoids,2910484191,100,3.74867e9,4.54908e9,29.7768631,28.6370289,SqEuclidean,extreme,200,793683.5258750002,insample,1998
per,k_medoids,2910484191,100,3.74867e9,4.52427e9,29.6603005,28.3798215,SqEuclidean,extreme,232,777255.5336340001,insample,2004
per,k_medoids,2910484191,100,3.74867e9,4.56708e9,29.7401498,28.4529187,SqEuclidean,extreme,187,832080.7274530001,insample,2008
per,k_medoids,2910484191,100,3.74867e9,4.82204e9,29.4454683,26.8671917,SqEuclidean,extreme,281,1.10336746136e6,insample,2011
per,k_medoids,2910484191,100,3.74867e9,4.25586e9,27.6505199,26.2107469,SqEuclidean,extreme,161,471798.519638,insample,2012
per,k_medoids,2910484191,100,3.74867e9,4.60523e9,29.257724,28.3557408,SqEuclidean,extreme,183,848195.895971,insample,2016
per,k_medoids,2931455462,100,3.8165e9,1.33671e11,24.6639988,48.5190436,SqEuclidean,extreme,3617,3.929549608134499e7,initial,initial
per,k_medoids,2931455462,100,3.8165e9,5.09012e9,29.0826936,27.6826876,SqEuclidean,extreme,360,1.349949460668e6,insample,1982
per,k_medoids,2931455462,100,3.8165e9,5.63071e9,29.0475585,27.7608259,SqEuclidean,extreme,264,1.842584927931e6,insample,1986
per,k_medoids,2931455462,100,3.8165e9,4.11715e9,36.7321216,35.1914691,SqEuclidean,extreme,162,419594.321258,insample,1990
per,k_medoids,2931455462,100,3.8165e9,5.34108e9,36.8848909,34.555097100000005,SqEuclidean,extreme,248,1.6063844732279996e6,insample,1994
per,k_medoids,2931455462,100,3.8165e9,4.41389e9,28.5730086,28.427939,SqEuclidean,extreme,169,658526.9762850001,insample,1998
per,k_medoids,2931455462,100,3.8165e9,4.39337e9,29.7669891,28.438592699999997,SqEuclidean,extreme,182,646805.2402829998,insample,2004
per,k_medoids,2931455462,100,3.8165e9,4.4534e9,29.6453683,27.1777832,SqEuclidean,extreme,159,718579.7749930001,insample,2008
per,k_medoids,2931455462,100,3.8165e9,4.71724e9,29.2872758,29.4830168,SqEuclidean,extreme,251,998990.315465,insample,2011
per,k_medoids,2931455462,100,3.8165e9,4.16957e9,28.5548654,26.9533961,SqEuclidean,extreme,134,386117.383502,insample,2012
per,k_medoids,2931455462,100,3.8165e9,4.52916e9,28.5337302,27.7330325,SqEuclidean,extreme,170,772894.8691199998,insample,2016
per,k_medoids,3631457564,100,3.7792e9,1.33749e11,25.5203419,45.737728,SqEuclidean,extreme,3601,3.9351934589086e7,initial,initial
per,k_medoids,3631457564,100,3.7792e9,5.11576e9,29.5040234,26.7276297,SqEuclidean,extreme,362,1.373316307958e6,insample,1982
per,k_medoids,3631457564,100,3.7792e9,5.57974e9,29.4057957,26.4450021,SqEuclidean,extreme,247,1.789184194392e6,insample,1986
per,k_medoids,3631457564,100,3.7792e9,4.11128e9,37.4848607,34.264314999999996,SqEuclidean,extreme,149,411312.228863,insample,1990
per,k_medoids,3631457564,100,3.7792e9,5.38939e9,38.3912541,34.9007924,SqEuclidean,extreme,262,1.652014455982e6,insample,1994
per,k_medoids,3631457564,100,3.7792e9,4.44081e9,29.6987038,29.4891236,SqEuclidean,extreme,169,682938.529125,insample,1998
per,k_medoids,3631457564,100,3.7792e9,4.40563e9,30.6326916,28.3399105,SqEuclidean,extreme,175,656460.091489,insample,2004
per,k_medoids,3631457564,100,3.7792e9,4.49484e9,30.513175,27.575668,SqEuclidean,extreme,152,757352.99814,insample,2008
per,k_medoids,3631457564,100,3.7792e9,4.71202e9,30.0907964,26.1206033,SqEuclidean,extreme,233,991167.4662810002,insample,2011
per,k_medoids,3631457564,100,3.7792e9,4.21855e9,29.0791927,29.5975339,SqEuclidean,extreme,139,432550.17048700014,insample,2012
per,k_medoids,3631457564,100,3.7792e9,4.54417e9,30.6992897,26.9335834,SqEuclidean,extreme,166,785334.639539,insample,2016
per,k_medoids,472808301,100,3.76659e9,1.34081e11,23.7017262,47.2933679,SqEuclidean,extreme,3351,4.2958358134398006e7,initial,initial
per,k_medoids,472808301,100,3.76659e9,5.12702e9,28.5873398,26.0332578,SqEuclidean,extreme,361,1.3873020828000004e6,insample,1982
per,k_medoids,472808301,100,3.76659e9,5.61486e9,28.7951729,26.5780216,SqEuclidean,extreme,260,1.827019168531e6,insample,1986
per,k_medoids,472808301,100,3.76659e9,4.12946e9,37.43474,34.6803617,SqEuclidean,extreme,157,432253.85834300006,insample,1990
per,k_medoids,472808301,100,3.76659e9,5.36792e9,36.9654728,37.1018124,SqEuclidean,extreme,269,1.6335936865129997e6,insample,1994
per,k_medoids,472808301,100,3.76659e9,4.48333e9,29.702904,28.5108962,SqEuclidean,extreme,185,728475.2281410001,insample,1998
per,k_medoids,472808301,100,3.76659e9,4.48062e9,29.1775006,26.696829,SqEuclidean,extreme,213,734469.8541059999,insample,2004
per,k_medoids,472808301,100,3.76659e9,4.50941e9,29.5516302,28.0928767,SqEuclidean,extreme,167,774969.5979320001,insample,2008
per,k_medoids,472808301,100,3.76659e9,4.77574e9,29.2870788,27.5210294,SqEuclidean,extreme,260,1.0577939837129998e6,insample,2011
per,k_medoids,472808301,100,3.76659e9,4.24018e9,27.9270195,25.7588572,SqEuclidean,extreme,139,457272.702136,insample,2012
per,k_medoids,472808301,100,3.76659e9,4.55402e9,29.8873511,30.5194296,SqEuclidean,extreme,166,798195.527713,insample,2016
per,k_medoids,1516602964,20,4.20736e9,7.20992e11,3.369192,58.0990448,SqEuclidean,extreme,3525,3.913341223974499e7,initial,initial
per,k_medoids,1516602964,20,4.20736e9,5.13919e9,36.347997,33.6224574,SqEuclidean,extreme,318,1.3966798777450002e6,insample,1982
per,k_medoids,1516602964,20,4.20736e9,5.64858e9,35.6982842,34.9000076,SqEuclidean,extreme,258,1.8581963909879995e6,insample,1986
per,k_medoids,1516602964,20,4.20736e9,4.1512e9,35.9963394,34.5313636,SqEuclidean,extreme,137,452449.175246,insample,1990
per,k_medoids,1516602964,20,4.20736e9,5.49326e9,35.1019976,31.9630942,SqEuclidean,extreme,274,1.756193646938e6,insample,1994
per,k_medoids,1516602964,20,4.20736e9,4.5742e9,37.0149526,34.627073,SqEuclidean,extreme,167,817034.987816,insample,1998
per,k_medoids,1516602964,20,4.20736e9,4.52315e9,37.3701796,32.9570252,SqEuclidean,extreme,205,774011.1890380001,insample,2004
per,k_medoids,1516602964,20,4.20736e9,4.59941e9,36.9493336,34.7592993,SqEuclidean,extreme,167,863000.1422690001,insample,2008
per,k_medoids,1516602964,20,4.20736e9,4.82077e9,36.3703966,34.971953899999995,SqEuclidean,extreme,238,1.1004057959599998e6,insample,2011
per,k_medoids,1516602964,20,4.20736e9,4.26565e9,35.5780349,33.3088472,SqEuclidean,extreme,124,479629.69837,insample,2012
per,k_medoids,1516602964,20,4.20736e9,4.65224e9,34.2772507,35.7121192,SqEuclidean,extreme,167,893489.399895,insample,2016
per,k_medoids,1886534858,20,4.20736e9,7.20992e11,2.9317763,59.5881939,SqEuclidean,extreme,3525,3.913341223974499e7,initial,initial
per,k_medoids,1886534858,20,4.20736e9,5.13919e9,39.7007377,37.7309377,SqEuclidean,extreme,318,1.3966798777450002e6,insample,1982
per,k_medoids,1886534858,20,4.20736e9,5.64858e9,39.3243065,37.985741,SqEuclidean,extreme,258,1.8581963909879995e6,insample,1986
per,k_medoids,1886534858,20,4.20736e9,4.1512e9,40.7514211,40.5624448,SqEuclidean,extreme,137,452449.175246,insample,1990
per,k_medoids,1886534858,20,4.20736e9,5.49326e9,40.4925805,39.9347148,SqEuclidean,extreme,274,1.756193646938e6,insample,1994
per,k_medoids,1886534858,20,4.20736e9,4.5742e9,40.7324345,37.8250866,SqEuclidean,extreme,167,817034.987816,insample,1998
per,k_medoids,1886534858,20,4.20736e9,4.52315e9,37.976097,39.4040793,SqEuclidean,extreme,205,774011.1890380001,insample,2004
per,k_medoids,1886534858,20,4.20736e9,4.59941e9,37.8682024,38.9832849,SqEuclidean,extreme,167,863000.1422690001,insample,2008
per,k_medoids,1886534858,20,4.20736e9,4.82077e9,39.6258113,40.2897732,SqEuclidean,extreme,238,1.1004057959599998e6,insample,2011
per,k_medoids,1886534858,20,4.20736e9,4.26565e9,40.2429321,38.1703963,SqEuclidean,extreme,124,479629.69837,insample,2012
per,k_medoids,1886534858,20,4.20736e9,4.65224e9,40.2764168,41.352055799999995,SqEuclidean,extreme,167,893489.399895,insample,2016
per,k_medoids,2317698438,20,4.20736e9,7.20992e11,3.2611839,57.8218779,SqEuclidean,extreme,3525,3.913341223974499e7,initial,initial
per,k_medoids,2317698438,20,4.20736e9,5.13919e9,38.795176,33.0215667,SqEuclidean,extreme,318,1.3966798777450002e6,insample,1982
per,k_medoids,2317698438,20,4.20736e9,5.64858e9,36.6987997,36.817902,SqEuclidean,extreme,258,1.8581963909879995e6,insample,1986
per,k_medoids,2317698438,20,4.20736e9,4.1512e9,36.1469966,34.771711800000006,SqEuclidean,extreme,137,452449.175246,insample,1990
per,k_medoids,2317698438,20,4.20736e9,5.49326e9,35.5094585,34.5062534,SqEuclidean,extreme,274,1.756193646938e6,insample,1994
per,k_medoids,2317698438,20,4.20736e9,4.5742e9,37.1795656,33.2690191,SqEuclidean,extreme,167,817034.987816,insample,1998
per,k_medoids,2317698438,20,4.20736e9,4.52315e9,35.6419487,35.8316448,SqEuclidean,extreme,205,774011.1890380001,insample,2004
per,k_medoids,2317698438,20,4.20736e9,4.59941e9,36.6629734,33.9703244,SqEuclidean,extreme,167,863000.1422690001,insample,2008
per,k_medoids,2317698438,20,4.20736e9,4.82077e9,36.8172465,36.8899587,SqEuclidean,extreme,238,1.1004057959599998e6,insample,2011
per,k_medoids,2317698438,20,4.20736e9,4.26565e9,36.7524044,36.8856887,SqEuclidean,extreme,124,479629.69837,insample,2012
per,k_medoids,2317698438,20,4.20736e9,4.65224e9,36.7963417,34.4467581,SqEuclidean,extreme,167,893489.399895,insample,2016
per,k_medoids,2466700586,20,4.20736e9,7.20992e11,3.1424041,59.1066598,SqEuclidean,extreme,3128,3.9133412239745e7,initial,initial
per,k_medoids,2466700586,20,4.20736e9,5.13919e9,40.0423249,38.6357023,SqEuclidean,extreme,318,1.3966798777450002e6,insample,1982
per,k_medoids,2466700586,20,4.20736e9,5.64858e9,37.892398,36.4139573,SqEuclidean,extreme,258,1.8581963909879995e6,insample,1986
per,k_medoids,2466700586,20,4.20736e9,4.1512e9,39.5799031,38.562679,SqEuclidean,extreme,137,452449.175246,insample,1990
per,k_medoids,2466700586,20,4.20736e9,5.49326e9,39.3454286,37.3960876,SqEuclidean,extreme,274,1.756193646938e6,insample,1994
per,k_medoids,2466700586,20,4.20736e9,4.5742e9,41.570353,41.671618200000005,SqEuclidean,extreme,167,817034.987816,insample,1998
per,k_medoids,2466700586,20,4.20736e9,4.52315e9,39.4534635,40.777758,SqEuclidean,extreme,205,774011.1890380001,insample,2004
per,k_medoids,2466700586,20,4.20736e9,4.59941e9,40.6640844,37.6067354,SqEuclidean,extreme,167,863000.1422690001,insample,2008
per,k_medoids,2466700586,20,4.20736e9,4.82077e9,41.4042823,41.5217257,SqEuclidean,extreme,238,1.1004057959599998e6,insample,2011
per,k_medoids,2466700586,20,4.20736e9,4.26565e9,38.8913579,39.6729711,SqEuclidean,extreme,124,479629.69837,insample,2012
per,k_medoids,2466700586,20,4.20736e9,4.65224e9,39.2397915,38.8770546,SqEuclidean,extreme,167,893489.399895,insample,2016
per,k_medoids,2692059346,20,4.20736e9,7.20992e11,3.4460856,61.1860029,SqEuclidean,extreme,3128,3.9133412239745e7,initial,initial
per,k_medoids,2692059346,20,4.20736e9,5.13919e9,40.0378317,39.30622339999999,SqEuclidean,extreme,318,1.3966798777450002e6,insample,1982
per,k_medoids,2692059346,20,4.20736e9,5.64858e9,41.9812748,42.6963739,SqEuclidean,extreme,258,1.8581963909879995e6,insample,1986
per,k_medoids,2692059346,20,4.20736e9,4.1512e9,40.3948829,42.5737351,SqEuclidean,extreme,137,452449.175246,insample,1990
per,k_medoids,2692059346,20,4.20736e9,5.49326e9,41.6633853,39.9828758,SqEuclidean,extreme,274,1.756193646938e6,insample,1994
per,k_medoids,2692059346,20,4.20736e9,4.5742e9,40.2264914,40.6912379,SqEuclidean,extreme,167,817034.987816,insample,1998
per,k_medoids,2692059346,20,4.20736e9,4.52315e9,39.5203657,36.0182147,SqEuclidean,extreme,205,774011.1890380001,insample,2004
per,k_medoids,2692059346,20,4.20736e9,4.59941e9,38.7358934,38.33090249999999,SqEuclidean,extreme,167,863000.1422690001,insample,2008
per,k_medoids,2692059346,20,4.20736e9,4.82077e9,36.832596,39.027128899999994,SqEuclidean,extreme,238,1.1004057959599998e6,insample,2011
per,k_medoids,2692059346,20,4.20736e9,4.26565e9,40.8386621,41.1018859,SqEuclidean,extreme,124,479629.69837,insample,2012
per,k_medoids,2692059346,20,4.20736e9,4.65224e9,40.7916213,41.0422631,SqEuclidean,extreme,167,893489.399895,insample,2016
per,k_medoids,3032526906,20,4.20736e9,7.20992e11,3.3879887,57.1146572,SqEuclidean,extreme,3128,3.9133412239745e7,initial,initial
per,k_medoids,3032526906,20,4.20736e9,5.13919e9,37.6974954,35.0678879,SqEuclidean,extreme,318,1.3966798777450002e6,insample,1982
per,k_medoids,3032526906,20,4.20736e9,5.64858e9,35.9011976,33.1991536,SqEuclidean,extreme,258,1.8581963909879995e6,insample,1986
per,k_medoids,3032526906,20,4.20736e9,4.1512e9,35.8249808,34.80882,SqEuclidean,extreme,137,452449.175246,insample,1990
per,k_medoids,3032526906,20,4.20736e9,5.49326e9,37.5555165,36.7211427,SqEuclidean,extreme,274,1.756193646938e6,insample,1994
per,k_medoids,3032526906,20,4.20736e9,4.5742e9,34.9550485,36.6299231,SqEuclidean,extreme,167,817034.987816,insample,1998
per,k_medoids,3032526906,20,4.20736e9,4.52315e9,36.9003833,33.6569181,SqEuclidean,extreme,205,774011.1890380001,insample,2004
per,k_medoids,3032526906,20,4.20736e9,4.59941e9,37.6555278,37.5020897,SqEuclidean,extreme,167,863000.1422690001,insample,2008
per,k_medoids,3032526906,20,4.20736e9,4.82077e9,32.9052178,35.7012564,SqEuclidean,extreme,238,1.1004057959599998e6,insample,2011
per,k_medoids,3032526906,20,4.20736e9,4.26565e9,36.5698375,34.7626182,SqEuclidean,extreme,124,479629.69837,insample,2012
per,k_medoids,3032526906,20,4.20736e9,4.65224e9,35.1081538,37.329016,SqEuclidean,extreme,167,893489.399895,insample,2016
per,k_medoids,3214418042,20,4.20736e9,7.20992e11,4.118335,50.483441,SqEuclidean,extreme,3525,3.913341223974499e7,initial,initial
per,k_medoids,3214418042,20,4.20736e9,5.13919e9,35.9381174,36.3029333,SqEuclidean,extreme,318,1.3966798777450002e6,insample,1982
per,k_medoids,3214418042,20,4.20736e9,5.64858e9,35.4272227,36.1385203,SqEuclidean,extreme,258,1.8581963909879995e6,insample,1986
per,k_medoids,3214418042,20,4.20736e9,4.1512e9,35.2689906,37.3539638,SqEuclidean,extreme,137,452449.175246,insample,1990
per,k_medoids,3214418042,20,4.20736e9,5.49326e9,36.54207,36.4496504,SqEuclidean,extreme,274,1.756193646938e6,insample,1994
per,k_medoids,3214418042,20,4.20736e9,4.5742e9,35.5645238,37.2549736,SqEuclidean,extreme,167,817034.987816,insample,1998
per,k_medoids,3214418042,20,4.20736e9,4.52315e9,36.7206375,37.015497200000006,SqEuclidean,extreme,205,774011.1890380001,insample,2004
per,k_medoids,3214418042,20,4.20736e9,4.59941e9,35.6604303,33.0489363,SqEuclidean,extreme,167,863000.1422690001,insample,2008
per,k_medoids,3214418042,20,4.20736e9,4.82077e9,35.4145974,35.786661200000005,SqEuclidean,extreme,238,1.1004057959599998e6,insample,2011
per,k_medoids,3214418042,20,4.20736e9,4.26565e9,35.8460399,37.2692305,SqEuclidean,extreme,124,479629.69837,insample,2012
per,k_medoids,3214418042,20,4.20736e9,4.65224e9,35.2169391,36.2955982,SqEuclidean,extreme,167,893489.399895,insample,2016
per,k_medoids,3217763985,20,4.20736e9,7.20992e11,3.5119084,60.5847714,SqEuclidean,extreme,3525,3.913341223974499e7,initial,initial
per,k_medoids,3217763985,20,4.20736e9,5.13919e9,41.5455895,42.2937325,SqEuclidean,extreme,318,1.3966798777450002e6,insample,1982
per,k_medoids,3217763985,20,4.20736e9,5.64858e9,41.2984785,41.4153037,SqEuclidean,extreme,258,1.8581963909879995e6,insample,1986
per,k_medoids,3217763985,20,4.20736e9,4.1512e9,38.1064764,38.0638165,SqEuclidean,extreme,137,452449.175246,insample,1990
per,k_medoids,3217763985,20,4.20736e9,5.49326e9,37.2885894,41.9108818,SqEuclidean,extreme,274,1.756193646938e6,insample,1994
per,k_medoids,3217763985,20,4.20736e9,4.5742e9,40.9060779,42.2575032,SqEuclidean,extreme,167,817034.987816,insample,1998
per,k_medoids,3217763985,20,4.20736e9,4.52315e9,40.0013783,41.4598284,SqEuclidean,extreme,205,774011.1890380001,insample,2004
per,k_medoids,3217763985,20,4.20736e9,4.59941e9,40.5721066,39.436688800000006,SqEuclidean,extreme,167,863000.1422690001,insample,2008
per,k_medoids,3217763985,20,4.20736e9,4.82077e9,40.6348064,41.2292723,SqEuclidean,extreme,238,1.1004057959599998e6,insample,2011
per,k_medoids,3217763985,20,4.20736e9,4.26565e9,40.9381908,40.0751069,SqEuclidean,extreme,124,479629.69837,insample,2012
per,k_medoids,3217763985,20,4.20736e9,4.65224e9,41.1772462,41.2889175,SqEuclidean,extreme,167,893489.399895,insample,2016
per,k_medoids,3272403283,20,4.20736e9,7.20992e11,3.2330947,62.354097,SqEuclidean,extreme,3525,3.913341223974499e7,initial,initial
per,k_medoids,3272403283,20,4.20736e9,5.13919e9,37.6620616,41.851352799999994,SqEuclidean,extreme,318,1.3966798777450002e6,insample,1982
per,k_medoids,3272403283,20,4.20736e9,5.64858e9,38.8316094,41.8930267,SqEuclidean,extreme,258,1.8581963909879995e6,insample,1986
per,k_medoids,3272403283,20,4.20736e9,4.1512e9,40.0481482,39.099984500000005,SqEuclidean,extreme,137,452449.175246,insample,1990
per,k_medoids,3272403283,20,4.20736e9,5.49326e9,41.8192486,41.1530442,SqEuclidean,extreme,274,1.756193646938e6,insample,1994
per,k_medoids,3272403283,20,4.20736e9,4.5742e9,40.1926507,41.4265102,SqEuclidean,extreme,167,817034.987816,insample,1998
per,k_medoids,3272403283,20,4.20736e9,4.52315e9,40.5003494,39.1885911,SqEuclidean,extreme,205,774011.1890380001,insample,2004
per,k_medoids,3272403283,20,4.20736e9,4.59941e9,39.5132092,37.8279478,SqEuclidean,extreme,167,863000.1422690001,insample,2008
per,k_medoids,3272403283,20,4.20736e9,4.82077e9,40.7298027,39.1728033,SqEuclidean,extreme,238,1.1004057959599998e6,insample,2011
per,k_medoids,3272403283,20,4.20736e9,4.26565e9,35.9063474,42.4745029,SqEuclidean,extreme,124,479629.69837,insample,2012
per,k_medoids,3272403283,20,4.20736e9,4.65224e9,40.1655089,39.073074,SqEuclidean,extreme,167,893489.399895,insample,2016
per,k_medoids,408956147,20,4.20736e9,7.20992e11,3.196661,57.6453934,SqEuclidean,extreme,3128,3.9133412239745e7,initial,initial
per,k_medoids,408956147,20,4.20736e9,5.13919e9,49.3079351,49.4554414,SqEuclidean,extreme,318,1.3966798777450002e6,insample,1982
per,k_medoids,408956147,20,4.20736e9,5.64858e9,45.2428371,45.4162663,SqEuclidean,extreme,258,1.8581963909879995e6,insample,1986
per,k_medoids,408956147,20,4.20736e9,4.1512e9,42.3622112,46.6480134,SqEuclidean,extreme,137,452449.175246,insample,1990
per,k_medoids,408956147,20,4.20736e9,5.49326e9,39.9542172,43.2744532,SqEuclidean,extreme,274,1.756193646938e6,insample,1994
per,k_medoids,408956147,20,4.20736e9,4.5742e9,39.8194679,45.3348121,SqEuclidean,extreme,167,817034.987816,insample,1998
per,k_medoids,408956147,20,4.20736e9,4.52315e9,40.2998194,44.046226100000005,SqEuclidean,extreme,205,774011.1890380001,insample,2004
per,k_medoids,408956147,20,4.20736e9,4.59941e9,40.7476688,41.7204145,SqEuclidean,extreme,167,863000.1422690001,insample,2008
per,k_medoids,408956147,20,4.20736e9,4.82077e9,40.8381956,41.8779095,SqEuclidean,extreme,238,1.1004057959599998e6,insample,2011
per,k_medoids,408956147,20,4.20736e9,4.26565e9,40.4604467,43.1660898,SqEuclidean,extreme,124,479629.69837,insample,2012
per,k_medoids,408956147,20,4.20736e9,4.65224e9,41.4273433,39.6002098,SqEuclidean,extreme,167,893489.399895,insample,2016
per,k_medoids,1040218444,200,3.46966e9,7.62492e10,63.1630065,47.4912769,SqEuclidean,extreme,3661,3.958427558368e7,initial,initial
per,k_medoids,1040218444,200,3.46966e9,5.17014e9,28.6437041,26.6294483,SqEuclidean,extreme,377,1.423495955033e6,insample,1982
per,k_medoids,1040218444,200,3.46966e9,5.67296e9,28.436754,27.1112117,SqEuclidean,extreme,283,1.8783270839420003e6,insample,1986
per,k_medoids,1040218444,200,3.46966e9,4.13243e9,35.8003334,35.6914971,SqEuclidean,extreme,171,428793.03406199993,insample,1990
per,k_medoids,1040218444,200,3.46966e9,5.37769e9,35.4568204,34.204173899999994,SqEuclidean,extreme,267,1.636957637679e6,insample,1994
per,k_medoids,1040218444,200,3.46966e9,4.49248e9,29.1394036,27.6991942,SqEuclidean,extreme,193,731431.0562480004,insample,1998
per,k_medoids,1040218444,200,3.46966e9,4.44216e9,29.7893439,26.2076871,SqEuclidean,extreme,202,688976.3988990001,insample,2004
per,k_medoids,1040218444,200,3.46966e9,4.52392e9,29.5278796,26.2739725,SqEuclidean,extreme,174,783087.324732,insample,2008
per,k_medoids,1040218444,200,3.46966e9,4.78714e9,29.009317,29.3607295,SqEuclidean,extreme,272,1.0626220225879997e6,insample,2011
per,k_medoids,1040218444,200,3.46966e9,4.23327e9,27.6588991,26.0954824,SqEuclidean,extreme,146,443851.756002,insample,2012
per,k_medoids,1040218444,200,3.46966e9,4.56476e9,30.3549676,27.9778124,SqEuclidean,extreme,163,802218.2115209999,insample,2016
per,k_medoids,1498923158,200,3.57665e9,7.68142e10,61.8829281,47.5454919,SqEuclidean,extreme,3701,3.990740446405599e7,initial,initial
per,k_medoids,1498923158,200,3.57665e9,5.02825e9,28.9039331,25.9980789,SqEuclidean,extreme,320,1.280959330125e6,insample,1982
per,k_medoids,1498923158,200,3.57665e9,5.57607e9,29.9200399,27.397071,SqEuclidean,extreme,255,1.7805051462710002e6,insample,1986
per,k_medoids,1498923158,200,3.57665e9,4.0883e9,36.6692238,36.0448026,SqEuclidean,extreme,133,383848.62375,insample,1990
per,k_medoids,1498923158,200,3.57665e9,5.31944e9,38.5286949,32.0402479,SqEuclidean,extreme,232,1.5779038651480002e6,insample,1994
per,k_medoids,1498923158,200,3.57665e9,4.37084e9,29.9269432,27.1779524,SqEuclidean,extreme,150,608410.016244,insample,1998
per,k_medoids,1498923158,200,3.57665e9,4.34905e9,30.5316713,27.6727233,SqEuclidean,extreme,152,595286.841092,insample,2004
per,k_medoids,1498923158,200,3.57665e9,4.40635e9,29.5489885,27.269577499999997,SqEuclidean,extreme,130,664291.388883,insample,2008
per,k_medoids,1498923158,200,3.57665e9,4.67205e9,29.7195169,26.650471,SqEuclidean,extreme,224,946780.277193,insample,2011
per,k_medoids,1498923158,200,3.57665e9,4.16577e9,28.7483673,26.8753685,SqEuclidean,extreme,122,375420.668545,insample,2012
per,k_medoids,1498923158,200,3.57665e9,4.48112e9,30.1795526,27.0872509,SqEuclidean,extreme,136,717543.1900719999,insample,2016
per,k_medoids,1571330722,200,3.39778e9,7.74052e10,62.6724295,48.3716934,SqEuclidean,extreme,3690,3.9947792967441e7,initial,initial
per,k_medoids,1571330722,200,3.39778e9,5.30092e9,29.1612891,28.0656251,SqEuclidean,extreme,361,1.5549519290630005e6,insample,1982
per,k_medoids,1571330722,200,3.39778e9,5.83444e9,28.7382502,27.1648123,SqEuclidean,extreme,291,2.04040985205e6,insample,1986
per,k_medoids,1571330722,200,3.39778e9,4.12459e9,33.9967132,36.0943376,SqEuclidean,extreme,150,420875.813283,insample,1990
per,k_medoids,1571330722,200,3.39778e9,5.40924e9,38.8773526,38.4125591,SqEuclidean,extreme,254,1.668453408342e6,insample,1994
per,k_medoids,1571330722,200,3.39778e9,4.50985e9,28.6282053,28.1364024,SqEuclidean,extreme,178,748669.300684,insample,1998
per,k_medoids,1571330722,200,3.39778e9,4.54034e9,29.6976961,28.5144553,SqEuclidean,extreme,201,787479.941525,insample,2004
per,k_medoids,1571330722,200,3.39778e9,4.54224e9,29.1368596,28.1337226,SqEuclidean,extreme,157,801465.6090410001,insample,2008
per,k_medoids,1571330722,200,3.39778e9,4.93598e9,28.3781195,26.5098182,SqEuclidean,extreme,274,1.212171005443e6,insample,2011
per,k_medoids,1571330722,200,3.39778e9,4.26345e9,28.0887932,28.2650514,SqEuclidean,extreme,145,473754.73582799995,insample,2012
per,k_medoids,1571330722,200,3.39778e9,4.65277e9,29.9493166,27.6562298,SqEuclidean,extreme,169,890199.7719899999,insample,2016
per,k_medoids,2110474755,200,3.43927e9,7.65234e10,63.595406,47.3054332,SqEuclidean,extreme,3683,3.9738614874693e7,initial,initial
per,k_medoids,2110474755,200,3.43927e9,5.21341e9,29.4022001,27.553001700000003,SqEuclidean,extreme,387,1.4668560999329998e6,insample,1982
per,k_medoids,2110474755,200,3.43927e9,5.7081e9,28.8451603,25.4707067,SqEuclidean,extreme,289,1.9133661073420004e6,insample,1986
per,k_medoids,2110474755,200,3.43927e9,4.13531e9,37.149618,35.3282014,SqEuclidean,extreme,164,431262.902396,insample,1990
per,k_medoids,2110474755,200,3.43927e9,5.40631e9,38.6582283,39.4259755,SqEuclidean,extreme,276,1.6649661575069998e6,insample,1994
per,k_medoids,2110474755,200,3.43927e9,4.51749e9,29.7535736,27.7066716,SqEuclidean,extreme,195,755860.3647550001,insample,1998
per,k_medoids,2110474755,200,3.43927e9,4.49111e9,30.0675387,28.8083823,SqEuclidean,extreme,211,737765.830945,insample,2004
per,k_medoids,2110474755,200,3.43927e9,4.53353e9,30.3504539,27.7680464,SqEuclidean,extreme,162,792180.58073,insample,2008
per,k_medoids,2110474755,200,3.43927e9,4.8283e9,29.3446714,27.7235279,SqEuclidean,extreme,273,1.1036860161609997e6,insample,2011
per,k_medoids,2110474755,200,3.43927e9,4.26543e9,28.9926472,26.1064676,SqEuclidean,extreme,152,475445.93644900015,insample,2012
per,k_medoids,2110474755,200,3.43927e9,4.60522e9,29.3162409,27.326808999999997,SqEuclidean,extreme,173,842134.1938259999,insample,2016
per,k_medoids,2358156674,200,3.47067e9,7.64467e10,62.6186153,47.0467071,SqEuclidean,extreme,3652,3.9637631648242e7,initial,initial
per,k_medoids,2358156674,200,3.47067e9,5.31025e9,29.5009488,26.5949415,SqEuclidean,extreme,381,1.5634426402019998e6,insample,1982
per,k_medoids,2358156674,200,3.47067e9,5.76593e9,29.9874656,27.0113722,SqEuclidean,extreme,275,1.971119420373e6,insample,1986
per,k_medoids,2358156674,200,3.47067e9,4.15362e9,38.3220565,38.7850277,SqEuclidean,extreme,153,449172.7763560001,insample,1990
per,k_medoids,2358156674,200,3.47067e9,5.47608e9,36.7010472,36.0960861,SqEuclidean,extreme,263,1.734282319671e6,insample,1994
per,k_medoids,2358156674,200,3.47067e9,4.55345e9,29.7690757,27.568074,SqEuclidean,extreme,186,791750.5851900001,insample,1998
per,k_medoids,2358156674,200,3.47067e9,4.53016e9,29.9546617,26.7874039,SqEuclidean,extreme,205,776333.9025270002,insample,2004
per,k_medoids,2358156674,200,3.47067e9,4.60159e9,29.94547,29.1806059,SqEuclidean,extreme,176,859934.2186510002,insample,2008
per,k_medoids,2358156674,200,3.47067e9,4.93367e9,29.7757634,26.7298892,SqEuclidean,extreme,274,1.208902325968e6,insample,2011
per,k_medoids,2358156674,200,3.47067e9,4.29635e9,28.337588,27.0073371,SqEuclidean,extreme,150,506039.551553,insample,2012
per,k_medoids,2358156674,200,3.47067e9,4.71127e9,29.6673521,27.0737261,SqEuclidean,extreme,187,947954.198764,insample,2016
per,k_medoids,2454944798,200,3.35791e9,7.62441e10,59.0462656,46.7473163,SqEuclidean,extreme,3600,3.954077282287499e7,initial,initial
per,k_medoids,2454944798,200,3.35791e9,5.47693e9,27.3096265,27.0851619,SqEuclidean,extreme,433,1.7298655689910003e6,insample,1982
per,k_medoids,2454944798,200,3.35791e9,6.0753e9,28.6820384,27.9038248,SqEuclidean,extreme,368,2.2807241379750003e6,insample,1986
per,k_medoids,2454944798,200,3.35791e9,4.2111e9,36.9916623,34.4123133,SqEuclidean,extreme,204,505926.631692,insample,1990
per,k_medoids,2454944798,200,3.35791e9,5.5179e9,36.6183036,37.498257200000005,SqEuclidean,extreme,296,1.77539523413e6,insample,1994
per,k_medoids,2454944798,200,3.35791e9,4.6383e9,28.1257163,27.0569804,SqEuclidean,extreme,236,875922.585929,insample,1998
per,k_medoids,2454944798,200,3.35791e9,4.66733e9,28.3930457,27.1065339,SqEuclidean,extreme,279,913329.5252940002,insample,2004
per,k_medoids,2454944798,200,3.35791e9,4.63505e9,29.7363824,26.6789547,SqEuclidean,extreme,207,892727.9150740001,insample,2008
per,k_medoids,2454944798,200,3.35791e9,5.11061e9,29.0238554,26.6348594,SqEuclidean,extreme,335,1.3855919451359997e6,insample,2011
per,k_medoids,2454944798,200,3.35791e9,4.34864e9,28.5998267,26.2002462,SqEuclidean,extreme,195,557584.589279,insample,2012
per,k_medoids,2454944798,200,3.35791e9,4.79947e9,29.4339337,27.2764003,SqEuclidean,extreme,234,1.035838900747e6,insample,2016
per,k_medoids,3126457023,200,3.46892e9,7.59527e10,62.0541126,46.7233176,SqEuclidean,extreme,3585,3.9385657427767e7,initial,initial
per,k_medoids,3126457023,200,3.46892e9,5.14633e9,28.2020084,25.946736100000003,SqEuclidean,extreme,350,1.3971615265629997e6,insample,1982
per,k_medoids,3126457023,200,3.46892e9,5.68611e9,29.301329,26.165023,SqEuclidean,extreme,277,1.889025045204e6,insample,1986
per,k_medoids,3126457023,200,3.46892e9,4.12046e9,37.486267,35.2778842,SqEuclidean,extreme,153,414065.386606,insample,1990
per,k_medoids,3126457023,200,3.46892e9,5.40655e9,36.8902373,34.3305009,SqEuclidean,extreme,254,1.6629496494099998e6,insample,1994
per,k_medoids,3126457023,200,3.46892e9,4.49254e9,28.2489978,27.9384585,SqEuclidean,extreme,170,728782.8843840001,insample,1998
per,k_medoids,3126457023,200,3.46892e9,4.43682e9,28.6952381,28.539756899999997,SqEuclidean,extreme,175,681233.4598810002,insample,2004
per,k_medoids,3126457023,200,3.46892e9,4.52674e9,29.8665066,28.3756575,SqEuclidean,extreme,161,783380.555894,insample,2008
per,k_medoids,3126457023,200,3.46892e9,4.76349e9,29.3429661,28.4304011,SqEuclidean,extreme,249,1.036300204354e6,insample,2011
per,k_medoids,3126457023,200,3.46892e9,4.21965e9,28.3143229,26.8721053,SqEuclidean,extreme,137,427439.115621,insample,2012
per,k_medoids,3126457023,200,3.46892e9,4.57392e9,28.9678491,28.2532266,SqEuclidean,extreme,158,808584.5587899998,insample,2016
per,k_medoids,4093639103,200,3.4208e9,7.65695e10,61.7037454,46.483193,SqEuclidean,extreme,3684,3.9774816861048e7,initial,initial
per,k_medoids,4093639103,200,3.4208e9,5.27103e9,29.0684036,25.879076,SqEuclidean,extreme,368,1.52305324585e6,insample,1982
per,k_medoids,4093639103,200,3.4208e9,5.82171e9,28.131311,27.5145328,SqEuclidean,extreme,292,2.025679464216e6,insample,1986
per,k_medoids,4093639103,200,3.4208e9,4.12825e9,37.0233495,35.8810087,SqEuclidean,extreme,154,422723.3713410001,insample,1990
per,k_medoids,4093639103,200,3.4208e9,5.36158e9,36.784194,34.003405,SqEuclidean,extreme,252,1.6191346116089998e6,insample,1994
per,k_medoids,4093639103,200,3.4208e9,4.46099e9,30.7264686,28.3689268,SqEuclidean,extreme,170,697883.2021590001,insample,1998
per,k_medoids,4093639103,200,3.4208e9,4.49783e9,29.8558318,27.5093523,SqEuclidean,extreme,197,743237.96057,insample,2004
per,k_medoids,4093639103,200,3.4208e9,4.48276e9,29.6110667,29.1220597,SqEuclidean,extreme,153,739979.3576810001,insample,2008
per,k_medoids,4093639103,200,3.4208e9,4.89967e9,30.4645619,27.8502039,SqEuclidean,extreme,277,1.174038519593e6,insample,2011
per,k_medoids,4093639103,200,3.4208e9,4.23595e9,28.2126318,27.737229900000003,SqEuclidean,extreme,143,444429.4005940001,insample,2012
per,k_medoids,4093639103,200,3.4208e9,4.62575e9,30.3179307,26.0288678,SqEuclidean,extreme,166,861527.8917809998,insample,2016
per,k_medoids,4109171108,200,3.46677e9,7.64805e10,60.0732235,48.120636600000005,SqEuclidean,extreme,3663,4.0066357544342e7,initial,initial
per,k_medoids,4109171108,200,3.46677e9,5.13807e9,28.7596676,27.5513144,SqEuclidean,extreme,364,1.3900297236239996e6,insample,1982
per,k_medoids,4109171108,200,3.46677e9,5.65572e9,29.0694471,26.821297,SqEuclidean,extreme,279,1.8596778816939995e6,insample,1986
per,k_medoids,4109171108,200,3.46677e9,4.11972e9,36.2214515,36.8937903,SqEuclidean,extreme,159,414648.23972599994,insample,1990
per,k_medoids,4109171108,200,3.46677e9,5.37476e9,37.4364759,35.2606771,SqEuclidean,extreme,255,1.6324769490819997e6,insample,1994
per,k_medoids,4109171108,200,3.46677e9,4.46084e9,29.4878949,27.3364618,SqEuclidean,extreme,172,698160.864253,insample,1998
per,k_medoids,4109171108,200,3.46677e9,4.42148e9,29.4545691,26.7024343,SqEuclidean,extreme,185,666878.3572770001,insample,2004
per,k_medoids,4109171108,200,3.46677e9,4.5041e9,28.3522379,26.647246,SqEuclidean,extreme,164,761787.846571,insample,2008
per,k_medoids,4109171108,200,3.46677e9,4.75778e9,28.8777316,27.4710238,SqEuclidean,extreme,258,1.031771209679e6,insample,2011
per,k_medoids,4109171108,200,3.46677e9,4.21745e9,28.0851271,25.6155558,SqEuclidean,extreme,142,426535.6316760001,insample,2012
per,k_medoids,4109171108,200,3.46677e9,4.54894e9,28.9151444,27.4772593,SqEuclidean,extreme,164,784985.705588,insample,2016
per,k_medoids,535977374,200,3.44337e9,7.66055e10,58.3299226,46.1105162,SqEuclidean,extreme,3610,3.9641146464627e7,initial,initial
per,k_medoids,535977374,200,3.44337e9,5.17818e9,28.0159205,26.8068917,SqEuclidean,extreme,347,1.4314742163509997e6,insample,1982
per,k_medoids,535977374,200,3.44337e9,5.69628e9,28.592846,26.9111594,SqEuclidean,extreme,280,1.901575606707e6,insample,1986
per,k_medoids,535977374,200,3.44337e9,4.11444e9,37.7813696,35.330949700000005,SqEuclidean,extreme,153,410579.77472799993,insample,1990
per,k_medoids,535977374,200,3.44337e9,5.38794e9,33.7706341,37.8925038,SqEuclidean,extreme,248,1.647019873044e6,insample,1994
per,k_medoids,535977374,200,3.44337e9,4.48493e9,29.3727025,27.7453984,SqEuclidean,extreme,173,723700.9285570001,insample,1998
per,k_medoids,535977374,200,3.44337e9,4.44633e9,28.1010167,26.9206047,SqEuclidean,extreme,181,693031.7470310001,insample,2004
per,k_medoids,535977374,200,3.44337e9,4.51395e9,29.9778997,25.9765565,SqEuclidean,extreme,149,773060.9350160001,insample,2008
per,k_medoids,535977374,200,3.44337e9,4.79477e9,29.1052299,26.4621284,SqEuclidean,extreme,256,1.0701269271969998e6,insample,2011
per,k_medoids,535977374,200,3.44337e9,4.23028e9,28.8298947,26.4032508,SqEuclidean,extreme,139,440479.21263,insample,2012
per,k_medoids,535977374,200,3.44337e9,4.57915e9,29.3038413,27.261997299999997,SqEuclidean,extreme,156,816281.15507,insample,2016
per,k_medoids,123456789,50,3.90259e9,2.92942e11,11.2459403,59.7397835,SqEuclidean,extreme,3622,3.9298560046817005e7,initial,initial
per,k_medoids,123456789,50,3.90259e9,5.19813e9,39.5252924,37.8198042,SqEuclidean,extreme,398,1.4647625230460004e6,insample,1982
per,k_medoids,123456789,50,3.90259e9,5.68189e9,40.6992905,40.1987294,SqEuclidean,extreme,289,1.900820057164e6,insample,1986
per,k_medoids,123456789,50,3.90259e9,4.15408e9,41.4304593,43.337129100000006,SqEuclidean,extreme,176,463493.30814999994,insample,1990
per,k_medoids,123456789,50,3.90259e9,5.45289e9,42.3577345,41.2792912,SqEuclidean,extreme,289,1.7249710734209998e6,insample,1994
per,k_medoids,123456789,50,3.90259e9,4.55076e9,40.9627342,41.6962232,SqEuclidean,extreme,210,802559.15986,insample,1998
per,k_medoids,123456789,50,3.90259e9,4.52716e9,39.9590033,38.9119503,SqEuclidean,extreme,240,787054.80977,insample,2004
per,k_medoids,123456789,50,3.90259e9,4.56723e9,42.9129942,39.3675602,SqEuclidean,extreme,192,839465.6921780001,insample,2008
per,k_medoids,123456789,50,3.90259e9,4.81348e9,40.9501531,40.5932602,SqEuclidean,extreme,281,1.101668736129e6,insample,2011
per,k_medoids,123456789,50,3.90259e9,4.26196e9,39.6225119,36.4132004,SqEuclidean,extreme,162,485533.5499419999,insample,2012
per,k_medoids,123456789,50,3.90259e9,4.61435e9,42.1195396,40.8778319,SqEuclidean,extreme,189,864658.1801520002,insample,2016
per,k_medoids,1286268702,50,3.90458e9,2.92771e11,12.0758695,62.3442907,SqEuclidean,extreme,3629,3.9353060398865e7,initial,initial
per,k_medoids,1286268702,50,3.90458e9,5.1719e9,36.5006643,33.7152318,SqEuclidean,extreme,381,1.436211063484e6,insample,1982
per,k_medoids,1286268702,50,3.90458e9,5.67111e9,37.1538158,35.4883695,SqEuclidean,extreme,276,1.887565842827e6,insample,1986
per,k_medoids,1286268702,50,3.90458e9,4.14741e9,36.7163786,36.2040681,SqEuclidean,extreme,168,454823.659516,insample,1990
per,k_medoids,1286268702,50,3.90458e9,5.44786e9,35.2978336,33.1862548,SqEuclidean,extreme,283,1.7176773404759998e6,insample,1994
per,k_medoids,1286268702,50,3.90458e9,4.54087e9,37.9393526,34.1989172,SqEuclidean,extreme,191,790251.2409579998,insample,1998
per,k_medoids,1286268702,50,3.90458e9,4.5172e9,36.6198521,34.3692145,SqEuclidean,extreme,217,774751.7915040001,insample,2004
per,k_medoids,1286268702,50,3.90458e9,4.56256e9,35.9131197,36.5422043,SqEuclidean,extreme,177,832575.4262140002,insample,2008
per,k_medoids,1286268702,50,3.90458e9,4.80649e9,36.2812333,33.7192942,SqEuclidean,extreme,272,1.092450436682e6,insample,2011
per,k_medoids,1286268702,50,3.90458e9,4.25478e9,36.0966203,34.1193164,SqEuclidean,extreme,146,475813.814137,insample,2012
per,k_medoids,1286268702,50,3.90458e9,4.60466e9,37.1067335,34.9305481,SqEuclidean,extreme,176,852619.0128070001,insample,2016
per,k_medoids,1308502331,50,3.8936e9,2.91504e11,11.8499885,61.9507802,SqEuclidean,extreme,3633,3.9206821545397e7,initial,initial
per,k_medoids,1308502331,50,3.8936e9,5.38422e9,37.0724008,33.2828727,SqEuclidean,extreme,551,1.648915155134e6,insample,1982
per,k_medoids,1308502331,50,3.8936e9,5.84485e9,37.1315679,35.4643504,SqEuclidean,extreme,448,2.06175822311e6,insample,1986
per,k_medoids,1308502331,50,3.8936e9,4.21917e9,35.9107618,35.6783097,SqEuclidean,extreme,241,526251.4011789999,insample,1990
per,k_medoids,1308502331,50,3.8936e9,5.54729e9,38.235008,37.1708138,SqEuclidean,extreme,359,1.8166904194709996e6,insample,1994
per,k_medoids,1308502331,50,3.8936e9,4.67679e9,37.5515613,35.2044159,SqEuclidean,extreme,314,926349.950447,insample,1998
per,k_medoids,1308502331,50,3.8936e9,4.66213e9,36.5840359,36.9050099,SqEuclidean,extreme,377,919600.231118,insample,2004
per,k_medoids,1308502331,50,3.8936e9,4.67761e9,36.3473158,33.910061,SqEuclidean,extreme,281,947462.835802,insample,2008
per,k_medoids,1308502331,50,3.8936e9,4.93229e9,34.8153087,34.315174299999995,SqEuclidean,extreme,398,1.218350910461e6,insample,2011
per,k_medoids,1308502331,50,3.8936e9,4.42365e9,36.2488998,34.100054400000005,SqEuclidean,extreme,325,644983.8004380001,insample,2012
per,k_medoids,1308502331,50,3.8936e9,4.78077e9,35.5296332,33.8853944,SqEuclidean,extreme,351,1.0286368857189998e6,insample,2016
per,k_medoids,1573928461,50,3.9022e9,2.91011e11,11.6853983,65.4030552,SqEuclidean,extreme,3622,3.9192972100978e7,initial,initial
per,k_medoids,1573928461,50,3.9022e9,5.20579e9,40.7183969,37.1425078,SqEuclidean,extreme,407,1.47157741512e6,insample,1982
per,k_medoids,1573928461,50,3.9022e9,5.70123e9,39.6256486,37.398614499999994,SqEuclidean,extreme,307,1.919226800348e6,insample,1986
per,k_medoids,1573928461,50,3.9022e9,4.15868e9,39.562559,39.0979691,SqEuclidean,extreme,189,466937.9139500001,insample,1990
per,k_medoids,1573928461,50,3.9022e9,5.44107e9,40.1486061,37.8417329,SqEuclidean,extreme,299,1.7119519871199997e6,insample,1994
per,k_medoids,1573928461,50,3.9022e9,4.55849e9,41.1585856,37.33880679999999,SqEuclidean,extreme,222,809028.4272900001,insample,1998
per,k_medoids,1573928461,50,3.9022e9,4.54425e9,40.6644987,38.8055721,SqEuclidean,extreme,254,803161.3616200002,insample,2004
per,k_medoids,1573928461,50,3.9022e9,4.57059e9,40.4438977,38.3069648,SqEuclidean,extreme,203,841864.360356,insample,2008
per,k_medoids,1573928461,50,3.9022e9,4.81937e9,40.0694775,38.7524468,SqEuclidean,extreme,283,1.1065002853999997e6,insample,2011
per,k_medoids,1573928461,50,3.9022e9,4.26553e9,34.805133,39.3549023,SqEuclidean,extreme,176,488071.5143200001,insample,2012
per,k_medoids,1573928461,50,3.9022e9,4.62542e9,39.6573146,39.0471042,SqEuclidean,extreme,214,874805.744405,insample,2016
per,k_medoids,1991051616,50,3.937e9,2.91139e11,8.8110196,44.8695798,SqEuclidean,extreme,3618,3.9168175404677e7,initial,initial
per,k_medoids,1991051616,50,3.937e9,5.12083e9,37.4697142,33.8783437,SqEuclidean,extreme,324,1.386728628654e6,insample,1982
per,k_medoids,1991051616,50,3.937e9,5.64657e9,35.0816516,33.6611343,SqEuclidean,extreme,261,1.864692215897e6,insample,1986
per,k_medoids,1991051616,50,3.937e9,4.12209e9,38.3709841,33.5240079,SqEuclidean,extreme,145,431054.252542,insample,1990
per,k_medoids,1991051616,50,3.937e9,5.4101e9,36.9285052,37.3241138,SqEuclidean,extreme,261,1.681800920592e6,insample,1994
per,k_medoids,1991051616,50,3.937e9,4.51581e9,35.9442183,38.5884593,SqEuclidean,extreme,172,767021.512098,insample,1998
per,k_medoids,1991051616,50,3.937e9,4.5058e9,36.261397,32.8791843,SqEuclidean,extreme,208,765145.438146,insample,2004
per,k_medoids,1991051616,50,3.937e9,4.53602e9,36.2182735,34.008875,SqEuclidean,extreme,157,808014.8906290003,insample,2008
per,k_medoids,1991051616,50,3.937e9,4.78183e9,36.2713615,34.4787895,SqEuclidean,extreme,242,1.0694910888359998e6,insample,2011
per,k_medoids,1991051616,50,3.937e9,4.22256e9,35.9889296,34.2071581,SqEuclidean,extreme,129,445472.547691,insample,2012
per,k_medoids,1991051616,50,3.937e9,4.57336e9,38.2194389,33.3656635,SqEuclidean,extreme,158,823053.2351810001,insample,2016
per,k_medoids,2678701235,50,3.91534e9,2.92582e11,11.1367825,62.4454688,SqEuclidean,extreme,3635,3.9310247380765006e7,initial,initial
per,k_medoids,2678701235,50,3.91534e9,5.22918e9,35.8413111,34.9193033,SqEuclidean,extreme,440,1.494522441202e6,insample,1982
per,k_medoids,2678701235,50,3.91534e9,5.66322e9,39.0215275,36.3333859,SqEuclidean,extreme,317,1.880498491398e6,insample,1986
per,k_medoids,2678701235,50,3.91534e9,4.16285e9,46.3676317,35.553893300000006,SqEuclidean,extreme,197,470643.313329,insample,1990
per,k_medoids,2678701235,50,3.91534e9,5.42428e9,40.8659158,43.7854495,SqEuclidean,extreme,306,1.694743596626e6,insample,1994
per,k_medoids,2678701235,50,3.91534e9,4.53891e9,41.2036349,42.6905606,SqEuclidean,extreme,243,788828.1053660001,insample,1998
per,k_medoids,2678701235,50,3.91534e9,4.54641e9,40.3999193,41.8426681,SqEuclidean,extreme,291,804749.9000990001,insample,2004
per,k_medoids,2678701235,50,3.91534e9,4.56522e9,39.7675158,40.2198468,SqEuclidean,extreme,208,835630.637842,insample,2008
per,k_medoids,2678701235,50,3.91534e9,4.8196e9,40.0050814,38.4856912,SqEuclidean,extreme,305,1.1062055981810002e6,insample,2011
per,k_medoids,2678701235,50,3.91534e9,4.29248e9,40.0029017,43.388274499999994,SqEuclidean,extreme,196,514398.409727,insample,2012
per,k_medoids,2678701235,50,3.91534e9,4.61477e9,40.111583,39.8913361,SqEuclidean,extreme,225,863512.0066600001,insample,2016
per,k_medoids,3861234567,50,3.89371e9,2.92035e11,11.5343343,62.9162271,SqEuclidean,extreme,3625,3.9303189587111e7,initial,initial
per,k_medoids,3861234567,50,3.89371e9,5.37176e9,35.9623636,36.3586664,SqEuclidean,extreme,538,1.635081760876e6,insample,1982
per,k_medoids,3861234567,50,3.89371e9,5.8395e9,36.5807876,36.9728472,SqEuclidean,extreme,439,2.055040845931e6,insample,1986
per,k_medoids,3861234567,50,3.89371e9,4.22093e9,37.013109,37.2992577,SqEuclidean,extreme,243,526750.238042,insample,1990
per,k_medoids,3861234567,50,3.89371e9,5.548e9,38.2512887,36.8482773,SqEuclidean,extreme,361,1.815932382259e6,insample,1994
per,k_medoids,3861234567,50,3.89371e9,4.67305e9,37.2407796,37.3478158,SqEuclidean,extreme,307,921081.966245,insample,1998
per,k_medoids,3861234567,50,3.89371e9,4.65786e9,37.9354007,35.8939188,SqEuclidean,extreme,373,913972.584377,insample,2004
per,k_medoids,3861234567,50,3.89371e9,4.67972e9,35.2540029,38.4309237,SqEuclidean,extreme,275,948103.532292,insample,2008
per,k_medoids,3861234567,50,3.89371e9,4.92893e9,37.1286021,38.6819298,SqEuclidean,extreme,386,1.2135928642700005e6,insample,2011
per,k_medoids,3861234567,50,3.89371e9,4.42028e9,37.021275,38.7831704,SqEuclidean,extreme,315,640139.252024,insample,2012
per,k_medoids,3861234567,50,3.89371e9,4.77874e9,38.6911196,41.6400218,SqEuclidean,extreme,338,1.025296661394e6,insample,2016
per,k_medoids,477073181,50,3.89938e9,2.91247e11,11.3608535,60.016909,SqEuclidean,extreme,3618,3.916727095817199e7,initial,initial
per,k_medoids,477073181,50,3.89938e9,5.3447e9,37.5258733,35.4177956,SqEuclidean,extreme,538,1.608276819288e6,insample,1982
per,k_medoids,477073181,50,3.89938e9,5.81786e9,35.9535474,34.427153000000004,SqEuclidean,extreme,432,2.033467431719e6,insample,1986
per,k_medoids,477073181,50,3.89938e9,4.18009e9,36.7556693,33.6387802,SqEuclidean,extreme,234,486064.2000929999,insample,1990
per,k_medoids,477073181,50,3.89938e9,5.44452e9,35.9003191,36.0608485,SqEuclidean,extreme,331,1.7129826805359998e6,insample,1994
per,k_medoids,477073181,50,3.89938e9,4.58811e9,39.1329606,36.1464848,SqEuclidean,extreme,289,836275.9645900001,insample,1998
per,k_medoids,477073181,50,3.89938e9,4.58441e9,35.9585807,37.409805899999995,SqEuclidean,extreme,343,840797.3402760001,insample,2004
per,k_medoids,477073181,50,3.89938e9,4.60087e9,37.3785172,33.4083543,SqEuclidean,extreme,251,869709.6447580003,insample,2008
per,k_medoids,477073181,50,3.89938e9,4.85888e9,40.7547774,36.272202,SqEuclidean,extreme,382,1.1437360888669998e6,insample,2011
per,k_medoids,477073181,50,3.89938e9,4.35306e9,37.4988534,37.2783669,SqEuclidean,extreme,311,573213.267758,insample,2012
per,k_medoids,477073181,50,3.89938e9,4.68168e9,37.9645778,35.1557371,SqEuclidean,extreme,313,928625.911155,insample,2016
per,k_medoids,876543210,50,3.89683e9,2.91472e11,12.2248639,61.96437709999999,SqEuclidean,extreme,3625,3.9200477035699e7,initial,initial
per,k_medoids,876543210,50,3.89683e9,5.33379e9,38.5244073,33.470105100000005,SqEuclidean,extreme,505,1.6008067499089995e6,insample,1982
per,k_medoids,876543210,50,3.89683e9,5.79357e9,36.0929091,34.2223995,SqEuclidean,extreme,393,2.012898176862e6,insample,1986
per,k_medoids,876543210,50,3.89683e9,4.20712e9,37.3449505,34.310924,SqEuclidean,extreme,222,516528.5893570001,insample,1990
per,k_medoids,876543210,50,3.89683e9,5.53334e9,36.3365534,35.0800084,SqEuclidean,extreme,344,1.805184015587e6,insample,1994
per,k_medoids,876543210,50,3.89683e9,4.65148e9,35.7925312,33.9351006,SqEuclidean,extreme,281,903430.019574,insample,1998
per,k_medoids,876543210,50,3.89683e9,4.62754e9,35.9984128,34.4317624,SqEuclidean,extreme,349,887413.3023329999,insample,2004
per,k_medoids,876543210,50,3.89683e9,4.6627e9,35.6337814,35.074543,SqEuclidean,extreme,258,934957.2929,insample,2008
per,k_medoids,876543210,50,3.89683e9,4.9002e9,37.4489027,34.8676042,SqEuclidean,extreme,361,1.1884918977639996e6,insample,2011
per,k_medoids,876543210,50,3.89683e9,4.37618e9,28.6397416,28.9365609,SqEuclidean,extreme,272,599967.601309,insample,2012
per,k_medoids,876543210,50,3.89683e9,4.74775e9,29.7531959,28.404066,SqEuclidean,extreme,300,998066.122848,insample,2016
per,k_medoids,987654321,50,3.93891e9,2.92131e11,9.1660305,45.6629169,SqEuclidean,extreme,3639,3.930239707928999e7,initial,initial
per,k_medoids,987654321,50,3.93891e9,5.10188e9,38.1394916,41.9151494,SqEuclidean,extreme,317,1.366077853038e6,insample,1982
per,k_medoids,987654321,50,3.93891e9,5.59133e9,37.8177238,40.7838809,SqEuclidean,extreme,245,1.807580296359e6,insample,1986
per,k_medoids,987654321,50,3.93891e9,4.12144e9,37.6780218,38.6090235,SqEuclidean,extreme,139,428695.1632229999,insample,1990
per,k_medoids,987654321,50,3.93891e9,5.39912e9,36.3695567,43.582691800000006,SqEuclidean,extreme,257,1.6689195516329997e6,insample,1994
per,k_medoids,987654321,50,3.93891e9,4.49104e9,37.3657082,37.4782271,SqEuclidean,extreme,167,740232.6800180001,insample,1998
per,k_medoids,987654321,50,3.93891e9,4.49055e9,38.3483957,42.412189399999995,SqEuclidean,extreme,209,748087.6950750002,insample,2004
per,k_medoids,987654321,50,3.93891e9,4.52665e9,36.7338974,40.4005609,SqEuclidean,extreme,154,796483.654912,insample,2008
per,k_medoids,987654321,50,3.93891e9,4.77575e9,38.0864871,37.6195144,SqEuclidean,extreme,239,1.061649912554e6,insample,2011
per,k_medoids,987654321,50,3.93891e9,4.23508e9,39.1190525,36.7963571,SqEuclidean,extreme,130,456136.910727,insample,2012
per,k_medoids,987654321,50,3.93891e9,4.55968e9,37.5190917,36.79143,SqEuclidean,extreme,153,807574.4628129998,insample,2016
per,k_means,1005471400,100,3.7569e9,1.32299e11,26.7658424,47.649597400000005,SqEuclidean,extreme,3897,4.7798215623648e7,initial,initial
per,k_means,1005471400,100,3.7569e9,5.45192e9,27.5057119,29.093225500000003,SqEuclidean,extreme,621,1.7202867789569998e6,insample,1982
per,k_means,1005471400,100,3.7569e9,5.93451e9,32.417566,32.7827713,SqEuclidean,extreme,536,2.155284313591e6,insample,1986
per,k_means,1005471400,100,3.7569e9,4.24043e9,35.7533817,38.3374299,SqEuclidean,extreme,278,551044.601117,insample,1990
per,k_means,1005471400,100,3.7569e9,5.56896e9,36.5214428,33.6015627,SqEuclidean,extreme,417,1.842152168719e6,insample,1994
per,k_means,1005471400,100,3.7569e9,4.72784e9,28.4529538,27.459184,SqEuclidean,extreme,394,981386.590215,insample,1998
per,k_means,1005471400,100,3.7569e9,4.71352e9,29.1398826,28.1029329,SqEuclidean,extreme,443,974860.5443730002,insample,2004
per,k_means,1005471400,100,3.7569e9,4.70241e9,28.7835887,26.8673469,SqEuclidean,extreme,319,976055.598651,insample,2008
per,k_means,1005471400,100,3.7569e9,5.00039e9,28.8030986,26.6560392,SqEuclidean,extreme,481,1.2900067913199996e6,insample,2011
per,k_means,1005471400,100,3.7569e9,4.49374e9,27.7966304,26.970165400000003,SqEuclidean,extreme,396,719153.157615,insample,2012
per,k_means,1005471400,100,3.7569e9,4.83784e9,28.5399361,28.094868700000003,SqEuclidean,extreme,429,1.0895898847370003e6,insample,2016
per,k_means,1262311769,100,3.75607e9,1.32348e11,22.1335663,46.6643206,SqEuclidean,extreme,3634,4.7581619343918e7,initial,initial
per,k_means,1262311769,100,3.75607e9,5.50181e9,28.1773595,27.043841599999997,SqEuclidean,extreme,671,1.7696240412929996e6,insample,1982
per,k_means,1262311769,100,3.75607e9,6.00585e9,29.773027,29.750863,SqEuclidean,extreme,597,2.226197422676e6,insample,1986
per,k_means,1262311769,100,3.75607e9,4.25979e9,36.6768636,36.1608248,SqEuclidean,extreme,315,569789.016253,insample,1990
per,k_means,1262311769,100,3.75607e9,5.5977e9,35.9762631,35.7014895,SqEuclidean,extreme,459,1.8702801125069996e6,insample,1994
per,k_means,1262311769,100,3.75607e9,4.77369e9,29.3539488,30.0766115,SqEuclidean,extreme,457,1.026657995922e6,insample,1998
per,k_means,1262311769,100,3.75607e9,4.7606e9,28.3380171,27.9254435,SqEuclidean,extreme,508,1.0213617024280002e6,insample,2004
per,k_means,1262311769,100,3.75607e9,4.72471e9,29.4204321,28.3208904,SqEuclidean,extreme,355,997718.832722,insample,2008
per,k_means,1262311769,100,3.75607e9,5.05168e9,29.19752,27.9282249,SqEuclidean,extreme,538,1.3408185514989996e6,insample,2011
per,k_means,1262311769,100,3.75607e9,4.55304e9,27.3258274,27.979827,SqEuclidean,extreme,461,777908.816291,insample,2012
per,k_means,1262311769,100,3.75607e9,4.88702e9,29.5010591,26.6410107,SqEuclidean,extreme,480,1.1382032975610003e6,insample,2016
per,k_means,1400059389,100,3.75575e9,1.32328e11,30.330837,63.6697512,SqEuclidean,extreme,3850,4.7687903070534006e7,initial,initial
per,k_means,1400059389,100,3.75575e9,5.39302e9,28.1025374,27.5329208,SqEuclidean,extreme,558,1.6598744836369995e6,insample,1982
per,k_means,1400059389,100,3.75575e9,5.85281e9,29.1483468,28.9859948,SqEuclidean,extreme,455,2.072037384417e6,insample,1986
per,k_means,1400059389,100,3.75575e9,4.22079e9,36.6303411,34.7825202,SqEuclidean,extreme,247,530121.8244219999,insample,1990
per,k_means,1400059389,100,3.75575e9,5.5463e9,36.9276162,35.2805512,SqEuclidean,extreme,368,1.8181436524689996e6,insample,1994
per,k_means,1400059389,100,3.75575e9,4.68619e9,28.055785,28.317077,SqEuclidean,extreme,321,938285.198767,insample,1998
per,k_means,1400059389,100,3.75575e9,4.66597e9,29.2328273,29.027655099999997,SqEuclidean,extreme,385,925930.601095,insample,2004
per,k_means,1400059389,100,3.75575e9,4.68068e9,28.7375199,27.9306747,SqEuclidean,extreme,282,952998.190282,insample,2008
per,k_means,1400059389,100,3.75575e9,4.94778e9,28.4850314,27.2023677,SqEuclidean,extreme,417,1.2360229704650005e6,insample,2011
per,k_means,1400059389,100,3.75575e9,4.42871e9,27.4102715,26.5785726,SqEuclidean,extreme,338,652543.849076,insample,2012
per,k_means,1400059389,100,3.75575e9,4.78399e9,29.3881935,27.4158476,SqEuclidean,extreme,351,1.0342572234829996e6,insample,2016
per,k_means,1693313909,100,3.75601e9,1.32334e11,28.4750765,52.0094897,SqEuclidean,extreme,3888,4.7678447658164e7,initial,initial
per,k_means,1693313909,100,3.75601e9,5.48103e9,27.811171,27.951451,SqEuclidean,extreme,648,1.748872323783e6,insample,1982
per,k_means,1693313909,100,3.75601e9,5.97274e9,29.2710676,28.4690883,SqEuclidean,extreme,570,2.1930441299670003e6,insample,1986
per,k_means,1693313909,100,3.75601e9,4.25003e9,36.6428243,33.7406382,SqEuclidean,extreme,297,560095.932047,insample,1990
per,k_means,1693313909,100,3.75601e9,5.58365e9,36.3072618,36.6400199,SqEuclidean,extreme,436,1.856290787883e6,insample,1994
per,k_means,1693313909,100,3.75601e9,4.75382e9,28.6414949,26.6364149,SqEuclidean,extreme,435,1.006838667785e6,insample,1998
per,k_means,1693313909,100,3.75601e9,4.7386e9,28.5784124,28.2968828,SqEuclidean,extreme,480,999392.027549,insample,2004
per,k_means,1693313909,100,3.75601e9,4.7135e9,28.6669608,27.3796959,SqEuclidean,extreme,341,986596.904571,insample,2008
per,k_means,1693313909,100,3.75601e9,5.02774e9,29.3151874,26.8589225,SqEuclidean,extreme,505,1.316880572198e6,insample,2011
per,k_means,1693313909,100,3.75601e9,4.52516e9,27.6020101,25.9988004,SqEuclidean,extreme,434,750029.928701,insample,2012
per,k_means,1693313909,100,3.75601e9,4.86398e9,28.4812827,28.896061699999997,SqEuclidean,extreme,453,1.1151639419340002e6,insample,2016
per,k_means,2483487299,100,3.7558e9,1.32317e11,25.6363549,49.7940006,SqEuclidean,extreme,3633,4.7526335276638e7,initial,initial
per,k_means,2483487299,100,3.7558e9,5.49558e9,29.2189583,26.1631592,SqEuclidean,extreme,667,1.763170581295e6,insample,1982
per,k_means,2483487299,100,3.7558e9,5.99504e9,28.9900046,29.3660565,SqEuclidean,extreme,589,2.215143916884e6,insample,1986
per,k_means,2483487299,100,3.7558e9,4.25665e9,37.000918,35.541160500000004,SqEuclidean,extreme,309,566450.0374579999,insample,1990
per,k_means,2483487299,100,3.7558e9,5.59325e9,33.5972645,37.2202076,SqEuclidean,extreme,456,1.86561413177e6,insample,1994
per,k_means,2483487299,100,3.7558e9,4.76767e9,29.1436648,28.0294796,SqEuclidean,extreme,446,1.020432163438e6,insample,1998
per,k_means,2483487299,100,3.7558e9,4.75374e9,29.3784084,27.7970634,SqEuclidean,extreme,501,1.014282553951e6,insample,2004
per,k_means,2483487299,100,3.7558e9,4.72104e9,29.9838547,26.0411343,SqEuclidean,extreme,354,993853.36608,insample,2008
per,k_means,2483487299,100,3.7558e9,5.04405e9,28.8993391,28.6452768,SqEuclidean,extreme,523,1.3329707742609996e6,insample,2011
per,k_means,2483487299,100,3.7558e9,4.54411e9,28.0473789,27.2667092,SqEuclidean,extreme,452,768743.713624,insample,2012
per,k_means,2483487299,100,3.7558e9,4.8798e9,28.3531485,28.338567,SqEuclidean,extreme,478,1.130749392752e6,insample,2016
per,k_means,2529186237,100,3.75791e9,1.32275e11,27.4983775,43.0514273,SqEuclidean,extreme,3850,4.767417644920301e7,initial,initial
per,k_means,2529186237,100,3.75791e9,5.43937e9,28.9260528,27.4969681,SqEuclidean,extreme,601,1.707585053617e6,insample,1982
per,k_means,2529186237,100,3.75791e9,5.91132e9,28.6181547,27.5781016,SqEuclidean,extreme,524,2.131862996701e6,insample,1986
per,k_means,2529186237,100,3.75791e9,4.23249e9,36.2865931,35.4390001,SqEuclidean,extreme,274,543152.627623,insample,1990
per,k_means,2529186237,100,3.75791e9,5.56099e9,36.6322194,33.8437444,SqEuclidean,extreme,396,1.8341232747049995e6,insample,1994
per,k_means,2529186237,100,3.75791e9,4.71661e9,28.2478526,29.7225399,SqEuclidean,extreme,380,969971.5333850002,insample,1998
per,k_means,2529186237,100,3.75791e9,4.70015e9,29.5759038,27.7041088,SqEuclidean,extreme,434,961330.337681,insample,2004
per,k_means,2529186237,100,3.75791e9,4.69474e9,28.5055842,28.6409508,SqEuclidean,extreme,309,968369.295314,insample,2008
per,k_means,2529186237,100,3.75791e9,4.98432e9,28.4943175,26.9744413,SqEuclidean,extreme,458,1.2737523833759998e6,insample,2011
per,k_means,2529186237,100,3.75791e9,4.4754e9,28.1420553,27.3793307,SqEuclidean,extreme,376,700561.7213959999,insample,2012
per,k_means,2529186237,100,3.75791e9,4.82163e9,28.6242725,26.0445676,SqEuclidean,extreme,402,1.073151077482e6,insample,2016
per,k_means,2910484191,100,3.75651e9,1.32315e11,21.5153178,44.4533186,SqEuclidean,extreme,3658,4.7563859088081e7,initial,initial
per,k_means,2910484191,100,3.75651e9,5.48258e9,27.274651,27.7589243,SqEuclidean,extreme,650,1.7506255422220002e6,insample,1982
per,k_means,2910484191,100,3.75651e9,5.979e9,29.8771951,26.8940303,SqEuclidean,extreme,580,2.1995668483789996e6,insample,1986
per,k_means,2910484191,100,3.75651e9,4.25244e9,33.3644382,34.336014,SqEuclidean,extreme,301,562672.5622650001,insample,1990
per,k_means,2910484191,100,3.75651e9,5.58574e9,37.9355142,37.0492526,SqEuclidean,extreme,442,1.8585657149199997e6,insample,1994
per,k_means,2910484191,100,3.75651e9,4.75553e9,28.5080305,27.139542,SqEuclidean,extreme,435,1.008756931415e6,insample,1998
per,k_means,2910484191,100,3.75651e9,4.74147e9,29.7551117,26.8441494,SqEuclidean,extreme,482,1.0024762888e6,insample,2004
per,k_means,2910484191,100,3.75651e9,4.71608e9,28.9427895,29.366416,SqEuclidean,extreme,346,989351.858021,insample,2008
per,k_means,2910484191,100,3.75651e9,5.03171e9,29.0119042,27.8101176,SqEuclidean,extreme,519,1.321053180348e6,insample,2011
per,k_means,2910484191,100,3.75651e9,4.5293e9,28.4177735,26.4117541,SqEuclidean,extreme,443,754422.3750829999,insample,2012
per,k_means,2910484191,100,3.75651e9,4.86784e9,28.5525503,26.7826808,SqEuclidean,extreme,456,1.1192673001750002e6,insample,2016
per,k_means,2931455462,100,3.75574e9,1.32329e11,28.7447797,49.6123198,SqEuclidean,extreme,3822,4.765317014092201e7,initial,initial
per,k_means,2931455462,100,3.75574e9,5.48348e9,28.1503751,26.6667012,SqEuclidean,extreme,656,1.7510137143749995e6,insample,1982
per,k_means,2931455462,100,3.75574e9,5.97737e9,27.6402813,30.4830482,SqEuclidean,extreme,579,2.197414179672e6,insample,1986
per,k_means,2931455462,100,3.75574e9,4.25179e9,36.2977098,37.4252854,SqEuclidean,extreme,301,561543.441097,insample,1990
per,k_means,2931455462,100,3.75574e9,5.5856e9,38.1276683,35.1288404,SqEuclidean,extreme,436,1.857932272822e6,insample,1994
per,k_means,2931455462,100,3.75574e9,4.7562e9,28.2830815,29.0321599,SqEuclidean,extreme,436,1.008924164327e6,insample,1998
per,k_means,2931455462,100,3.75574e9,4.74143e9,28.8762797,28.013771,SqEuclidean,extreme,486,1.001929867696e6,insample,2004
per,k_means,2931455462,100,3.75574e9,4.7154e9,29.8724951,28.9647612,SqEuclidean,extreme,339,988186.83282,insample,2008
per,k_means,2931455462,100,3.75574e9,5.03103e9,28.4766037,28.8019745,SqEuclidean,extreme,513,1.3199059698589998e6,insample,2011
per,k_means,2931455462,100,3.75574e9,4.52872e9,28.6107359,27.3278152,SqEuclidean,extreme,440,753296.6018579999,insample,2012
per,k_means,2931455462,100,3.75574e9,4.86713e9,29.8335721,27.0357776,SqEuclidean,extreme,455,1.1180247305580005e6,insample,2016
per,k_means,3631457564,100,3.75655e9,1.32304e11,27.1865048,45.0652354,SqEuclidean,extreme,3946,4.8009985025240995e7,initial,initial
per,k_means,3631457564,100,3.75655e9,5.46906e9,28.4307897,26.9035496,SqEuclidean,extreme,636,1.7369506373579998e6,insample,1982
per,k_means,3631457564,100,3.75655e9,5.95865e9,29.4615087,27.6707806,SqEuclidean,extreme,567,2.179032958707e6,insample,1986
per,k_means,3631457564,100,3.75655e9,4.2469e9,37.4124838,36.1050385,SqEuclidean,extreme,292,557017.329084,insample,1990
per,k_means,3631457564,100,3.75655e9,5.5779e9,37.4694502,37.5893035,SqEuclidean,extreme,420,1.850590868262e6,insample,1994
per,k_means,3631457564,100,3.75655e9,4.74297e9,29.3149323,28.2923987,SqEuclidean,extreme,418,996042.315142,insample,1998
per,k_means,3631457564,100,3.75655e9,4.72845e9,28.2757674,27.1211661,SqEuclidean,extreme,465,989296.8401239996,insample,2004
per,k_means,3631457564,100,3.75655e9,4.70976e9,27.9712895,27.786233,SqEuclidean,extreme,334,982913.130202,insample,2008
per,k_means,3631457564,100,3.75655e9,5.01722e9,28.6210134,28.2666649,SqEuclidean,extreme,498,1.306412299779e6,insample,2011
per,k_means,3631457564,100,3.75655e9,4.51275e9,28.2407629,27.0007868,SqEuclidean,extreme,420,737694.6115659999,insample,2012
per,k_means,3631457564,100,3.75655e9,4.85433e9,28.6478889,27.7290701,SqEuclidean,extreme,442,1.105595322854e6,insample,2016
per,k_means,472808301,100,3.75679e9,1.32366e11,30.0579905,48.6617784,SqEuclidean,extreme,3953,4.800271810492501e7,initial,initial
per,k_means,472808301,100,3.75679e9,5.45527e9,28.5793213,27.0608418,SqEuclidean,extreme,627,1.723293694474e6,insample,1982
per,k_means,472808301,100,3.75679e9,5.93892e9,29.1803132,28.459674,SqEuclidean,extreme,545,2.159402765168001e6,insample,1986
per,k_means,472808301,100,3.75679e9,4.24179e9,38.449014,35.283618499999996,SqEuclidean,extreme,281,552086.591648,insample,1990
per,k_means,472808301,100,3.75679e9,5.57073e9,34.7368635,37.616993699999995,SqEuclidean,extreme,414,1.8435939253529997e6,insample,1994
per,k_means,472808301,100,3.75679e9,4.73068e9,28.687395,28.557204,SqEuclidean,extreme,398,983890.5932810004,insample,1998
per,k_means,472808301,100,3.75679e9,4.71642e9,29.338527,26.4625866,SqEuclidean,extreme,449,977426.771827,insample,2004
per,k_means,472808301,100,3.75679e9,4.70388e9,29.0950307,26.7460018,SqEuclidean,extreme,323,977202.955293,insample,2008
per,k_means,472808301,100,3.75679e9,5.00359e9,31.9204496,27.2429195,SqEuclidean,extreme,480,1.2929052508189995e6,insample,2011
per,k_means,472808301,100,3.75679e9,4.49733e9,28.0075801,26.8860725,SqEuclidean,extreme,402,722409.49239,insample,2012
per,k_means,472808301,100,3.75679e9,4.84108e9,28.859632,26.9927314,SqEuclidean,extreme,434,1.092487039162e6,insample,2016
per,k_means,1516602964,20,4.20993e9,7.20802e11,3.1525515,57.60332700000001,SqEuclidean,extreme,3529,3.913342570639e7,initial,initial
per,k_means,1516602964,20,4.20993e9,5.13418e9,40.8068103,39.5128859,SqEuclidean,extreme,320,1.3967386768850002e6,insample,1982
per,k_means,1516602964,20,4.20993e9,5.64386e9,40.3012749,41.1172313,SqEuclidean,extreme,258,1.858244684852e6,insample,1986
per,k_means,1516602964,20,4.20993e9,4.14619e9,40.5090434,39.4063194,SqEuclidean,extreme,139,452463.203771,insample,1990
per,k_means,1516602964,20,4.20993e9,5.48815e9,37.3577601,39.4639341,SqEuclidean,extreme,273,1.7562181162589996e6,insample,1994
per,k_means,1516602964,20,4.20993e9,4.56918e9,40.4208643,41.2352951,SqEuclidean,extreme,171,817060.129548,insample,1998
per,k_means,1516602964,20,4.20993e9,4.51828e9,40.7987787,38.3242454,SqEuclidean,extreme,205,774027.2255860001,insample,2004
per,k_means,1516602964,20,4.20993e9,4.59442e9,41.5433743,38.190793,SqEuclidean,extreme,162,863015.580094,insample,2008
per,k_means,1516602964,20,4.20993e9,4.81634e9,40.042579,42.0281868,SqEuclidean,extreme,244,1.1004146708669998e6,insample,2011
per,k_means,1516602964,20,4.20993e9,4.26056e9,38.4354618,39.886032400000005,SqEuclidean,extreme,127,479638.8588210001,insample,2012
per,k_means,1516602964,20,4.20993e9,4.64753e9,38.9698437,38.52204390000001,SqEuclidean,extreme,166,893525.2817859999,insample,2016
per,k_means,1886534858,20,4.20993e9,7.20802e11,3.5775585,61.298354,SqEuclidean,extreme,3529,3.913342570639e7,initial,initial
per,k_means,1886534858,20,4.20993e9,5.13418e9,35.7159127,35.7415428,SqEuclidean,extreme,320,1.3967386768850002e6,insample,1982
per,k_means,1886534858,20,4.20993e9,5.64386e9,35.9659898,35.771159,SqEuclidean,extreme,258,1.858244684852e6,insample,1986
per,k_means,1886534858,20,4.20993e9,4.14619e9,36.7627432,35.447768800000006,SqEuclidean,extreme,139,452463.203771,insample,1990
per,k_means,1886534858,20,4.20993e9,5.48815e9,36.5083298,35.8445232,SqEuclidean,extreme,273,1.7562181162589996e6,insample,1994
per,k_means,1886534858,20,4.20993e9,4.56918e9,37.5063956,35.6418551,SqEuclidean,extreme,171,817060.129548,insample,1998
per,k_means,1886534858,20,4.20993e9,4.51828e9,35.6461216,35.5660653,SqEuclidean,extreme,205,774027.2255860001,insample,2004
per,k_means,1886534858,20,4.20993e9,4.59442e9,35.3454811,45.6238339,SqEuclidean,extreme,162,863015.580094,insample,2008
per,k_means,1886534858,20,4.20993e9,4.81634e9,35.829263,35.1986487,SqEuclidean,extreme,244,1.1004146708669998e6,insample,2011
per,k_means,1886534858,20,4.20993e9,4.26056e9,36.0762153,33.533932500000006,SqEuclidean,extreme,127,479638.8588210001,insample,2012
per,k_means,1886534858,20,4.20993e9,4.64753e9,37.7021192,36.281616500000005,SqEuclidean,extreme,166,893525.2817859999,insample,2016
per,k_means,2317698438,20,4.20993e9,7.20802e11,3.8963613,67.5712598,SqEuclidean,extreme,3529,3.913342570639e7,initial,initial
per,k_means,2317698438,20,4.20993e9,5.13418e9,35.2102402,35.6083291,SqEuclidean,extreme,320,1.3967386768850002e6,insample,1982
per,k_means,2317698438,20,4.20993e9,5.64386e9,35.736287,32.871004299999996,SqEuclidean,extreme,258,1.858244684852e6,insample,1986
per,k_means,2317698438,20,4.20993e9,4.14619e9,37.5946252,34.9019628,SqEuclidean,extreme,139,452463.203771,insample,1990
per,k_means,2317698438,20,4.20993e9,5.48815e9,30.3079734,36.9499949,SqEuclidean,extreme,273,1.7562181162589996e6,insample,1994
per,k_means,2317698438,20,4.20993e9,4.56918e9,37.2278225,33.5136566,SqEuclidean,extreme,171,817060.129548,insample,1998
per,k_means,2317698438,20,4.20993e9,4.51828e9,34.9558916,35.139537600000004,SqEuclidean,extreme,205,774027.2255860001,insample,2004
per,k_means,2317698438,20,4.20993e9,4.59442e9,36.5275626,34.3583438,SqEuclidean,extreme,162,863015.580094,insample,2008
per,k_means,2317698438,20,4.20993e9,4.81634e9,34.3918637,34.3840217,SqEuclidean,extreme,244,1.1004146708669998e6,insample,2011
per,k_means,2317698438,20,4.20993e9,4.26056e9,35.4752053,34.288989699999995,SqEuclidean,extreme,127,479638.8588210001,insample,2012
per,k_means,2317698438,20,4.20993e9,4.64753e9,35.6908557,36.2293111,SqEuclidean,extreme,166,893525.2817859999,insample,2016
per,k_means,2466700586,20,4.20993e9,7.20802e11,3.6833207,59.4544806,SqEuclidean,extreme,3529,3.913342570639e7,initial,initial
per,k_means,2466700586,20,4.20993e9,5.13418e9,36.5470132,36.7837277,SqEuclidean,extreme,320,1.3967386768850002e6,insample,1982
per,k_means,2466700586,20,4.20993e9,5.64386e9,34.7662672,34.7943456,SqEuclidean,extreme,258,1.858244684852e6,insample,1986
per,k_means,2466700586,20,4.20993e9,4.14619e9,36.585479,37.2932031,SqEuclidean,extreme,139,452463.203771,insample,1990
per,k_means,2466700586,20,4.20993e9,5.48815e9,37.9524032,35.784643700000004,SqEuclidean,extreme,273,1.7562181162589996e6,insample,1994
per,k_means,2466700586,20,4.20993e9,4.56918e9,35.9534133,33.6970357,SqEuclidean,extreme,171,817060.129548,insample,1998
per,k_means,2466700586,20,4.20993e9,4.51828e9,36.5806066,34.9244995,SqEuclidean,extreme,205,774027.2255860001,insample,2004
per,k_means,2466700586,20,4.20993e9,4.59442e9,35.8936741,33.3180137,SqEuclidean,extreme,162,863015.580094,insample,2008
per,k_means,2466700586,20,4.20993e9,4.81634e9,36.1436584,36.8325133,SqEuclidean,extreme,244,1.1004146708669998e6,insample,2011
per,k_means,2466700586,20,4.20993e9,4.26056e9,35.0954592,35.4930075,SqEuclidean,extreme,127,479638.8588210001,insample,2012
per,k_means,2466700586,20,4.20993e9,4.64753e9,36.2500444,36.39421840000001,SqEuclidean,extreme,166,893525.2817859999,insample,2016
per,k_means,2692059346,20,4.20993e9,7.20802e11,3.5129074,59.9314567,SqEuclidean,extreme,3529,3.913342570639e7,initial,initial
per,k_means,2692059346,20,4.20993e9,5.13418e9,36.4570958,35.9333582,SqEuclidean,extreme,320,1.3967386768850002e6,insample,1982
per,k_means,2692059346,20,4.20993e9,5.64386e9,35.912151,35.274555299999996,SqEuclidean,extreme,258,1.858244684852e6,insample,1986
per,k_means,2692059346,20,4.20993e9,4.14619e9,36.832731,38.1946601,SqEuclidean,extreme,139,452463.203771,insample,1990
per,k_means,2692059346,20,4.20993e9,5.48815e9,35.8907058,37.2443706,SqEuclidean,extreme,273,1.7562181162589996e6,insample,1994
per,k_means,2692059346,20,4.20993e9,4.56918e9,37.1702567,35.0196336,SqEuclidean,extreme,171,817060.129548,insample,1998
per,k_means,2692059346,20,4.20993e9,4.51828e9,36.9865827,37.9683927,SqEuclidean,extreme,205,774027.2255860001,insample,2004
per,k_means,2692059346,20,4.20993e9,4.59442e9,36.5810958,37.0651016,SqEuclidean,extreme,162,863015.580094,insample,2008
per,k_means,2692059346,20,4.20993e9,4.81634e9,35.6698001,35.5062769,SqEuclidean,extreme,244,1.1004146708669998e6,insample,2011
per,k_means,2692059346,20,4.20993e9,4.26056e9,36.070177,36.4052353,SqEuclidean,extreme,127,479638.8588210001,insample,2012
per,k_means,2692059346,20,4.20993e9,4.64753e9,35.0390584,34.8464804,SqEuclidean,extreme,166,893525.2817859999,insample,2016
per,k_means,3032526906,20,4.20993e9,7.20802e11,3.6964541,70.5691142,SqEuclidean,extreme,3529,3.913342570639e7,initial,initial
per,k_means,3032526906,20,4.20993e9,5.13418e9,41.7074054,46.8090263,SqEuclidean,extreme,320,1.3967386768850002e6,insample,1982
per,k_means,3032526906,20,4.20993e9,5.64386e9,42.5163286,46.6218159,SqEuclidean,extreme,258,1.858244684852e6,insample,1986
per,k_means,3032526906,20,4.20993e9,4.14619e9,41.3529402,47.7655577,SqEuclidean,extreme,139,452463.203771,insample,1990
per,k_means,3032526906,20,4.20993e9,5.48815e9,41.7271854,44.1109164,SqEuclidean,extreme,273,1.7562181162589996e6,insample,1994
per,k_means,3032526906,20,4.20993e9,4.56918e9,39.9975529,45.444971,SqEuclidean,extreme,171,817060.129548,insample,1998
per,k_means,3032526906,20,4.20993e9,4.51828e9,39.121899,40.6376584,SqEuclidean,extreme,205,774027.2255860001,insample,2004
per,k_means,3032526906,20,4.20993e9,4.59442e9,40.0284003,42.8463005,SqEuclidean,extreme,162,863015.580094,insample,2008
per,k_means,3032526906,20,4.20993e9,4.81634e9,39.3152771,45.5914587,SqEuclidean,extreme,244,1.1004146708669998e6,insample,2011
per,k_means,3032526906,20,4.20993e9,4.26056e9,41.2806374,43.438863100000006,SqEuclidean,extreme,127,479638.8588210001,insample,2012
per,k_means,3032526906,20,4.20993e9,4.64753e9,40.1538101,41.015119,SqEuclidean,extreme,166,893525.2817859999,insample,2016
per,k_means,3214418042,20,4.20993e9,7.20802e11,3.4393288,60.387375199999994,SqEuclidean,extreme,3529,3.913342570639e7,initial,initial
per,k_means,3214418042,20,4.20993e9,5.13418e9,39.2244981,41.6303357,SqEuclidean,extreme,320,1.3967386768850002e6,insample,1982
per,k_means,3214418042,20,4.20993e9,5.64386e9,38.5104231,40.7952388,SqEuclidean,extreme,258,1.858244684852e6,insample,1986
per,k_means,3214418042,20,4.20993e9,4.14619e9,39.3126296,36.7043338,SqEuclidean,extreme,139,452463.203771,insample,1990
per,k_means,3214418042,20,4.20993e9,5.48815e9,37.4676411,38.5817883,SqEuclidean,extreme,273,1.7562181162589996e6,insample,1994
per,k_means,3214418042,20,4.20993e9,4.56918e9,39.0424821,36.7044482,SqEuclidean,extreme,171,817060.129548,insample,1998
per,k_means,3214418042,20,4.20993e9,4.51828e9,39.1705949,40.6223247,SqEuclidean,extreme,205,774027.2255860001,insample,2004
per,k_means,3214418042,20,4.20993e9,4.59442e9,38.5102903,40.4966048,SqEuclidean,extreme,162,863015.580094,insample,2008
per,k_means,3214418042,20,4.20993e9,4.81634e9,39.1515846,40.5018866,SqEuclidean,extreme,244,1.1004146708669998e6,insample,2011
per,k_means,3214418042,20,4.20993e9,4.26056e9,41.5274098,42.334711600000006,SqEuclidean,extreme,127,479638.8588210001,insample,2012
per,k_means,3214418042,20,4.20993e9,4.64753e9,43.486343,40.8082359,SqEuclidean,extreme,166,893525.2817859999,insample,2016
per,k_means,3217763985,20,4.20993e9,7.20802e11,3.5180726,60.1526751,SqEuclidean,extreme,3529,3.913342570639e7,initial,initial
per,k_means,3217763985,20,4.20993e9,5.13418e9,41.520289,41.3917424,SqEuclidean,extreme,320,1.3967386768850002e6,insample,1982
per,k_means,3217763985,20,4.20993e9,5.64386e9,41.5574156,40.162081,SqEuclidean,extreme,258,1.858244684852e6,insample,1986
per,k_means,3217763985,20,4.20993e9,4.14619e9,40.4922283,39.4910027,SqEuclidean,extreme,139,452463.203771,insample,1990
per,k_means,3217763985,20,4.20993e9,5.48815e9,39.9148799,39.8559567,SqEuclidean,extreme,273,1.7562181162589996e6,insample,1994
per,k_means,3217763985,20,4.20993e9,4.56918e9,39.341016,41.049913100000005,SqEuclidean,extreme,171,817060.129548,insample,1998
per,k_means,3217763985,20,4.20993e9,4.51828e9,37.6492915,39.895154000000005,SqEuclidean,extreme,205,774027.2255860001,insample,2004
per,k_means,3217763985,20,4.20993e9,4.59442e9,37.8844867,38.65376319999999,SqEuclidean,extreme,162,863015.580094,insample,2008
per,k_means,3217763985,20,4.20993e9,4.81634e9,40.4686854,39.3508344,SqEuclidean,extreme,244,1.1004146708669998e6,insample,2011
per,k_means,3217763985,20,4.20993e9,4.26056e9,39.6920188,40.2139738,SqEuclidean,extreme,127,479638.8588210001,insample,2012
per,k_means,3217763985,20,4.20993e9,4.64753e9,41.0375683,39.0389996,SqEuclidean,extreme,166,893525.2817859999,insample,2016
per,k_means,3272403283,20,4.20993e9,7.20802e11,3.6087008,62.107104,SqEuclidean,extreme,3529,3.913342570639e7,initial,initial
per,k_means,3272403283,20,4.20993e9,5.13418e9,39.7573673,44.0137903,SqEuclidean,extreme,320,1.3967386768850002e6,insample,1982
per,k_means,3272403283,20,4.20993e9,5.64386e9,41.0397319,42.6859679,SqEuclidean,extreme,258,1.858244684852e6,insample,1986
per,k_means,3272403283,20,4.20993e9,4.14619e9,42.3715795,42.776390199999994,SqEuclidean,extreme,139,452463.203771,insample,1990
per,k_means,3272403283,20,4.20993e9,5.48815e9,39.8840712,43.6522406,SqEuclidean,extreme,273,1.7562181162589996e6,insample,1994
per,k_means,3272403283,20,4.20993e9,4.56918e9,41.5039076,43.9279821,SqEuclidean,extreme,171,817060.129548,insample,1998
per,k_means,3272403283,20,4.20993e9,4.51828e9,41.3178974,45.297618400000005,SqEuclidean,extreme,205,774027.2255860001,insample,2004
per,k_means,3272403283,20,4.20993e9,4.59442e9,40.2899656,45.8986539,SqEuclidean,extreme,162,863015.580094,insample,2008
per,k_means,3272403283,20,4.20993e9,4.81634e9,41.0292585,41.8146041,SqEuclidean,extreme,244,1.1004146708669998e6,insample,2011
per,k_means,3272403283,20,4.20993e9,4.26056e9,39.8542902,45.3721103,SqEuclidean,extreme,127,479638.8588210001,insample,2012
per,k_means,3272403283,20,4.20993e9,4.64753e9,42.1552271,43.1599017,SqEuclidean,extreme,166,893525.2817859999,insample,2016
per,k_means,408956147,20,4.20993e9,7.20802e11,3.4403805,63.037293000000005,SqEuclidean,extreme,3529,3.913342570639e7,initial,initial
per,k_means,408956147,20,4.20993e9,5.13418e9,37.2743246,38.505034,SqEuclidean,extreme,320,1.3967386768850002e6,insample,1982
per,k_means,408956147,20,4.20993e9,5.64386e9,39.0842177,39.4892372,SqEuclidean,extreme,258,1.858244684852e6,insample,1986
per,k_means,408956147,20,4.20993e9,4.14619e9,38.3502817,37.0906367,SqEuclidean,extreme,139,452463.203771,insample,1990
per,k_means,408956147,20,4.20993e9,5.48815e9,38.1414746,36.9267698,SqEuclidean,extreme,273,1.7562181162589996e6,insample,1994
per,k_means,408956147,20,4.20993e9,4.56918e9,38.9356955,36.7431069,SqEuclidean,extreme,171,817060.129548,insample,1998
per,k_means,408956147,20,4.20993e9,4.51828e9,39.262676,37.2248003,SqEuclidean,extreme,205,774027.2255860001,insample,2004
per,k_means,408956147,20,4.20993e9,4.59442e9,37.8661447,38.029520899999994,SqEuclidean,extreme,162,863015.580094,insample,2008
per,k_means,408956147,20,4.20993e9,4.81634e9,36.4995786,35.6177068,SqEuclidean,extreme,244,1.1004146708669998e6,insample,2011
per,k_means,408956147,20,4.20993e9,4.26056e9,40.700096,37.467083599999995,SqEuclidean,extreme,127,479638.8588210001,insample,2012
per,k_means,408956147,20,4.20993e9,4.64753e9,38.9927748,40.075122,SqEuclidean,extreme,166,893525.2817859999,insample,2016
per,k_means,1040218444,200,3.35071e9,7.54782e10,75.2766407,49.6826576,SqEuclidean,extreme,3292,3.9344006748189e7,initial,initial
per,k_means,1040218444,200,3.35071e9,5.77982e9,26.5641254,27.177278,SqEuclidean,extreme,614,2.0416436182789996e6,insample,1982
per,k_means,1040218444,200,3.35071e9,6.45403e9,27.367197,29.5748085,SqEuclidean,extreme,520,2.669183377711999e6,insample,1986
per,k_means,1040218444,200,3.35071e9,4.33756e9,36.3266986,36.4556836,SqEuclidean,extreme,275,641104.5293809999,insample,1990
per,k_means,1040218444,200,3.35071e9,5.69999e9,34.665807,34.538941,SqEuclidean,extreme,390,1.966225479488e6,insample,1994
per,k_means,1040218444,200,3.35071e9,4.8808e9,27.7116026,27.1548478,SqEuclidean,extreme,349,1.1277822775909998e6,insample,1998
per,k_means,1040218444,200,3.35071e9,5.05879e9,28.920539,27.6348697,SqEuclidean,extreme,479,1.3139154470820003e6,insample,2004
per,k_means,1040218444,200,3.35071e9,4.80621e9,28.1504027,27.906998700000003,SqEuclidean,extreme,308,1.0727697987089998e6,insample,2008
per,k_means,1040218444,200,3.35071e9,5.37635e9,29.1825171,29.042473,SqEuclidean,extreme,474,1.6600334076139997e6,insample,2011
per,k_means,1040218444,200,3.35071e9,4.62764e9,27.9443987,27.5371917,SqEuclidean,extreme,361,845926.5995299999,insample,2012
per,k_means,1040218444,200,3.35071e9,5.04149e9,27.9319962,27.3788073,SqEuclidean,extreme,377,1.286525656655e6,insample,2016
per,k_means,1498923158,200,3.34924e9,7.55394e10,67.6278072,53.325725899999995,SqEuclidean,extreme,3345,3.934395403621499e7,initial,initial
per,k_means,1498923158,200,3.34924e9,5.77725e9,27.8796711,26.9377831,SqEuclidean,extreme,607,2.037764421819999e6,insample,1982
per,k_means,1498923158,200,3.34924e9,6.44877e9,27.3197334,28.3312462,SqEuclidean,extreme,517,2.662556249485e6,insample,1986
per,k_means,1498923158,200,3.34924e9,4.33639e9,38.4538703,36.8639283,SqEuclidean,extreme,268,638763.422042,insample,1990
per,k_means,1498923158,200,3.34924e9,5.69922e9,35.4373083,34.488304299999996,SqEuclidean,extreme,393,1.9641905138749997e6,insample,1994
per,k_means,1498923158,200,3.34924e9,4.87959e9,27.8681273,28.4753068,SqEuclidean,extreme,357,1.1252247055660002e6,insample,1998
per,k_means,1498923158,200,3.34924e9,5.05546e9,27.9425986,27.7841314,SqEuclidean,extreme,477,1.3092669040789998e6,insample,2004
per,k_means,1498923158,200,3.34924e9,4.80455e9,28.3508153,26.3908619,SqEuclidean,extreme,299,1.06990206841e6,insample,2008
per,k_means,1498923158,200,3.34924e9,5.37304e9,28.1391239,27.6164188,SqEuclidean,extreme,481,1.655497971043e6,insample,2011
per,k_means,1498923158,200,3.34924e9,4.62194e9,27.2173076,27.4716681,SqEuclidean,extreme,355,838789.3130940001,insample,2012
per,k_means,1498923158,200,3.34924e9,5.03788e9,28.3109992,27.8657706,SqEuclidean,extreme,364,1.281525649034e6,insample,2016
per,k_means,1571330722,200,3.35078e9,7.54624e10,63.0967214,47.9547889,SqEuclidean,extreme,3325,3.9343641747443005e7,initial,initial
per,k_means,1571330722,200,3.35078e9,5.81402e9,27.9871841,26.9841437,SqEuclidean,extreme,638,2.0756934651909992e6,insample,1982
per,k_means,1571330722,200,3.35078e9,6.49608e9,29.4165602,27.4408074,SqEuclidean,extreme,559,2.711155570023e6,insample,1986
per,k_means,1571330722,200,3.35078e9,4.34933e9,36.1573322,35.6776983,SqEuclidean,extreme,292,652633.802634,insample,1990
per,k_means,1571330722,200,3.35078e9,5.71226e9,36.4252044,33.6743519,SqEuclidean,extreme,419,1.978238171231e6,insample,1994
per,k_means,1571330722,200,3.35078e9,4.89993e9,28.1432454,27.5367761,SqEuclidean,extreme,375,1.146655457351e6,insample,1998
per,k_means,1571330722,200,3.35078e9,5.08569e9,28.1945439,29.140933800000003,SqEuclidean,extreme,495,1.3405807203949995e6,insample,2004
per,k_means,1571330722,200,3.35078e9,4.82036e9,28.87481,28.4348324,SqEuclidean,extreme,326,1.086658019233e6,insample,2008
per,k_means,1571330722,200,3.35078e9,5.4044e9,27.0977315,27.8653976,SqEuclidean,extreme,517,1.687956703816e6,insample,2011
per,k_means,1571330722,200,3.35078e9,4.67064e9,27.7826279,27.158865,SqEuclidean,extreme,398,888793.180415,insample,2012
per,k_means,1571330722,200,3.35078e9,5.07001e9,27.8472924,28.1246294,SqEuclidean,extreme,406,1.314881457358e6,insample,2016
per,k_means,2110474755,200,3.36918e9,7.54954e10,65.9887969,45.6632253,SqEuclidean,extreme,3340,3.935138934379e7,initial,initial
per,k_means,2110474755,200,3.36918e9,5.45085e9,27.2249268,27.4387954,SqEuclidean,extreme,435,1.7105379034650002e6,insample,1982
per,k_means,2110474755,200,3.36918e9,5.99927e9,26.9759187,28.548930100000003,SqEuclidean,extreme,363,2.2118812572710006e6,insample,1986
per,k_means,2110474755,200,3.36918e9,4.21799e9,35.712835,36.7110929,SqEuclidean,extreme,212,519810.850547,insample,1990
per,k_means,2110474755,200,3.36918e9,5.57225e9,33.1426779,35.4907638,SqEuclidean,extreme,322,1.836686890527e6,insample,1994
per,k_means,2110474755,200,3.36918e9,4.69923e9,28.9856579,28.4099735,SqEuclidean,extreme,249,944257.849336,insample,1998
per,k_means,2110474755,200,3.36918e9,4.69979e9,28.3104472,27.8121961,SqEuclidean,extreme,286,952693.630181,insample,2004
per,k_means,2110474755,200,3.36918e9,4.68083e9,28.1811237,29.4934075,SqEuclidean,extreme,217,945662.452358,insample,2008
per,k_means,2110474755,200,3.36918e9,5.09877e9,28.3104376,27.765962199999997,SqEuclidean,extreme,342,1.38035440273e6,insample,2011
per,k_means,2110474755,200,3.36918e9,4.37389e9,26.9384268,26.875436,SqEuclidean,extreme,197,590246.0130960001,insample,2012
per,k_means,2110474755,200,3.36918e9,4.84481e9,28.5058596,27.5321685,SqEuclidean,extreme,252,1.0881756558400004e6,insample,2016
per,k_means,2358156674,200,3.37913e9,7.55199e10,59.2512469,44.9927339,SqEuclidean,extreme,3345,3.9350084055327e7,initial,initial
per,k_means,2358156674,200,3.37913e9,5.49684e9,28.4828792,30.1932722,SqEuclidean,extreme,509,1.757712508615e6,insample,1982
per,k_means,2358156674,200,3.37913e9,5.99121e9,27.3760431,27.1472199,SqEuclidean,extreme,401,2.2047193870460014e6,insample,1986
per,k_means,2358156674,200,3.37913e9,4.22331e9,35.3394913,39.0298142,SqEuclidean,extreme,220,526556.50513,insample,1990
per,k_means,2358156674,200,3.37913e9,5.56697e9,34.8009512,33.0657689,SqEuclidean,extreme,346,1.832848499522e6,insample,1994
per,k_means,2358156674,200,3.37913e9,4.70745e9,28.5849006,28.0186722,SqEuclidean,extreme,275,953932.24561,insample,1998
per,k_means,2358156674,200,3.37913e9,4.71157e9,28.8490414,26.873997,SqEuclidean,extreme,338,965592.390908,insample,2004
per,k_means,2358156674,200,3.37913e9,4.67929e9,28.5402775,27.6267915,SqEuclidean,extreme,246,945498.789736,insample,2008
per,k_means,2358156674,200,3.37913e9,5.06432e9,28.1950014,27.0280606,SqEuclidean,extreme,368,1.3469245880399996e6,insample,2011
per,k_means,2358156674,200,3.37913e9,4.39108e9,27.4236814,26.8703864,SqEuclidean,extreme,242,608642.18873,insample,2012
per,k_means,2358156674,200,3.37913e9,4.83124e9,28.964501,27.7091578,SqEuclidean,extreme,279,1.0756526561730003e6,insample,2016
per,k_means,2454944798,200,3.34862e9,7.5427e10,62.2887362,47.2626331,SqEuclidean,extreme,3339,3.9343934623262e7,initial,initial
per,k_means,2454944798,200,3.34862e9,5.77933e9,27.0343943,27.7584651,SqEuclidean,extreme,606,2.0394653387779996e6,insample,1982
per,k_means,2454944798,200,3.34862e9,6.45133e9,27.6719428,26.7322054,SqEuclidean,extreme,515,2.664718728224e6,insample,1986
per,k_means,2454944798,200,3.34862e9,4.33744e9,32.6862693,35.8416059,SqEuclidean,extreme,273,639422.1107310001,insample,1990
per,k_means,2454944798,200,3.34862e9,5.70026e9,35.7747785,35.585899999999995,SqEuclidean,extreme,399,1.964833160215e6,insample,1994
per,k_means,2454944798,200,3.34862e9,4.88096e9,28.4218369,27.3785091,SqEuclidean,extreme,352,1.1262034700849997e6,insample,1998
per,k_means,2454944798,200,3.34862e9,5.05754e9,27.8954859,27.6721523,SqEuclidean,extreme,477,1.3109575053040003e6,insample,2004
per,k_means,2454944798,200,3.34862e9,4.8058e9,28.2688565,28.0189016,SqEuclidean,extreme,302,1.070725955713e6,insample,2008
per,k_means,2454944798,200,3.34862e9,5.37488e9,28.7310322,29.371744300000003,SqEuclidean,extreme,483,1.656985074324e6,insample,2011
per,k_means,2454944798,200,3.34862e9,4.62451e9,26.9000106,28.1189459,SqEuclidean,extreme,357,840951.9124150001,insample,2012
per,k_means,2454944798,200,3.34862e9,5.03982e9,28.8305015,27.0867762,SqEuclidean,extreme,365,1.2830748535930002e6,insample,2016
per,k_means,3126457023,200,3.35767e9,7.54479e10,64.1056184,47.7587719,SqEuclidean,extreme,3314,3.9341529242234e7,initial,initial
per,k_means,3126457023,200,3.35767e9,5.70449e9,27.0753487,26.9722821,SqEuclidean,extreme,636,1.965652067725e6,insample,1982
per,k_means,3126457023,200,3.35767e9,6.31815e9,27.4534407,27.889895900000003,SqEuclidean,extreme,575,2.53253162524e6,insample,1986
per,k_means,3126457023,200,3.35767e9,4.30533e9,35.1544745,35.6293667,SqEuclidean,extreme,297,608208.6346379997,insample,1990
per,k_means,3126457023,200,3.35767e9,5.63915e9,36.8920908,36.390718,SqEuclidean,extreme,409,1.904634595413e6,insample,1994
per,k_means,3126457023,200,3.35767e9,4.82339e9,27.8110283,28.1720413,SqEuclidean,extreme,383,1.0696978536820002e6,insample,1998
per,k_means,3126457023,200,3.35767e9,4.90563e9,27.4693115,28.0875382,SqEuclidean,extreme,476,1.159761300133e6,insample,2004
per,k_means,3126457023,200,3.35767e9,4.76293e9,28.0084964,26.9962095,SqEuclidean,extreme,305,1.028774339056e6,insample,2008
per,k_means,3126457023,200,3.35767e9,5.29161e9,29.0343304,27.6281941,SqEuclidean,extreme,508,1.5745907197609998e6,insample,2011
per,k_means,3126457023,200,3.35767e9,4.56373e9,26.5235999,28.0888095,SqEuclidean,extreme,380,781409.6746680002,insample,2012
per,k_means,3126457023,200,3.35767e9,5.00311e9,28.1514685,29.2278894,SqEuclidean,extreme,416,1.2476686917249998e6,insample,2016
per,k_means,4093639103,200,3.3508e9,7.54372e10,65.6274079,47.5191351,SqEuclidean,extreme,3333,3.9343789656382e7,initial,initial
per,k_means,4093639103,200,3.3508e9,5.86665e9,27.6771373,26.8434376,SqEuclidean,extreme,695,2.129106757978e6,insample,1982
per,k_means,4093639103,200,3.3508e9,6.57282e9,27.5314132,26.5653996,SqEuclidean,extreme,648,2.788859889843001e6,insample,1986
per,k_means,4093639103,200,3.3508e9,4.37235e9,35.812437,35.9830784,SqEuclidean,extreme,329,676152.9120339999,insample,1990
per,k_means,4093639103,200,3.3508e9,5.73526e9,33.9548515,37.8309178,SqEuclidean,extreme,457,2.001820416248e6,insample,1994
per,k_means,4093639103,200,3.3508e9,4.93512e9,27.6680557,30.4912476,SqEuclidean,extreme,433,1.1825637618829997e6,insample,1998
per,k_means,4093639103,200,3.3508e9,5.1326e9,26.9362864,27.6354842,SqEuclidean,extreme,557,1.3881957580110002e6,insample,2004
per,k_means,4093639103,200,3.3508e9,4.84449e9,26.6716677,28.7997192,SqEuclidean,extreme,363,1.11134061068e6,insample,2008
per,k_means,4093639103,200,3.3508e9,5.45675e9,27.9195526,28.2304661,SqEuclidean,extreme,565,1.741017243546e6,insample,2011
per,k_means,4093639103,200,3.3508e9,4.73654e9,27.694194,25.8343468,SqEuclidean,extreme,444,955595.592816,insample,2012
per,k_means,4093639103,200,3.3508e9,5.12223e9,28.0695402,28.7103226,SqEuclidean,extreme,484,1.3679038399170002e6,insample,2016
per,k_means,4109171108,200,3.34749e9,7.53905e10,60.1557078,48.159504,SqEuclidean,extreme,3356,3.9346096170172e7,initial,initial
per,k_means,4109171108,200,3.34749e9,5.8338e9,27.0551256,27.3193944,SqEuclidean,extreme,665,2.094118512542e6,insample,1982
per,k_means,4109171108,200,3.34749e9,6.52527e9,27.7641555,27.8106066,SqEuclidean,extreme,593,2.7389932678850004e6,insample,1986
per,k_means,4109171108,200,3.34749e9,4.35902e9,36.904711,37.2049996,SqEuclidean,extreme,308,660838.0864139999,insample,1990
per,k_means,4109171108,200,3.34749e9,5.72209e9,34.7100287,34.798508999999996,SqEuclidean,extreme,434,1.986583644095e6,insample,1994
per,k_means,4109171108,200,3.34749e9,4.91304e9,27.7157786,28.1874836,SqEuclidean,extreme,392,1.1583425783779998e6,insample,1998
per,k_means,4109171108,200,3.34749e9,5.10394e9,28.5352052,26.4452178,SqEuclidean,extreme,523,1.35744984228e6,insample,2004
per,k_means,4109171108,200,3.34749e9,4.83108e9,27.9772984,27.5835146,SqEuclidean,extreme,334,1.0958745033589995e6,insample,2008
per,k_means,4109171108,200,3.34749e9,5.42445e9,27.9985389,27.0131027,SqEuclidean,extreme,531,1.706705927068e6,insample,2011
per,k_means,4109171108,200,3.34749e9,4.69761e9,26.9257447,28.1743803,SqEuclidean,extreme,418,914347.528582,insample,2012
per,k_means,4109171108,200,3.34749e9,5.09064e9,29.225887,27.613469499999997,SqEuclidean,extreme,448,1.334104132778e6,insample,2016
per,k_means,535977374,200,3.35056e9,7.5512e10,63.9563001,47.3292964,SqEuclidean,extreme,3303,3.934393563849599e7,initial,initial
per,k_means,535977374,200,3.35056e9,5.80361e9,27.1395552,27.1696426,SqEuclidean,extreme,627,2.065454288508e6,insample,1982
per,k_means,535977374,200,3.35056e9,6.4807e9,27.7418133,26.1759839,SqEuclidean,extreme,558,2.6959069564859997e6,insample,1986
per,k_means,535977374,200,3.35056e9,4.3447e9,36.2100249,36.4890325,SqEuclidean,extreme,284,648182.922849,insample,1990
per,k_means,535977374,200,3.35056e9,5.70771e9,34.2888902,36.34525609999999,SqEuclidean,extreme,409,1.973895650303e6,insample,1994
per,k_means,535977374,200,3.35056e9,4.89353e9,28.6227228,27.3306232,SqEuclidean,extreme,363,1.140489812511e6,insample,1998
per,k_means,535977374,200,3.35056e9,5.07696e9,27.8432617,27.946204400000003,SqEuclidean,extreme,487,1.332071501508e6,insample,2004
per,k_means,535977374,200,3.35056e9,4.81498e9,27.7519435,28.9834663,SqEuclidean,extreme,316,1.081496409992e6,insample,2008
per,k_means,535977374,200,3.35056e9,5.39399e9,28.1641699,28.3770227,SqEuclidean,extreme,502,1.6776799088129995e6,insample,2011
per,k_means,535977374,200,3.35056e9,4.65553e9,27.6368891,26.5171406,SqEuclidean,extreme,385,873858.175893,insample,2012
per,k_means,535977374,200,3.35056e9,5.05972e9,28.2365703,27.3466011,SqEuclidean,extreme,401,1.3047471858870003e6,insample,2016
per,k_means,123456789,50,3.90088e9,2.90429e11,13.2819896,61.3152443,SqEuclidean,extreme,3617,3.915953185023e7,initial,initial
per,k_means,123456789,50,3.90088e9,5.6028e9,33.8882029,36.913782,SqEuclidean,extreme,775,1.873599622709e6,insample,1982
per,k_means,123456789,50,3.90088e9,6.13632e9,37.0525319,37.607744700000005,SqEuclidean,extreme,729,2.359676190541e6,insample,1986
per,k_means,123456789,50,3.90088e9,4.28804e9,40.3800788,34.836615200000004,SqEuclidean,extreme,363,600973.562667,insample,1990
per,k_means,123456789,50,3.90088e9,5.67075e9,38.4268415,37.2061471,SqEuclidean,extreme,567,1.946251895069e6,insample,1994
per,k_means,123456789,50,3.90088e9,4.8634e9,37.4578604,38.1743829,SqEuclidean,extreme,571,1.119206833051e6,insample,1998
per,k_means,123456789,50,3.90088e9,4.86339e9,35.0548386,35.095569999999995,SqEuclidean,extreme,651,1.126968549806e6,insample,2004
per,k_means,123456789,50,3.90088e9,4.76415e9,34.2701273,35.3105117,SqEuclidean,extreme,434,1.04005582342e6,insample,2008
per,k_means,123456789,50,3.90088e9,5.14679e9,39.0867117,40.3047254,SqEuclidean,extreme,677,1.438666991975e6,insample,2011
per,k_means,123456789,50,3.90088e9,4.68353e9,36.5645681,36.2054695,SqEuclidean,extreme,607,911350.2732060002,insample,2012
per,k_means,123456789,50,3.90088e9,4.99523e9,34.0715035,36.3482932,SqEuclidean,extreme,632,1.2492818112860003e6,insample,2016
per,k_means,1286268702,50,3.90092e9,2.90405e11,13.5849579,62.1053998,SqEuclidean,extreme,3612,3.9159529286842e7,initial,initial
per,k_means,1286268702,50,3.90092e9,5.58384e9,41.3455397,37.0279723,SqEuclidean,extreme,763,1.854258131875e6,insample,1982
per,k_means,1286268702,50,3.90092e9,6.11067e9,39.2595032,38.1693195,SqEuclidean,extreme,710,2.3335195441759992e6,insample,1986
per,k_means,1286268702,50,3.90092e9,4.28005e9,36.948405,35.3421204,SqEuclidean,extreme,345,592741.4481479999,insample,1990
per,k_means,1286268702,50,3.90092e9,5.65533e9,40.8274375,39.1076157,SqEuclidean,extreme,552,1.9304455562249995e6,insample,1994
per,k_means,1286268702,50,3.90092e9,4.84496e9,39.4261629,38.085427200000005,SqEuclidean,extreme,537,1.1003696529390002e6,insample,1998
per,k_means,1286268702,50,3.90092e9,4.84165e9,41.4448285,36.6591439,SqEuclidean,extreme,617,1.1048107310700002e6,insample,2004
per,k_means,1286268702,50,3.90092e9,4.75224e9,41.565825,39.6094395,SqEuclidean,extreme,413,1.027801146539e6,insample,2008
per,k_means,1286268702,50,3.90092e9,5.12528e9,39.4971835,40.0582983,SqEuclidean,extreme,644,1.416698785682e6,insample,2011
per,k_means,1286268702,50,3.90092e9,4.65872e9,39.1757722,37.5604541,SqEuclidean,extreme,579,886055.2225299999,insample,2012
per,k_means,1286268702,50,3.90092e9,4.97378e9,40.0759301,38.2538583,SqEuclidean,extreme,603,1.2273794587760004e6,insample,2016
per,k_means,1308502331,50,3.90078e9,2.90379e11,12.5695729,60.8167246,SqEuclidean,extreme,3615,3.9159541658001006e7,initial,initial
per,k_means,1308502331,50,3.90078e9,6.00764e9,37.848617,35.5658172,SqEuclidean,extreme,1223,2.279241642647e6,insample,1982
per,k_means,1308502331,50,3.90078e9,6.6865e9,37.9227884,37.4661258,SqEuclidean,extreme,1329,2.910967741262e6,insample,1986
per,k_means,1308502331,50,3.90078e9,4.61273e9,38.679865,37.962792699999994,SqEuclidean,extreme,864,926246.789317,insample,1990
per,k_means,1308502331,50,3.90078e9,6.13137e9,36.1365936,36.6314114,SqEuclidean,extreme,1123,2.407779116992e6,insample,1994
per,k_means,1308502331,50,3.90078e9,5.2847e9,40.2059066,37.2472685,SqEuclidean,extreme,1071,1.541336569093e6,insample,1998
per,k_means,1308502331,50,3.90078e9,5.28515e9,37.6460849,36.240603699999994,SqEuclidean,extreme,1112,1.549565335885e6,insample,2004
per,k_means,1308502331,50,3.90078e9,5.18124e9,37.015618,38.2481102,SqEuclidean,extreme,997,1.457908851824e6,insample,2008
per,k_means,1308502331,50,3.90078e9,5.68657e9,37.3828111,35.2765366,SqEuclidean,extreme,1235,1.9795520348169997e6,insample,2011
per,k_means,1308502331,50,3.90078e9,5.18447e9,36.989558,37.8571262,SqEuclidean,extreme,1124,1.413270862707e6,insample,2012
per,k_means,1308502331,50,3.90078e9,5.46046e9,34.1509403,39.550889,SqEuclidean,extreme,1122,1.7154244816349996e6,insample,2016
per,k_means,1573928461,50,3.90136e9,2.90415e11,12.6333544,62.2885225,SqEuclidean,extreme,3611,3.9159526300376e7,initial,initial
per,k_means,1573928461,50,3.90136e9,5.54992e9,40.6698707,38.7512861,SqEuclidean,extreme,720,1.820666333655e6,insample,1982
per,k_means,1573928461,50,3.90136e9,6.06478e9,40.4091049,39.0640655,SqEuclidean,extreme,669,2.28795469647e6,insample,1986
per,k_means,1573928461,50,3.90136e9,4.26835e9,42.4563756,36.47081420000001,SqEuclidean,extreme,330,581409.5432760001,insample,1990
per,k_means,1573928461,50,3.90136e9,5.62636e9,39.561123,39.73747959999999,SqEuclidean,extreme,498,1.901837858531e6,insample,1994
per,k_means,1573928461,50,3.90136e9,4.81258e9,39.3282714,39.4341875,SqEuclidean,extreme,499,1.068362161009e6,insample,1998
per,k_means,1573928461,50,3.90136e9,4.80618e9,40.7608984,36.4664999,SqEuclidean,extreme,567,1.069679125259e6,insample,2004
per,k_means,1573928461,50,3.90136e9,4.73521e9,39.7273116,37.7627644,SqEuclidean,extreme,377,1.011172486771e6,insample,2008
per,k_means,1573928461,50,3.90136e9,5.08695e9,40.2589057,36.2236452,SqEuclidean,extreme,587,1.3786840781169997e6,insample,2011
per,k_means,1573928461,50,3.90136e9,4.6122e9,39.7403977,36.8362678,SqEuclidean,extreme,536,839901.4835610001,insample,2012
per,k_means,1573928461,50,3.90136e9,4.93401e9,39.759139,36.295574,SqEuclidean,extreme,548,1.187951894267e6,insample,2016
per,k_means,1991051616,50,3.9004e9,2.9047e11,12.0095995,58.6532287,SqEuclidean,extreme,3614,3.9159534817865e7,initial,initial
per,k_means,1991051616,50,3.9004e9,5.63845e9,35.9218562,34.197199700000006,SqEuclidean,extreme,819,1.909191855929e6,insample,1982
per,k_means,1991051616,50,3.9004e9,6.18341e9,35.9847449,33.9480327,SqEuclidean,extreme,793,2.406767804142e6,insample,1986
per,k_means,1991051616,50,3.9004e9,4.30284e9,36.4028298,34.6268274,SqEuclidean,extreme,386,615594.7364620001,insample,1990
per,k_means,1991051616,50,3.9004e9,5.70249e9,37.312106,34.466477399999995,SqEuclidean,extreme,602,1.977903255764e6,insample,1994
per,k_means,1991051616,50,3.9004e9,4.89891e9,32.7630129,36.0568963,SqEuclidean,extreme,611,1.154632461179e6,insample,1998
per,k_means,1991051616,50,3.9004e9,4.90288e9,38.4653138,36.1473154,SqEuclidean,extreme,689,1.1664089118199998e6,insample,2004
per,k_means,1991051616,50,3.9004e9,4.78713e9,36.5371051,34.580166,SqEuclidean,extreme,476,1.062895492021e6,insample,2008
per,k_means,1991051616,50,3.9004e9,5.19128e9,35.930831,33.2226119,SqEuclidean,extreme,730,1.4831729089129998e6,insample,2011
per,k_means,1991051616,50,3.9004e9,4.73289e9,35.0126497,35.780863999999994,SqEuclidean,extreme,669,960687.316777,insample,2012
per,k_means,1991051616,50,3.9004e9,5.03751e9,37.4044246,33.5837316,SqEuclidean,extreme,675,1.2915306283869997e6,insample,2016
per,k_means,2678701235,50,3.90273e9,2.90441e11,11.7758679,58.6341153,SqEuclidean,extreme,3616,3.9159526723496005e7,initial,initial
per,k_means,2678701235,50,3.90273e9,5.5391e9,41.3931466,38.5743174,SqEuclidean,extreme,718,1.810886463205e6,insample,1982
per,k_means,2678701235,50,3.90273e9,6.05277e9,41.9470297,39.5895598,SqEuclidean,extreme,654,2.2770867012260007e6,insample,1986
per,k_means,2678701235,50,3.90273e9,4.26558e9,38.0229967,41.9032815,SqEuclidean,extreme,324,579549.109147,insample,1990
per,k_means,2678701235,50,3.90273e9,5.61895e9,39.7317496,41.172929,SqEuclidean,extreme,485,1.895497648824e6,insample,1994
per,k_means,2678701235,50,3.90273e9,4.80198e9,39.2687944,40.6297661,SqEuclidean,extreme,494,1.0588318494760003e6,insample,1998
per,k_means,2678701235,50,3.90273e9,4.79612e9,39.674308,41.3121638,SqEuclidean,extreme,560,1.0606834655020004e6,insample,2004
per,k_means,2678701235,50,3.90273e9,4.73238e9,39.8279378,42.9329156,SqEuclidean,extreme,381,1.009379207166e6,insample,2008
per,k_means,2678701235,50,3.90273e9,5.07657e9,40.5678418,39.1183519,SqEuclidean,extreme,573,1.369364764083e6,insample,2011
per,k_means,2678701235,50,3.90273e9,4.5996e9,41.335234,38.8386295,SqEuclidean,extreme,520,828454.4825680001,insample,2012
per,k_means,2678701235,50,3.90273e9,4.92387e9,41.2833646,40.9320013,SqEuclidean,extreme,537,1.1789264370790003e6,insample,2016
per,k_means,3861234567,50,3.9013e9,2.90389e11,8.9444,60.5350727,SqEuclidean,extreme,3611,3.9159525963782e7,initial,initial
per,k_means,3861234567,50,3.9013e9,5.54477e9,42.1000462,40.2000748,SqEuclidean,extreme,724,1.815404500376e6,insample,1982
per,k_means,3861234567,50,3.9013e9,6.0577e9,41.0435068,39.4355534,SqEuclidean,extreme,658,2.280768614323e6,insample,1986
per,k_means,3861234567,50,3.9013e9,4.26676e9,37.6061647,41.7848224,SqEuclidean,extreme,326,579724.2789059998,insample,1990
per,k_means,3861234567,50,3.9013e9,5.62272e9,38.8109732,38.4670635,SqEuclidean,extreme,494,1.8981024895809996e6,insample,1994
per,k_means,3861234567,50,3.9013e9,4.80771e9,40.4840216,42.7374752,SqEuclidean,extreme,497,1.06336998139e6,insample,1998
per,k_means,3861234567,50,3.9013e9,4.80084e9,41.0849923,38.6808777,SqEuclidean,extreme,563,1.064236202429e6,insample,2004
per,k_means,3861234567,50,3.9013e9,4.73334e9,40.9954739,38.3803974,SqEuclidean,extreme,377,1.009214460391e6,insample,2008
per,k_means,3861234567,50,3.9013e9,5.08148e9,39.6207053,39.7686393,SqEuclidean,extreme,579,1.373132756014e6,insample,2011
per,k_means,3861234567,50,3.9013e9,4.60548e9,40.9979509,38.2889819,SqEuclidean,extreme,527,833052.2192900003,insample,2012
per,k_means,3861234567,50,3.9013e9,4.92866e9,40.2901231,38.9782815,SqEuclidean,extreme,543,1.182497794372e6,insample,2016
per,k_means,477073181,50,3.90024e9,2.90424e11,12.1248012,60.417868299999995,SqEuclidean,extreme,3613,3.9159529218306005e7,initial,initial
per,k_means,477073181,50,3.90024e9,5.5831e9,41.5416924,41.522048,SqEuclidean,extreme,760,1.853200714649e6,insample,1982
per,k_means,477073181,50,3.90024e9,6.10966e9,40.744376,40.6263141,SqEuclidean,extreme,709,2.332182367384e6,insample,1986
per,k_means,477073181,50,3.90024e9,4.28005e9,40.9966198,38.4711915,SqEuclidean,extreme,345,592414.873457,insample,1990
per,k_means,477073181,50,3.90024e9,5.65468e9,39.9752669,39.2596204,SqEuclidean,extreme,554,1.929455224132e6,insample,1994
per,k_means,477073181,50,3.90024e9,4.84431e9,41.8756173,37.8389493,SqEuclidean,extreme,540,1.099387587806e6,insample,1998
per,k_means,477073181,50,3.90024e9,4.84087e9,39.6890057,42.7023312,SqEuclidean,extreme,614,1.103698145552e6,insample,2004
per,k_means,477073181,50,3.90024e9,4.75201e9,37.0873373,37.7256753,SqEuclidean,extreme,410,1.027236935009e6,insample,2008
per,k_means,477073181,50,3.90024e9,5.12428e9,37.0364937,44.183144899999995,SqEuclidean,extreme,642,1.415397039919e6,insample,2011
per,k_means,477073181,50,3.90024e9,4.65764e9,40.0542078,40.2177136,SqEuclidean,extreme,579,884644.558908,insample,2012
per,k_means,477073181,50,3.90024e9,4.97285e9,40.1584931,41.6610364,SqEuclidean,extreme,607,1.2261108724230006e6,insample,2016
per,k_means,876543210,50,3.90197e9,2.9045e11,11.6982076,58.5352779,SqEuclidean,extreme,3615,3.915953119497301e7,initial,initial
per,k_means,876543210,50,3.90197e9,5.60592e9,37.3599488,33.488227200000004,SqEuclidean,extreme,785,1.8773165834679997e6,insample,1982
per,k_means,876543210,50,3.90197e9,6.14006e9,35.6919745,36.1307981,SqEuclidean,extreme,735,2.3639588745200005e6,insample,1986
per,k_means,876543210,50,3.90197e9,4.2873e9,36.7645395,33.8152982,SqEuclidean,extreme,358,600843.2444229999,insample,1990
per,k_means,876543210,50,3.90197e9,5.67507e9,35.3566232,36.7391972,SqEuclidean,extreme,573,1.951164744222e6,insample,1994
per,k_means,876543210,50,3.90197e9,4.86563e9,35.1975602,36.7899835,SqEuclidean,extreme,578,1.12206829711e6,insample,1998
per,k_means,876543210,50,3.90197e9,4.86563e9,36.3515059,34.6279662,SqEuclidean,extreme,648,1.129797762008e6,insample,2004
per,k_means,876543210,50,3.90197e9,4.76451e9,38.3664375,33.598692,SqEuclidean,extreme,431,1.0410032149939998e6,insample,2008
per,k_means,876543210,50,3.90197e9,5.15217e9,35.390258,30.7949112,SqEuclidean,extreme,681,1.444539661643e6,insample,2011
per,k_means,876543210,50,3.90197e9,4.68841e9,37.4257975,36.3893332,SqEuclidean,extreme,620,916855.95834,insample,2012
per,k_means,876543210,50,3.90197e9,4.99979e9,36.278187,37.203829799999994,SqEuclidean,extreme,631,1.254410181403e6,insample,2016
per,k_means,987654321,50,3.90188e9,2.90423e11,12.0316547,60.2228379,SqEuclidean,extreme,3612,3.9159524919132e7,initial,initial
per,k_means,987654321,50,3.90188e9,5.551e9,35.6880916,35.3339281,SqEuclidean,extreme,723,1.821528259554e6,insample,1982
per,k_means,987654321,50,3.90188e9,6.06457e9,36.2222689,36.8205612,SqEuclidean,extreme,675,2.287384648683e6,insample,1986
per,k_means,987654321,50,3.90188e9,4.26733e9,34.5544284,36.0806844,SqEuclidean,extreme,330,580228.326966,insample,1990
per,k_means,987654321,50,3.90188e9,5.62812e9,37.0260834,34.781765799999995,SqEuclidean,extreme,515,1.903331483475e6,insample,1994
per,k_means,987654321,50,3.90188e9,4.81401e9,36.7195948,34.2147526,SqEuclidean,extreme,504,1.0695658735599995e6,insample,1998
per,k_means,987654321,50,3.90188e9,4.80603e9,36.6318979,34.7463349,SqEuclidean,extreme,571,1.069301542578e6,insample,2004
per,k_means,987654321,50,3.90188e9,4.73351e9,36.4242612,34.8986084,SqEuclidean,extreme,375,1.009213624233e6,insample,2008
per,k_means,987654321,50,3.90188e9,5.08782e9,35.5811901,34.7014185,SqEuclidean,extreme,595,1.3791804467250002e6,insample,2011
per,k_means,987654321,50,3.90188e9,4.61256e9,35.8179785,34.1416938,SqEuclidean,extreme,543,839955.8404989999,insample,2012
per,k_means,987654321,50,3.90188e9,4.93489e9,37.1687631,35.4051278,SqEuclidean,extreme,549,1.1885446041840003e6,insample,2016
per,conical_bounded,2,100,1.48297e9,7.29089e9,36.1043487,65.09373360000001,SqEuclidean,output,45,277044.636223,initial,initial
per,conical_bounded,1,20,9.69425e8,3.98352e9,4.9165975,59.139879699999995,SqEuclidean,output,2,994.429226,initial,initial
per,conical_bounded,1,20,9.69425e8,1.43014e10,39.2750784,38.1087754,SqEuclidean,output,3133,1.0294283595033e7,insample,1982
per,conical_bounded,1,20,9.69425e8,1.26338e10,38.8768466,38.0295905,SqEuclidean,output,2491,8.595363686769e6,insample,1986
per,conical_bounded,1,20,9.69425e8,1.16185e10,39.10017,37.2498566,SqEuclidean,output,2560,7.677158137791e6,insample,1990
per,conical_bounded,1,20,9.69425e8,1.46152e10,38.6938529,38.4282977,SqEuclidean,output,2955,1.0630226244252e7,insample,1994
per,conical_bounded,1,20,9.69425e8,1.19625e10,38.6635688,36.2517709,SqEuclidean,output,2639,7.976830190135e6,insample,1998
per,conical_bounded,1,20,9.69425e8,1.40194e10,38.4479194,37.0962179,SqEuclidean,output,3272,1.0002068383701e7,insample,2004
per,conical_bounded,1,20,9.69425e8,1.21366e10,38.6774428,41.1376514,SqEuclidean,output,2402,8.169165865311999e6,insample,2008
per,conical_bounded,1,20,9.69425e8,1.36427e10,35.9656738,36.5406117,SqEuclidean,output,3320,9.655955384734e6,insample,2011
per,conical_bounded,1,20,9.69425e8,1.31153e10,39.0437882,38.5098974,SqEuclidean,output,2849,9.083135531994e6,insample,2012
per,conical_bounded,1,20,9.69425e8,1.40925e10,40.3702769,36.3497002,SqEuclidean,output,2929,1.0075092093663e7,insample,2016
per,conical_bounded,2,200,1.71526e9,7.90516e9,101.2617393,51.7460543,SqEuclidean,output,129,661841.640514,initial,initial
per,conical_bounded,1,50,1.37113e9,7.78678e9,15.2040955,60.5649266,SqEuclidean,output,29,238623.017088,initial,initial
per,conical_bounded,1,50,1.37113e9,6.62825e9,42.7019624,40.3757694,SqEuclidean,output,972,2.6961694813190005e6,insample,1982
per,conical_bounded,1,50,1.37113e9,7.02176e9,42.5937381,40.865672,SqEuclidean,output,800,3.047224043834e6,insample,1986
per,conical_bounded,1,50,1.37113e9,5.53466e9,42.3166456,42.0522019,SqEuclidean,output,789,1.65623555847e6,insample,1990
per,conical_bounded,1,50,1.37113e9,6.96828e9,43.2391752,38.748029800000005,SqEuclidean,output,825,3.0426781736470005e6,insample,1994
per,conical_bounded,1,50,1.37113e9,6.10671e9,40.156264,40.1160684,SqEuclidean,output,903,2.172161441639e6,insample,1998
per,conical_bounded,1,50,1.37113e9,6.23915e9,42.4909807,38.10686,SqEuclidean,output,983,2.297734715755e6,insample,2004
per,conical_bounded,1,50,1.37113e9,6.0455e9,38.125116,40.2653474,SqEuclidean,output,647,2.1395197077199994e6,insample,2008
per,conical_bounded,1,50,1.37113e9,6.59404e9,43.2709704,39.0134349,SqEuclidean,output,1117,2.679868846872e6,insample,2011
per,conical_bounded,1,50,1.37113e9,5.89486e9,41.3390584,41.2543059,SqEuclidean,output,771,1.936762067045e6,insample,2012
per,conical_bounded,1,50,1.37113e9,6.51799e9,42.1868219,39.439149699999994,SqEuclidean,output,852,2.57431636504e6,insample,2016
per,convex_hull,2,100,1.40369e9,4.23655e9,30.3621977,43.0498951,SqEuclidean,output,47,76198.49592100001,initial,initial
per,convex_hull,1,20,9.90369e8,3.43671e9,5.5400639,57.8097842,SqEuclidean,output,3,11618.320731999998,initial,initial
per,convex_hull,1,20,9.90369e8,1.03631e10,37.3994089,34.587437900000005,SqEuclidean,output,2232,6.374581865586999e6,insample,1982
per,convex_hull,1,20,9.90369e8,9.54422e9,38.5765641,34.6215213,SqEuclidean,output,1760,5.512728856811e6,insample,1986
per,convex_hull,1,20,9.90369e8,8.01493e9,39.0412152,36.3158671,SqEuclidean,output,1835,4.082752057392e6,insample,1990
per,convex_hull,1,20,9.90369e8,1.10791e10,36.8416307,33.1679027,SqEuclidean,output,2189,7.093361485924e6,insample,1994
per,convex_hull,1,20,9.90369e8,8.78657e9,39.064506,37.956832,SqEuclidean,output,1801,4.807012376466e6,insample,1998
per,convex_hull,1,20,9.90369e8,1.02015e10,37.7803609,33.9334766,SqEuclidean,output,2336,6.202833655918e6,insample,2004
per,convex_hull,1,20,9.90369e8,8.36708e9,38.4671643,34.3602761,SqEuclidean,output,1543,4.414399684774e6,insample,2008
per,convex_hull,1,20,9.90369e8,1.00627e10,38.4344595,34.1087601,SqEuclidean,output,2417,6.090921169187999e6,insample,2011
per,convex_hull,1,20,9.90369e8,8.90734e9,38.2316173,33.334059499999995,SqEuclidean,output,1875,4.893790176195999e6,insample,2012
per,convex_hull,1,20,9.90369e8,9.4429e9,35.5568368,34.3554471,SqEuclidean,output,1913,5.445504731774e6,insample,2016
per,convex_hull,2,200,1.6198e9,4.62128e9,80.3815865,45.2728377,SqEuclidean,output,131,377975.21667800006,initial,initial
per,convex_hull,1,50,1.13007e9,3.81237e9,18.5539866,63.9937872,SqEuclidean,output,12,21634.310869,initial,initial
per,convex_hull,1,50,1.13007e9,8.71983e9,41.1053748,34.6270397,SqEuclidean,output,1364,4.763863863047e6,insample,1982
per,convex_hull,1,50,1.13007e9,7.94675e9,40.2367619,34.065856700000005,SqEuclidean,output,961,3.955653312819001e6,insample,1986
per,convex_hull,1,50,1.13007e9,6.35772e9,38.9664487,37.1849447,SqEuclidean,output,1044,2.457022957344e6,insample,1990
per,convex_hull,1,50,1.13007e9,8.30353e9,39.3192159,34.0449524,SqEuclidean,output,1119,4.352600547254e6,insample,1994
per,convex_hull,1,50,1.13007e9,6.68194e9,39.270072,35.753343,SqEuclidean,output,907,2.730702795082e6,insample,1998
per,convex_hull,1,50,1.13007e9,7.57569e9,40.355286,37.3946343,SqEuclidean,output,1257,3.615739188299e6,insample,2004
per,convex_hull,1,50,1.13007e9,6.63937e9,38.9723911,32.5321054,SqEuclidean,output,787,2.7149905503670005e6,insample,2008
per,convex_hull,1,50,1.13007e9,7.49238e9,41.865006,36.755485,SqEuclidean,output,1416,3.553151320615e6,insample,2011
per,convex_hull,1,50,1.13007e9,6.70657e9,38.9087643,36.285662,SqEuclidean,output,1020,2.7292022566690003e6,insample,2012
per,convex_hull,1,50,1.13007e9,7.47578e9,40.7238169,37.7540137,SqEuclidean,output,1046,3.5107879296629997e6,insample,2016
per,conical_bounded,3,100,1.48297e9,7.29089e9,35.786823,47.443609300000006,SqEuclidean,output,45,277044.636223,initial,initial
per,conical_bounded,3,200,1.71526e9,7.90516e9,99.1592067,51.8282395,SqEuclidean,output,129,661841.640514,initial,initial
per,convex_hull,3,100,1.40369e9,4.23655e9,30.2788255,42.0728819,SqEuclidean,output,47,76198.49592100001,initial,initial
per,convex_hull,3,200,1.6198e9,4.62128e9,80.7926974,45.173966,SqEuclidean,output,131,377975.21667800006,initial,initial
per,conical_bounded,4,100,1.48297e9,7.29089e9,34.5904795,47.552777899999995,SqEuclidean,output,45,277044.636223,initial,initial
per,conical_bounded,4,200,1.71526e9,7.90516e9,101.9856562,51.898159,SqEuclidean,output,129,661841.640514,initial,initial
per,convex_hull,4,100,1.40369e9,4.23655e9,29.1904807,41.6108913,SqEuclidean,output,47,76198.49592100001,initial,initial
per,convex_hull,4,200,1.6198e9,4.62128e9,79.7552747,45.5762125,SqEuclidean,output,131,377975.21667800006,initial,initial
per,conical_bounded,5,100,1.48297e9,7.29089e9,34.2385989,49.1096619,SqEuclidean,output,45,277044.636223,initial,initial
per,conical_bounded,5,200,1.71526e9,7.90516e9,101.8835299,54.148721,SqEuclidean,output,129,661841.640514,initial,initial
per,convex_hull,5,100,1.40369e9,4.23655e9,29.8667691,41.954094999999995,SqEuclidean,output,47,76198.49592100001,initial,initial
per,convex_hull,5,200,1.6198e9,4.62128e9,80.543966,45.0589696,SqEuclidean,output,131,377975.21667800006,initial,initial
per,conical_bounded,1,100,1.48297e9,7.29089e9,30.0588477,47.9550902,SqEuclidean,output,45,277044.636223,initial,initial
per,conical_bounded,1,100,1.48297e9,6.05464e9,35.6807506,34.2109257,SqEuclidean,output,722,2.1351694540999997e6,insample,1982
per,conical_bounded,1,100,1.48297e9,6.30589e9,32.868372,27.973934,SqEuclidean,output,542,2.3498672150870003e6,insample,1986
per,conical_bounded,1,100,1.48297e9,4.84891e9,28.7267807,25.5633447,SqEuclidean,output,440,985718.164074,insample,1990
per,conical_bounded,1,100,1.48297e9,6.41472e9,29.1191012,28.40466,SqEuclidean,output,562,2.502979276034e6,insample,1994
per,conical_bounded,1,100,1.48297e9,5.29243e9,38.0841315,39.4500876,SqEuclidean,output,504,1.3714830851869998e6,insample,1998
per,conical_bounded,1,100,1.48297e9,5.49657e9,34.287175,33.5679304,SqEuclidean,output,635,1.57112870427e6,insample,2004
per,conical_bounded,1,100,1.48297e9,5.36963e9,36.3721177,35.192726199999996,SqEuclidean,output,411,1.4749100259909998e6,insample,2008
per,conical_bounded,1,100,1.48297e9,5.86769e9,36.737823,35.316783799999996,SqEuclidean,output,737,1.96754813147e6,insample,2011
per,conical_bounded,1,100,1.48297e9,5.25224e9,29.6887423,27.0176962,SqEuclidean,output,501,1.3067693062980005e6,insample,2012
per,conical_bounded,1,100,1.48297e9,5.43534e9,36.3279542,34.7147658,SqEuclidean,output,476,1.5063988670940003e6,insample,2016
per,conical_bounded,1,200,1.71526e9,7.90516e9,86.6462233,44.539804,SqEuclidean,output,129,661841.640514,initial,initial
per,conical_bounded,1,200,1.71526e9,5.73977e9,36.7853903,34.1239667,SqEuclidean,output,584,1.8477097756799995e6,insample,1982
per,conical_bounded,1,200,1.71526e9,5.88575e9,32.8256453,27.647265899999997,SqEuclidean,output,361,1.9601354064840004e6,insample,1986
per,conical_bounded,1,200,1.71526e9,4.45714e9,28.8536536,26.5689199,SqEuclidean,output,302,620955.2725499999,insample,1990
per,conical_bounded,1,200,1.71526e9,5.72507e9,29.0345465,28.4396763,SqEuclidean,output,347,1.843193543688e6,insample,1994
per,conical_bounded,1,200,1.71526e9,4.87882e9,39.1969627,41.2765719,SqEuclidean,output,317,985230.21188,insample,1998
per,conical_bounded,1,200,1.71526e9,5.03797e9,34.855422,33.478994799999995,SqEuclidean,output,406,1.147860496134e6,insample,2004
per,conical_bounded,1,200,1.71526e9,4.83518e9,36.7084024,33.930023600000006,SqEuclidean,output,247,965892.750312,insample,2008
per,conical_bounded,1,200,1.71526e9,5.17416e9,36.3474292,35.4873743,SqEuclidean,output,453,1.3077048068769996e6,insample,2011
per,conical_bounded,1,200,1.71526e9,4.62381e9,31.4090347,29.2129961,SqEuclidean,output,272,706690.0797039999,insample,2012
per,conical_bounded,1,200,1.71526e9,4.89064e9,35.9564651,34.527765,SqEuclidean,output,290,990287.256986,insample,2016
per,convex_hull,1,100,1.40369e9,4.23655e9,38.1140172,68.61244239999999,SqEuclidean,output,47,76198.49592100001,initial,initial
per,convex_hull,1,100,1.40369e9,6.68565e9,34.92393,33.769363500000004,SqEuclidean,output,838,2.762919847999e6,insample,1982
per,convex_hull,1,100,1.40369e9,6.66082e9,31.0719513,27.8316972,SqEuclidean,output,611,2.7018871522830003e6,insample,1986
per,convex_hull,1,100,1.40369e9,5.18088e9,29.0341019,25.0888059,SqEuclidean,output,545,1.3160601724560002e6,insample,1990
per,convex_hull,1,100,1.40369e9,6.64199e9,28.6175994,25.5241337,SqEuclidean,output,660,2.728101654471e6,insample,1994
per,convex_hull,1,100,1.40369e9,5.69989e9,38.1741528,40.2852172,SqEuclidean,output,563,1.780846273559e6,insample,1998
per,convex_hull,1,100,1.40369e9,6.11374e9,34.6061136,36.6811825,SqEuclidean,output,745,2.1812330841780007e6,insample,2004
per,convex_hull,1,100,1.40369e9,5.64195e9,36.137224,35.641803100000004,SqEuclidean,output,491,1.743557861905e6,insample,2008
per,convex_hull,1,100,1.40369e9,6.1311e9,35.805296,35.478009,SqEuclidean,output,905,2.2262890504970006e6,insample,2011
per,convex_hull,1,100,1.40369e9,5.62137e9,29.2412148,26.6925532,SqEuclidean,output,606,1.67280580014e6,insample,2012
per,convex_hull,1,100,1.40369e9,6.14096e9,34.7430432,35.001291699999996,SqEuclidean,output,612,2.2018383669609996e6,insample,2016
per,convex_hull,1,200,1.6198e9,4.62128e9,90.3741099,48.084784299999995,SqEuclidean,output,131,377975.21667800006,initial,initial
per,convex_hull,1,200,1.6198e9,5.67934e9,34.4961657,34.9087866,SqEuclidean,output,578,1.7911730332169998e6,insample,1982
per,convex_hull,1,200,1.6198e9,6.01843e9,30.7791871,28.2981274,SqEuclidean,output,433,2.092400987357e6,insample,1986
per,convex_hull,1,200,1.6198e9,4.47112e9,28.3006631,25.374188,SqEuclidean,output,281,639988.34526,insample,1990
per,convex_hull,1,200,1.6198e9,5.94013e9,28.1687769,25.5317303,SqEuclidean,output,390,2.06187122967e6,insample,1994
per,convex_hull,1,200,1.6198e9,4.87919e9,36.9313475,39.753043600000005,SqEuclidean,output,306,989983.721703,insample,1998
per,convex_hull,1,200,1.6198e9,5.04224e9,34.760415,33.9927368,SqEuclidean,output,389,1.146114863863e6,insample,2004
per,convex_hull,1,200,1.6198e9,4.80257e9,36.3709377,35.274026299999996,SqEuclidean,output,243,937769.445008,insample,2008
per,convex_hull,1,200,1.6198e9,5.13516e9,36.1257835,34.0020508,SqEuclidean,output,428,1.2714474711120003e6,insample,2011
per,convex_hull,1,200,1.6198e9,4.69249e9,28.8484573,26.366495200000003,SqEuclidean,output,295,776188.8926859999,insample,2012
per,convex_hull,1,200,1.6198e9,4.90512e9,36.3064509,33.1120814,SqEuclidean,output,279,1.003566604488e6,insample,2016
per,k_medoids,1005471400,100,1.40056e9,4.9224e9,37.4305408,63.2405734,SqEuclidean,output,72,442439.970082,initial,initial
per,k_medoids,1005471400,100,1.40056e9,6.93428e9,34.5796139,32.9224197,SqEuclidean,output,830,3.0388684926130003e6,insample,1982
per,k_medoids,1005471400,100,1.40056e9,6.92257e9,32.7670113,29.7995202,SqEuclidean,output,614,2.9914633593289996e6,insample,1986
per,k_medoids,1005471400,100,1.40056e9,5.11925e9,29.6462356,26.4992317,SqEuclidean,output,513,1.2801092841769997e6,insample,1990
per,k_medoids,1005471400,100,1.40056e9,7.406e9,28.7484394,25.5892333,SqEuclidean,output,677,3.5225001550970003e6,insample,1994
per,k_medoids,1005471400,100,1.40056e9,5.7066e9,39.2079916,40.4401454,SqEuclidean,output,588,1.8117738957470004e6,insample,1998
per,k_medoids,1005471400,100,1.40056e9,5.92186e9,35.300326,33.871321800000004,SqEuclidean,output,680,2.0197032077140005e6,insample,2004
per,k_medoids,1005471400,100,1.40056e9,5.3869e9,36.361536,34.973357,SqEuclidean,output,443,1.5106301582719998e6,insample,2008
per,k_medoids,1005471400,100,1.40056e9,6.01514e9,35.5419744,34.533819699999995,SqEuclidean,output,797,2.14151201428e6,insample,2011
per,k_medoids,1005471400,100,1.40056e9,5.53605e9,29.1701359,27.4043837,SqEuclidean,output,529,1.6128358294189998e6,insample,2012
per,k_medoids,1005471400,100,1.40056e9,5.81431e9,37.471738,33.6598311,SqEuclidean,output,483,1.905131431509e6,insample,2016
per,k_medoids,1262311769,100,1.21029e9,4.2661e9,38.8031983,60.4010418,SqEuclidean,output,44,125378.08355500002,initial,initial
per,k_medoids,1262311769,100,1.21029e9,8.4614e9,35.5669731,34.6279538,SqEuclidean,output,1217,4.567208548064e6,insample,1982
per,k_medoids,1262311769,100,1.21029e9,8.16823e9,31.7764521,28.724116499999997,SqEuclidean,output,948,4.239814760195999e6,insample,1986
per,k_medoids,1262311769,100,1.21029e9,5.83675e9,28.8943976,25.0616261,SqEuclidean,output,777,1.9973385604669997e6,insample,1990
per,k_medoids,1262311769,100,1.21029e9,8.43059e9,28.5475955,25.4302971,SqEuclidean,output,949,4.540035723946e6,insample,1994
per,k_medoids,1262311769,100,1.21029e9,6.56498e9,38.5550907,38.233248,SqEuclidean,output,798,2.6646464835550003e6,insample,1998
per,k_medoids,1262311769,100,1.21029e9,7.3254e9,34.9441258,33.1375888,SqEuclidean,output,1135,3.419875352387001e6,insample,2004
per,k_medoids,1262311769,100,1.21029e9,6.06415e9,35.7287872,34.145952799999996,SqEuclidean,output,666,2.1890659277119995e6,insample,2008
per,k_medoids,1262311769,100,1.21029e9,7.09647e9,35.5493222,34.2788547,SqEuclidean,output,1163,3.220103631047e6,insample,2011
per,k_medoids,1262311769,100,1.21029e9,6.41159e9,28.5462357,25.9928443,SqEuclidean,output,920,2.48426109839e6,insample,2012
per,k_medoids,1262311769,100,1.21029e9,6.77029e9,36.1949602,36.7699364,SqEuclidean,output,871,2.8591804574749996e6,insample,2016
per,k_medoids,1400059389,100,1.38982e9,4.82696e9,36.612767,69.4025923,SqEuclidean,output,34,192011.741478,initial,initial
per,k_medoids,1400059389,100,1.38982e9,6.37737e9,33.8322908,35.0648498,SqEuclidean,output,959,2.4827406631360003e6,insample,1982
per,k_medoids,1400059389,100,1.38982e9,6.70103e9,30.7634348,25.854181599999997,SqEuclidean,output,785,2.7721467986640004e6,insample,1986
per,k_medoids,1400059389,100,1.38982e9,5.06702e9,28.2611125,25.091377,SqEuclidean,output,650,1.2305720432959998e6,insample,1990
per,k_medoids,1400059389,100,1.38982e9,6.90536e9,28.5144664,27.0560992,SqEuclidean,output,844,3.020729395382e6,insample,1994
per,k_medoids,1400059389,100,1.38982e9,5.67462e9,37.6716759,39.5017096,SqEuclidean,output,755,1.7799590935979998e6,insample,1998
per,k_medoids,1400059389,100,1.38982e9,5.70977e9,34.2430306,35.0940311,SqEuclidean,output,849,1.8075587754529996e6,insample,2004
per,k_medoids,1400059389,100,1.38982e9,5.3063e9,36.4600767,35.6156401,SqEuclidean,output,541,1.4364228268179996e6,insample,2008
per,k_medoids,1400059389,100,1.38982e9,6.09464e9,34.6828949,34.9177979,SqEuclidean,output,1054,2.2207109191249995e6,insample,2011
per,k_medoids,1400059389,100,1.38982e9,5.39712e9,28.5896135,28.7815921,SqEuclidean,output,704,1.476085135831e6,insample,2012
per,k_medoids,1400059389,100,1.38982e9,5.58475e9,35.9908928,34.588922,SqEuclidean,output,630,1.6775917903210002e6,insample,2016
per,k_medoids,1693313909,100,1.31573e9,4.16598e9,37.9412185,59.2884261,SqEuclidean,output,26,72194.52888,initial,initial
per,k_medoids,1693313909,100,1.31573e9,6.53095e9,34.2466923,29.0978857,SqEuclidean,output,898,2.618203921264e6,insample,1982
per,k_medoids,1693313909,100,1.31573e9,6.95218e9,32.765693,28.3460223,SqEuclidean,output,749,3.002451191427e6,insample,1986
per,k_medoids,1693313909,100,1.31573e9,4.92601e9,29.5004544,25.145116100000003,SqEuclidean,output,564,1.068112399637e6,insample,1990
per,k_medoids,1693313909,100,1.31573e9,6.58218e9,29.8107528,26.5271309,SqEuclidean,output,744,2.675649757396e6,insample,1994
per,k_medoids,1693313909,100,1.31573e9,5.53981e9,38.3376204,40.1921094,SqEuclidean,output,656,1.6263346618840003e6,insample,1998
per,k_medoids,1693313909,100,1.31573e9,5.94985e9,35.7416983,33.693957999999995,SqEuclidean,output,786,2.029136644035e6,insample,2004
per,k_medoids,1693313909,100,1.31573e9,5.2651e9,36.6829774,34.1485664,SqEuclidean,output,478,1.372592416141e6,insample,2008
per,k_medoids,1693313909,100,1.31573e9,6.18997e9,38.0564128,35.5856297,SqEuclidean,output,941,2.2944879222620004e6,insample,2011
per,k_medoids,1693313909,100,1.31573e9,5.39273e9,29.8328834,27.2688776,SqEuclidean,output,620,1.451081537978e6,insample,2012
per,k_medoids,1693313909,100,1.31573e9,5.62747e9,37.6100872,33.8923419,SqEuclidean,output,594,1.696986566896e6,insample,2016
per,k_medoids,2483487299,100,1.43442e9,4.96828e9,35.3816744,59.283083000000005,SqEuclidean,output,59,217485.62748,initial,initial
per,k_medoids,2483487299,100,1.43442e9,7.23824e9,32.9410188,28.3595864,SqEuclidean,output,908,3.3249597317649997e6,insample,1982
per,k_medoids,2483487299,100,1.43442e9,7.07468e9,32.0487414,28.3540913,SqEuclidean,output,686,3.1223672068660003e6,insample,1986
per,k_medoids,2483487299,100,1.43442e9,5.42703e9,29.9970319,25.3860227,SqEuclidean,output,633,1.5679482746010006e6,insample,1990
per,k_medoids,2483487299,100,1.43442e9,7.57833e9,29.9749296,25.5307722,SqEuclidean,output,778,3.670297698514e6,insample,1994
per,k_medoids,2483487299,100,1.43442e9,6.07037e9,39.3897524,40.6203444,SqEuclidean,output,593,2.1551363815570003e6,insample,1998
per,k_medoids,2483487299,100,1.43442e9,6.78905e9,36.1232023,33.149318599999994,SqEuclidean,output,850,2.858049455113e6,insample,2004
per,k_medoids,2483487299,100,1.43442e9,5.9317e9,37.0778289,35.9322653,SqEuclidean,output,512,2.040690859964e6,insample,2008
per,k_medoids,2483487299,100,1.43442e9,6.40552e9,37.1888909,34.3823224,SqEuclidean,output,786,2.5141514934170004e6,insample,2011
per,k_medoids,2483487299,100,1.43442e9,5.94975e9,30.2880293,26.0985465,SqEuclidean,output,688,2.00331352499e6,insample,2012
per,k_medoids,2483487299,100,1.43442e9,6.25064e9,37.1801689,36.260765199999994,SqEuclidean,output,655,2.3203367874390003e6,insample,2016
per,k_medoids,2529186237,100,1.33691e9,5.16211e9,39.1230725,59.89590869999999,SqEuclidean,output,47,251035.76062,initial,initial
per,k_medoids,2529186237,100,1.33691e9,8.19294e9,33.1159898,28.517365100000003,SqEuclidean,output,967,4.317227622822e6,insample,1982
per,k_medoids,2529186237,100,1.33691e9,7.76897e9,32.2398566,27.8560671,SqEuclidean,output,739,3.852046807081e6,insample,1986
per,k_medoids,2529186237,100,1.33691e9,5.88806e9,30.0142062,26.3116821,SqEuclidean,output,606,2.060848140936e6,insample,1990
per,k_medoids,2529186237,100,1.33691e9,8.4507e9,29.4381815,26.1413986,SqEuclidean,output,781,4.576575701193e6,insample,1994
per,k_medoids,2529186237,100,1.33691e9,6.87505e9,38.7931342,42.2093045,SqEuclidean,output,783,2.9914890629349994e6,insample,1998
per,k_medoids,2529186237,100,1.33691e9,7.16098e9,34.7984741,32.352254099999996,SqEuclidean,output,918,3.2742026115979995e6,insample,2004
per,k_medoids,2529186237,100,1.33691e9,6.03724e9,37.2649992,35.3223926,SqEuclidean,output,606,2.1751218400319996e6,insample,2008
per,k_medoids,2529186237,100,1.33691e9,7.03184e9,37.26213,34.3511394,SqEuclidean,output,950,3.1705697671600003e6,insample,2011
per,k_medoids,2529186237,100,1.33691e9,6.50797e9,29.7287867,25.9347155,SqEuclidean,output,723,2.599613634054e6,insample,2012
per,k_medoids,2529186237,100,1.33691e9,7.17094e9,37.0981953,34.992989900000005,SqEuclidean,output,713,3.2786975808750005e6,insample,2016
per,k_medoids,2910484191,100,1.42581e9,4.41008e9,37.008068,61.4119287,SqEuclidean,output,82,293131.03962399997,initial,initial
per,k_medoids,2910484191,100,1.42581e9,6.66495e9,32.3379371,27.954194899999997,SqEuclidean,output,808,2.765348929631e6,insample,1982
per,k_medoids,2910484191,100,1.42581e9,7.05335e9,32.3576963,28.6696645,SqEuclidean,output,619,3.1190738029770004e6,insample,1986
per,k_medoids,2910484191,100,1.42581e9,5.01396e9,29.3254603,27.0335579,SqEuclidean,output,548,1.169164118927e6,insample,1990
per,k_medoids,2910484191,100,1.42581e9,7.16432e9,29.5697748,26.6153236,SqEuclidean,output,673,3.27371156038e6,insample,1994
per,k_medoids,2910484191,100,1.42581e9,5.58138e9,38.3989985,39.8650306,SqEuclidean,output,479,1.6799692484340002e6,insample,1998
per,k_medoids,2910484191,100,1.42581e9,6.10051e9,36.3551307,36.0359462,SqEuclidean,output,725,2.1931660150769996e6,insample,2004
per,k_medoids,2910484191,100,1.42581e9,5.39899e9,37.8672214,35.479558,SqEuclidean,output,441,1.518611974915e6,insample,2008
per,k_medoids,2910484191,100,1.42581e9,5.84497e9,35.7972616,33.756235999999994,SqEuclidean,output,675,1.968030961923e6,insample,2011
per,k_medoids,2910484191,100,1.42581e9,5.39449e9,30.4000436,27.398177599999997,SqEuclidean,output,555,1.466011763101e6,insample,2012
per,k_medoids,2910484191,100,1.42581e9,5.85679e9,37.6189925,35.677416,SqEuclidean,output,546,1.94325745034e6,insample,2016
per,k_medoids,2931455462,100,1.40722e9,5.10334e9,36.0870714,60.7714933,SqEuclidean,output,75,324367.94212200004,initial,initial
per,k_medoids,2931455462,100,1.40722e9,6.20408e9,27.5728184,22.7898119,SqEuclidean,output,827,2.305987546821e6,insample,1982
per,k_medoids,2931455462,100,1.40722e9,6.67334e9,30.6862036,26.4777365,SqEuclidean,output,684,2.739630277440001e6,insample,1986
per,k_medoids,2931455462,100,1.40722e9,4.97629e9,29.2031493,26.776524100000003,SqEuclidean,output,557,1.1332462324419995e6,insample,1990
per,k_medoids,2931455462,100,1.40722e9,6.46504e9,29.0449298,27.6976739,SqEuclidean,output,654,2.576937234944999e6,insample,1994
per,k_medoids,2931455462,100,1.40722e9,5.55845e9,36.1109025,37.6492012,SqEuclidean,output,634,1.6561420376610002e6,insample,1998
per,k_medoids,2931455462,100,1.40722e9,5.89979e9,34.182235,33.0711911,SqEuclidean,output,844,1.9927885806169997e6,insample,2004
per,k_medoids,2931455462,100,1.40722e9,5.41491e9,36.1338184,34.245756300000004,SqEuclidean,output,507,1.5348269089730005e6,insample,2008
per,k_medoids,2931455462,100,1.40722e9,5.86656e9,36.8888235,34.0410824,SqEuclidean,output,830,1.9917741341259996e6,insample,2011
per,k_medoids,2931455462,100,1.40722e9,5.38396e9,28.5014569,26.8930577,SqEuclidean,output,598,1.454225025207e6,insample,2012
per,k_medoids,2931455462,100,1.40722e9,5.783e9,36.3464841,35.1503309,SqEuclidean,output,620,1.867533859272e6,insample,2016
per,k_medoids,3631457564,100,1.42571e9,4.76193e9,38.5357768,63.033359399999995,SqEuclidean,output,52,219743.411832,initial,initial
per,k_medoids,3631457564,100,1.42571e9,6.28926e9,28.5286331,24.7606215,SqEuclidean,output,763,2.403251633148e6,insample,1982
per,k_medoids,3631457564,100,1.42571e9,6.87375e9,32.0072029,27.0851893,SqEuclidean,output,634,2.94935004642e6,insample,1986
per,k_medoids,3631457564,100,1.42571e9,5.11624e9,28.9248372,26.6053489,SqEuclidean,output,481,1.2840986270929996e6,insample,1990
per,k_medoids,3631457564,100,1.42571e9,6.8026e9,29.6438786,26.4140999,SqEuclidean,output,596,2.9262218878440005e6,insample,1994
per,k_medoids,3631457564,100,1.42571e9,5.59877e9,37.2921011,38.2571258,SqEuclidean,output,489,1.708098336476e6,insample,1998
per,k_medoids,3631457564,100,1.42571e9,5.98247e9,34.1522868,37.2702366,SqEuclidean,output,714,2.0858666679130003e6,insample,2004
per,k_medoids,3631457564,100,1.42571e9,5.61517e9,37.3454804,34.117598799999996,SqEuclidean,output,491,1.743407998635e6,insample,2008
per,k_medoids,3631457564,100,1.42571e9,5.71432e9,36.3726334,34.881402,SqEuclidean,output,685,1.8504295062289997e6,insample,2011
per,k_medoids,3631457564,100,1.42571e9,5.42947e9,28.4436952,25.9945116,SqEuclidean,output,518,1.5084616895160002e6,insample,2012
per,k_medoids,3631457564,100,1.42571e9,5.95167e9,36.6459337,35.6633394,SqEuclidean,output,583,2.045630443921e6,insample,2016
per,k_medoids,472808301,100,1.38727e9,4.73405e9,37.8810659,62.3130325,SqEuclidean,output,44,237045.70872999995,initial,initial
per,k_medoids,472808301,100,1.38727e9,6.6636e9,29.314266,23.6791074,SqEuclidean,output,803,2.776958006845e6,insample,1982
per,k_medoids,472808301,100,1.38727e9,7.03371e9,32.7152423,27.050662600000003,SqEuclidean,output,655,3.109637888264e6,insample,1986
per,k_medoids,472808301,100,1.38727e9,4.85473e9,29.0965856,26.7348294,SqEuclidean,output,459,1.024677983814e6,insample,1990
per,k_medoids,472808301,100,1.38727e9,6.73621e9,29.9661065,25.4799459,SqEuclidean,output,630,2.861520749349e6,insample,1994
per,k_medoids,472808301,100,1.38727e9,5.58833e9,39.0452164,41.2789425,SqEuclidean,output,674,1.6967625482130002e6,insample,1998
per,k_medoids,472808301,100,1.38727e9,5.90779e9,35.2766962,32.966552400000005,SqEuclidean,output,702,2.011238345382e6,insample,2004
per,k_medoids,472808301,100,1.38727e9,5.11857e9,38.5696654,35.378812599999996,SqEuclidean,output,433,1.250393708124e6,insample,2008
per,k_medoids,472808301,100,1.38727e9,5.83633e9,36.4897666,37.2335578,SqEuclidean,output,695,1.975573904477e6,insample,2011
per,k_medoids,472808301,100,1.38727e9,5.24758e9,29.5766876,27.3018989,SqEuclidean,output,532,1.3273959334109998e6,insample,2012
per,k_medoids,472808301,100,1.38727e9,5.5872e9,37.3731395,33.1555719,SqEuclidean,output,470,1.684492587129e6,insample,2016
per,k_medoids,1516602964,20,9.66974e8,4.20445e9,5.6424903,62.503767100000005,SqEuclidean,output,5,10100.098631,initial,initial
per,k_medoids,1516602964,20,9.66974e8,1.47781e10,38.7929165,34.660447700000006,SqEuclidean,output,2492,1.0843386292111e7,insample,1982
per,k_medoids,1516602964,20,9.66974e8,1.32942e10,39.7078133,34.451317599999996,SqEuclidean,output,2077,9.333730048348e6,insample,1986
per,k_medoids,1516602964,20,9.66974e8,1.08691e10,40.3453123,36.5205196,SqEuclidean,output,2099,6.992297635443999e6,insample,1990
per,k_medoids,1516602964,20,9.66974e8,1.57211e10,35.8488149,37.7810272,SqEuclidean,output,2441,1.1803898031848e7,insample,1994
per,k_medoids,1516602964,20,9.66974e8,1.14226e10,40.1159153,36.9564603,SqEuclidean,output,2083,7.492526655675e6,insample,1998
per,k_medoids,1516602964,20,9.66974e8,1.50312e10,39.5266032,36.3845083,SqEuclidean,output,2781,1.1093417771454e7,insample,2004
per,k_medoids,1516602964,20,9.66974e8,1.09434e10,39.3154818,36.3072963,SqEuclidean,output,1787,7.028292771245001e6,insample,2008
per,k_medoids,1516602964,20,9.66974e8,1.2685e10,37.4866718,35.7592831,SqEuclidean,output,2535,8.774565879208e6,insample,2011
per,k_medoids,1516602964,20,9.66974e8,1.20742e10,39.2182106,36.3158648,SqEuclidean,output,2250,8.105606044279999e6,insample,2012
per,k_medoids,1516602964,20,9.66974e8,1.2951e10,36.6890986,37.1335877,SqEuclidean,output,2305,9.000938992773999e6,insample,2016
per,k_medoids,1886534858,20,1.0479e9,4.03841e9,5.5023447,56.5005103,SqEuclidean,output,1,425.314497,initial,initial
per,k_medoids,1886534858,20,1.0479e9,1.10023e10,41.2112079,37.1617619,SqEuclidean,output,2186,7.074018717267999e6,insample,1982
per,k_medoids,1886534858,20,1.0479e9,1.15147e10,41.4171468,35.5518055,SqEuclidean,output,1971,7.556539873564001e6,insample,1986
per,k_medoids,1886534858,20,1.0479e9,8.74165e9,40.2063123,39.8441704,SqEuclidean,output,1806,4.873922025633001e6,insample,1990
per,k_medoids,1886534858,20,1.0479e9,1.23509e10,38.8447735,40.2540084,SqEuclidean,output,2162,8.434550016818998e6,insample,1994
per,k_medoids,1886534858,20,1.0479e9,9.09982e9,40.3181818,37.2810697,SqEuclidean,output,1818,5.174021678639001e6,insample,1998
per,k_medoids,1886534858,20,1.0479e9,1.11391e10,39.4304331,39.2997588,SqEuclidean,output,2426,7.202114620782999e6,insample,2004
per,k_medoids,1886534858,20,1.0479e9,9.48115e9,43.1486193,40.1749088,SqEuclidean,output,1574,5.582486181763e6,insample,2008
per,k_medoids,1886534858,20,1.0479e9,1.10805e10,41.5446295,37.9270283,SqEuclidean,output,2281,7.181057081374999e6,insample,2011
per,k_medoids,1886534858,20,1.0479e9,9.74965e9,42.3584173,35.685362899999994,SqEuclidean,output,1993,5.793414000728e6,insample,2012
per,k_medoids,1886534858,20,1.0479e9,1.04947e10,41.9702904,39.622357,SqEuclidean,output,1972,6.551529307692e6,insample,2016
per,k_medoids,2317698438,20,1.05662e9,3.82151e9,5.359584,59.2725379,SqEuclidean,output,1,452.506084,initial,initial
per,k_medoids,2317698438,20,1.05662e9,1.07241e10,43.2500739,37.7929714,SqEuclidean,output,2045,6.806630758698e6,insample,1982
per,k_medoids,2317698438,20,1.05662e9,1.10983e10,42.3470077,38.0342769,SqEuclidean,output,1871,7.156341074022001e6,insample,1986
per,k_medoids,2317698438,20,1.05662e9,7.98674e9,43.2965822,38.332937900000005,SqEuclidean,output,1600,4.129989841814999e6,insample,1990
per,k_medoids,2317698438,20,1.05662e9,1.15386e10,45.5399197,41.5212441,SqEuclidean,output,1928,7.636079104524e6,insample,1994
per,k_medoids,2317698438,20,1.05662e9,8.44248e9,41.3292384,38.1773222,SqEuclidean,output,1662,4.533710864623999e6,insample,1998
per,k_medoids,2317698438,20,1.05662e9,1.08366e10,43.7129802,37.600794,SqEuclidean,output,2275,6.9128682587129995e6,insample,2004
per,k_medoids,2317698438,20,1.05662e9,8.71631e9,43.7985104,38.710004999999995,SqEuclidean,output,1447,4.825981847708e6,insample,2008
per,k_medoids,2317698438,20,1.05662e9,1.07986e10,43.9851826,39.274038700000006,SqEuclidean,output,2182,6.912427154246e6,insample,2011
per,k_medoids,2317698438,20,1.05662e9,9.29039e9,42.7805657,41.996083,SqEuclidean,output,1773,5.346701351663999e6,insample,2012
per,k_medoids,2317698438,20,1.05662e9,9.7355e9,41.3849928,38.1934895,SqEuclidean,output,1802,5.806128078795999e6,insample,2016
per,k_medoids,2466700586,20,1.06838e9,3.97714e9,4.8161376,61.6792447,SqEuclidean,output,2,3384.408534,initial,initial
per,k_medoids,2466700586,20,1.06838e9,1.06653e10,44.455594,38.1236586,SqEuclidean,output,2114,6.752001651579998e6,insample,1982
per,k_medoids,2466700586,20,1.06838e9,1.13469e10,46.0681017,40.8031987,SqEuclidean,output,1925,7.405571044072e6,insample,1986
per,k_medoids,2466700586,20,1.06838e9,8.31634e9,45.3810375,42.2204675,SqEuclidean,output,1730,4.459308701007001e6,insample,1990
per,k_medoids,2466700586,20,1.06838e9,1.15679e10,44.5020166,40.4271617,SqEuclidean,output,2079,7.66465426383e6,insample,1994
per,k_medoids,2466700586,20,1.06838e9,8.63239e9,40.709283,42.9430239,SqEuclidean,output,1804,4.717799372244e6,insample,1998
per,k_medoids,2466700586,20,1.06838e9,1.11919e10,42.6649283,39.074732399999995,SqEuclidean,output,2442,7.271032481935e6,insample,2004
per,k_medoids,2466700586,20,1.06838e9,9.04376e9,43.2571581,40.9311106,SqEuclidean,output,1616,5.15018091648e6,insample,2008
per,k_medoids,2466700586,20,1.06838e9,1.08449e10,44.4839009,40.2873658,SqEuclidean,output,2326,6.95984694135e6,insample,2011
per,k_medoids,2466700586,20,1.06838e9,9.43809e9,44.4768928,41.1935571,SqEuclidean,output,1973,5.492901831382e6,insample,2012
per,k_medoids,2466700586,20,1.06838e9,1.00358e10,45.4172558,41.7294057,SqEuclidean,output,2061,6.105379485689e6,insample,2016
per,k_medoids,2692059346,20,8.96123e8,3.83659e9,5.5028529,57.6203176,SqEuclidean,output,1,4096.941271,initial,initial
per,k_medoids,2692059346,20,8.96123e8,1.5348e10,40.2516528,33.6820599,SqEuclidean,output,2722,1.139756226616e7,insample,1982
per,k_medoids,2692059346,20,8.96123e8,1.48616e10,39.1600777,35.7820532,SqEuclidean,output,2490,1.0885267044437002e7,insample,1986
per,k_medoids,2692059346,20,8.96123e8,1.11012e10,38.5737967,36.5659833,SqEuclidean,output,2407,7.209868474431e6,insample,1990
per,k_medoids,2692059346,20,8.96123e8,1.51873e10,35.095997,33.78424,SqEuclidean,output,2688,1.1248845963113e7,insample,1994
per,k_medoids,2692059346,20,8.96123e8,1.17554e10,40.3816958,35.6558825,SqEuclidean,output,2485,7.804317428863e6,insample,1998
per,k_medoids,2692059346,20,8.96123e8,1.60199e10,38.4569968,37.4648124,SqEuclidean,output,3370,1.2058495060926002e7,insample,2004
per,k_medoids,2692059346,20,8.96123e8,1.17537e10,39.7322333,32.998258299999996,SqEuclidean,output,2234,7.824409793683002e6,insample,2008
per,k_medoids,2692059346,20,8.96123e8,1.3474e10,37.6315777,35.3028143,SqEuclidean,output,3169,9.53202312533e6,insample,2011
per,k_medoids,2692059346,20,8.96123e8,1.27545e10,38.4001909,33.5868678,SqEuclidean,output,2733,8.766368903398998e6,insample,2012
per,k_medoids,2692059346,20,8.96123e8,1.4709e10,36.4702015,36.2515342,SqEuclidean,output,2908,1.0725979195621e7,insample,2016
per,k_medoids,3032526906,20,1.00305e9,6.04124e9,5.4961238,60.2728792,SqEuclidean,output,11,151653.97695799998,initial,initial
per,k_medoids,3032526906,20,1.00305e9,1.70162e10,38.2485528,35.0377569,SqEuclidean,output,3229,1.306113354681e7,insample,1982
per,k_medoids,3032526906,20,1.00305e9,1.56448e10,38.1338851,34.208342699999996,SqEuclidean,output,2702,1.1655977618129998e7,insample,1986
per,k_medoids,3032526906,20,1.00305e9,1.20262e10,43.5417154,42.2028086,SqEuclidean,output,2566,8.129075670771e6,insample,1990
per,k_medoids,3032526906,20,1.00305e9,1.6509e10,38.5706063,36.8220001,SqEuclidean,output,3060,1.2565003862425e7,insample,1994
per,k_medoids,3032526906,20,1.00305e9,1.30626e10,42.9714241,40.722870099999994,SqEuclidean,output,2850,9.106679637648e6,insample,1998
per,k_medoids,3032526906,20,1.00305e9,1.78659e10,44.3687005,40.6316122,SqEuclidean,output,3709,1.3886197824684002e7,insample,2004
per,k_medoids,3032526906,20,1.00305e9,1.19449e10,44.0510461,43.3215129,SqEuclidean,output,2591,8.006588918643e6,insample,2008
per,k_medoids,3032526906,20,1.00305e9,1.40819e10,44.6011586,43.7770299,SqEuclidean,output,3332,1.013762613443e7,insample,2011
per,k_medoids,3032526906,20,1.00305e9,1.38079e10,44.7791254,40.9801706,SqEuclidean,output,3066,9.808140831338e6,insample,2012
per,k_medoids,3032526906,20,1.00305e9,1.53779e10,45.3643655,41.1547711,SqEuclidean,output,3289,1.138922491271e7,insample,2016
per,k_medoids,3214418042,20,1.06922e9,4.08008e9,5.2380063,56.0062647,SqEuclidean,output,3,3572.840905,initial,initial
per,k_medoids,3214418042,20,1.06922e9,1.06119e10,38.7208174,34.912466200000004,SqEuclidean,output,2239,6.690166711890999e6,insample,1982
per,k_medoids,3214418042,20,1.06922e9,1.08081e10,38.5801964,34.4260364,SqEuclidean,output,1896,6.853620387527e6,insample,1986
per,k_medoids,3214418042,20,1.06922e9,8.65366e9,39.1451771,34.471677,SqEuclidean,output,1891,4.790763273864001e6,insample,1990
per,k_medoids,3214418042,20,1.06922e9,1.20879e10,39.9276549,36.101653500000005,SqEuclidean,output,2330,8.176388328478001e6,insample,1994
per,k_medoids,3214418042,20,1.06922e9,9.10242e9,40.6801794,34.030732099999994,SqEuclidean,output,2015,5.178283911383001e6,insample,1998
per,k_medoids,3214418042,20,1.06922e9,1.13298e10,41.0673289,37.416817599999995,SqEuclidean,output,2538,7.400931119153001e6,insample,2004
per,k_medoids,3214418042,20,1.06922e9,9.10286e9,38.3298559,34.9624486,SqEuclidean,output,1629,5.204700512184e6,insample,2008
per,k_medoids,3214418042,20,1.06922e9,1.06667e10,38.4672287,34.588267900000005,SqEuclidean,output,2389,6.772904466391e6,insample,2011
per,k_medoids,3214418042,20,1.06922e9,9.84015e9,38.745041,33.2556067,SqEuclidean,output,2095,5.886309462197e6,insample,2012
per,k_medoids,3214418042,20,1.06922e9,9.89108e9,38.5278878,33.343972799999996,SqEuclidean,output,2005,5.953934264456e6,insample,2016
per,k_medoids,3217763985,20,9.83391e8,4.09724e9,6.0695855,57.5078133,SqEuclidean,output,4,9799.547331000002,initial,initial
per,k_medoids,3217763985,20,9.83391e8,1.75535e10,42.5448724,37.4697699,SqEuclidean,output,3272,1.3586142154352e7,insample,1982
per,k_medoids,3217763985,20,9.83391e8,1.58785e10,44.0302196,38.1698972,SqEuclidean,output,2774,1.1888576908965e7,insample,1986
per,k_medoids,3217763985,20,9.83391e8,1.29593e10,41.8992403,41.2788975,SqEuclidean,output,2700,9.056351237719e6,insample,1990
per,k_medoids,3217763985,20,9.83391e8,1.67109e10,42.7216419,40.1983582,SqEuclidean,output,3031,1.2766806048185997e7,insample,1994
per,k_medoids,3217763985,20,9.83391e8,1.33083e10,43.6122042,41.871803,SqEuclidean,output,2617,9.359964202002e6,insample,1998
per,k_medoids,3217763985,20,9.83391e8,1.77282e10,44.2019026,37.8172615,SqEuclidean,output,3618,1.3752179669806e7,insample,2004
per,k_medoids,3217763985,20,9.83391e8,1.28299e10,43.5353995,41.096852000000005,SqEuclidean,output,2459,8.889930177589e6,insample,2008
per,k_medoids,3217763985,20,9.83391e8,1.42278e10,43.2378157,39.6003868,SqEuclidean,output,3308,1.0281917005962998e7,insample,2011
per,k_medoids,3217763985,20,9.83391e8,1.39678e10,44.3239892,39.6633892,SqEuclidean,output,2899,9.96531108274e6,insample,2012
per,k_medoids,3217763985,20,9.83391e8,1.557e10,42.1718661,36.832293799999995,SqEuclidean,output,3167,1.158195271813e7,insample,2016
per,k_medoids,3272403283,20,1.07446e9,4.17222e9,5.7426656,57.4359111,SqEuclidean,output,2,4342.25469,initial,initial
per,k_medoids,3272403283,20,1.07446e9,1.13382e10,48.348483,46.3654622,SqEuclidean,output,2286,7.396514169133e6,insample,1982
per,k_medoids,3272403283,20,1.07446e9,1.18352e10,46.8022408,45.2038994,SqEuclidean,output,1922,7.870682046495999e6,insample,1986
per,k_medoids,3272403283,20,1.07446e9,9.07869e9,45.6853087,44.6509936,SqEuclidean,output,1825,5.201880156718e6,insample,1990
per,k_medoids,3272403283,20,1.07446e9,1.1368e10,48.3256954,47.4667957,SqEuclidean,output,1965,7.447244832590999e6,insample,1994
per,k_medoids,3272403283,20,1.07446e9,8.98415e9,46.0601202,47.3596355,SqEuclidean,output,1794,5.053957296605999e6,insample,1998
per,k_medoids,3272403283,20,1.07446e9,1.13149e10,44.0108242,43.0967743,SqEuclidean,output,2369,7.370098073400001e6,insample,2004
per,k_medoids,3272403283,20,1.07446e9,9.93036e9,44.4550817,46.1912388,SqEuclidean,output,1679,6.021117066030001e6,insample,2008
per,k_medoids,3272403283,20,1.07446e9,1.1411e10,45.4058902,46.32977,SqEuclidean,output,2411,7.498456291135e6,insample,2011
per,k_medoids,3272403283,20,1.07446e9,9.91102e9,43.0558558,43.3214635,SqEuclidean,output,1896,5.944458087267e6,insample,2012
per,k_medoids,3272403283,20,1.07446e9,1.11503e10,45.0265794,41.5126772,SqEuclidean,output,2062,7.193234892252999e6,insample,2016
per,k_medoids,408956147,20,1.04856e9,6.18074e9,5.7707301,60.2726928,SqEuclidean,output,8,138357.168946,initial,initial
per,k_medoids,408956147,20,1.04856e9,1.31733e10,40.6543817,40.93066159999999,SqEuclidean,output,2499,9.249629080887e6,insample,1982
per,k_medoids,408956147,20,1.04856e9,1.24587e10,40.2326836,39.6403877,SqEuclidean,output,2193,8.504222088954e6,insample,1986
per,k_medoids,408956147,20,1.04856e9,9.70502e9,42.4699015,39.513475,SqEuclidean,output,2209,5.836941410599e6,insample,1990
per,k_medoids,408956147,20,1.04856e9,1.39749e10,42.9260486,38.0285418,SqEuclidean,output,2505,1.0056856170138e7,insample,1994
per,k_medoids,408956147,20,1.04856e9,1.04993e10,41.6806191,39.5098748,SqEuclidean,output,2216,6.575088360121001e6,insample,1998
per,k_medoids,408956147,20,1.04856e9,1.44611e10,43.4966768,37.1832816,SqEuclidean,output,3156,1.0522011009418e7,insample,2004
per,k_medoids,408956147,20,1.04856e9,1.00028e10,41.7895798,38.002933,SqEuclidean,output,2069,6.092736714938e6,insample,2008
per,k_medoids,408956147,20,1.04856e9,1.15092e10,41.6329367,37.4975116,SqEuclidean,output,2705,7.599974195061e6,insample,2011
per,k_medoids,408956147,20,1.04856e9,1.0989e10,42.7441438,36.5566418,SqEuclidean,output,2486,7.026737928433999e6,insample,2012
per,k_medoids,408956147,20,1.04856e9,1.16609e10,42.3706756,40.0412076,SqEuclidean,output,2485,7.705609474568e6,insample,2016
per,k_medoids,1040218444,200,1.51763e9,5.18327e9,114.2127288,60.8889697,SqEuclidean,output,142,577663.346038,initial,initial
per,k_medoids,1040218444,200,1.51763e9,6.0138e9,29.1671152,23.3913227,SqEuclidean,output,574,2.112505051442e6,insample,1982
per,k_medoids,1040218444,200,1.51763e9,6.18136e9,33.2733629,26.912854,SqEuclidean,output,397,2.245972928533e6,insample,1986
per,k_medoids,1040218444,200,1.51763e9,4.5195e9,29.8010141,27.3468523,SqEuclidean,output,288,675169.4159929996,insample,1990
per,k_medoids,1040218444,200,1.51763e9,5.95353e9,29.8590637,27.3602742,SqEuclidean,output,397,2.0636488423969997e6,insample,1994
per,k_medoids,1040218444,200,1.51763e9,5.08286e9,38.4074919,37.0625112,SqEuclidean,output,354,1.1805757240300002e6,insample,1998
per,k_medoids,1040218444,200,1.51763e9,5.27195e9,35.7525085,32.922404900000004,SqEuclidean,output,431,1.363659766202e6,insample,2004
per,k_medoids,1040218444,200,1.51763e9,4.92341e9,37.8549523,40.5481613,SqEuclidean,output,252,1.0426358082230004e6,insample,2008
per,k_medoids,1040218444,200,1.51763e9,5.38094e9,37.9943905,35.814020400000004,SqEuclidean,output,491,1.50356397649e6,insample,2011
per,k_medoids,1040218444,200,1.51763e9,4.77276e9,29.7012833,25.8891829,SqEuclidean,output,319,840763.4012000001,insample,2012
per,k_medoids,1040218444,200,1.51763e9,5.02778e9,36.9325153,35.2303007,SqEuclidean,output,304,1.112158433144e6,insample,2016
per,k_medoids,1498923158,200,1.52173e9,4.49304e9,118.6744954,61.52028730000001,SqEuclidean,output,126,326598.439218,initial,initial
per,k_medoids,1498923158,200,1.52173e9,6.013e9,29.0817158,24.800671,SqEuclidean,output,683,2.1273027382520004e6,insample,1982
per,k_medoids,1498923158,200,1.52173e9,6.53398e9,32.1984999,28.4699575,SqEuclidean,output,554,2.6122314868610003e6,insample,1986
per,k_medoids,1498923158,200,1.52173e9,4.68829e9,29.8365727,26.8360311,SqEuclidean,output,416,857437.9894080001,insample,1990
per,k_medoids,1498923158,200,1.52173e9,6.41691e9,30.0079187,27.3927999,SqEuclidean,output,589,2.537925819274e6,insample,1994
per,k_medoids,1498923158,200,1.52173e9,5.26632e9,39.4759706,38.7992867,SqEuclidean,output,456,1.3761683281559998e6,insample,1998
per,k_medoids,1498923158,200,1.52173e9,5.22805e9,35.4752221,33.3627677,SqEuclidean,output,554,1.3395744749589998e6,insample,2004
per,k_medoids,1498923158,200,1.52173e9,4.88704e9,38.9336487,34.900767900000005,SqEuclidean,output,322,1.022620621823e6,insample,2008
per,k_medoids,1498923158,200,1.52173e9,5.51506e9,36.333456,35.257328900000005,SqEuclidean,output,678,1.650230400889e6,insample,2011
per,k_medoids,1498923158,200,1.52173e9,4.80757e9,30.4129435,27.2216653,SqEuclidean,output,435,892445.798296,insample,2012
per,k_medoids,1498923158,200,1.52173e9,5.17342e9,37.813351,34.2807856,SqEuclidean,output,428,1.2770071703909996e6,insample,2016
per,k_medoids,1571330722,200,1.56931e9,4.59114e9,116.0148218,61.2129163,SqEuclidean,output,144,427202.8958740001,initial,initial
per,k_medoids,1571330722,200,1.56931e9,5.82753e9,27.9718088,23.2357688,SqEuclidean,output,596,1.935283971565e6,insample,1982
per,k_medoids,1571330722,200,1.56931e9,6.23101e9,33.6948864,29.1714825,SqEuclidean,output,473,2.300233272878e6,insample,1986
per,k_medoids,1571330722,200,1.56931e9,4.5325e9,29.2035371,25.4180401,SqEuclidean,output,371,692141.792931,insample,1990
per,k_medoids,1571330722,200,1.56931e9,6.0006e9,29.5569418,25.5745585,SqEuclidean,output,452,2.109867198208e6,insample,1994
per,k_medoids,1571330722,200,1.56931e9,5.13461e9,38.8085983,39.896087699999995,SqEuclidean,output,464,1.233896707247e6,insample,1998
per,k_medoids,1571330722,200,1.56931e9,5.134e9,34.2092098,33.2903188,SqEuclidean,output,543,1.2323610372339997e6,insample,2004
per,k_medoids,1571330722,200,1.56931e9,4.95394e9,36.4276234,34.7466438,SqEuclidean,output,337,1.080118759141e6,insample,2008
per,k_medoids,1571330722,200,1.56931e9,5.47474e9,35.7637546,33.8725715,SqEuclidean,output,598,1.6015743019280003e6,insample,2011
per,k_medoids,1571330722,200,1.56931e9,4.78384e9,30.1611023,27.4379458,SqEuclidean,output,400,860131.868709,insample,2012
per,k_medoids,1571330722,200,1.56931e9,5.11803e9,37.5304397,37.9785251,SqEuclidean,output,424,1.211271297583e6,insample,2016
per,k_medoids,2110474755,200,1.39967e9,4.86125e9,131.9668188,62.8543797,SqEuclidean,output,91,299105.069166,initial,initial
per,k_medoids,2110474755,200,1.39967e9,6.55742e9,29.8462295,23.3632185,SqEuclidean,output,767,2.6639799294689996e6,insample,1982
per,k_medoids,2110474755,200,1.39967e9,6.79947e9,33.2891575,27.1054502,SqEuclidean,output,556,2.8697526270360006e6,insample,1986
per,k_medoids,2110474755,200,1.39967e9,4.78329e9,30.2348169,26.9798982,SqEuclidean,output,420,944274.450757,insample,1990
per,k_medoids,2110474755,200,1.39967e9,6.60272e9,30.1644889,27.2696352,SqEuclidean,output,547,2.7139503429269996e6,insample,1994
per,k_medoids,2110474755,200,1.39967e9,5.41622e9,39.2389482,38.9162051,SqEuclidean,output,472,1.5171646550480002e6,insample,1998
per,k_medoids,2110474755,200,1.39967e9,5.43267e9,35.8600386,35.900168199999996,SqEuclidean,output,606,1.5282023663879998e6,insample,2004
per,k_medoids,2110474755,200,1.39967e9,5.10713e9,38.8333397,39.1458052,SqEuclidean,output,409,1.2349079555739998e6,insample,2008
per,k_medoids,2110474755,200,1.39967e9,5.8428e9,37.1468083,35.3676582,SqEuclidean,output,729,1.968857452679e6,insample,2011
per,k_medoids,2110474755,200,1.39967e9,4.97717e9,31.2501673,27.7758363,SqEuclidean,output,511,1.052105708962e6,insample,2012
per,k_medoids,2110474755,200,1.39967e9,5.55104e9,38.4499052,35.684088,SqEuclidean,output,462,1.6435368064029997e6,insample,2016
per,k_medoids,2358156674,200,1.44151e9,4.91392e9,113.5931158,62.9512181,SqEuclidean,output,143,502533.77248,initial,initial
per,k_medoids,2358156674,200,1.44151e9,6.39351e9,28.9531078,23.3553729,SqEuclidean,output,686,2.5114004681999995e6,insample,1982
per,k_medoids,2358156674,200,1.44151e9,6.45839e9,31.7355946,29.9220991,SqEuclidean,output,513,2.53842814739e6,insample,1986
per,k_medoids,2358156674,200,1.44151e9,4.78619e9,29.1029403,27.1229595,SqEuclidean,output,407,957417.299234,insample,1990
per,k_medoids,2358156674,200,1.44151e9,6.30189e9,29.8398248,25.5313256,SqEuclidean,output,504,2.426410290286001e6,insample,1994
per,k_medoids,2358156674,200,1.44151e9,5.31077e9,38.6968977,40.5408753,SqEuclidean,output,431,1.4230054716070003e6,insample,1998
per,k_medoids,2358156674,200,1.44151e9,5.40828e9,35.7840394,33.2859689,SqEuclidean,output,515,1.518227706149e6,insample,2004
per,k_medoids,2358156674,200,1.44151e9,5.04305e9,36.9118237,36.0287816,SqEuclidean,output,322,1.180416707207e6,insample,2008
per,k_medoids,2358156674,200,1.44151e9,5.55631e9,37.0631277,34.5029731,SqEuclidean,output,561,1.697886951166e6,insample,2011
per,k_medoids,2358156674,200,1.44151e9,4.87997e9,30.3235524,27.9893024,SqEuclidean,output,379,967285.004818,insample,2012
per,k_medoids,2358156674,200,1.44151e9,5.47317e9,36.8662788,33.9175683,SqEuclidean,output,398,1.577774082835e6,insample,2016
per,k_medoids,2454944798,200,1.39446e9,4.97461e9,119.2422875,62.225046,SqEuclidean,output,127,548892.2111279999,initial,initial
per,k_medoids,2454944798,200,1.39446e9,6.37866e9,28.2745428,23.374495399999997,SqEuclidean,output,730,2.472968918106e6,insample,1982
per,k_medoids,2454944798,200,1.39446e9,6.60924e9,32.8573277,30.9687886,SqEuclidean,output,522,2.6655268024979997e6,insample,1986
per,k_medoids,2454944798,200,1.39446e9,4.74482e9,29.5288144,26.4315746,SqEuclidean,output,391,897162.3109999999,insample,1990
per,k_medoids,2454944798,200,1.39446e9,6.50123e9,29.4530642,25.5395518,SqEuclidean,output,558,2.603822062139e6,insample,1994
per,k_medoids,2454944798,200,1.39446e9,5.29535e9,37.130949,39.1273043,SqEuclidean,output,441,1.3911838045500002e6,insample,1998
per,k_medoids,2454944798,200,1.39446e9,5.78315e9,35.207311,34.668247799999996,SqEuclidean,output,627,1.868650996669e6,insample,2004
per,k_medoids,2454944798,200,1.39446e9,5.10806e9,37.3985682,35.7579213,SqEuclidean,output,334,1.2273786405919995e6,insample,2008
per,k_medoids,2454944798,200,1.39446e9,5.81813e9,37.5704292,34.811186,SqEuclidean,output,672,1.934841487606e6,insample,2011
per,k_medoids,2454944798,200,1.39446e9,5.10627e9,30.1173668,27.6744732,SqEuclidean,output,450,1.174227784676e6,insample,2012
per,k_medoids,2454944798,200,1.39446e9,5.38958e9,36.4542512,35.2028733,SqEuclidean,output,413,1.4724006135179996e6,insample,2016
per,k_medoids,3126457023,200,1.44415e9,4.23633e9,119.9492754,60.689685100000005,SqEuclidean,output,119,225187.76648500003,initial,initial
per,k_medoids,3126457023,200,1.44415e9,6.11477e9,28.765675,23.9739926,SqEuclidean,output,646,2.227197692924e6,insample,1982
per,k_medoids,3126457023,200,1.44415e9,6.51598e9,33.0497018,29.2259821,SqEuclidean,output,534,2.593724635828e6,insample,1986
per,k_medoids,3126457023,200,1.44415e9,4.72776e9,29.8772512,26.4939017,SqEuclidean,output,367,895784.9093350002,insample,1990
per,k_medoids,3126457023,200,1.44415e9,6.41949e9,29.2824612,28.138985,SqEuclidean,output,458,2.5440385613989993e6,insample,1994
per,k_medoids,3126457023,200,1.44415e9,5.29553e9,39.2267486,39.146120100000005,SqEuclidean,output,451,1.406250764238e6,insample,1998
per,k_medoids,3126457023,200,1.44415e9,5.30933e9,34.694686,35.7738047,SqEuclidean,output,482,1.416329896286e6,insample,2004
per,k_medoids,3126457023,200,1.44415e9,4.95629e9,37.7314573,38.9563442,SqEuclidean,output,317,1.0902823635279995e6,insample,2008
per,k_medoids,3126457023,200,1.44415e9,5.49705e9,36.9791793,36.01702469999999,SqEuclidean,output,556,1.6336633320539996e6,insample,2011
per,k_medoids,3126457023,200,1.44415e9,4.97623e9,30.3763879,28.2606841,SqEuclidean,output,385,1.0612927011409998e6,insample,2012
per,k_medoids,3126457023,200,1.44415e9,5.41212e9,36.4231211,34.3001537,SqEuclidean,output,375,1.513451186517e6,insample,2016
per,k_medoids,4093639103,200,1.41404e9,4.93914e9,129.3700471,60.2482041,SqEuclidean,output,131,383540.192273,initial,initial
per,k_medoids,4093639103,200,1.41404e9,6.27977e9,29.8657898,26.4866067,SqEuclidean,output,721,2.387879861145001e6,insample,1982
per,k_medoids,4093639103,200,1.41404e9,6.47826e9,32.1715434,29.3476918,SqEuclidean,output,539,2.549639014756999e6,insample,1986
per,k_medoids,4093639103,200,1.41404e9,4.74722e9,28.8888685,26.6324266,SqEuclidean,output,376,909057.678972,insample,1990
per,k_medoids,4093639103,200,1.41404e9,6.69425e9,29.0242686,26.6406051,SqEuclidean,output,605,2.8055411246249992e6,insample,1994
per,k_medoids,4093639103,200,1.41404e9,5.38516e9,37.4032902,39.1855558,SqEuclidean,output,459,1.487925195264e6,insample,1998
per,k_medoids,4093639103,200,1.41404e9,5.7364e9,34.5958211,33.0426759,SqEuclidean,output,645,1.834028587411e6,insample,2004
per,k_medoids,4093639103,200,1.41404e9,5.11934e9,36.9476763,38.866795399999994,SqEuclidean,output,352,1.244496414395e6,insample,2008
per,k_medoids,4093639103,200,1.41404e9,5.86523e9,37.0274728,34.8458423,SqEuclidean,output,721,1.992575762588e6,insample,2011
per,k_medoids,4093639103,200,1.41404e9,5.27935e9,29.5175349,27.6157768,SqEuclidean,output,525,1.3538930470219995e6,insample,2012
per,k_medoids,4093639103,200,1.41404e9,5.40839e9,36.7898857,35.5911559,SqEuclidean,output,443,1.498143622302e6,insample,2016
per,k_medoids,4109171108,200,1.48991e9,4.96284e9,105.8837564,62.306883,SqEuclidean,output,123,359315.900743,initial,initial
per,k_medoids,4109171108,200,1.48991e9,5.96637e9,36.04692,34.1426799,SqEuclidean,output,648,2.078634090328e6,insample,1982
per,k_medoids,4109171108,200,1.48991e9,6.3256e9,33.1127222,28.2228658,SqEuclidean,output,456,2.4026948694959995e6,insample,1986
per,k_medoids,4109171108,200,1.48991e9,4.64207e9,29.4788493,26.6363082,SqEuclidean,output,334,809993.9797840002,insample,1990
per,k_medoids,4109171108,200,1.48991e9,6.40196e9,29.4098435,26.691287,SqEuclidean,output,508,2.524152191578999e6,insample,1994
per,k_medoids,4109171108,200,1.48991e9,5.15024e9,41.1633024,38.7369728,SqEuclidean,output,361,1.2599781802840007e6,insample,1998
per,k_medoids,4109171108,200,1.48991e9,5.49867e9,34.5312204,31.8978932,SqEuclidean,output,548,1.602265985797e6,insample,2004
per,k_medoids,4109171108,200,1.48991e9,4.99535e9,37.0087037,37.1666317,SqEuclidean,output,320,1.1258811677519998e6,insample,2008
per,k_medoids,4109171108,200,1.48991e9,5.488e9,37.3663034,34.7248824,SqEuclidean,output,580,1.6207122654099998e6,insample,2011
per,k_medoids,4109171108,200,1.48991e9,5.10733e9,29.9493392,27.1677965,SqEuclidean,output,436,1.188105836586e6,insample,2012
per,k_medoids,4109171108,200,1.48991e9,5.37816e9,36.2437434,34.981050200000006,SqEuclidean,output,392,1.4748731404720002e6,insample,2016
per,k_medoids,535977374,200,1.54916e9,4.9619e9,110.368441,61.2168224,SqEuclidean,output,127,437028.40794799995,initial,initial
per,k_medoids,535977374,200,1.54916e9,6.14655e9,37.5401491,35.4804166,SqEuclidean,output,637,2.265656401851e6,insample,1982
per,k_medoids,535977374,200,1.54916e9,6.54098e9,32.6888975,28.6225175,SqEuclidean,output,440,2.6248787255619997e6,insample,1986
per,k_medoids,535977374,200,1.54916e9,4.55655e9,29.3940708,25.383765800000003,SqEuclidean,output,301,730681.795502,insample,1990
per,k_medoids,535977374,200,1.54916e9,6.18025e9,29.4466145,25.5288578,SqEuclidean,output,455,2.3072540911169997e6,insample,1994
per,k_medoids,535977374,200,1.54916e9,5.12196e9,38.4896711,38.3090112,SqEuclidean,output,321,1.2367987236669995e6,insample,1998
per,k_medoids,535977374,200,1.54916e9,5.26343e9,35.1108486,32.9170935,SqEuclidean,output,477,1.3777584047039996e6,insample,2004
per,k_medoids,535977374,200,1.54916e9,4.93745e9,36.330968,35.790909,SqEuclidean,output,279,1.0773643539840002e6,insample,2008
per,k_medoids,535977374,200,1.54916e9,5.54559e9,36.9303284,35.4316112,SqEuclidean,output,533,1.6888777998569997e6,insample,2011
per,k_medoids,535977374,200,1.54916e9,4.71843e9,29.7029533,27.875058000000003,SqEuclidean,output,327,807067.864338,insample,2012
per,k_medoids,535977374,200,1.54916e9,5.19411e9,37.476784,33.946678999999996,SqEuclidean,output,333,1.301532989927e6,insample,2016
per,k_medoids,123456789,50,1.2453e9,6.00666e9,15.6643953,62.1098271,SqEuclidean,output,11,147884.994627,initial,initial
per,k_medoids,123456789,50,1.2453e9,8.0756e9,42.441071,35.899251500000005,SqEuclidean,output,1380,4.152292037825e6,insample,1982
per,k_medoids,123456789,50,1.2453e9,8.24271e9,39.9362451,36.2280596,SqEuclidean,output,1277,4.28364366015e6,insample,1986
per,k_medoids,123456789,50,1.2453e9,6.12639e9,39.8152111,37.3518519,SqEuclidean,output,1211,2.261843557264e6,insample,1990
per,k_medoids,123456789,50,1.2453e9,8.07596e9,40.9118669,34.9657224,SqEuclidean,output,1389,4.156787856648e6,insample,1994
per,k_medoids,123456789,50,1.2453e9,6.96915e9,41.8650097,35.3816908,SqEuclidean,output,1303,3.044552989384e6,insample,1998
per,k_medoids,123456789,50,1.2453e9,7.89508e9,41.3505253,37.6042646,SqEuclidean,output,1638,3.955098705735e6,insample,2004
per,k_medoids,123456789,50,1.2453e9,6.44562e9,38.9927769,37.4666668,SqEuclidean,output,1031,2.544635464529e6,insample,2008
per,k_medoids,123456789,50,1.2453e9,7.43962e9,42.7007893,35.1548997,SqEuclidean,output,1594,3.532098863843e6,insample,2011
per,k_medoids,123456789,50,1.2453e9,6.66237e9,41.9367942,34.3039177,SqEuclidean,output,1329,2.704638764197e6,insample,2012
per,k_medoids,123456789,50,1.2453e9,7.11513e9,41.4681104,36.43258,SqEuclidean,output,1317,3.1688661251930003e6,insample,2016
per,k_medoids,1286268702,50,1.2516e9,4.94194e9,17.4792163,61.0622238,SqEuclidean,output,23,130078.041015,initial,initial
per,k_medoids,1286268702,50,1.2516e9,7.58595e9,39.9866535,40.0388446,SqEuclidean,output,1131,3.693349573302e6,insample,1982
per,k_medoids,1286268702,50,1.2516e9,7.62571e9,39.8110641,37.8254358,SqEuclidean,output,914,3.699777559037e6,insample,1986
per,k_medoids,1286268702,50,1.2516e9,5.8273e9,38.7349009,35.822306499999996,SqEuclidean,output,881,1.9903787030999996e6,insample,1990
per,k_medoids,1286268702,50,1.2516e9,8.37603e9,40.1768559,37.603592199999994,SqEuclidean,output,1070,4.494694715475e6,insample,1994
per,k_medoids,1286268702,50,1.2516e9,6.57863e9,41.7505907,40.3772627,SqEuclidean,output,996,2.687420801888e6,insample,1998
per,k_medoids,1286268702,50,1.2516e9,7.00997e9,41.8957354,43.5715653,SqEuclidean,output,1176,3.1103357744849995e6,insample,2004
per,k_medoids,1286268702,50,1.2516e9,6.29868e9,39.2549659,42.1704145,SqEuclidean,output,796,2.4265302899279995e6,insample,2008
per,k_medoids,1286268702,50,1.2516e9,7.28601e9,40.0783123,38.6068949,SqEuclidean,output,1302,3.416370654573e6,insample,2011
per,k_medoids,1286268702,50,1.2516e9,6.4267e9,39.5219538,38.7920365,SqEuclidean,output,888,2.5057195671169995e6,insample,2012
per,k_medoids,1286268702,50,1.2516e9,6.75073e9,37.0580666,33.622783899999995,SqEuclidean,output,898,2.844586018968e6,insample,2016
per,k_medoids,1308502331,50,1.05426e9,3.98778e9,16.94315,59.7566013,SqEuclidean,output,6,6100.732739,initial,initial
per,k_medoids,1308502331,50,1.05426e9,9.57028e9,41.2996181,39.0961424,SqEuclidean,output,1632,5.641000312261e6,insample,1982
per,k_medoids,1308502331,50,1.05426e9,9.29445e9,40.5788964,37.7979143,SqEuclidean,output,1371,5.332780815093e6,insample,1986
per,k_medoids,1308502331,50,1.05426e9,7.19943e9,39.1745249,39.8062278,SqEuclidean,output,1243,3.3347482423090003e6,insample,1990
per,k_medoids,1308502331,50,1.05426e9,9.91223e9,39.4616091,36.8249697,SqEuclidean,output,1497,5.994327310029e6,insample,1994
per,k_medoids,1308502331,50,1.05426e9,7.60571e9,40.602861,39.0598865,SqEuclidean,output,1335,3.683268435701e6,insample,1998
per,k_medoids,1308502331,50,1.05426e9,8.98922e9,41.4511371,36.1956385,SqEuclidean,output,1666,5.044300238022001e6,insample,2004
per,k_medoids,1308502331,50,1.05426e9,7.32942e9,41.654781,36.069212099999994,SqEuclidean,output,1115,3.430534345111e6,insample,2008
per,k_medoids,1308502331,50,1.05426e9,8.6525e9,39.0785254,39.0159202,SqEuclidean,output,1648,4.748663471159001e6,insample,2011
per,k_medoids,1308502331,50,1.05426e9,7.88065e9,39.9027571,35.6166177,SqEuclidean,output,1424,3.920920143254e6,insample,2012
per,k_medoids,1308502331,50,1.05426e9,8.21896e9,42.0094217,40.6663515,SqEuclidean,output,1408,4.276108091101e6,insample,2016
per,k_medoids,1573928461,50,1.24649e9,6.26405e9,15.937601,58.5571087,SqEuclidean,output,28,176187.29017099997,initial,initial
per,k_medoids,1573928461,50,1.24649e9,1.09863e10,38.6238306,39.379483,SqEuclidean,output,1805,7.072660571377e6,insample,1982
per,k_medoids,1573928461,50,1.24649e9,1.07757e10,41.8705495,39.141041,SqEuclidean,output,1410,6.826672117456e6,insample,1986
per,k_medoids,1573928461,50,1.24649e9,7.68807e9,40.6206586,38.9199971,SqEuclidean,output,1377,3.8305884199279994e6,insample,1990
per,k_medoids,1573928461,50,1.24649e9,1.05557e10,39.7972232,38.0116363,SqEuclidean,output,1441,6.650866245573999e6,insample,1994
per,k_medoids,1573928461,50,1.24649e9,8.1165e9,41.1680339,36.9716424,SqEuclidean,output,1189,4.205178529779e6,insample,1998
per,k_medoids,1573928461,50,1.24649e9,1.08991e10,41.5782316,36.5502287,SqEuclidean,output,1928,6.976475832092e6,insample,2004
per,k_medoids,1573928461,50,1.24649e9,7.75437e9,40.0282841,39.9315752,SqEuclidean,output,1139,3.862831022103e6,insample,2008
per,k_medoids,1573928461,50,1.24649e9,8.99627e9,40.8826829,37.1900013,SqEuclidean,output,1632,5.100929170893999e6,insample,2011
per,k_medoids,1573928461,50,1.24649e9,8.04359e9,39.6009253,37.9413075,SqEuclidean,output,1422,4.101787916367001e6,insample,2012
per,k_medoids,1573928461,50,1.24649e9,9.31616e9,41.0742757,36.4916694,SqEuclidean,output,1526,5.387203893819e6,insample,2016
per,k_medoids,1991051616,50,1.22799e9,4.58825e9,15.5549458,59.7112983,SqEuclidean,output,16,37089.24480399999,initial,initial
per,k_medoids,1991051616,50,1.22799e9,7.62313e9,40.1044167,37.6889876,SqEuclidean,output,1179,3.720265282139001e6,insample,1982
per,k_medoids,1991051616,50,1.22799e9,8.16006e9,40.7781293,36.7924202,SqEuclidean,output,1021,4.224167148359e6,insample,1986
per,k_medoids,1991051616,50,1.22799e9,6.07395e9,40.2413651,40.2900404,SqEuclidean,output,874,2.2271290991649996e6,insample,1990
per,k_medoids,1991051616,50,1.22799e9,7.86515e9,41.2247322,37.0025093,SqEuclidean,output,997,3.977218026614e6,insample,1994
per,k_medoids,1991051616,50,1.22799e9,6.39773e9,37.6039284,35.8641604,SqEuclidean,output,940,2.4934683538019997e6,insample,1998
per,k_medoids,1991051616,50,1.22799e9,7.045e9,40.7439483,37.6008775,SqEuclidean,output,1136,3.137607007416999e6,insample,2004
per,k_medoids,1991051616,50,1.22799e9,6.4586e9,38.5704807,37.3969908,SqEuclidean,output,738,2.578378204709e6,insample,2008
per,k_medoids,1991051616,50,1.22799e9,7.3414e9,40.0083643,37.0298217,SqEuclidean,output,1202,3.4659143286260003e6,insample,2011
per,k_medoids,1991051616,50,1.22799e9,6.36193e9,40.0476617,40.8676822,SqEuclidean,output,824,2.431465310388e6,insample,2012
per,k_medoids,1991051616,50,1.22799e9,7.09554e9,41.775386,38.656363,SqEuclidean,output,887,3.1818646179229994e6,insample,2016
per,k_medoids,2678701235,50,1.33966e9,4.59562e9,17.5892906,61.2439297,SqEuclidean,output,17,69269.842917,initial,initial
per,k_medoids,2678701235,50,1.33966e9,7.61473e9,37.3015829,35.4153916,SqEuclidean,output,1112,3.688392332024e6,insample,1982
per,k_medoids,2678701235,50,1.33966e9,7.94247e9,40.0675876,40.156122399999994,SqEuclidean,output,863,3.984494894735e6,insample,1986
per,k_medoids,2678701235,50,1.33966e9,5.50587e9,40.2671147,37.9880741,SqEuclidean,output,651,1.643582371322e6,insample,1990
per,k_medoids,2678701235,50,1.33966e9,7.84424e9,42.0501705,37.6188563,SqEuclidean,output,866,3.933583370496e6,insample,1994
per,k_medoids,2678701235,50,1.33966e9,6.11488e9,41.4886115,37.396254,SqEuclidean,output,677,2.194832602778999e6,insample,1998
per,k_medoids,2678701235,50,1.33966e9,7.46663e9,42.2451614,37.1337957,SqEuclidean,output,1031,3.529048359467e6,insample,2004
per,k_medoids,2678701235,50,1.33966e9,6.1102e9,41.0669745,37.6152503,SqEuclidean,output,646,2.211334735111e6,insample,2008
per,k_medoids,2678701235,50,1.33966e9,6.80536e9,41.2594121,40.7968818,SqEuclidean,output,945,2.903435582321e6,insample,2011
per,k_medoids,2678701235,50,1.33966e9,6.39531e9,43.7761768,35.6296856,SqEuclidean,output,803,2.439763466659e6,insample,2012
per,k_medoids,2678701235,50,1.33966e9,6.5959e9,42.1858508,37.6676965,SqEuclidean,output,759,2.6544946625329996e6,insample,2016
per,k_medoids,3861234567,50,1.25809e9,6.39618e9,15.4302101,57.8578222,SqEuclidean,output,20,253964.058585,initial,initial
per,k_medoids,3861234567,50,1.25809e9,8.77283e9,43.0598729,42.3387714,SqEuclidean,output,1288,4.8783298246989995e6,insample,1982
per,k_medoids,3861234567,50,1.25809e9,8.53374e9,43.3295267,39.7751489,SqEuclidean,output,1125,4.604639068698e6,insample,1986
per,k_medoids,3861234567,50,1.25809e9,6.95818e9,45.3040145,42.248052,SqEuclidean,output,1016,3.1154509849740006e6,insample,1990
per,k_medoids,3861234567,50,1.25809e9,9.76067e9,44.7746525,41.0668624,SqEuclidean,output,1313,5.872036231349e6,insample,1994
per,k_medoids,3861234567,50,1.25809e9,7.86389e9,43.9081564,45.2482016,SqEuclidean,output,1126,3.967987789358e6,insample,1998
per,k_medoids,3861234567,50,1.25809e9,9.25666e9,45.2489237,42.0965277,SqEuclidean,output,1475,5.348764119578e6,insample,2004
per,k_medoids,3861234567,50,1.25809e9,7.42567e9,45.1464167,37.4421171,SqEuclidean,output,987,3.546467624706001e6,insample,2008
per,k_medoids,3861234567,50,1.25809e9,8.16906e9,45.9606743,44.9885694,SqEuclidean,output,1408,4.291153915395001e6,insample,2011
per,k_medoids,3861234567,50,1.25809e9,8.19205e9,43.9085096,45.8063795,SqEuclidean,output,1249,4.259939684575e6,insample,2012
per,k_medoids,3861234567,50,1.25809e9,7.83847e9,45.8492823,43.452542599999994,SqEuclidean,output,1095,3.921235719246e6,insample,2016
per,k_medoids,477073181,50,1.39846e9,4.41599e9,16.5361006,58.2416327,SqEuclidean,output,27,47730.361838,initial,initial
per,k_medoids,477073181,50,1.39846e9,8.84139e9,38.0817404,33.1997758,SqEuclidean,output,1230,4.895005760286e6,insample,1982
per,k_medoids,477073181,50,1.39846e9,9.0301e9,39.9046862,34.3354793,SqEuclidean,output,1088,5.052445640661001e6,insample,1986
per,k_medoids,477073181,50,1.39846e9,6.62157e9,38.1450077,34.4402181,SqEuclidean,output,848,2.7346453278380004e6,insample,1990
per,k_medoids,477073181,50,1.39846e9,9.41812e9,37.8771197,33.1243034,SqEuclidean,output,1107,5.483334155089e6,insample,1994
per,k_medoids,477073181,50,1.39846e9,7.40268e9,38.5342109,33.7343468,SqEuclidean,output,853,3.460836176716e6,insample,1998
per,k_medoids,477073181,50,1.39846e9,9.18486e9,37.7975299,33.5831329,SqEuclidean,output,1409,5.222443146881999e6,insample,2004
per,k_medoids,477073181,50,1.39846e9,7.6343e9,38.5040484,34.2626176,SqEuclidean,output,942,3.706669214463e6,insample,2008
per,k_medoids,477073181,50,1.39846e9,8.20598e9,37.0483554,33.080221,SqEuclidean,output,1329,4.275203823682999e6,insample,2011
per,k_medoids,477073181,50,1.39846e9,7.80258e9,37.4750947,33.533753,SqEuclidean,output,1160,3.821866742179e6,insample,2012
per,k_medoids,477073181,50,1.39846e9,8.51602e9,38.0390091,34.5154763,SqEuclidean,output,1174,4.537196609727999e6,insample,2016
per,k_medoids,876543210,50,1.37955e9,4.54712e9,16.8716607,61.3780493,SqEuclidean,output,22,83582.84647899999,initial,initial
per,k_medoids,876543210,50,1.37955e9,7.80311e9,34.3814643,30.0187649,SqEuclidean,output,1099,3.868045745688e6,insample,1982
per,k_medoids,876543210,50,1.37955e9,8.11166e9,34.0189592,29.967667,SqEuclidean,output,862,4.135921006569e6,insample,1986
per,k_medoids,876543210,50,1.37955e9,6.21926e9,33.7789739,32.6969683,SqEuclidean,output,763,2.3444802055749996e6,insample,1990
per,k_medoids,876543210,50,1.37955e9,8.98349e9,35.0341934,33.008393,SqEuclidean,output,1003,5.056641620561e6,insample,1994
per,k_medoids,876543210,50,1.37955e9,6.72085e9,36.0272071,31.3026563,SqEuclidean,output,722,2.791216139342e6,insample,1998
per,k_medoids,876543210,50,1.37955e9,7.91377e9,34.701045,29.591414,SqEuclidean,output,1112,3.962871460444e6,insample,2004
per,k_medoids,876543210,50,1.37955e9,7.02247e9,44.3885594,31.255833300000003,SqEuclidean,output,725,3.1185355077909995e6,insample,2008
per,k_medoids,876543210,50,1.37955e9,7.55099e9,46.706514,45.665724,SqEuclidean,output,1035,3.6380542635940006e6,insample,2011
per,k_medoids,876543210,50,1.37955e9,7.04096e9,38.9151822,37.2201503,SqEuclidean,output,903,3.0762340278949994e6,insample,2012
per,k_medoids,876543210,50,1.37955e9,7.08647e9,38.3339275,36.757607,SqEuclidean,output,809,3.140541108523e6,insample,2016
per,k_medoids,987654321,50,1.29072e9,4.37789e9,15.5483868,58.792362,SqEuclidean,output,22,37614.637007,initial,initial
per,k_medoids,987654321,50,1.29072e9,7.00489e9,38.967924,35.8190906,SqEuclidean,output,988,3.103192633793e6,insample,1982
per,k_medoids,987654321,50,1.29072e9,7.67314e9,37.98904,35.4191698,SqEuclidean,output,864,3.73325737424e6,insample,1986
per,k_medoids,987654321,50,1.29072e9,5.47092e9,38.5491073,34.2089376,SqEuclidean,output,714,1.6257864000710002e6,insample,1990
per,k_medoids,987654321,50,1.29072e9,7.54676e9,39.2002581,33.768259199999996,SqEuclidean,output,938,3.65273474412e6,insample,1994
per,k_medoids,987654321,50,1.29072e9,6.37365e9,36.3902593,32.968064600000005,SqEuclidean,output,917,2.471275310976e6,insample,1998
per,k_medoids,987654321,50,1.29072e9,6.89617e9,42.5202081,36.138347499999995,SqEuclidean,output,1159,2.979082794979e6,insample,2004
per,k_medoids,987654321,50,1.29072e9,5.94329e9,38.8330612,36.958835,SqEuclidean,output,732,2.0627699958199996e6,insample,2008
per,k_medoids,987654321,50,1.29072e9,6.64012e9,37.4893524,34.6875421,SqEuclidean,output,1106,2.756823767575e6,insample,2011
per,k_medoids,987654321,50,1.29072e9,5.97337e9,38.9586383,34.0967892,SqEuclidean,output,797,2.0383412987829996e6,insample,2012
per,k_medoids,987654321,50,1.29072e9,6.42471e9,39.1864734,33.454643600000004,SqEuclidean,output,793,2.50415470025e6,insample,2016
per,k_means,1005471400,100,5.13397e8,3.44783e9,63.8166399,40.1594501,SqEuclidean,output,3,6261.7422719999995,initial,initial
per,k_means,1005471400,100,5.13397e8,9.18087e10,34.7538677,34.8279531,SqEuclidean,output,19903,8.7410088594569e7,insample,1982
per,k_means,1005471400,100,5.13397e8,8.02728e10,28.1367713,26.1323001,SqEuclidean,output,17694,7.583784866575499e7,insample,1986
per,k_means,1005471400,100,5.13397e8,7.51209e10,26.9239181,25.268961599999997,SqEuclidean,output,17550,7.0773854917669e7,insample,1990
per,k_means,1005471400,100,5.13397e8,8.63938e10,27.99274,28.608919,SqEuclidean,output,18948,8.202323548936701e7,insample,1994
per,k_means,1005471400,100,5.13397e8,7.18752e10,36.3737556,40.939931,SqEuclidean,output,17040,6.7521041662698e7,insample,1998
per,k_means,1005471400,100,5.13397e8,8.90255e10,30.5307277,28.5582636,SqEuclidean,output,19196,8.4573231922024e7,insample,2004
per,k_means,1005471400,100,5.13397e8,7.5602e10,34.1495694,35.338404,SqEuclidean,output,16887,7.1259387361018e7,insample,2008
per,k_means,1005471400,100,5.13397e8,8.72496e10,33.360835,33.8569629,SqEuclidean,output,19716,8.285691495900601e7,insample,2011
per,k_means,1005471400,100,5.13397e8,8.46502e10,26.9937939,27.4214679,SqEuclidean,output,18334,8.018529759678102e7,insample,2012
per,k_means,1005471400,100,5.13397e8,9.14411e10,33.832644,34.5465905,SqEuclidean,output,20216,8.6949504043273e7,insample,2016
per,k_means,1262311769,100,5.13036e8,3.44953e9,56.9577706,40.6003214,SqEuclidean,output,14,7155.955286,initial,initial
per,k_means,1262311769,100,5.13036e8,9.51872e10,33.4723564,34.917811,SqEuclidean,output,19168,9.0786382088895e7,insample,1982
per,k_means,1262311769,100,5.13036e8,8.29196e10,27.2155068,26.0688958,SqEuclidean,output,16930,7.8488317959968e7,insample,1986
per,k_means,1262311769,100,5.13036e8,7.73494e10,27.0255156,25.8420677,SqEuclidean,output,16599,7.3004126525207e7,insample,1990
per,k_means,1262311769,100,5.13036e8,9.01911e10,27.5063309,25.8561362,SqEuclidean,output,18391,8.5820011184737e7,insample,1994
per,k_means,1262311769,100,5.13036e8,7.57326e10,36.336202,39.0269462,SqEuclidean,output,16623,7.137788958716801e7,insample,1998
per,k_means,1262311769,100,5.13036e8,9.35663e10,29.6558784,28.0971909,SqEuclidean,output,18856,8.911723021473e7,insample,2004
per,k_means,1262311769,100,5.13036e8,7.94186e10,34.6784807,35.5352885,SqEuclidean,output,16329,7.507984499963298e7,insample,2008
per,k_means,1262311769,100,5.13036e8,9.0894e10,34.647138,33.9328088,SqEuclidean,output,18861,8.6503506868357e7,insample,2011
per,k_means,1262311769,100,5.13036e8,8.98891e10,26.8969691,27.0592163,SqEuclidean,output,17708,8.5430216546304e7,insample,2012
per,k_means,1262311769,100,5.13036e8,9.68809e10,33.7754176,34.304205599999996,SqEuclidean,output,19872,9.239212479756e7,insample,2016
per,k_means,1400059389,100,5.22709e8,3.43351e9,55.6404577,44.3334149,SqEuclidean,output,5,4257.956435,initial,initial
per,k_means,1400059389,100,5.22709e8,8.74112e10,34.4469997,34.3385051,SqEuclidean,output,17849,8.3013882531138e7,insample,1982
per,k_means,1400059389,100,5.22709e8,7.69183e10,26.7915997,24.6862213,SqEuclidean,output,15795,7.248940727767101e7,insample,1986
per,k_means,1400059389,100,5.22709e8,7.19326e10,27.5561493,26.4121921,SqEuclidean,output,15604,6.7592485184533e7,insample,1990
per,k_means,1400059389,100,5.22709e8,8.32234e10,27.9953547,26.7052923,SqEuclidean,output,16982,7.8862496296364e7,insample,1994
per,k_means,1400059389,100,5.22709e8,6.99453e10,34.5565148,40.6623356,SqEuclidean,output,15366,6.560705334832699e7,insample,1998
per,k_means,1400059389,100,5.22709e8,8.48154e10,30.0434666,28.1905104,SqEuclidean,output,17073,8.0364117374225e7,insample,2004
per,k_means,1400059389,100,5.22709e8,7.19455e10,35.1736094,36.6393616,SqEuclidean,output,15089,6.761234830288401e7,insample,2008
per,k_means,1400059389,100,5.22709e8,8.31896e10,33.8336374,34.2009659,SqEuclidean,output,17564,7.88081588843e7,insample,2011
per,k_means,1400059389,100,5.22709e8,7.98384e10,28.0659038,26.8359605,SqEuclidean,output,16210,7.538691262785801e7,insample,2012
per,k_means,1400059389,100,5.22709e8,8.56144e10,33.7472228,35.891068499999996,SqEuclidean,output,18253,8.1129372743636e7,insample,2016
per,k_means,1693313909,100,5.07248e8,3.44287e9,60.3613235,40.1064632,SqEuclidean,output,0,0.0,initial,initial
per,k_means,1693313909,100,5.07248e8,9.62182e10,35.0283489,33.1175067,SqEuclidean,output,19448,9.1830593244636e7,insample,1982
per,k_means,1693313909,100,5.07248e8,8.43016e10,27.8552634,26.2324946,SqEuclidean,output,17256,7.9880416358243e7,insample,1986
per,k_means,1693313909,100,5.07248e8,8.01997e10,28.0716469,25.7711754,SqEuclidean,output,17147,7.5869291301661e7,insample,1990
per,k_means,1693313909,100,5.07248e8,9.14617e10,28.6997242,26.9842253,SqEuclidean,output,18544,8.7103443204017e7,insample,1994
per,k_means,1693313909,100,5.07248e8,7.67001e10,37.1448474,39.396997899999995,SqEuclidean,output,16684,7.236387449502501e7,insample,1998
per,k_means,1693313909,100,5.07248e8,9.39783e10,31.472931,29.1595282,SqEuclidean,output,18960,8.9536349733325e7,insample,2004
per,k_means,1693313909,100,5.07248e8,7.98927e10,35.9559619,34.5622516,SqEuclidean,output,16589,7.556398133832002e7,insample,2008
per,k_means,1693313909,100,5.07248e8,9.20226e10,35.881537,35.929662400000005,SqEuclidean,output,19248,8.7644156095653e7,insample,2011
per,k_means,1693313909,100,5.07248e8,8.8987e10,28.7123323,26.334445100000003,SqEuclidean,output,17824,8.453669412937e7,insample,2012
per,k_means,1693313909,100,5.07248e8,9.43477e10,36.5870666,32.8291035,SqEuclidean,output,19667,8.986137646961e7,insample,2016
per,k_means,2483487299,100,5.1274e8,3.41921e9,63.0425406,39.1749373,SqEuclidean,output,0,0.0,initial,initial
per,k_means,2483487299,100,5.1274e8,9.73797e10,34.8983265,35.0780946,SqEuclidean,output,19820,9.2960623100625e7,insample,1982
per,k_means,2483487299,100,5.1274e8,8.51567e10,27.8555389,24.989602199999997,SqEuclidean,output,17770,8.0699715373252e7,insample,1986
per,k_means,2483487299,100,5.1274e8,8.06408e10,27.5188822,25.3613521,SqEuclidean,output,17566,7.627267973931599e7,insample,1990
per,k_means,2483487299,100,5.1274e8,9.21457e10,27.1401311,25.815977,SqEuclidean,output,18926,8.775804975619999e7,insample,1994
per,k_means,2483487299,100,5.1274e8,7.76899e10,35.3541496,40.984206699999994,SqEuclidean,output,17136,7.3325731021713e7,insample,1998
per,k_means,2483487299,100,5.1274e8,9.49683e10,30.7270753,28.2543706,SqEuclidean,output,19441,9.0492919693403e7,insample,2004
per,k_means,2483487299,100,5.1274e8,8.11536e10,35.3100727,34.6140976,SqEuclidean,output,16945,7.679673242076999e7,insample,2008
per,k_means,2483487299,100,5.1274e8,9.29011e10,34.3730685,33.7397685,SqEuclidean,output,19522,8.8492545652435e7,insample,2011
per,k_means,2483487299,100,5.1274e8,9.10335e10,27.6024366,25.8055438,SqEuclidean,output,18384,8.6555695596925e7,insample,2012
per,k_means,2483487299,100,5.1274e8,9.72555e10,34.075266,34.947422,SqEuclidean,output,20263,9.2741023276254e7,insample,2016
per,k_means,2529186237,100,5.18137e8,3.43898e9,58.5093404,40.2745493,SqEuclidean,output,3,263.815755,initial,initial
per,k_means,2529186237,100,5.18137e8,9.36074e10,33.9763033,35.5842727,SqEuclidean,output,18876,8.9227966781232e7,insample,1982
per,k_means,2529186237,100,5.18137e8,8.10701e10,27.7846537,25.788577,SqEuclidean,output,16627,7.6658812715456e7,insample,1986
per,k_means,2529186237,100,5.18137e8,7.61001e10,27.7554992,25.5299358,SqEuclidean,output,16434,7.177596718733099e7,insample,1990
per,k_means,2529186237,100,5.18137e8,8.84682e10,27.7422579,25.3680109,SqEuclidean,output,17971,8.411602830541e7,insample,1994
per,k_means,2529186237,100,5.18137e8,7.41601e10,36.5602197,37.8741719,SqEuclidean,output,15911,6.9825004585107e7,insample,1998
per,k_means,2529186237,100,5.18137e8,9.18087e10,31.7091617,28.6969051,SqEuclidean,output,18342,8.738276464936101e7,insample,2004
per,k_means,2529186237,100,5.18137e8,7.75176e10,35.776605,35.560567500000005,SqEuclidean,output,15994,7.3199364259041e7,insample,2008
per,k_means,2529186237,100,5.18137e8,8.90645e10,34.2890009,34.958865900000006,SqEuclidean,output,18634,8.4693633282369e7,insample,2011
per,k_means,2529186237,100,5.18137e8,8.81115e10,27.3281879,26.0374744,SqEuclidean,output,17535,8.3674634612624e7,insample,2012
per,k_means,2529186237,100,5.18137e8,9.47042e10,36.2163216,35.578793,SqEuclidean,output,19399,9.023682104371e7,insample,2016
per,k_means,2910484191,100,5.14251e8,3.4347e9,65.0441957,40.29266,SqEuclidean,output,1,333.125096,initial,initial
per,k_means,2910484191,100,5.14251e8,9.81906e10,34.7918583,35.2390659,SqEuclidean,output,20011,9.3846372876335e7,insample,1982
per,k_means,2910484191,100,5.14251e8,8.56683e10,27.9273983,25.535919,SqEuclidean,output,17776,8.1284278227487e7,insample,1986
per,k_means,2910484191,100,5.14251e8,8.06375e10,27.0589652,26.602458,SqEuclidean,output,17542,7.634437374144599e7,insample,1990
per,k_means,2910484191,100,5.14251e8,9.27808e10,28.0049664,25.1213836,SqEuclidean,output,19108,8.8458701889963e7,insample,1994
per,k_means,2910484191,100,5.14251e8,7.8413e10,35.8946816,40.9154954,SqEuclidean,output,17316,7.4109352508816e7,insample,1998
per,k_means,2910484191,100,5.14251e8,9.63076e10,31.3489036,28.8846768,SqEuclidean,output,19744,9.1910876230575e7,insample,2004
per,k_means,2910484191,100,5.14251e8,8.22014e10,35.8905184,37.325965100000005,SqEuclidean,output,17290,7.7906913830812e7,insample,2008
per,k_means,2910484191,100,5.14251e8,9.35411e10,33.6903907,34.8305426,SqEuclidean,output,19692,8.920283621600601e7,insample,2011
per,k_means,2910484191,100,5.14251e8,9.20626e10,26.8172627,25.9439287,SqEuclidean,output,18769,8.765266491907501e7,insample,2012
per,k_means,2910484191,100,5.14251e8,9.82931e10,36.7576691,36.5889149,SqEuclidean,output,20603,9.3851078297514e7,insample,2016
per,k_means,2931455462,100,5.13962e8,3.43816e9,61.2574716,41.1558076,SqEuclidean,output,4,6251.624244,initial,initial
per,k_means,2931455462,100,5.13962e8,9.72249e10,34.6580243,34.1363439,SqEuclidean,output,19744,9.2849294366359e7,insample,1982
per,k_means,2931455462,100,5.13962e8,8.46528e10,27.2429106,26.190035700000003,SqEuclidean,output,17599,8.0242906331191e7,insample,1986
per,k_means,2931455462,100,5.13962e8,7.99458e10,27.3591595,26.1896076,SqEuclidean,output,17506,7.562368598840901e7,insample,1990
per,k_means,2931455462,100,5.13962e8,9.19094e10,26.4999545,25.8143735,SqEuclidean,output,19093,8.7561073185846e7,insample,1994
per,k_means,2931455462,100,5.13962e8,7.6894e10,35.1065975,37.435269,SqEuclidean,output,17033,7.2564008676805e7,insample,1998
per,k_means,2931455462,100,5.13962e8,9.42545e10,30.5572876,29.1499407,SqEuclidean,output,19109,8.983655590312901e7,insample,2004
per,k_means,2931455462,100,5.13962e8,7.9705e10,33.8878042,33.834548399999996,SqEuclidean,output,16646,7.539115829750201e7,insample,2008
per,k_means,2931455462,100,5.13962e8,9.25925e10,33.5888638,36.0791052,SqEuclidean,output,19480,8.822662758006701e7,insample,2011
per,k_means,2931455462,100,5.13962e8,9.0547e10,26.7986505,27.0774714,SqEuclidean,output,18014,8.612001468896401e7,insample,2012
per,k_means,2931455462,100,5.13962e8,9.76642e10,35.9675442,36.1547266,SqEuclidean,output,20203,9.3205437410451e7,insample,2016
per,k_means,3631457564,100,5.1824e8,3.44312e9,55.5439397,39.8855909,SqEuclidean,output,8,10401.262281,initial,initial
per,k_means,3631457564,100,5.1824e8,8.81034e10,33.9777861,34.241972700000005,SqEuclidean,output,18629,8.369406574619699e7,insample,1982
per,k_means,3631457564,100,5.1824e8,7.61303e10,27.6148474,26.0761651,SqEuclidean,output,16276,7.168816403158101e7,insample,1986
per,k_means,3631457564,100,5.1824e8,7.08446e10,28.2643691,26.4816616,SqEuclidean,output,16113,6.6489076457417995e7,insample,1990
per,k_means,3631457564,100,5.1824e8,8.22353e10,27.3267363,25.2932876,SqEuclidean,output,17718,7.7847845962228e7,insample,1994
per,k_means,3631457564,100,5.1824e8,6.9119e10,36.4955725,36.9560663,SqEuclidean,output,15972,6.4755682784307e7,insample,1998
per,k_means,3631457564,100,5.1824e8,8.49367e10,31.4159251,29.2984539,SqEuclidean,output,17956,8.047998697512501e7,insample,2004
per,k_means,3631457564,100,5.1824e8,7.30244e10,35.8185062,33.6673894,SqEuclidean,output,15833,6.867536081971e7,insample,2008
per,k_means,3631457564,100,5.1824e8,8.34479e10,35.3770402,35.9475495,SqEuclidean,output,18268,7.904218840142399e7,insample,2011
per,k_means,3631457564,100,5.1824e8,8.18486e10,27.2750537,25.7628434,SqEuclidean,output,17232,7.7377774484871e7,insample,2012
per,k_means,3631457564,100,5.1824e8,8.68119e10,40.9723797,34.7200273,SqEuclidean,output,18859,8.230921294306e7,insample,2016
per,k_means,472808301,100,5.15565e8,3.44315e9,54.8068143,40.1245396,SqEuclidean,output,1,1639.602625,initial,initial
per,k_means,472808301,100,5.15565e8,9.28944e10,33.1951779,36.5102057,SqEuclidean,output,19725,8.8527635920233e7,insample,1982
per,k_means,472808301,100,5.15565e8,8.02677e10,27.0511135,24.824523000000003,SqEuclidean,output,17361,7.5867747411865e7,insample,1986
per,k_means,472808301,100,5.15565e8,7.42122e10,27.2375056,25.2435538,SqEuclidean,output,17060,6.989827768204899e7,insample,1990
per,k_means,472808301,100,5.15565e8,8.7972e10,26.3728018,25.515440499999997,SqEuclidean,output,18687,8.363641524255e7,insample,1994
per,k_means,472808301,100,5.15565e8,7.26832e10,35.3903933,40.47937580000001,SqEuclidean,output,16677,6.8363956536676e7,insample,1998
per,k_means,472808301,100,5.15565e8,9.02648e10,29.853306,28.0782602,SqEuclidean,output,19141,8.585136505011299e7,insample,2004
per,k_means,472808301,100,5.15565e8,7.58693e10,33.0551171,34.6003847,SqEuclidean,output,16802,7.155898712872201e7,insample,2008
per,k_means,472808301,100,5.15565e8,8.8402e10,34.7381658,35.5544704,SqEuclidean,output,19345,8.4047799534437e7,insample,2011
per,k_means,472808301,100,5.15565e8,8.6125e10,27.0561119,25.6379438,SqEuclidean,output,18070,8.1706173892504e7,insample,2012
per,k_means,472808301,100,5.15565e8,9.32595e10,36.1372144,40.6891401,SqEuclidean,output,20103,8.8812158429591e7,insample,2016
per,k_means,1516602964,20,4.68699e8,3.14516e9,7.5594696,63.2581642,SqEuclidean,output,0,0.0,initial,initial
per,k_means,1516602964,20,4.68699e8,1.74739e11,37.753905,36.6416662,SqEuclidean,output,31730,1.70181476516452e8,insample,1982
per,k_means,1516602964,20,4.68699e8,1.55711e11,35.7441427,36.082585300000005,SqEuclidean,output,28699,1.51110331521492e8,insample,1986
per,k_means,1516602964,20,4.68699e8,1.52181e11,34.6108114,36.4621475,SqEuclidean,output,28257,1.4768086844993e8,insample,1990
per,k_means,1516602964,20,4.68699e8,1.65041e11,34.2991561,34.225979599999995,SqEuclidean,output,30257,1.6051902613536698e8,insample,1994
per,k_means,1516602964,20,4.68699e8,1.45321e11,34.7301112,33.4847577,SqEuclidean,output,27620,1.40817814788633e8,insample,1998
per,k_means,1516602964,20,4.68699e8,1.69381e11,34.7792339,33.989895000000004,SqEuclidean,output,30819,1.64748246751486e8,insample,2004
per,k_means,1516602964,20,4.68699e8,1.51903e11,36.8546129,34.1181905,SqEuclidean,output,28544,1.47383077400597e8,insample,2008
per,k_means,1516602964,20,4.68699e8,1.68794e11,34.4748417,30.353802,SqEuclidean,output,30758,1.64241233569585e8,insample,2011
per,k_means,1516602964,20,4.68699e8,1.64049e11,36.0920451,36.194111799999995,SqEuclidean,output,29755,1.59421761718736e8,insample,2012
per,k_means,1516602964,20,4.68699e8,1.80724e11,35.1539529,34.5611701,SqEuclidean,output,33138,1.76056464041027e8,insample,2016
per,k_means,1886534858,20,4.66206e8,3.14686e9,7.7985428,60.71742090000001,SqEuclidean,output,0,0.0,initial,initial
per,k_means,1886534858,20,4.66206e8,1.72997e11,37.2058103,35.5699996,SqEuclidean,output,31376,1.6843087622562402e8,insample,1982
per,k_means,1886534858,20,4.66206e8,1.54129e11,36.7310424,35.9415886,SqEuclidean,output,28567,1.49521592477691e8,insample,1986
per,k_means,1886534858,20,4.66206e8,1.50286e11,36.0121942,37.0583593,SqEuclidean,output,28058,1.45780425365841e8,insample,1990
per,k_means,1886534858,20,4.66206e8,1.63609e11,35.4544159,35.2997852,SqEuclidean,output,29969,1.5907873115099198e8,insample,1994
per,k_means,1886534858,20,4.66206e8,1.43765e11,34.6919658,33.4461966,SqEuclidean,output,27402,1.39254406003317e8,insample,1998
per,k_means,1886534858,20,4.66206e8,1.67713e11,36.1272194,34.1176192,SqEuclidean,output,30487,1.63071867067424e8,insample,2004
per,k_means,1886534858,20,4.66206e8,1.50369e11,35.9981564,33.3473428,SqEuclidean,output,28225,1.4584243751634598e8,insample,2008
per,k_means,1886534858,20,4.66206e8,1.66716e11,34.6086924,31.2361684,SqEuclidean,output,30460,1.621544643323e8,insample,2011
per,k_means,1886534858,20,4.66206e8,1.62632e11,36.8915463,35.8483024,SqEuclidean,output,29583,1.57997829769568e8,insample,2012
per,k_means,1886534858,20,4.66206e8,1.7918e11,39.9598587,36.6904731,SqEuclidean,output,32791,1.74503769117457e8,insample,2016
per,k_means,2317698438,20,4.6926e8,3.14716e9,7.2769842,56.013041599999994,SqEuclidean,output,0,0.0,initial,initial
per,k_means,2317698438,20,4.6926e8,1.72429e11,33.7005482,32.4031619,SqEuclidean,output,31315,1.67872615913351e8,insample,1982
per,k_means,2317698438,20,4.6926e8,1.53675e11,36.358079,35.2255905,SqEuclidean,output,28458,1.49078341293668e8,insample,1986
per,k_means,2317698438,20,4.6926e8,1.49624e11,35.1330919,34.0705793,SqEuclidean,output,27895,1.45127417228372e8,insample,1990
per,k_means,2317698438,20,4.6926e8,1.63056e11,35.1956083,36.5416826,SqEuclidean,output,29864,1.5853562736842102e8,insample,1994
per,k_means,2317698438,20,4.6926e8,1.43557e11,34.5680697,34.588766400000004,SqEuclidean,output,27298,1.3905553288515198e8,insample,1998
per,k_means,2317698438,20,4.6926e8,1.67068e11,34.572131,32.7931475,SqEuclidean,output,30551,1.6243904528174e8,insample,2004
per,k_means,2317698438,20,4.6926e8,1.49959e11,34.5757955,35.1543392,SqEuclidean,output,28186,1.4544276266225398e8,insample,2008
per,k_means,2317698438,20,4.6926e8,1.66275e11,34.815423,33.4362723,SqEuclidean,output,30411,1.61725669848891e8,insample,2011
per,k_means,2317698438,20,4.6926e8,1.62096e11,34.4510399,33.788891400000004,SqEuclidean,output,29426,1.5747138038950998e8,insample,2012
per,k_means,2317698438,20,4.6926e8,1.78464e11,36.7506086,33.960631,SqEuclidean,output,32686,1.73801911824667e8,insample,2016
per,k_means,2466700586,20,4.68738e8,3.14636e9,6.8726328,56.7617428,SqEuclidean,output,0,0.0,initial,initial
per,k_means,2466700586,20,4.68738e8,1.75572e11,38.4465536,38.7105243,SqEuclidean,output,31384,1.7102493116488302e8,insample,1982
per,k_means,2466700586,20,4.68738e8,1.56576e11,35.9958861,35.2954796,SqEuclidean,output,28527,1.51985318974352e8,insample,1986
per,k_means,2466700586,20,4.68738e8,1.5296e11,36.4053923,37.1059966,SqEuclidean,output,28157,1.48471579601112e8,insample,1990
per,k_means,2466700586,20,4.68738e8,1.65786e11,35.7506001,38.77788090000001,SqEuclidean,output,29973,1.6127354495853698e8,insample,1994
per,k_means,2466700586,20,4.68738e8,1.46132e11,36.3419601,35.6759385,SqEuclidean,output,27486,1.41637197105206e8,insample,1998
per,k_means,2466700586,20,4.68738e8,1.7026e11,36.3515186,35.967771299999995,SqEuclidean,output,30542,1.65639556721395e8,insample,2004
per,k_means,2466700586,20,4.68738e8,1.52704e11,37.8872895,37.405444,SqEuclidean,output,28442,1.4819456147443497e8,insample,2008
per,k_means,2466700586,20,4.68738e8,1.69473e11,36.7741776,38.557168,SqEuclidean,output,30543,1.6493069552666897e8,insample,2011
per,k_means,2466700586,20,4.68738e8,1.64958e11,35.3942886,33.4917628,SqEuclidean,output,29586,1.6034137265154e8,insample,2012
per,k_means,2466700586,20,4.68738e8,1.81753e11,37.5397614,39.0576591,SqEuclidean,output,32883,1.7709672598972e8,insample,2016
per,k_means,2692059346,20,4.6719e8,3.14583e9,7.0549474,60.1825578,SqEuclidean,output,0,0.0,initial,initial
per,k_means,2692059346,20,4.6719e8,1.72546e11,35.5774016,36.8205731,SqEuclidean,output,31169,1.6796840726445702e8,insample,1982
per,k_means,2692059346,20,4.6719e8,1.53646e11,35.2475094,36.0634275,SqEuclidean,output,28272,1.4902723883301097e8,insample,1986
per,k_means,2692059346,20,4.6719e8,1.49611e11,35.7168379,33.510629099999996,SqEuclidean,output,27838,1.45095073792902e8,insample,1990
per,k_means,2692059346,20,4.6719e8,1.63246e11,35.7106018,35.404622599999996,SqEuclidean,output,29852,1.5870626166702902e8,insample,1994
per,k_means,2692059346,20,4.6719e8,1.43589e11,35.274486,33.222042200000004,SqEuclidean,output,27236,1.39068656429596e8,insample,1998
per,k_means,2692059346,20,4.6719e8,1.6719e11,35.1741187,34.802845,SqEuclidean,output,30161,1.6253755373736298e8,insample,2004
per,k_means,2692059346,20,4.6719e8,1.49907e11,37.4825952,33.2816261,SqEuclidean,output,27988,1.45368948713767e8,insample,2008
per,k_means,2692059346,20,4.6719e8,1.66331e11,33.6340745,34.143944,SqEuclidean,output,30187,1.6175896425071198e8,insample,2011
per,k_means,2692059346,20,4.6719e8,1.62339e11,37.2956088,33.7788191,SqEuclidean,output,29312,1.5769365229117602e8,insample,2012
per,k_means,2692059346,20,4.6719e8,1.78782e11,35.9587945,36.3203937,SqEuclidean,output,32483,1.74092629428642e8,insample,2016
per,k_means,3032526906,20,4.69413e8,3.14507e9,6.9024345,60.8614347,SqEuclidean,output,0,0.0,initial,initial
per,k_means,3032526906,20,4.69413e8,1.76067e11,35.0264759,35.7317283,SqEuclidean,output,31620,1.71508646611307e8,insample,1982
per,k_means,3032526906,20,4.69413e8,1.56881e11,35.300143,36.9993616,SqEuclidean,output,28655,1.52281524605541e8,insample,1986
per,k_means,3032526906,20,4.69413e8,1.5281e11,39.109164,38.2265474,SqEuclidean,output,28230,1.4831071913884e8,insample,1990
per,k_means,3032526906,20,4.69413e8,1.6621e11,41.2757283,42.3541042,SqEuclidean,output,30245,1.6168748896842802e8,insample,1994
per,k_means,3032526906,20,4.69413e8,1.46633e11,38.8635903,42.589972200000005,SqEuclidean,output,27742,1.4213021072447002e8,insample,1998
per,k_means,3032526906,20,4.69413e8,1.70456e11,39.6526782,41.7306528,SqEuclidean,output,30726,1.6582348267421e8,insample,2004
per,k_means,3032526906,20,4.69413e8,1.53193e11,40.4665053,40.3790773,SqEuclidean,output,28538,1.4867271939172602e8,insample,2008
per,k_means,3032526906,20,4.69413e8,1.69823e11,39.3049232,41.6711737,SqEuclidean,output,30753,1.6527027707370198e8,insample,2011
per,k_means,3032526906,20,4.69413e8,1.65498e11,37.8620858,41.9493493,SqEuclidean,output,29729,1.60870543584278e8,insample,2012
per,k_means,3032526906,20,4.69413e8,1.82236e11,39.7027473,43.2077511,SqEuclidean,output,32995,1.77568944458401e8,insample,2016
per,k_means,3214418042,20,4.69577e8,3.14471e9,7.2936278,59.3047212,SqEuclidean,output,0,0.0,initial,initial
per,k_means,3214418042,20,4.69577e8,1.73342e11,36.9143031,38.5886519,SqEuclidean,output,31617,1.68771068867408e8,insample,1982
per,k_means,3214418042,20,4.69577e8,1.54606e11,37.7966511,39.6306804,SqEuclidean,output,28567,1.4999279999305698e8,insample,1986
per,k_means,3214418042,20,4.69577e8,1.50819e11,36.3726194,40.9071257,SqEuclidean,output,28219,1.46307337844009e8,insample,1990
per,k_means,3214418042,20,4.69577e8,1.63825e11,37.4077768,38.6214903,SqEuclidean,output,29987,1.59291041689533e8,insample,1994
per,k_means,3214418042,20,4.69577e8,1.44314e11,36.2946869,36.414821,SqEuclidean,output,27589,1.39798475857897e8,insample,1998
per,k_means,3214418042,20,4.69577e8,1.67958e11,36.3369631,38.5029285,SqEuclidean,output,30737,1.6331161654141998e8,insample,2004
per,k_means,3214418042,20,4.69577e8,1.50712e11,38.066716,38.0774843,SqEuclidean,output,28327,1.46178077370328e8,insample,2008
per,k_means,3214418042,20,4.69577e8,1.67373e11,36.2551609,36.779659800000005,SqEuclidean,output,30568,1.62807758842713e8,insample,2011
per,k_means,3214418042,20,4.69577e8,1.62769e11,36.1261282,37.197833,SqEuclidean,output,29628,1.5812720813297397e8,insample,2012
per,k_means,3214418042,20,4.69577e8,1.79198e11,37.8799668,40.0884779,SqEuclidean,output,33004,1.74516123194751e8,insample,2016
per,k_means,3217763985,20,4.6872e8,3.14621e9,7.5381963,61.0021155,SqEuclidean,output,0,0.0,initial,initial
per,k_means,3217763985,20,4.6872e8,1.73553e11,39.806932,41.3982734,SqEuclidean,output,31021,1.6899740403353003e8,insample,1982
per,k_means,3217763985,20,4.6872e8,1.54607e11,38.8880066,37.2527749,SqEuclidean,output,28333,1.50007039158727e8,insample,1986
per,k_means,3217763985,20,4.6872e8,1.51143e11,37.8626168,40.8045607,SqEuclidean,output,27947,1.46645394580734e8,insample,1990
per,k_means,3217763985,20,4.6872e8,1.6402e11,37.2198288,38.5130986,SqEuclidean,output,29761,1.59499274293128e8,insample,1994
per,k_means,3217763985,20,4.6872e8,1.44394e11,38.0973984,39.6863217,SqEuclidean,output,27250,1.3989207694906402e8,insample,1998
per,k_means,3217763985,20,4.6872e8,1.68232e11,39.6336978,41.2806077,SqEuclidean,output,30291,1.63602952328671e8,insample,2004
per,k_means,3217763985,20,4.6872e8,1.50772e11,38.7283395,39.1867137,SqEuclidean,output,28017,1.46255523008748e8,insample,2008
per,k_means,3217763985,20,4.6872e8,1.67595e11,40.5477908,38.953679699999995,SqEuclidean,output,30263,1.63043468174451e8,insample,2011
per,k_means,3217763985,20,4.6872e8,1.63014e11,39.3400585,41.561513,SqEuclidean,output,29359,1.58388811651349e8,insample,2012
per,k_means,3217763985,20,4.6872e8,1.79535e11,38.6882361,39.3018414,SqEuclidean,output,32521,1.74868764160168e8,insample,2016
per,k_means,3272403283,20,4.65622e8,3.14757e9,6.9453317,57.8181984,SqEuclidean,output,0,0.0,initial,initial
per,k_means,3272403283,20,4.65622e8,1.72234e11,37.9848815,41.9756657,SqEuclidean,output,31088,1.67659635556171e8,insample,1982
per,k_means,3272403283,20,4.65622e8,1.53314e11,36.1308195,37.0893335,SqEuclidean,output,28249,1.48698608305544e8,insample,1986
per,k_means,3272403283,20,4.65622e8,1.49541e11,36.2566898,38.5977389,SqEuclidean,output,27767,1.450280060944e8,insample,1990
per,k_means,3272403283,20,4.65622e8,1.62837e11,37.4197502,39.4374195,SqEuclidean,output,29756,1.58298746321389e8,insample,1994
per,k_means,3272403283,20,4.65622e8,1.43297e11,37.6910701,37.325493,SqEuclidean,output,27322,1.38779011112072e8,insample,1998
per,k_means,3272403283,20,4.65622e8,1.66895e11,37.2804162,37.5353737,SqEuclidean,output,30095,1.6224554482374e8,insample,2004
per,k_means,3272403283,20,4.65622e8,1.49513e11,37.7684801,37.4786392,SqEuclidean,output,27887,1.4497936764651e8,insample,2008
per,k_means,3272403283,20,4.65622e8,1.66085e11,36.6414607,39.5490406,SqEuclidean,output,30259,1.6151643924471802e8,insample,2011
per,k_means,3272403283,20,4.65622e8,1.61898e11,36.4179015,40.2826568,SqEuclidean,output,29252,1.5725538674388498e8,insample,2012
per,k_means,3272403283,20,4.65622e8,1.78322e11,35.3951281,35.612784,SqEuclidean,output,32567,1.73636524500537e8,insample,2016
per,k_means,408956147,20,4.70791e8,3.14463e9,7.6774869,56.4043003,SqEuclidean,output,0,0.0,initial,initial
per,k_means,408956147,20,4.70791e8,1.73421e11,35.3298902,36.1674449,SqEuclidean,output,31046,1.6885031559941798e8,insample,1982
per,k_means,408956147,20,4.70791e8,1.54379e11,35.5045245,34.3326847,SqEuclidean,output,28184,1.49764450650937e8,insample,1986
per,k_means,408956147,20,4.70791e8,1.50823e11,33.0687603,36.467106,SqEuclidean,output,27648,1.4631053145166302e8,insample,1990
per,k_means,408956147,20,4.70791e8,1.63843e11,37.2372585,31.664128199999997,SqEuclidean,output,29704,1.5930783542633998e8,insample,1994
per,k_means,408956147,20,4.70791e8,1.44322e11,34.7091578,34.1478864,SqEuclidean,output,27135,1.39806461758713e8,insample,1998
per,k_means,408956147,20,4.70791e8,1.67946e11,36.1837453,34.3168886,SqEuclidean,output,30062,1.6330013290837598e8,insample,2004
per,k_means,408956147,20,4.70791e8,1.50486e11,35.2471699,34.1718812,SqEuclidean,output,27879,1.45951890267667e8,insample,2008
per,k_means,408956147,20,4.70791e8,1.6753e11,36.4473714,35.036040899999996,SqEuclidean,output,30265,1.6296318048599702e8,insample,2011
per,k_means,408956147,20,4.70791e8,1.62823e11,34.5041358,35.3726148,SqEuclidean,output,29161,1.5818174510731304e8,insample,2012
per,k_means,408956147,20,4.70791e8,1.79223e11,35.9375994,32.7519199,SqEuclidean,output,32421,1.74539510979007e8,insample,2016
per,k_means,1040218444,200,5.59835e8,3.50537e9,166.4371734,42.0117691,SqEuclidean,output,43,104871.64946200002,initial,initial
per,k_means,1040218444,200,5.59835e8,5.50097e10,36.4338298,36.483912200000006,SqEuclidean,output,11756,5.0697150948814996e7,insample,1982
per,k_means,1040218444,200,5.59835e8,4.64939e10,28.0849924,26.2262708,SqEuclidean,output,10123,4.215242141717599e7,insample,1986
per,k_means,1040218444,200,5.59835e8,4.21696e10,28.7800461,26.7493909,SqEuclidean,output,9585,3.7928942435076e7,insample,1990
per,k_means,1040218444,200,5.59835e8,5.20869e10,27.2376428,25.6388537,SqEuclidean,output,11153,4.780503279799101e7,insample,1994
per,k_means,1040218444,200,5.59835e8,4.09848e10,37.0451705,40.8120892,SqEuclidean,output,9840,3.6720375226228e7,insample,1998
per,k_means,1040218444,200,5.59835e8,5.27288e10,32.0725316,28.8343417,SqEuclidean,output,11214,4.8382676472417e7,insample,2004
per,k_means,1040218444,200,5.59835e8,4.21305e10,34.9817394,33.760490600000004,SqEuclidean,output,9545,3.7877685272796005e7,insample,2008
per,k_means,1040218444,200,5.59835e8,5.0689e10,35.3641974,34.4865439,SqEuclidean,output,11585,4.6383082943846e7,insample,2011
per,k_means,1040218444,200,5.59835e8,4.83021e10,27.1038981,25.920676800000003,SqEuclidean,output,10754,4.393555843097299e7,insample,2012
per,k_means,1040218444,200,5.59835e8,5.16736e10,36.5962502,37.1106211,SqEuclidean,output,11710,4.7291972523674e7,insample,2016
per,k_means,1498923158,200,5.66761e8,3.48345e9,170.6438938,41.52274,SqEuclidean,output,47,102871.27126199998,initial,initial
per,k_means,1498923158,200,5.66761e8,5.32553e10,36.343189,36.6599053,SqEuclidean,output,11581,4.8945232884414e7,insample,1982
per,k_means,1498923158,200,5.66761e8,4.55894e10,29.2225218,24.7735357,SqEuclidean,output,9853,4.125153716161699e7,insample,1986
per,k_means,1498923158,200,5.66761e8,4.00293e10,29.08075,25.643636800000003,SqEuclidean,output,9511,3.5794411379549e7,insample,1990
per,k_means,1498923158,200,5.66761e8,5.09468e10,29.801877,26.5032257,SqEuclidean,output,10750,4.6676509689328e7,insample,1994
per,k_means,1498923158,200,5.66761e8,3.97121e10,38.6685648,39.3643474,SqEuclidean,output,9458,3.5452773618040994e7,insample,1998
per,k_means,1498923158,200,5.66761e8,5.10808e10,32.2918507,29.0609664,SqEuclidean,output,10800,4.673849434209e7,insample,2004
per,k_means,1498923158,200,5.66761e8,4.04239e10,37.0347751,32.331472899999994,SqEuclidean,output,9318,3.6180818832024e7,insample,2008
per,k_means,1498923158,200,5.66761e8,4.95093e10,35.7130636,34.567382699999996,SqEuclidean,output,11574,4.5207115579285e7,insample,2011
per,k_means,1498923158,200,5.66761e8,4.61015e10,29.1989401,25.982653600000003,SqEuclidean,output,10430,4.1738699545388e7,insample,2012
per,k_means,1498923158,200,5.66761e8,4.9382e10,38.0056857,37.6780531,SqEuclidean,output,11540,4.5007373216338e7,insample,2016
per,k_means,1571330722,200,5.7536e8,3.47463e9,170.6220174,41.5188604,SqEuclidean,output,16,16844.668354,initial,initial
per,k_means,1571330722,200,5.7536e8,5.22178e10,35.2514997,33.4399677,SqEuclidean,output,11565,4.7885771643485e7,insample,1982
per,k_means,1571330722,200,5.7536e8,4.36083e10,28.069079,26.9591801,SqEuclidean,output,9571,3.924535775868e7,insample,1986
per,k_means,1571330722,200,5.7536e8,4.04262e10,27.7064163,25.3868802,SqEuclidean,output,9630,3.6158105644179e7,insample,1990
per,k_means,1571330722,200,5.7536e8,4.85692e10,28.5903504,26.1767406,SqEuclidean,output,10799,4.426892424773699e7,insample,1994
per,k_means,1571330722,200,5.7536e8,3.85582e10,37.32569,37.4866441,SqEuclidean,output,9400,3.4279001279337004e7,insample,1998
per,k_means,1571330722,200,5.7536e8,4.89381e10,30.9884334,28.1508045,SqEuclidean,output,10674,4.4569654244252e7,insample,2004
per,k_means,1571330722,200,5.7536e8,3.85484e10,34.8994127,33.9869835,SqEuclidean,output,9029,3.4284516724646e7,insample,2008
per,k_means,1571330722,200,5.7536e8,4.76346e10,35.0984141,35.4639186,SqEuclidean,output,11260,4.330719151285199e7,insample,2011
per,k_means,1571330722,200,5.7536e8,4.34778e10,27.0257032,26.2145834,SqEuclidean,output,9916,3.9088646278625995e7,insample,2012
per,k_means,1571330722,200,5.7536e8,4.76931e10,34.8339682,38.7563546,SqEuclidean,output,10979,4.3295765810421005e7,insample,2016
per,k_means,2110474755,200,5.7118e8,3.50289e9,148.4286657,40.9104819,SqEuclidean,output,89,178056.25067399998,initial,initial
per,k_means,2110474755,200,5.7118e8,5.53968e10,37.1312913,35.5418306,SqEuclidean,output,12448,5.1078692453163e7,insample,1982
per,k_means,2110474755,200,5.7118e8,4.79887e10,29.1434894,24.975477,SqEuclidean,output,10632,4.3640597285105005e7,insample,1986
per,k_means,2110474755,200,5.7118e8,4.16817e10,28.9745264,25.2020742,SqEuclidean,output,10256,3.7432298708411e7,insample,1990
per,k_means,2110474755,200,5.7118e8,5.31598e10,29.2055712,25.5901468,SqEuclidean,output,11880,4.8873488045692995e7,insample,1994
per,k_means,2110474755,200,5.7118e8,4.19645e10,37.8672161,38.8218075,SqEuclidean,output,10226,3.7698553409727e7,insample,1998
per,k_means,2110474755,200,5.7118e8,5.33305e10,31.941114,28.3120606,SqEuclidean,output,11806,4.8984826048849e7,insample,2004
per,k_means,2110474755,200,5.7118e8,4.18315e10,37.1269176,33.9711266,SqEuclidean,output,9846,3.7584878912214994e7,insample,2008
per,k_means,2110474755,200,5.7118e8,5.16883e10,35.7682569,34.8708887,SqEuclidean,output,12260,4.7386107586829e7,insample,2011
per,k_means,2110474755,200,5.7118e8,4.84057e10,28.8846701,27.014096799999997,SqEuclidean,output,11090,4.4049093937332e7,insample,2012
per,k_means,2110474755,200,5.7118e8,5.02244e10,40.4962125,40.2369489,SqEuclidean,output,12070,4.5849097370472e7,insample,2016
per,k_means,2358156674,200,5.73658e8,3.47976e9,148.3610868,41.9324779,SqEuclidean,output,52,145334.268774,initial,initial
per,k_means,2358156674,200,5.73658e8,5.3038e10,36.5837108,34.8072815,SqEuclidean,output,11643,4.8735548212656006e7,insample,1982
per,k_means,2358156674,200,5.73658e8,4.49153e10,29.7970332,25.494760000000003,SqEuclidean,output,9685,4.0579636643285e7,insample,1986
per,k_means,2358156674,200,5.73658e8,4.09549e10,29.0015873,25.103639,SqEuclidean,output,9617,3.672065259452e7,insample,1990
per,k_means,2358156674,200,5.73658e8,5.11359e10,29.4403119,25.7476771,SqEuclidean,output,10911,4.6868532227265e7,insample,1994
per,k_means,2358156674,200,5.73658e8,3.94077e10,38.4189698,37.3961347,SqEuclidean,output,9366,3.5157597453943e7,insample,1998
per,k_means,2358156674,200,5.73658e8,5.09001e10,32.004391,28.0929798,SqEuclidean,output,10854,4.6568545462855995e7,insample,2004
per,k_means,2358156674,200,5.73658e8,3.9468e10,37.7866103,36.5103576,SqEuclidean,output,9372,3.523198181184e7,insample,2008
per,k_means,2358156674,200,5.73658e8,4.86607e10,36.828552,36.257274300000006,SqEuclidean,output,11476,4.4369036568999e7,insample,2011
per,k_means,2358156674,200,5.73658e8,4.60484e10,29.5060943,25.5255025,SqEuclidean,output,10383,4.1699755237863e7,insample,2012
per,k_means,2358156674,200,5.73658e8,4.80627e10,38.6389165,36.5652338,SqEuclidean,output,11156,4.3703335744072005e7,insample,2016
per,k_means,2454944798,200,5.54224e8,3.48975e9,155.047403,41.9981905,SqEuclidean,output,13,7324.100680000001,initial,initial
per,k_means,2454944798,200,5.54224e8,6.39012e10,34.5787901,36.1376578,SqEuclidean,output,13312,5.960501668600701e7,insample,1982
per,k_means,2454944798,200,5.54224e8,5.32832e10,27.7849103,25.0874532,SqEuclidean,output,11355,4.8944994089145e7,insample,1986
per,k_means,2454944798,200,5.54224e8,4.8353e10,27.9527116,26.796512,SqEuclidean,output,11046,4.4112988906754e7,insample,1990
per,k_means,2454944798,200,5.54224e8,5.92786e10,27.3423459,26.0983919,SqEuclidean,output,12287,5.5012892469098e7,insample,1994
per,k_means,2454944798,200,5.54224e8,4.73992e10,35.6878381,38.9018958,SqEuclidean,output,10754,4.3147361659498006e7,insample,1998
per,k_means,2454944798,200,5.54224e8,6.08954e10,30.8157605,28.583021799999997,SqEuclidean,output,12385,5.6559760435608e7,insample,2004
per,k_means,2454944798,200,5.54224e8,4.8815e10,35.2213226,35.658136,SqEuclidean,output,10589,4.4573240059484e7,insample,2008
per,k_means,2454944798,200,5.54224e8,5.93439e10,35.4941863,35.1131404,SqEuclidean,output,13130,5.505409676495699e7,insample,2011
per,k_means,2454944798,200,5.54224e8,5.58351e10,27.1238393,25.4352446,SqEuclidean,output,11859,5.1480671011438e7,insample,2012
per,k_means,2454944798,200,5.54224e8,6.07715e10,37.834494,37.6159074,SqEuclidean,output,12887,5.640892569524799e7,insample,2016
per,k_means,3126457023,200,5.6402e8,3.49591e9,167.6270805,41.5810304,SqEuclidean,output,57,69852.56364200002,initial,initial
per,k_means,3126457023,200,5.6402e8,6.11618e10,34.9452475,36.7607442,SqEuclidean,output,13179,5.6888450958255e7,insample,1982
per,k_means,3126457023,200,5.6402e8,5.19872e10,27.3054005,25.5302153,SqEuclidean,output,11316,4.7681121478397e7,insample,1986
per,k_means,3126457023,200,5.6402e8,4.50879e10,28.3494818,26.3685022,SqEuclidean,output,10588,4.0878574451331e7,insample,1990
per,k_means,3126457023,200,5.6402e8,5.73367e10,28.7294198,25.5481027,SqEuclidean,output,12248,5.3090882226198e7,insample,1994
per,k_means,3126457023,200,5.6402e8,4.54019e10,36.5677453,40.3046999,SqEuclidean,output,10732,4.1167205222402e7,insample,1998
per,k_means,3126457023,200,5.6402e8,5.77069e10,30.9629227,27.624834,SqEuclidean,output,12175,5.340148453615101e7,insample,2004
per,k_means,3126457023,200,5.6402e8,4.74715e10,33.9529057,32.660434599999995,SqEuclidean,output,10565,4.3255961824644e7,insample,2008
per,k_means,3126457023,200,5.6402e8,5.72753e10,34.8279471,33.206720399999995,SqEuclidean,output,12877,5.3013591717293e7,insample,2011
per,k_means,3126457023,200,5.6402e8,5.3484e10,27.6947427,24.8836509,SqEuclidean,output,11898,4.916232673318301e7,insample,2012
per,k_means,3126457023,200,5.6402e8,5.74802e10,35.86923,39.8612096,SqEuclidean,output,12867,5.314286109583999e7,insample,2016
per,k_means,4093639103,200,5.4904e8,3.50838e9,159.7273989,41.5444997,SqEuclidean,output,44,39467.51160599999,initial,initial
per,k_means,4093639103,200,5.4904e8,6.15524e10,36.774528,37.1532756,SqEuclidean,output,14208,5.7231386936021e7,insample,1982
per,k_means,4093639103,200,5.4904e8,5.20415e10,29.4145186,26.5038204,SqEuclidean,output,12099,4.769209737461901e7,insample,1986
per,k_means,4093639103,200,5.4904e8,4.72476e10,29.0958895,26.6730636,SqEuclidean,output,11620,4.2997146385698006e7,insample,1990
per,k_means,4093639103,200,5.4904e8,5.87227e10,29.448207,25.615082299999997,SqEuclidean,output,13424,5.4428490184437e7,insample,1994
per,k_means,4093639103,200,5.4904e8,4.6538e10,38.7067293,38.7068139,SqEuclidean,output,11729,4.2264443790178e7,insample,1998
per,k_means,4093639103,200,5.4904e8,5.95309e10,32.2930349,27.7728904,SqEuclidean,output,13360,5.5179115430835e7,insample,2004
per,k_means,4093639103,200,5.4904e8,4.72971e10,37.0179493,36.5606039,SqEuclidean,output,11386,4.3039419397957e7,insample,2008
per,k_means,4093639103,200,5.4904e8,5.67159e10,35.4937019,34.2974682,SqEuclidean,output,13781,5.2400738300404e7,insample,2011
per,k_means,4093639103,200,5.4904e8,5.54405e10,28.3865935,25.6428876,SqEuclidean,output,12668,5.1076553750897005e7,insample,2012
per,k_means,4093639103,200,5.4904e8,5.83699e10,38.108514,37.0101443,SqEuclidean,output,14017,5.3981046107154995e7,insample,2016
per,k_means,4109171108,200,5.78018e8,3.5278e9,161.6131439,42.0921533,SqEuclidean,output,70,225609.2065270001,initial,initial
per,k_means,4109171108,200,5.78018e8,5.19534e10,35.577517,32.9904603,SqEuclidean,output,12333,4.761388422780499e7,insample,1982
per,k_means,4109171108,200,5.78018e8,4.52869e10,28.7633654,25.1244613,SqEuclidean,output,10568,4.0913362675891e7,insample,1986
per,k_means,4109171108,200,5.78018e8,4.09373e10,29.1925227,26.5460769,SqEuclidean,output,10333,3.666463060134899e7,insample,1990
per,k_means,4109171108,200,5.78018e8,4.99772e10,28.57431,25.7622006,SqEuclidean,output,11737,4.5662085604852e7,insample,1994
per,k_means,4109171108,200,5.78018e8,4.09428e10,37.1094662,39.140766500000005,SqEuclidean,output,10482,3.664856343210101e7,insample,1998
per,k_means,4109171108,200,5.78018e8,5.01548e10,30.8579254,28.3794853,SqEuclidean,output,11796,4.5776848364755005e7,insample,2004
per,k_means,4109171108,200,5.78018e8,4.14443e10,34.7081893,34.3469571,SqEuclidean,output,10072,3.7171747188981e7,insample,2008
per,k_means,4109171108,200,5.78018e8,4.85197e10,35.9260364,35.9796396,SqEuclidean,output,12150,4.4187476969055995e7,insample,2011
per,k_means,4109171108,200,5.78018e8,4.69615e10,27.4624599,25.5157216,SqEuclidean,output,11159,4.256957951996e7,insample,2012
per,k_means,4109171108,200,5.78018e8,4.95854e10,38.4309959,37.1432581,SqEuclidean,output,12296,4.51769809166e7,insample,2016
per,k_means,535977374,200,5.63682e8,3.49563e9,170.783225,41.4657541,SqEuclidean,output,72,159589.01983200002,initial,initial
per,k_means,535977374,200,5.63682e8,5.69174e10,35.1209389,34.512346699999995,SqEuclidean,output,11537,5.2690940356444e7,insample,1982
per,k_means,535977374,200,5.63682e8,4.866e10,28.7944036,26.596693400000003,SqEuclidean,output,9695,4.4398737023062006e7,insample,1986
per,k_means,535977374,200,5.63682e8,4.49177e10,28.6752068,25.1308477,SqEuclidean,output,9723,4.075200847060101e7,insample,1990
per,k_means,535977374,200,5.63682e8,5.38981e10,28.9072139,25.606332,SqEuclidean,output,10806,4.969211088106499e7,insample,1994
per,k_means,535977374,200,5.63682e8,4.3007e10,39.4683516,38.3346879,SqEuclidean,output,9385,3.8814004227816e7,insample,1998
per,k_means,535977374,200,5.63682e8,5.42249e10,32.638983,28.226412,SqEuclidean,output,10975,4.9964850887411e7,insample,2004
per,k_means,535977374,200,5.63682e8,4.40654e10,37.0368846,34.5976844,SqEuclidean,output,8905,3.9894973356732e7,insample,2008
per,k_means,535977374,200,5.63682e8,5.26152e10,35.4708335,33.209543599999996,SqEuclidean,output,11274,4.8389927758890994e7,insample,2011
per,k_means,535977374,200,5.63682e8,5.06653e10,28.7378521,25.2140997,SqEuclidean,output,10253,4.638111702512699e7,insample,2012
per,k_means,535977374,200,5.63682e8,5.36271e10,38.0977192,39.4737519,SqEuclidean,output,11281,4.9334863719669e7,insample,2016
per,k_means,123456789,50,4.92448e8,3.31366e9,28.5602776,60.3088779,SqEuclidean,output,0,0.0,initial,initial
per,k_means,123456789,50,4.92448e8,1.27654e11,40.5885864,41.6610215,SqEuclidean,output,24212,1.23177437057704e8,insample,1982
per,k_means,123456789,50,4.92448e8,1.13049e11,34.1585589,41.5470693,SqEuclidean,output,21675,1.08537242684453e8,insample,1986
per,k_means,123456789,50,4.92448e8,1.10218e11,39.8864112,43.4367298,SqEuclidean,output,21529,1.05801539132546e8,insample,1990
per,k_means,123456789,50,4.92448e8,1.21752e11,40.168104,40.4736464,SqEuclidean,output,23137,1.17313729145972e8,insample,1994
per,k_means,123456789,50,4.92448e8,1.04389e11,40.3408225,41.3800336,SqEuclidean,output,20784,9.9973994592487e7,insample,1998
per,k_means,123456789,50,4.92448e8,1.24255e11,40.1543497,43.2160665,SqEuclidean,output,23320,1.19714450593567e8,insample,2004
per,k_means,123456789,50,4.92448e8,1.08116e11,40.9004601,40.8695484,SqEuclidean,output,20826,1.03696453782495e8,insample,2008
per,k_means,123456789,50,4.92448e8,1.23516e11,40.5327395,39.5028473,SqEuclidean,output,23587,1.19050502411378e8,insample,2011
per,k_means,123456789,50,4.92448e8,1.19173e11,33.9899378,46.9874423,SqEuclidean,output,22246,1.14640850219951e8,insample,2012
per,k_means,123456789,50,4.92448e8,1.29503e11,40.0252363,42.4856467,SqEuclidean,output,24824,1.24926031977249e8,insample,2016
per,k_means,1286268702,50,5.01251e8,3.33843e9,26.6586122,59.5050942,SqEuclidean,output,0,0.0,initial,initial
per,k_means,1286268702,50,5.01251e8,1.17839e11,37.7160756,36.298356000000005,SqEuclidean,output,23728,1.13344947245867e8,insample,1982
per,k_means,1286268702,50,5.01251e8,1.0378e11,36.3636522,36.881477,SqEuclidean,output,21349,9.9252741799173e7,insample,1986
per,k_means,1286268702,50,5.01251e8,9.89872e10,38.9727687,39.1772961,SqEuclidean,output,21081,9.4550909466901e7,insample,1990
per,k_means,1286268702,50,5.01251e8,1.1186e11,37.2672527,42.1236967,SqEuclidean,output,22736,1.07397932776934e8,insample,1994
per,k_means,1286268702,50,5.01251e8,9.51856e10,38.8540794,38.5822602,SqEuclidean,output,20544,9.0747044023048e7,insample,1998
per,k_means,1286268702,50,5.01251e8,1.15214e11,36.5897887,36.134755299999995,SqEuclidean,output,23151,1.10660916997425e8,insample,2004
per,k_means,1286268702,50,5.01251e8,9.87592e10,40.8954411,38.5166326,SqEuclidean,output,20414,9.4328004174185e7,insample,2008
per,k_means,1286268702,50,5.01251e8,1.13491e11,37.9476964,37.476061,SqEuclidean,output,23227,1.09011390207248e8,insample,2011
per,k_means,1286268702,50,5.01251e8,1.10827e11,35.9407092,34.1608572,SqEuclidean,output,22023,1.06275187951109e8,insample,2012
per,k_means,1286268702,50,5.01251e8,1.20288e11,36.505852,38.1349785,SqEuclidean,output,24574,1.15695172946982e8,insample,2016
per,k_means,1308502331,50,4.9336e8,3.30523e9,27.8871951,63.0557593,SqEuclidean,output,0,0.0,initial,initial
per,k_means,1308502331,50,4.9336e8,1.22656e11,40.9681605,40.8165673,SqEuclidean,output,23066,1.18200243339547e8,insample,1982
per,k_means,1308502331,50,4.9336e8,1.08467e11,40.4167379,39.3013717,SqEuclidean,output,20565,1.03980905831762e8,insample,1986
per,k_means,1308502331,50,4.9336e8,1.0475e11,39.277334,39.1158716,SqEuclidean,output,20539,1.00354751661302e8,insample,1990
per,k_means,1308502331,50,4.9336e8,1.17197e11,38.0197577,39.3540738,SqEuclidean,output,22194,1.12772952963825e8,insample,1994
per,k_means,1308502331,50,4.9336e8,1.00219e11,38.3150503,40.7150827,SqEuclidean,output,19928,9.5816637768493e7,insample,1998
per,k_means,1308502331,50,4.9336e8,1.20242e11,38.6826234,39.5801194,SqEuclidean,output,22484,1.15729838476743e8,insample,2004
per,k_means,1308502331,50,4.9336e8,1.04328e11,34.8529976,38.6797825,SqEuclidean,output,19940,9.993160102711e7,insample,2008
per,k_means,1308502331,50,4.9336e8,1.18232e11,40.5741407,39.5598467,SqEuclidean,output,22539,1.13787162602252e8,insample,2011
per,k_means,1308502331,50,4.9336e8,1.15241e11,40.383849,38.7554434,SqEuclidean,output,21330,1.10727070832332e8,insample,2012
per,k_means,1308502331,50,4.9336e8,1.24554e11,39.4175117,41.6110491,SqEuclidean,output,23946,1.20000112903472e8,insample,2016
per,k_means,1573928461,50,4.92208e8,3.3058e9,28.1829443,62.0698075,SqEuclidean,output,0,0.0,initial,initial
per,k_means,1573928461,50,4.92208e8,1.306e11,37.0286686,34.7452444,SqEuclidean,output,24453,1.26128025867262e8,insample,1982
per,k_means,1573928461,50,4.92208e8,1.15859e11,36.2206423,34.3017481,SqEuclidean,output,21828,1.11354761804912e8,insample,1986
per,k_means,1573928461,50,4.92208e8,1.12508e11,35.5421234,34.8239394,SqEuclidean,output,21708,1.08099186015396e8,insample,1990
per,k_means,1573928461,50,4.92208e8,1.24461e11,34.5847217,33.3241808,SqEuclidean,output,23339,1.20023532076024e8,insample,1994
per,k_means,1573928461,50,4.92208e8,1.0747e11,34.5991945,33.3783206,SqEuclidean,output,21027,1.03059497755554e8,insample,1998
per,k_means,1573928461,50,4.92208e8,1.27683e11,35.082088,34.6194291,SqEuclidean,output,23918,1.23150108699097e8,insample,2004
per,k_means,1573928461,50,4.92208e8,1.11393e11,33.4536262,34.3215289,SqEuclidean,output,21253,1.0698147861874e8,insample,2008
per,k_means,1573928461,50,4.92208e8,1.26216e11,31.9036592,30.7218613,SqEuclidean,output,23718,1.2175971378402e8,insample,2011
per,k_means,1573928461,50,4.92208e8,1.22605e11,36.0706594,34.4394223,SqEuclidean,output,22488,1.18079605738734e8,insample,2012
per,k_means,1573928461,50,4.92208e8,1.33743e11,34.7425085,36.5475313,SqEuclidean,output,25334,1.29173248034206e8,insample,2016
per,k_means,1991051616,50,4.91235e8,3.3382e9,28.0713854,61.0603042,SqEuclidean,output,0,0.0,initial,initial
per,k_means,1991051616,50,4.91235e8,1.23424e11,36.9160682,33.9949192,SqEuclidean,output,23930,1.1891647051435998e8,insample,1982
per,k_means,1991051616,50,4.91235e8,1.08776e11,36.6052742,37.1948074,SqEuclidean,output,21495,1.04232968036679e8,insample,1986
per,k_means,1991051616,50,4.91235e8,1.05726e11,36.3439305,34.307213100000006,SqEuclidean,output,21235,1.01277962314088e8,insample,1990
per,k_means,1991051616,50,4.91235e8,1.17128e11,37.6651048,35.460821700000004,SqEuclidean,output,22936,1.12657185489872e8,insample,1994
per,k_means,1991051616,50,4.91235e8,9.99672e10,36.1162058,35.549023500000004,SqEuclidean,output,20484,9.5521998743389e7,insample,1998
per,k_means,1991051616,50,4.91235e8,1.19968e11,35.5220482,33.7368755,SqEuclidean,output,23085,1.15394849595471e8,insample,2004
per,k_means,1991051616,50,4.91235e8,1.03211e11,39.7179833,32.545011,SqEuclidean,output,20400,9.8758343623187e7,insample,2008
per,k_means,1991051616,50,4.91235e8,1.18415e11,36.5628713,34.4505408,SqEuclidean,output,23318,1.13917889445149e8,insample,2011
per,k_means,1991051616,50,4.91235e8,1.14617e11,37.5322964,35.9565579,SqEuclidean,output,21810,1.10051694074523e8,insample,2012
per,k_means,1991051616,50,4.91235e8,1.25113e11,36.2911006,36.6480184,SqEuclidean,output,24521,1.20501290740378e8,insample,2016
per,k_means,2678701235,50,4.96916e8,3.34476e9,26.2033382,64.1300537,SqEuclidean,output,0,0.0,initial,initial
per,k_means,2678701235,50,4.96916e8,1.17329e11,36.8403205,34.8942288,SqEuclidean,output,22568,1.12809430338921e8,insample,1982
per,k_means,2678701235,50,4.96916e8,1.03931e11,35.6009809,35.6677692,SqEuclidean,output,20070,9.9376383339661e7,insample,1986
per,k_means,2678701235,50,4.96916e8,9.9549e10,34.5993675,34.653384700000004,SqEuclidean,output,20082,9.5090561502765e7,insample,1990
per,k_means,2678701235,50,4.96916e8,1.11973e11,38.0571558,33.215113200000005,SqEuclidean,output,21605,1.07490773691911e8,insample,1994
per,k_means,2678701235,50,4.96916e8,9.56105e10,35.8035321,34.8177904,SqEuclidean,output,19466,9.115507475374e7,insample,1998
per,k_means,2678701235,50,4.96916e8,1.15162e11,35.9745813,33.858198599999994,SqEuclidean,output,22007,1.1057597240332e8,insample,2004
per,k_means,2678701235,50,4.96916e8,9.93242e10,37.0208633,36.9015542,SqEuclidean,output,19455,9.4861215586178e7,insample,2008
per,k_means,2678701235,50,4.96916e8,1.12843e11,35.8959807,33.5143008,SqEuclidean,output,22167,1.08336812428943e8,insample,2011
per,k_means,2678701235,50,4.96916e8,1.10443e11,35.9891628,34.018232,SqEuclidean,output,20801,1.05868161161483e8,insample,2012
per,k_means,2678701235,50,4.96916e8,1.19051e11,35.8233242,32.6117198,SqEuclidean,output,23303,1.1442214933882698e8,insample,2016
per,k_means,3861234567,50,4.99082e8,3.30334e9,26.6234003,59.2535528,SqEuclidean,output,0,0.0,initial,initial
per,k_means,3861234567,50,4.99082e8,1.19759e11,35.4390269,33.7614846,SqEuclidean,output,22813,1.15267429075294e8,insample,1982
per,k_means,3861234567,50,4.99082e8,1.05465e11,35.9968736,33.32064990000001,SqEuclidean,output,20293,1.00940856443914e8,insample,1986
per,k_means,3861234567,50,4.99082e8,1.01789e11,36.7739523,36.767404799999994,SqEuclidean,output,20158,9.7358438970391e7,insample,1990
per,k_means,3861234567,50,4.99082e8,1.13816e11,34.4366784,33.2286008,SqEuclidean,output,21769,1.09359234181078e8,insample,1994
per,k_means,3861234567,50,4.99082e8,9.79008e10,38.4441922,32.8163662,SqEuclidean,output,19688,9.3470621177264e7,insample,1998
per,k_means,3861234567,50,4.99082e8,1.17694e11,36.0792929,34.787128100000004,SqEuclidean,output,22355,1.13137487203088e8,insample,2004
per,k_means,3861234567,50,4.99082e8,1.01571e11,35.7505714,37.2589273,SqEuclidean,output,19702,9.7136546346255e7,insample,2008
per,k_means,3861234567,50,4.99082e8,1.15003e11,36.9387929,33.5272255,SqEuclidean,output,22459,1.1052337723476902e8,insample,2011
per,k_means,3861234567,50,4.99082e8,1.12913e11,35.3761126,34.7709483,SqEuclidean,output,21208,1.08361280053162e8,insample,2012
per,k_means,3861234567,50,4.99082e8,1.21813e11,36.349013,34.3338866,SqEuclidean,output,23664,1.17214577296717e8,insample,2016
per,k_means,477073181,50,5.02395e8,3.29043e9,27.8469364,61.174493,SqEuclidean,output,0,0.0,initial,initial
per,k_means,477073181,50,5.02395e8,1.17673e11,40.9360949,39.0190225,SqEuclidean,output,22435,1.132288592099e8,insample,1982
per,k_means,477073181,50,5.02395e8,1.04051e11,40.4249541,40.3706544,SqEuclidean,output,20068,9.957572973889e7,insample,1986
per,k_means,477073181,50,5.02395e8,1.00495e11,34.0651258,41.3454434,SqEuclidean,output,19997,9.6111862581858e7,insample,1990
per,k_means,477073181,50,5.02395e8,1.12056e11,40.2309048,42.7800665,SqEuclidean,output,21523,1.0764670144558e8,insample,1994
per,k_means,477073181,50,5.02395e8,9.58785e10,40.8939928,40.0214885,SqEuclidean,output,19360,9.1490019029302e7,insample,1998
per,k_means,477073181,50,5.02395e8,1.15218e11,40.7076651,41.568775,SqEuclidean,output,21928,1.1071659686840498e8,insample,2004
per,k_means,477073181,50,5.02395e8,9.92663e10,40.460868,37.080951500000005,SqEuclidean,output,19248,9.4880319332378e7,insample,2008
per,k_means,477073181,50,5.02395e8,1.13817e11,41.2455098,42.8992958,SqEuclidean,output,21944,1.0938456604814e8,insample,2011
per,k_means,477073181,50,5.02395e8,1.10629e11,41.3849118,40.3648618,SqEuclidean,output,20672,1.0612952631398898e8,insample,2012
per,k_means,477073181,50,5.02395e8,1.19951e11,40.5356899,41.8858222,SqEuclidean,output,23073,1.15412701757806e8,insample,2016
per,k_means,876543210,50,4.9016e8,3.32052e9,31.1981009,62.5242587,SqEuclidean,output,0,0.0,initial,initial
per,k_means,876543210,50,4.9016e8,1.24612e11,38.2724528,35.2314536,SqEuclidean,output,23590,1.20107733348744e8,insample,1982
per,k_means,876543210,50,4.9016e8,1.10497e11,35.2002969,35.1645199,SqEuclidean,output,21114,1.05959603056735e8,insample,1986
per,k_means,876543210,50,4.9016e8,1.06092e11,35.23677,34.4176504,SqEuclidean,output,20958,1.0164893251495e8,insample,1990
per,k_means,876543210,50,4.9016e8,1.1905e11,35.7411242,34.08327,SqEuclidean,output,22664,1.14579289241518e8,insample,1994
per,k_means,876543210,50,4.9016e8,1.0233e11,35.7689609,33.1520333,SqEuclidean,output,20581,9.7885071892633e7,insample,1998
per,k_means,876543210,50,4.9016e8,1.22066e11,36.1859032,34.2037983,SqEuclidean,output,23075,1.17493563513461e8,insample,2004
per,k_means,876543210,50,4.9016e8,1.06301e11,35.16309,36.9667669,SqEuclidean,output,20579,1.0185288558356702e8,insample,2008
per,k_means,876543210,50,4.9016e8,1.20448e11,36.6851199,34.780379100000005,SqEuclidean,output,22974,1.15956915295293e8,insample,2011
per,k_means,876543210,50,4.9016e8,1.17495e11,37.1229366,34.262206799999994,SqEuclidean,output,21939,1.12929339368331e8,insample,2012
per,k_means,876543210,50,4.9016e8,1.27453e11,35.9861442,36.5103798,SqEuclidean,output,24634,1.22842963303649e8,insample,2016
per,k_means,987654321,50,4.97619e8,3.32028e9,29.4305533,60.110236400000005,SqEuclidean,output,0,0.0,initial,initial
per,k_means,987654321,50,4.97619e8,1.19654e11,34.1939572,38.2310892,SqEuclidean,output,23492,1.15194189189996e8,insample,1982
per,k_means,987654321,50,4.97619e8,1.06098e11,36.2792582,36.3808874,SqEuclidean,output,20985,1.01604107712641e8,insample,1986
per,k_means,987654321,50,4.97619e8,1.01988e11,38.0453227,33.6432498,SqEuclidean,output,20899,9.7587099465484e7,insample,1990
per,k_means,987654321,50,4.97619e8,1.14564e11,28.7917187,27.2030838,SqEuclidean,output,22459,1.10142924860556e8,insample,1994
per,k_means,987654321,50,4.97619e8,9.75846e10,29.5696686,29.0970315,SqEuclidean,output,20336,9.3186277602699e7,insample,1998
per,k_means,987654321,50,4.97619e8,1.17054e11,39.4999632,35.893034899999996,SqEuclidean,output,23026,1.12535851114434e8,insample,2004
per,k_means,987654321,50,4.97619e8,1.01085e11,41.2534622,39.7363672,SqEuclidean,output,20421,9.6684917325015e7,insample,2008
per,k_means,987654321,50,4.97619e8,1.15653e11,50.0876028,46.9088361,SqEuclidean,output,23116,1.11207738404972e8,insample,2011
per,k_means,987654321,50,4.97619e8,1.12022e11,44.110477,46.443757700000006,SqEuclidean,output,21528,1.07507557706758e8,insample,2012
per,k_means,987654321,50,4.97619e8,1.21409e11,40.6697995,44.2605964,SqEuclidean,output,24245,1.16851208685887e8,insample,2016
per,conical_bounded,2,20,8.23358e8,3.90689e9,3.7408722,47.4460407,SqEuclidean,blended,5,5618.241307,initial,initial
per,conical_bounded,2,20,9.69425e8,3.98352e9,4.1343798,61.3209715,SqEuclidean,output,2,994.429226,initial,initial
per,conical_bounded,2,50,1.37113e9,7.78678e9,13.9773333,43.5848512,SqEuclidean,output,29,238623.017088,initial,initial
per,convex_hull,2,20,9.90369e8,3.43671e9,4.2025832,40.029697,SqEuclidean,output,3,11618.320731999998,initial,initial
per,convex_hull,2,50,1.13007e9,3.81237e9,14.0325635,54.6889103,SqEuclidean,output,12,21634.310869,initial,initial
per,conical_bounded,3,20,9.69425e8,3.98352e9,3.8576041,56.5528896,SqEuclidean,output,2,994.429226,initial,initial
per,conical_bounded,3,50,1.37113e9,7.78678e9,11.1311635,45.8204643,SqEuclidean,output,29,238623.017088,initial,initial
per,convex_hull,3,20,9.90369e8,3.43671e9,4.208336,39.0065295,SqEuclidean,output,3,11618.320731999998,initial,initial
per,convex_hull,3,50,1.13007e9,3.81237e9,14.0369529,56.059952499999994,SqEuclidean,output,12,21634.310869,initial,initial
per,conical_bounded,4,20,9.69425e8,3.98352e9,3.4426468,41.2192764,SqEuclidean,output,2,994.429226,initial,initial
per,conical_bounded,4,50,1.37113e9,7.78678e9,10.9316743,43.8437891,SqEuclidean,output,29,238623.017088,initial,initial
per,convex_hull,4,20,9.90369e8,3.43671e9,4.7248418,40.0008067,SqEuclidean,output,3,11618.320731999998,initial,initial
per,convex_hull,4,50,1.13007e9,3.81237e9,13.0426932,46.7434407,SqEuclidean,output,12,21634.310869,initial,initial
per,conical_bounded,5,20,9.69425e8,3.98352e9,3.581302,43.2801777,SqEuclidean,output,2,994.429226,initial,initial
per,conical_bounded,5,50,1.37113e9,7.78678e9,10.9394756,42.8101431,SqEuclidean,output,29,238623.017088,initial,initial
per,convex_hull,5,20,9.90369e8,3.43671e9,4.2885418,48.2679866,SqEuclidean,output,3,11618.320731999998,initial,initial
per,convex_hull,5,50,1.13007e9,3.81237e9,12.5655618,42.8179744,SqEuclidean,output,12,21634.310869,initial,initial
cross,conical_bounded,2,100,1.50369e9,4.6784e9,24.9585723,66.6536126,SqEuclidean,output,38,61983.362296,initial,initial
cross,conical_bounded,1,20,1.07925e9,4.30524e9,4.29838,56.65193480000001,SqEuclidean,output,6,5808.79446,initial,initial
cross,conical_bounded,1,20,1.07925e9,1.51951e10,39.4277439,37.3004793,SqEuclidean,output,2272,1.1272451341407e7,insample,1982
cross,conical_bounded,1,20,1.07925e9,1.2807e10,38.4904287,35.864339,SqEuclidean,output,1636,8.848736466070998e6,insample,1986
cross,conical_bounded,1,20,1.07925e9,1.06448e10,38.8489783,35.9612494,SqEuclidean,output,1629,6.772277112241001e6,insample,1990
cross,conical_bounded,1,20,1.07925e9,1.49965e10,38.352608,36.6633152,SqEuclidean,output,1959,1.1087718439132e7,insample,1994
cross,conical_bounded,1,20,1.07925e9,1.0907e10,38.3287174,36.5144244,SqEuclidean,output,1471,6.982533012347002e6,insample,1998
cross,conical_bounded,1,20,1.07925e9,1.36272e10,41.700103,37.0174059,SqEuclidean,output,2071,9.696532080598e6,insample,2004
cross,conical_bounded,1,20,1.07925e9,1.09632e10,36.7925904,38.3618073,SqEuclidean,output,1358,7.051471913825001e6,insample,2008
cross,conical_bounded,1,20,1.07925e9,1.28173e10,40.6914885,40.2794437,SqEuclidean,output,1977,8.920722798333e6,insample,2011
cross,conical_bounded,1,20,1.07925e9,1.2091e10,39.5141683,39.798547,SqEuclidean,output,1808,8.127147755452001e6,insample,2012
cross,conical_bounded,1,20,1.07925e9,1.30923e10,38.4924763,35.7688678,SqEuclidean,output,1781,9.149743843109e6,insample,2016
cross,conical_bounded,2,200,1.56839e9,4.45538e9,70.1078713,78.7007957,SqEuclidean,output,97,204912.95855499996,initial,initial
cross,conical_bounded,1,50,1.29267e9,4.13724e9,12.9640548,66.1574576,SqEuclidean,output,19,10701.714903,initial,initial
cross,conical_bounded,1,50,1.29267e9,1.12604e10,39.2491057,33.2503139,SqEuclidean,output,1881,7.344002085756e6,insample,1982
cross,conical_bounded,1,50,1.29267e9,9.35942e9,39.7211245,34.3827796,SqEuclidean,output,1185,5.411578554177001e6,insample,1986
cross,conical_bounded,1,50,1.29267e9,8.34389e9,37.8913104,33.443204900000005,SqEuclidean,output,1314,4.483027199538e6,insample,1990
cross,conical_bounded,1,50,1.29267e9,1.12724e10,38.4463896,36.0199119,SqEuclidean,output,1538,7.372193598079001e6,insample,1994
cross,conical_bounded,1,50,1.29267e9,8.28116e9,38.8264125,33.123787199999995,SqEuclidean,output,1304,4.368878141726e6,insample,1998
cross,conical_bounded,1,50,1.29267e9,1.00983e10,39.092213,35.101466200000004,SqEuclidean,output,1652,6.176585175388e6,insample,2004
cross,conical_bounded,1,50,1.29267e9,8.65779e9,39.639841,34.7852293,SqEuclidean,output,1137,4.760291511648e6,insample,2008
cross,conical_bounded,1,50,1.29267e9,9.34374e9,38.2354119,35.540469200000004,SqEuclidean,output,1576,5.448635625893e6,insample,2011
cross,conical_bounded,1,50,1.29267e9,9.37225e9,41.4776301,37.8253188,SqEuclidean,output,1568,5.421112392912999e6,insample,2012
cross,conical_bounded,1,50,1.29267e9,9.64203e9,39.9521328,32.7742445,SqEuclidean,output,1473,5.706344649021e6,insample,2016
cross,convex_hull,2,100,1.5378e9,4.27331e9,28.588335,70.35295909999999,SqEuclidean,output,42,110174.17008799998,initial,initial
cross,convex_hull,1,20,1.06098e9,4.38873e9,4.6200785,55.4946522,SqEuclidean,output,11,43021.11904000001,initial,initial
cross,convex_hull,1,20,1.06098e9,1.00439e10,41.8104439,38.5042412,SqEuclidean,output,2077,6.027148912932e6,insample,1982
cross,convex_hull,1,20,1.06098e9,1.01334e10,41.0638332,35.844350999999996,SqEuclidean,output,1804,6.060307299242999e6,insample,1986
cross,convex_hull,1,20,1.06098e9,8.23802e9,38.9251677,39.263226,SqEuclidean,output,1661,4.278534165147e6,insample,1990
cross,convex_hull,1,20,1.06098e9,1.14725e10,42.4802494,40.8161208,SqEuclidean,output,2009,7.461228093245999e6,insample,1994
cross,convex_hull,1,20,1.06098e9,8.66218e9,42.663671,39.6112939,SqEuclidean,output,1824,4.648069316914999e6,insample,1998
cross,convex_hull,1,20,1.06098e9,1.01405e10,43.2648036,38.320002599999995,SqEuclidean,output,2202,6.091496198101999e6,insample,2004
cross,convex_hull,1,20,1.06098e9,8.94512e9,42.6742796,40.5684963,SqEuclidean,output,1474,4.9620364815139985e6,insample,2008
cross,convex_hull,1,20,1.06098e9,1.09667e10,42.7263106,39.2216433,SqEuclidean,output,2306,6.964927094424002e6,insample,2011
cross,convex_hull,1,20,1.06098e9,9.45198e9,42.0533435,40.610444699999995,SqEuclidean,output,1903,5.395164581935001e6,insample,2012
cross,convex_hull,1,20,1.06098e9,9.93205e9,38.8696904,43.1149413,SqEuclidean,output,1863,5.904184760163e6,insample,2016
cross,convex_hull,2,200,1.48259e9,4.82668e9,83.9413629,85.6163585,SqEuclidean,output,81,204124.2742239999,initial,initial
cross,convex_hull,1,50,1.50973e9,4.3079e9,13.4562734,64.4926249,SqEuclidean,output,23,63776.172993,initial,initial
cross,convex_hull,1,50,1.50973e9,6.69458e9,38.7912753,33.545515900000005,SqEuclidean,output,788,2.800264692952e6,insample,1982
cross,convex_hull,1,50,1.50973e9,7.08777e9,39.6708092,37.141328900000005,SqEuclidean,output,664,3.153365587464001e6,insample,1986
cross,convex_hull,1,50,1.50973e9,5.35171e9,39.0792451,35.7872001,SqEuclidean,output,574,1.508072479532e6,insample,1990
cross,convex_hull,1,50,1.50973e9,7.2186e9,38.8520428,33.0515216,SqEuclidean,output,694,3.32862735547e6,insample,1994
cross,convex_hull,1,50,1.50973e9,5.5203e9,38.9248098,34.0901682,SqEuclidean,output,537,1.615635512441e6,insample,1998
cross,convex_hull,1,50,1.50973e9,5.84756e9,40.0034617,33.791681499999996,SqEuclidean,output,715,1.946688472144e6,insample,2004
cross,convex_hull,1,50,1.50973e9,5.71306e9,40.8970293,35.278074999999994,SqEuclidean,output,428,1.83031977733e6,insample,2008
cross,convex_hull,1,50,1.50973e9,6.67267e9,37.6728132,33.611755699999996,SqEuclidean,output,862,2.801853809022e6,insample,2011
cross,convex_hull,1,50,1.50973e9,5.69826e9,39.0620851,35.355627899999995,SqEuclidean,output,561,1.7676297245939996e6,insample,2012
cross,convex_hull,1,50,1.50973e9,6.10427e9,38.665173,36.371981,SqEuclidean,output,628,2.1995874844980007e6,insample,2016
cross,conical_bounded,3,100,1.50369e9,4.6784e9,24.9586634,57.8184677,SqEuclidean,output,38,61983.362296,initial,initial
cross,conical_bounded,3,200,1.56839e9,4.45538e9,70.0202254,77.7712765,SqEuclidean,output,97,204912.95855499996,initial,initial
cross,convex_hull,3,100,1.5378e9,4.27331e9,25.2399669,54.0617007,SqEuclidean,output,42,110174.17008799998,initial,initial
cross,convex_hull,3,200,1.48259e9,4.82668e9,84.8309404,97.1006631,SqEuclidean,output,81,204124.2742239999,initial,initial
cross,conical_bounded,4,100,1.50369e9,4.6784e9,25.3564048,56.7802444,SqEuclidean,output,38,61983.362296,initial,initial
cross,conical_bounded,4,200,1.56839e9,4.45538e9,70.953529,77.416829,SqEuclidean,output,97,204912.95855499996,initial,initial
cross,convex_hull,4,100,1.5378e9,4.27331e9,24.8919183,63.4085107,SqEuclidean,output,42,110174.17008799998,initial,initial
cross,convex_hull,4,200,1.48259e9,4.82668e9,84.8866668,99.9934493,SqEuclidean,output,81,204124.2742239999,initial,initial
cross,conical_bounded,5,100,1.50369e9,4.6784e9,23.7698038,56.4351885,SqEuclidean,output,38,61983.362296,initial,initial
cross,conical_bounded,5,200,1.56839e9,4.45538e9,69.9780111,75.8300644,SqEuclidean,output,97,204912.95855499996,initial,initial
cross,convex_hull,5,100,1.5378e9,4.27331e9,24.3714308,53.0384075,SqEuclidean,output,42,110174.17008799998,initial,initial
cross,convex_hull,5,200,1.48259e9,4.82668e9,84.9981795,88.6402418,SqEuclidean,output,81,204124.2742239999,initial,initial
cross,conical_bounded,1,100,1.50369e9,4.6784e9,23.942461,56.0172711,SqEuclidean,output,38,61983.362296,initial,initial
cross,conical_bounded,1,100,1.50369e9,7.03932e9,34.8924251,38.5179631,SqEuclidean,output,868,3.130890276473e6,insample,1982
cross,conical_bounded,1,100,1.50369e9,6.91329e9,29.2886341,35.656256,SqEuclidean,output,577,2.9691395425599995e6,insample,1986
cross,conical_bounded,1,100,1.50369e9,5.44298e9,28.2417637,25.4877528,SqEuclidean,output,488,1.5902428483839994e6,insample,1990
cross,conical_bounded,1,100,1.50369e9,7.00629e9,29.2653922,25.5515367,SqEuclidean,output,664,3.102991692409e6,insample,1994
cross,conical_bounded,1,100,1.50369e9,5.62285e9,27.9733475,25.0645131,SqEuclidean,output,629,1.7122903563039997e6,insample,1998
cross,conical_bounded,1,100,1.50369e9,6.11236e9,34.5579855,34.0549854,SqEuclidean,output,675,2.1999867609659997e6,insample,2004
cross,conical_bounded,1,100,1.50369e9,5.89531e9,27.4164505,23.8272922,SqEuclidean,output,501,2.01040177057e6,insample,2008
cross,conical_bounded,1,100,1.50369e9,6.29762e9,37.1258881,36.3681564,SqEuclidean,output,690,2.415071618785e6,insample,2011
cross,conical_bounded,1,100,1.50369e9,5.58371e9,29.8164723,28.8637575,SqEuclidean,output,570,1.646437990706e6,insample,2012
cross,conical_bounded,1,100,1.50369e9,6.13207e9,36.3710504,36.2960833,SqEuclidean,output,497,2.2120658985950006e6,insample,2016
cross,conical_bounded,1,200,1.56839e9,4.45538e9,69.9750367,72.4679101,SqEuclidean,output,97,204912.95855499996,initial,initial
cross,conical_bounded,1,200,1.56839e9,6.18253e9,29.903723,26.4000503,SqEuclidean,output,659,2.2905425117860003e6,insample,1982
cross,conical_bounded,1,200,1.56839e9,6.48455e9,29.3729131,26.7203862,SqEuclidean,output,413,2.557041897842e6,insample,1986
cross,conical_bounded,1,200,1.56839e9,4.76416e9,29.4925749,26.257408100000003,SqEuclidean,output,290,926919.913516,insample,1990
cross,conical_bounded,1,200,1.56839e9,6.48644e9,29.7565252,26.3329135,SqEuclidean,output,486,2.6005036845370005e6,insample,1994
cross,conical_bounded,1,200,1.56839e9,5.10193e9,37.595722,26.9022284,SqEuclidean,output,480,1.206913790097e6,insample,1998
cross,conical_bounded,1,200,1.56839e9,5.22173e9,35.8980478,38.0588663,SqEuclidean,output,409,1.3306336872819995e6,insample,2004
cross,conical_bounded,1,200,1.56839e9,5.36677e9,28.9236936,23.7641808,SqEuclidean,output,350,1.4975571025190002e6,insample,2008
cross,conical_bounded,1,200,1.56839e9,5.84296e9,37.95115,33.8272975,SqEuclidean,output,521,1.9755190275009996e6,insample,2011
cross,conical_bounded,1,200,1.56839e9,4.96302e9,31.1466341,28.4925866,SqEuclidean,output,374,1.045624109558e6,insample,2012
cross,conical_bounded,1,200,1.56839e9,5.28954e9,35.9477255,35.5358688,SqEuclidean,output,332,1.3920245501099995e6,insample,2016
cross,convex_hull,1,100,1.5378e9,4.27331e9,22.6185403,51.6433066,SqEuclidean,output,42,110174.17008799998,initial,initial
cross,convex_hull,1,100,1.5378e9,6.44013e9,29.2603291,25.6040542,SqEuclidean,output,758,2.533664866985e6,insample,1982
cross,convex_hull,1,100,1.5378e9,6.49666e9,29.9423999,26.897869,SqEuclidean,output,601,2.555728821812e6,insample,1986
cross,convex_hull,1,100,1.5378e9,4.88035e9,28.7482127,26.914525200000003,SqEuclidean,output,518,1.026084497894e6,insample,1990
cross,convex_hull,1,100,1.5378e9,6.31776e9,29.155523,26.9854563,SqEuclidean,output,555,2.4145540102609997e6,insample,1994
cross,convex_hull,1,100,1.5378e9,5.30227e9,38.7440868,40.181442700000005,SqEuclidean,output,476,1.391451921858e6,insample,1998
cross,convex_hull,1,100,1.5378e9,5.36059e9,35.5616647,33.5616287,SqEuclidean,output,623,1.4525163620519997e6,insample,2004
cross,convex_hull,1,100,1.5378e9,5.05577e9,28.7230168,24.9515463,SqEuclidean,output,357,1.170102382385e6,insample,2008
cross,convex_hull,1,100,1.5378e9,5.75073e9,36.7955976,33.0788499,SqEuclidean,output,674,1.867751082565e6,insample,2011
cross,convex_hull,1,100,1.5378e9,4.85587e9,31.5852499,30.5554767,SqEuclidean,output,471,922293.094325,insample,2012
cross,convex_hull,1,100,1.5378e9,5.35343e9,35.9858725,35.7694137,SqEuclidean,output,510,1.4403507702099998e6,insample,2016
cross,convex_hull,1,200,1.48259e9,4.82668e9,75.2658521,95.9399247,SqEuclidean,output,81,204124.2742239999,initial,initial
cross,convex_hull,1,200,1.48259e9,6.33316e9,29.4275766,25.781910099999997,SqEuclidean,output,668,2.431355304797e6,insample,1982
cross,convex_hull,1,200,1.48259e9,6.76636e9,30.0816147,26.1128156,SqEuclidean,output,489,2.8275579207110004e6,insample,1986
cross,convex_hull,1,200,1.48259e9,4.94854e9,29.4502651,24.8067116,SqEuclidean,output,334,1.099746099485e6,insample,1990
cross,convex_hull,1,200,1.48259e9,6.68594e9,29.7497162,26.4618029,SqEuclidean,output,493,2.786705861294e6,insample,1994
cross,convex_hull,1,200,1.48259e9,5.12945e9,38.299778,40.7369125,SqEuclidean,output,322,1.2231274387229998e6,insample,1998
cross,convex_hull,1,200,1.48259e9,5.38627e9,34.4973879,35.799076,SqEuclidean,output,487,1.482057461887e6,insample,2004
cross,convex_hull,1,200,1.48259e9,5.28934e9,29.3698598,24.654146599999997,SqEuclidean,output,297,1.410042008704e6,insample,2008
cross,convex_hull,1,200,1.48259e9,5.97869e9,35.7274733,33.774262500000006,SqEuclidean,output,544,2.099121152888e6,insample,2011
cross,convex_hull,1,200,1.48259e9,5.20957e9,30.8017778,29.0474595,SqEuclidean,output,382,1.2833963736479995e6,insample,2012
cross,convex_hull,1,200,1.48259e9,5.62248e9,37.6835968,34.5111479,SqEuclidean,output,404,1.7134041673899998e6,insample,2016
cross,k_medoids,1005471400,100,1.30061e9,4.37986e9,28.6037146,37.9263451,SqEuclidean,output,66,138660.43758099998,initial,initial
cross,k_medoids,1005471400,100,1.30061e9,6.87896e9,36.2207463,33.001346299999994,SqEuclidean,output,931,2.955844071866e6,insample,1982
cross,k_medoids,1005471400,100,1.30061e9,7.47746e9,29.5931712,25.6637333,SqEuclidean,output,812,3.5112977076530005e6,insample,1986
cross,k_medoids,1005471400,100,1.30061e9,5.18776e9,29.6989728,25.2986406,SqEuclidean,output,613,1.3173459891660004e6,insample,1990
cross,k_medoids,1005471400,100,1.30061e9,6.87295e9,29.4890298,25.2158108,SqEuclidean,output,808,2.9517244131380008e6,insample,1994
cross,k_medoids,1005471400,100,1.30061e9,6.03842e9,38.1578181,40.0331495,SqEuclidean,output,750,2.116261277739e6,insample,1998
cross,k_medoids,1005471400,100,1.30061e9,6.66782e9,35.326458,35.2619824,SqEuclidean,output,1021,2.7288040457449993e6,insample,2004
cross,k_medoids,1005471400,100,1.30061e9,5.76883e9,28.7244053,25.8642279,SqEuclidean,output,619,1.869189022678e6,insample,2008
cross,k_medoids,1005471400,100,1.30061e9,6.53515e9,37.88434,34.7616723,SqEuclidean,output,1039,2.6263416608189996e6,insample,2011
cross,k_medoids,1005471400,100,1.30061e9,5.85561e9,31.4582185,28.3804042,SqEuclidean,output,697,1.9019698118420003e6,insample,2012
cross,k_medoids,1005471400,100,1.30061e9,6.29173e9,35.5757731,34.806573,SqEuclidean,output,681,2.3534376385920006e6,insample,2016
cross,k_medoids,1262311769,100,1.42617e9,4.87825e9,27.3282442,37.3843437,SqEuclidean,output,60,163964.401449,initial,initial
cross,k_medoids,1262311769,100,1.42617e9,6.14722e9,33.413677,29.410127,SqEuclidean,output,649,2.2581295724699995e6,insample,1982
cross,k_medoids,1262311769,100,1.42617e9,6.54101e9,29.4267448,25.6800945,SqEuclidean,output,525,2.613446939114e6,insample,1986
cross,k_medoids,1262311769,100,1.42617e9,4.86024e9,28.5596864,25.1592393,SqEuclidean,output,376,1.02415467296e6,insample,1990
cross,k_medoids,1262311769,100,1.42617e9,6.42461e9,28.8107402,25.5376276,SqEuclidean,output,543,2.543639691434e6,insample,1994
cross,k_medoids,1262311769,100,1.42617e9,5.42966e9,37.5326421,37.3581358,SqEuclidean,output,465,1.5348355387660002e6,insample,1998
cross,k_medoids,1262311769,100,1.42617e9,5.64403e9,34.5699795,33.9695677,SqEuclidean,output,548,1.7477875274000005e6,insample,2004
cross,k_medoids,1262311769,100,1.42617e9,5.36063e9,27.8110775,23.4087972,SqEuclidean,output,383,1.4884776124119996e6,insample,2008
cross,k_medoids,1262311769,100,1.42617e9,5.80396e9,37.8818691,35.705365300000004,SqEuclidean,output,649,1.937144995163e6,insample,2011
cross,k_medoids,1262311769,100,1.42617e9,5.22334e9,29.6054896,27.0492812,SqEuclidean,output,490,1.3016076079320002e6,insample,2012
cross,k_medoids,1262311769,100,1.42617e9,5.77632e9,36.3128363,35.4632022,SqEuclidean,output,426,1.8700757589779997e6,insample,2016
cross,k_medoids,1400059389,100,1.38963e9,4.71829e9,31.4109637,46.3299617,SqEuclidean,output,52,190334.236956,initial,initial
cross,k_medoids,1400059389,100,1.38963e9,6.53891e9,29.2222427,25.0882353,SqEuclidean,output,857,2.6402038233020008e6,insample,1982
cross,k_medoids,1400059389,100,1.38963e9,6.82418e9,30.4520954,24.4823308,SqEuclidean,output,678,2.887888351271e6,insample,1986
cross,k_medoids,1400059389,100,1.38963e9,4.87254e9,29.766238,24.9286266,SqEuclidean,output,503,1.02786969762e6,insample,1990
cross,k_medoids,1400059389,100,1.38963e9,6.35722e9,30.2761776,25.206337,SqEuclidean,output,619,2.4601400601999993e6,insample,1994
cross,k_medoids,1400059389,100,1.38963e9,5.54438e9,38.5456211,40.68215,SqEuclidean,output,615,1.6403134905579998e6,insample,1998
cross,k_medoids,1400059389,100,1.38963e9,5.56702e9,36.8859245,34.3074045,SqEuclidean,output,709,1.6597720020810002e6,insample,2004
cross,k_medoids,1400059389,100,1.38963e9,5.24981e9,28.9800382,23.6240302,SqEuclidean,output,479,1.370080045981e6,insample,2008
cross,k_medoids,1400059389,100,1.38963e9,5.88234e9,37.4637437,35.1082484,SqEuclidean,output,842,2.00266584259e6,insample,2011
cross,k_medoids,1400059389,100,1.38963e9,5.02477e9,31.2605186,28.7445639,SqEuclidean,output,553,1.0948646995080002e6,insample,2012
cross,k_medoids,1400059389,100,1.38963e9,5.55546e9,38.1284126,35.3639089,SqEuclidean,output,581,1.6401617339080002e6,insample,2016
cross,k_medoids,1693313909,100,1.4671e9,4.82596e9,28.2823366,37.4182095,SqEuclidean,output,80,161706.382867,initial,initial
cross,k_medoids,1693313909,100,1.4671e9,6.29635e9,38.3042985,35.2412194,SqEuclidean,output,844,2.384460071471e6,insample,1982
cross,k_medoids,1693313909,100,1.4671e9,6.66194e9,30.6129642,26.185461,SqEuclidean,output,706,2.715989409996e6,insample,1986
cross,k_medoids,1693313909,100,1.4671e9,5.02118e9,30.1907729,25.1087513,SqEuclidean,output,571,1.1686031759850003e6,insample,1990
cross,k_medoids,1693313909,100,1.4671e9,6.42651e9,30.2631451,25.2572066,SqEuclidean,output,640,2.5284987446179995e6,insample,1994
cross,k_medoids,1693313909,100,1.4671e9,5.58661e9,39.6754618,39.4459098,SqEuclidean,output,639,1.6766381570450005e6,insample,1998
cross,k_medoids,1693313909,100,1.4671e9,5.95939e9,37.5533231,34.315273999999995,SqEuclidean,output,763,2.039106718797e6,insample,2004
cross,k_medoids,1693313909,100,1.4671e9,5.51618e9,29.9872233,23.3990869,SqEuclidean,output,495,1.626404185744e6,insample,2008
cross,k_medoids,1693313909,100,1.4671e9,5.81023e9,38.8878194,35.708621,SqEuclidean,output,828,1.920304246359e6,insample,2011
cross,k_medoids,1693313909,100,1.4671e9,5.51395e9,32.2561206,27.1391297,SqEuclidean,output,583,1.5730028377450004e6,insample,2012
cross,k_medoids,1693313909,100,1.4671e9,5.87385e9,37.2390336,35.513915,SqEuclidean,output,607,1.945705919202e6,insample,2016
cross,k_medoids,2483487299,100,1.2919e9,4.43795e9,28.3130844,37.976790300000005,SqEuclidean,output,74,162628.42668300003,initial,initial
cross,k_medoids,2483487299,100,1.2919e9,7.09666e9,37.0638047,33.8301462,SqEuclidean,output,986,3.1940548393630004e6,insample,1982
cross,k_medoids,2483487299,100,1.2919e9,7.13767e9,29.6269042,24.6184592,SqEuclidean,output,739,3.199015141473e6,insample,1986
cross,k_medoids,2483487299,100,1.2919e9,5.46873e9,29.6023142,25.0624257,SqEuclidean,output,600,1.6274718314849995e6,insample,1990
cross,k_medoids,2483487299,100,1.2919e9,7.86925e9,30.225379,25.4317996,SqEuclidean,output,869,3.975942758275e6,insample,1994
cross,k_medoids,2483487299,100,1.2919e9,6.0167e9,38.0521905,37.3861732,SqEuclidean,output,754,2.114137217643e6,insample,1998
cross,k_medoids,2483487299,100,1.2919e9,6.44267e9,36.5536989,33.676087,SqEuclidean,output,909,2.5274818884509997e6,insample,2004
cross,k_medoids,2483487299,100,1.2919e9,6.06236e9,28.2756267,25.027693,SqEuclidean,output,621,2.185251149419e6,insample,2008
cross,k_medoids,2483487299,100,1.2919e9,6.6572e9,36.047371,34.6960051,SqEuclidean,output,934,2.779232176532e6,insample,2011
cross,k_medoids,2483487299,100,1.2919e9,5.99469e9,32.0721574,28.331722,SqEuclidean,output,733,2.062514721477e6,insample,2012
cross,k_medoids,2483487299,100,1.2919e9,6.11714e9,37.9741565,36.2011621,SqEuclidean,output,714,2.199782947281e6,insample,2016
cross,k_medoids,2529186237,100,1.34467e9,5.2238e9,25.990224,37.9001692,SqEuclidean,output,64,180965.7037359999,initial,initial
cross,k_medoids,2529186237,100,1.34467e9,7.13089e9,36.1999138,36.5257225,SqEuclidean,output,773,3.2318433927589995e6,insample,1982
cross,k_medoids,2529186237,100,1.34467e9,7.14387e9,28.633371,25.0357905,SqEuclidean,output,581,3.2079991309040003e6,insample,1986
cross,k_medoids,2529186237,100,1.34467e9,5.21002e9,28.115285,26.8005556,SqEuclidean,output,465,1.3656563689300003e6,insample,1990
cross,k_medoids,2529186237,100,1.34467e9,7.45043e9,28.0118028,26.79162,SqEuclidean,output,637,3.5628156481230003e6,insample,1994
cross,k_medoids,2529186237,100,1.34467e9,5.9036e9,36.7145095,40.324637,SqEuclidean,output,533,2.0035885418669996e6,insample,1998
cross,k_medoids,2529186237,100,1.34467e9,6.42556e9,34.5887128,36.7141598,SqEuclidean,output,729,2.513895971740001e6,insample,2004
cross,k_medoids,2529186237,100,1.34467e9,5.61806e9,27.3418512,24.6834671,SqEuclidean,output,438,1.7389215609989995e6,insample,2008
cross,k_medoids,2529186237,100,1.34467e9,6.30435e9,36.7500872,33.6745024,SqEuclidean,output,752,2.423511550322e6,insample,2011
cross,k_medoids,2529186237,100,1.34467e9,5.79382e9,29.0285842,26.9342606,SqEuclidean,output,538,1.862532310664e6,insample,2012
cross,k_medoids,2529186237,100,1.34467e9,6.25676e9,35.7607089,35.116830300000004,SqEuclidean,output,528,2.342991180070999e6,insample,2016
cross,k_medoids,2910484191,100,1.46254e9,5.09004e9,25.2314365,37.253464300000005,SqEuclidean,output,57,277318.79702699994,initial,initial
cross,k_medoids,2910484191,100,1.46254e9,7.72143e9,35.2581219,35.500532400000004,SqEuclidean,output,895,3.816410012247e6,insample,1982
cross,k_medoids,2910484191,100,1.46254e9,7.93666e9,29.0354407,24.3563959,SqEuclidean,output,726,3.993601939822e6,insample,1986
cross,k_medoids,2910484191,100,1.46254e9,5.95105e9,28.3401381,25.2545942,SqEuclidean,output,536,2.096283070809e6,insample,1990
cross,k_medoids,2910484191,100,1.46254e9,8.51263e9,28.2631735,25.3051654,SqEuclidean,output,720,4.615478664263002e6,insample,1994
cross,k_medoids,2910484191,100,1.46254e9,6.75514e9,38.256994,39.662835,SqEuclidean,output,544,2.8488198685009996e6,insample,1998
cross,k_medoids,2910484191,100,1.46254e9,7.17506e9,35.023409,36.4258133,SqEuclidean,output,820,3.261208003354e6,insample,2004
cross,k_medoids,2910484191,100,1.46254e9,6.31245e9,27.9957258,23.1794689,SqEuclidean,output,562,2.423672029322e6,insample,2008
cross,k_medoids,2910484191,100,1.46254e9,6.54994e9,36.941296,35.9173635,SqEuclidean,output,780,2.6600516931259995e6,insample,2011
cross,k_medoids,2910484191,100,1.46254e9,6.64623e9,29.8105677,28.2321275,SqEuclidean,output,626,2.710808600185e6,insample,2012
cross,k_medoids,2910484191,100,1.46254e9,7.06796e9,36.1036052,35.932954099999996,SqEuclidean,output,666,3.145639286761e6,insample,2016
cross,k_medoids,2931455462,100,1.42092e9,5.65557e9,27.1162448,37.8943739,SqEuclidean,output,89,530343.4556400001,initial,initial
cross,k_medoids,2931455462,100,1.42092e9,6.44848e9,36.314649,36.342851,SqEuclidean,output,682,2.5526102593639996e6,insample,1982
cross,k_medoids,2931455462,100,1.42092e9,6.59977e9,29.0244707,24.2380319,SqEuclidean,output,489,2.6682023075030004e6,insample,1986
cross,k_medoids,2931455462,100,1.42092e9,4.7061e9,29.3533991,25.1746368,SqEuclidean,output,338,867371.874399,insample,1990
cross,k_medoids,2931455462,100,1.42092e9,6.72953e9,29.7597003,26.4512528,SqEuclidean,output,502,2.8456410368979997e6,insample,1994
cross,k_medoids,2931455462,100,1.42092e9,5.35778e9,38.0603904,37.6725124,SqEuclidean,output,432,1.46371923794e6,insample,1998
cross,k_medoids,2931455462,100,1.42092e9,5.64754e9,36.7965307,36.6074404,SqEuclidean,output,535,1.741579601807e6,insample,2004
cross,k_medoids,2931455462,100,1.42092e9,5.06261e9,27.9047007,25.2367617,SqEuclidean,output,346,1.1892208431739998e6,insample,2008
cross,k_medoids,2931455462,100,1.42092e9,5.67986e9,37.4003537,33.7428178,SqEuclidean,output,640,1.804002084957e6,insample,2011
cross,k_medoids,2931455462,100,1.42092e9,5.20681e9,30.5634751,26.6266931,SqEuclidean,output,409,1.2818251176279995e6,insample,2012
cross,k_medoids,2931455462,100,1.42092e9,5.51946e9,37.4342995,36.5323882,SqEuclidean,output,385,1.6085974318819998e6,insample,2016
cross,k_medoids,3631457564,100,1.29537e9,4.68689e9,26.9120339,37.7975596,SqEuclidean,output,72,175824.315745,initial,initial
cross,k_medoids,3631457564,100,1.29537e9,8.5378e9,35.978853,37.4399828,SqEuclidean,output,961,4.626768711427e6,insample,1982
cross,k_medoids,3631457564,100,1.29537e9,8.07004e9,28.8332204,24.0700903,SqEuclidean,output,713,4.1268021471449994e6,insample,1986
cross,k_medoids,3631457564,100,1.29537e9,5.67726e9,28.6465475,26.4885089,SqEuclidean,output,579,1.821206413756e6,insample,1990
cross,k_medoids,3631457564,100,1.29537e9,8.16735e9,28.9069778,26.4233738,SqEuclidean,output,672,4.266344038851e6,insample,1994
cross,k_medoids,3631457564,100,1.29537e9,6.36861e9,36.5010696,37.8134056,SqEuclidean,output,522,2.4593919724300005e6,insample,1998
cross,k_medoids,3631457564,100,1.29537e9,7.17649e9,35.4395339,35.9812959,SqEuclidean,output,819,3.259131198377e6,insample,2004
cross,k_medoids,3631457564,100,1.29537e9,5.88266e9,28.4730256,24.8991382,SqEuclidean,output,429,1.9918093010410003e6,insample,2008
cross,k_medoids,3631457564,100,1.29537e9,6.78073e9,36.5271365,33.7391384,SqEuclidean,output,750,2.893063220152e6,insample,2011
cross,k_medoids,3631457564,100,1.29537e9,5.86338e9,30.3733582,28.9616092,SqEuclidean,output,578,1.920521837605e6,insample,2012
cross,k_medoids,3631457564,100,1.29537e9,6.78676e9,36.459579,36.283718,SqEuclidean,output,656,2.8637172528390004e6,insample,2016
cross,k_medoids,472808301,100,1.5455e9,6.61949e9,25.7535701,38.1420978,SqEuclidean,output,86,424021.583238,initial,initial
cross,k_medoids,472808301,100,1.5455e9,6.22173e9,30.0175083,27.435202,SqEuclidean,output,703,2.336873476909e6,insample,1982
cross,k_medoids,472808301,100,1.5455e9,6.3455e9,29.4164744,24.2017964,SqEuclidean,output,567,2.420484484115e6,insample,1986
cross,k_medoids,472808301,100,1.5455e9,5.03307e9,29.6445343,25.5589782,SqEuclidean,output,485,1.197385230887e6,insample,1990
cross,k_medoids,472808301,100,1.5455e9,6.88253e9,29.9178847,26.613362199999997,SqEuclidean,output,675,2.998616048423e6,insample,1994
cross,k_medoids,472808301,100,1.5455e9,5.75199e9,39.8196581,36.7267159,SqEuclidean,output,585,1.8591383672459996e6,insample,1998
cross,k_medoids,472808301,100,1.5455e9,6.09048e9,34.7241597,37.0505503,SqEuclidean,output,727,2.1903580568e6,insample,2004
cross,k_medoids,472808301,100,1.5455e9,5.51017e9,28.1196253,23.3476006,SqEuclidean,output,478,1.6369890334649996e6,insample,2008
cross,k_medoids,472808301,100,1.5455e9,5.87142e9,37.7422355,35.964896100000004,SqEuclidean,output,719,2.0041912092180003e6,insample,2011
cross,k_medoids,472808301,100,1.5455e9,5.52066e9,30.7702549,28.0396958,SqEuclidean,output,570,1.600085257327e6,insample,2012
cross,k_medoids,472808301,100,1.5455e9,6.04023e9,36.9990664,33.097262,SqEuclidean,output,638,2.133831479498999e6,insample,2016
cross,k_medoids,1516602964,20,8.18586e8,4.00241e9,5.0354362,56.280414400000005,SqEuclidean,output,1,1473.841982,initial,initial
cross,k_medoids,1516602964,20,8.18586e8,1.6537e10,41.3372159,37.9081582,SqEuclidean,output,2822,1.2520232842504e7,insample,1982
cross,k_medoids,1516602964,20,8.18586e8,1.52049e10,45.186983,42.8191025,SqEuclidean,output,2372,1.115779043479e7,insample,1986
cross,k_medoids,1516602964,20,8.18586e8,1.18058e10,42.8017797,39.8686602,SqEuclidean,output,2168,7.852500961102e6,insample,1990
cross,k_medoids,1516602964,20,8.18586e8,1.73996e10,40.9194419,40.2232326,SqEuclidean,output,2556,1.3394683097453e7,insample,1994
cross,k_medoids,1516602964,20,8.18586e8,1.21612e10,44.2287698,38.8298604,SqEuclidean,output,2177,8.158635678970999e6,insample,1998
cross,k_medoids,1516602964,20,8.18586e8,1.63271e10,46.2705567,44.0967401,SqEuclidean,output,2764,1.2301847583811e7,insample,2004
cross,k_medoids,1516602964,20,8.18586e8,1.23183e10,44.4484841,41.7800133,SqEuclidean,output,2006,8.338358630458001e6,insample,2008
cross,k_medoids,1516602964,20,8.18586e8,1.46737e10,47.8531101,37.906862499999995,SqEuclidean,output,2711,1.0674406277403e7,insample,2011
cross,k_medoids,1516602964,20,8.18586e8,1.36577e10,46.5761098,42.4865467,SqEuclidean,output,2554,9.611714422939004e6,insample,2012
cross,k_medoids,1516602964,20,8.18586e8,1.46901e10,45.1990783,40.3911221,SqEuclidean,output,2525,1.0660979734459002e7,insample,2016
cross,k_medoids,1886534858,20,9.93955e8,4.1378e9,4.8778957,55.6332777,SqEuclidean,output,8,27548.116334,initial,initial
cross,k_medoids,1886534858,20,9.93955e8,1.17547e10,43.8856484,41.4324245,SqEuclidean,output,2424,7.785798768638999e6,insample,1982
cross,k_medoids,1886534858,20,9.93955e8,1.09749e10,44.7079205,42.2196752,SqEuclidean,output,1956,6.979656694882e6,insample,1986
cross,k_medoids,1886534858,20,9.93955e8,8.69756e9,37.3869063,45.9746944,SqEuclidean,output,1946,4.792732823369e6,insample,1990
cross,k_medoids,1886534858,20,9.93955e8,1.19569e10,43.7057335,40.005689999999994,SqEuclidean,output,2196,8.002171343562e6,insample,1994
cross,k_medoids,1886534858,20,9.93955e8,9.35464e9,43.7115487,40.9951356,SqEuclidean,output,2112,5.397371223726001e6,insample,1998
cross,k_medoids,1886534858,20,9.93955e8,1.14378e10,44.0166513,40.5961174,SqEuclidean,output,2563,7.459027843787e6,insample,2004
cross,k_medoids,1886534858,20,9.93955e8,8.61978e9,42.5954612,42.8754868,SqEuclidean,output,1726,4.682684466642001e6,insample,2008
cross,k_medoids,1886534858,20,9.93955e8,1.04029e10,45.8089196,44.2972259,SqEuclidean,output,2411,6.455303234878e6,insample,2011
cross,k_medoids,1886534858,20,9.93955e8,9.7695e9,44.4025905,41.631526400000006,SqEuclidean,output,2162,5.768523010668e6,insample,2012
cross,k_medoids,1886534858,20,9.93955e8,9.76444e9,44.6445135,39.314579,SqEuclidean,output,2060,5.778604512269e6,insample,2016
cross,k_medoids,2317698438,20,1.11021e9,4.49869e9,4.6746673,51.4450178,SqEuclidean,output,22,59902.128598,initial,initial
cross,k_medoids,2317698438,20,1.11021e9,1.28032e10,38.9437569,34.934445499999995,SqEuclidean,output,2161,8.850066472429998e6,insample,1982
cross,k_medoids,2317698438,20,1.11021e9,1.43934e10,37.3817102,33.7622371,SqEuclidean,output,2141,1.0410697582064e7,insample,1986
cross,k_medoids,2317698438,20,1.11021e9,1.08545e10,38.3084973,36.126372399999994,SqEuclidean,output,1814,6.963889754158001e6,insample,1990
cross,k_medoids,2317698438,20,1.11021e9,1.45817e10,38.9442445,32.872514800000005,SqEuclidean,output,2192,1.0637378221987002e7,insample,1994
cross,k_medoids,2317698438,20,1.11021e9,1.07117e10,38.8559871,35.1864972,SqEuclidean,output,1805,6.762007571118999e6,insample,1998
cross,k_medoids,2317698438,20,1.11021e9,1.37778e10,39.5932321,35.608368,SqEuclidean,output,2585,9.800050780816e6,insample,2004
cross,k_medoids,2317698438,20,1.11021e9,1.22529e10,35.2661949,31.4815618,SqEuclidean,output,1911,8.321487414513003e6,insample,2008
cross,k_medoids,2317698438,20,1.11021e9,1.33516e10,38.874879,34.5298333,SqEuclidean,output,2302,9.417882795908e6,insample,2011
cross,k_medoids,2317698438,20,1.11021e9,1.23964e10,38.5155894,33.4089165,SqEuclidean,output,1987,8.406027880819999e6,insample,2012
cross,k_medoids,2317698438,20,1.11021e9,1.27977e10,37.7381586,34.1400123,SqEuclidean,output,2088,8.808208716412e6,insample,2016
cross,k_medoids,2466700586,20,1.00639e9,4.18342e9,4.4281849,52.206206,SqEuclidean,output,12,20571.037293,initial,initial
cross,k_medoids,2466700586,20,1.00639e9,2.17143e10,42.1487755,39.9624805,SqEuclidean,output,2980,1.7789231561637e7,insample,1982
cross,k_medoids,2466700586,20,1.00639e9,1.90882e10,41.3402719,39.7267335,SqEuclidean,output,2430,1.5133636575423002e7,insample,1986
cross,k_medoids,2466700586,20,1.00639e9,1.50791e10,43.3945594,40.8532862,SqEuclidean,output,2157,1.1211457628555998e7,insample,1990
cross,k_medoids,2466700586,20,1.00639e9,2.15468e10,38.0416453,41.3331087,SqEuclidean,output,2812,1.7640843150173e7,insample,1994
cross,k_medoids,2466700586,20,1.00639e9,1.63278e10,43.5957933,37.399854700000006,SqEuclidean,output,2367,1.2411741690465e7,insample,1998
cross,k_medoids,2466700586,20,1.00639e9,2.14382e10,43.4299981,37.4138552,SqEuclidean,output,3092,1.7509902452218e7,insample,2004
cross,k_medoids,2466700586,20,1.00639e9,1.67249e10,44.0207244,37.5617996,SqEuclidean,output,2148,1.2821791735624e7,insample,2008
cross,k_medoids,2466700586,20,1.00639e9,1.92297e10,43.4940389,41.0140378,SqEuclidean,output,2871,1.5318149265906e7,insample,2011
cross,k_medoids,2466700586,20,1.00639e9,1.84851e10,43.8520242,40.8629244,SqEuclidean,output,2649,1.4531000403859e7,insample,2012
cross,k_medoids,2466700586,20,1.00639e9,2.02144e10,43.2453952,38.4702427,SqEuclidean,output,2644,1.6267884488843e7,insample,2016
cross,k_medoids,2692059346,20,1.25716e9,6.54582e9,4.6921009,54.8666066,SqEuclidean,output,15,111161.90841400002,initial,initial
cross,k_medoids,2692059346,20,1.25716e9,9.67191e9,41.1735583,36.17845,SqEuclidean,output,2022,5.756331856024e6,insample,1982
cross,k_medoids,2692059346,20,1.25716e9,9.43272e9,40.6120994,37.1647472,SqEuclidean,output,1697,5.485627273647e6,insample,1986
cross,k_medoids,2692059346,20,1.25716e9,7.28916e9,38.2536721,33.3169213,SqEuclidean,output,1556,3.4317196184559995e6,insample,1990
cross,k_medoids,2692059346,20,1.25716e9,1.02012e10,38.5534933,34.8424552,SqEuclidean,output,2028,6.29803718836e6,insample,1994
cross,k_medoids,2692059346,20,1.25716e9,8.20138e9,38.1201803,35.109490199999996,SqEuclidean,output,1607,4.288391030943e6,insample,1998
cross,k_medoids,2692059346,20,1.25716e9,1.03019e10,38.9942847,34.3502746,SqEuclidean,output,2325,6.377057930805e6,insample,2004
cross,k_medoids,2692059346,20,1.25716e9,7.69751e9,35.9213401,35.063967399999996,SqEuclidean,output,1420,3.798341962689e6,insample,2008
cross,k_medoids,2692059346,20,1.25716e9,8.84488e9,40.870724,44.7709082,SqEuclidean,output,1946,4.9598873056540005e6,insample,2011
cross,k_medoids,2692059346,20,1.25716e9,8.29787e9,38.7985379,35.214581800000005,SqEuclidean,output,1778,4.343298537539999e6,insample,2012
cross,k_medoids,2692059346,20,1.25716e9,8.67669e9,38.5436737,33.2245815,SqEuclidean,output,1860,4.741265028678e6,insample,2016
cross,k_medoids,3032526906,20,9.51592e8,4.05095e9,4.7997069,52.8043394,SqEuclidean,output,4,5616.525447,initial,initial
cross,k_medoids,3032526906,20,9.51592e8,1.17888e10,41.1718411,34.1192723,SqEuclidean,output,2464,7.817774893756e6,insample,1982
cross,k_medoids,3032526906,20,9.51592e8,1.13595e10,41.0673292,36.1846319,SqEuclidean,output,2125,7.353322091383001e6,insample,1986
cross,k_medoids,3032526906,20,9.51592e8,9.29513e9,38.9431899,36.684664100000006,SqEuclidean,output,2028,5.387585463659e6,insample,1990
cross,k_medoids,3032526906,20,9.51592e8,1.27517e10,39.8593515,34.1710707,SqEuclidean,output,2357,8.787472877389e6,insample,1994
cross,k_medoids,3032526906,20,9.51592e8,9.58221e9,41.0122901,36.9294132,SqEuclidean,output,1969,5.627345998441001e6,insample,1998
cross,k_medoids,3032526906,20,9.51592e8,1.18537e10,39.7948367,36.488211799999995,SqEuclidean,output,2567,7.878087463289e6,insample,2004
cross,k_medoids,3032526906,20,9.51592e8,1.01233e10,40.3440853,35.870494799999996,SqEuclidean,output,1725,6.192903191367e6,insample,2008
cross,k_medoids,3032526906,20,9.51592e8,1.1833e10,39.9549063,34.0898741,SqEuclidean,output,2712,7.889634816542999e6,insample,2011
cross,k_medoids,3032526906,20,9.51592e8,1.07365e10,39.3432732,34.7027287,SqEuclidean,output,2216,6.744423838001001e6,insample,2012
cross,k_medoids,3032526906,20,9.51592e8,1.10578e10,40.5662822,34.4838364,SqEuclidean,output,2061,7.0793750733590005e6,insample,2016
cross,k_medoids,3214418042,20,7.65611e8,4.11181e9,3.6855804,54.2708563,SqEuclidean,output,1,13.84849,initial,initial
cross,k_medoids,3214418042,20,7.65611e8,2.37333e10,44.6507482,41.0002151,SqEuclidean,output,4318,1.9759228640547e7,insample,1982
cross,k_medoids,3214418042,20,7.65611e8,2.02611e10,44.0622546,39.7050977,SqEuclidean,output,3406,1.6263468615681998e7,insample,1986
cross,k_medoids,3214418042,20,7.65611e8,1.66995e10,44.980632,37.8867287,SqEuclidean,output,3340,1.2783283515016e7,insample,1990
cross,k_medoids,3214418042,20,7.65611e8,2.33249e10,42.5895126,45.5286774,SqEuclidean,output,4006,1.9360551816896997e7,insample,1994
cross,k_medoids,3214418042,20,7.65611e8,1.68065e10,45.4641966,41.2617976,SqEuclidean,output,3408,1.2841165065605998e7,insample,1998
cross,k_medoids,3214418042,20,7.65611e8,2.39312e10,44.9079413,40.3637507,SqEuclidean,output,4355,1.9955633811526e7,insample,2004
cross,k_medoids,3214418042,20,7.65611e8,1.62155e10,45.7789864,40.5316485,SqEuclidean,output,2983,1.2259061677412e7,insample,2008
cross,k_medoids,3214418042,20,7.65611e8,2.03693e10,46.0963259,41.5938997,SqEuclidean,output,4305,1.6411153132175e7,insample,2011
cross,k_medoids,3214418042,20,7.65611e8,1.93417e10,45.846268,41.4654086,SqEuclidean,output,3918,1.5332126400771e7,insample,2012
cross,k_medoids,3214418042,20,7.65611e8,2.08732e10,45.4011185,40.1263836,SqEuclidean,output,3933,1.6875686349349e7,insample,2016
cross,k_medoids,3217763985,20,1.15713e9,4.94723e9,4.4485654,55.531541,SqEuclidean,output,21,90559.679255,initial,initial
cross,k_medoids,3217763985,20,1.15713e9,1.13479e10,42.227408,39.4171714,SqEuclidean,output,2149,7.383091765097e6,insample,1982
cross,k_medoids,3217763985,20,1.15713e9,1.07661e10,39.8041939,37.698332,SqEuclidean,output,1769,6.775566823582999e6,insample,1986
cross,k_medoids,3217763985,20,1.15713e9,9.18324e9,40.8422987,36.650501,SqEuclidean,output,1714,5.2772657635820005e6,insample,1990
cross,k_medoids,3217763985,20,1.15713e9,1.24925e10,40.2084252,41.3224138,SqEuclidean,output,2123,8.541194721033e6,insample,1994
cross,k_medoids,3217763985,20,1.15713e9,8.89742e9,41.6732942,38.7088787,SqEuclidean,output,1642,4.942508820248999e6,insample,1998
cross,k_medoids,3217763985,20,1.15713e9,1.15642e10,41.7872278,41.0532482,SqEuclidean,output,2236,7.595680047615e6,insample,2004
cross,k_medoids,3217763985,20,1.15713e9,9.55826e9,41.6974367,40.4915976,SqEuclidean,output,1449,5.618846405648e6,insample,2008
cross,k_medoids,3217763985,20,1.15713e9,1.12168e10,39.264746,38.1876171,SqEuclidean,output,2296,7.274801894989001e6,insample,2011
cross,k_medoids,3217763985,20,1.15713e9,1.07251e10,41.5187317,38.3864144,SqEuclidean,output,1923,6.728242111786999e6,insample,2012
cross,k_medoids,3217763985,20,1.15713e9,9.97921e9,39.6035915,38.3378561,SqEuclidean,output,1728,5.996418494958999e6,insample,2016
cross,k_medoids,3272403283,20,9.04497e8,4.005e9,4.4913075,50.454993,SqEuclidean,output,1,306.688062,initial,initial
cross,k_medoids,3272403283,20,9.04497e8,1.7125e10,44.2409649,38.399339999999995,SqEuclidean,output,3556,1.3102707679834e7,insample,1982
cross,k_medoids,3272403283,20,9.04497e8,1.56454e10,39.970091,36.0150761,SqEuclidean,output,2931,1.1592003678101003e7,insample,1986
cross,k_medoids,3272403283,20,9.04497e8,1.30815e10,42.7101447,36.9437028,SqEuclidean,output,3008,9.127343595417e6,insample,1990
cross,k_medoids,3272403283,20,9.04497e8,1.8036e10,42.3995773,33.8539062,SqEuclidean,output,3556,1.4021010157012e7,insample,1994
cross,k_medoids,3272403283,20,9.04497e8,1.32097e10,41.954924,33.7472863,SqEuclidean,output,2961,9.202724906119e6,insample,1998
cross,k_medoids,3272403283,20,9.04497e8,1.71372e10,42.1354971,34.6183098,SqEuclidean,output,3624,1.3105378321437e7,insample,2004
cross,k_medoids,3272403283,20,9.04497e8,1.27485e10,42.1111618,33.2447731,SqEuclidean,output,2648,8.766083716683e6,insample,2008
cross,k_medoids,3272403283,20,9.04497e8,1.57497e10,40.6832432,35.000566899999995,SqEuclidean,output,3562,1.1741328591385998e7,insample,2011
cross,k_medoids,3272403283,20,9.04497e8,1.37925e10,41.1989094,35.6420831,SqEuclidean,output,2942,9.743816557289e6,insample,2012
cross,k_medoids,3272403283,20,9.04497e8,1.49775e10,41.8849066,35.172918599999996,SqEuclidean,output,3281,1.0938087542017002e7,insample,2016
cross,k_medoids,408956147,20,8.54362e8,4.24889e9,4.9577848,51.7105044,SqEuclidean,output,5,5320.996784,initial,initial
cross,k_medoids,408956147,20,8.54362e8,1.47135e10,39.2199385,34.589255,SqEuclidean,output,2969,1.0763638128747e7,insample,1982
cross,k_medoids,408956147,20,8.54362e8,1.37476e10,39.3595264,37.095119399999994,SqEuclidean,output,2507,9.768344058161002e6,insample,1986
cross,k_medoids,408956147,20,8.54362e8,1.06732e10,38.3970512,37.3080347,SqEuclidean,output,2470,6.781980137854001e6,insample,1990
cross,k_medoids,408956147,20,8.54362e8,1.52725e10,39.5857241,34.8540886,SqEuclidean,output,2919,1.1326270737378e7,insample,1994
cross,k_medoids,408956147,20,8.54362e8,1.10345e10,36.1014509,32.8902114,SqEuclidean,output,2533,7.090474309773e6,insample,1998
cross,k_medoids,408956147,20,8.54362e8,1.48956e10,39.1218824,35.2528248,SqEuclidean,output,3376,1.0938608474267e7,insample,2004
cross,k_medoids,408956147,20,8.54362e8,1.07701e10,37.6371679,36.6166462,SqEuclidean,output,2238,6.841717625706e6,insample,2008
cross,k_medoids,408956147,20,8.54362e8,1.3179e10,39.3385169,34.8422707,SqEuclidean,output,3185,9.243080576096e6,insample,2011
cross,k_medoids,408956147,20,8.54362e8,1.17927e10,39.0690199,36.4206777,SqEuclidean,output,2595,7.810047242166999e6,insample,2012
cross,k_medoids,408956147,20,8.54362e8,1.32735e10,39.8407184,38.3237533,SqEuclidean,output,3034,9.303237934411e6,insample,2016
cross,k_medoids,1040218444,200,1.54771e9,4.42076e9,92.8127681,41.4042877,SqEuclidean,output,94,173069.875428,initial,initial
cross,k_medoids,1040218444,200,1.54771e9,6.15869e9,29.8501001,29.3872701,SqEuclidean,output,667,2.2649201091200006e6,insample,1982
cross,k_medoids,1040218444,200,1.54771e9,6.4775e9,28.8016536,24.4877696,SqEuclidean,output,437,2.55015828153e6,insample,1986
cross,k_medoids,1040218444,200,1.54771e9,4.55529e9,28.9621673,26.5251638,SqEuclidean,output,279,718503.9556290002,insample,1990
cross,k_medoids,1040218444,200,1.54771e9,6.27453e9,28.4955564,25.1080037,SqEuclidean,output,443,2.394134062623e6,insample,1994
cross,k_medoids,1040218444,200,1.54771e9,5.05262e9,36.6258312,39.8679334,SqEuclidean,output,315,1.1599716218850005e6,insample,1998
cross,k_medoids,1040218444,200,1.54771e9,5.7071e9,34.3580749,32.4670148,SqEuclidean,output,516,1.803739187432e6,insample,2004
cross,k_medoids,1040218444,200,1.54771e9,5.08829e9,28.0041238,23.4568589,SqEuclidean,output,323,1.212164005901e6,insample,2008
cross,k_medoids,1040218444,200,1.54771e9,5.61073e9,35.0168998,35.2602353,SqEuclidean,output,577,1.7388310344539993e6,insample,2011
cross,k_medoids,1040218444,200,1.54771e9,5.27403e9,29.1571171,26.9668406,SqEuclidean,output,413,1.3476852401850002e6,insample,2012
cross,k_medoids,1040218444,200,1.54771e9,5.55427e9,36.0767207,34.6302455,SqEuclidean,output,396,1.6420221068179996e6,insample,2016
cross,k_medoids,1498923158,200,1.46046e9,5.10898e9,84.6447687,41.8276634,SqEuclidean,output,135,589931.5054560001,initial,initial
cross,k_medoids,1498923158,200,1.46046e9,6.0865e9,30.6164521,24.9095625,SqEuclidean,output,642,2.191021372215e6,insample,1982
cross,k_medoids,1498923158,200,1.46046e9,6.25607e9,30.6702303,24.4655699,SqEuclidean,output,458,2.326011901579e6,insample,1986
cross,k_medoids,1498923158,200,1.46046e9,4.5789e9,29.3702654,26.2722841,SqEuclidean,output,334,740731.4414610001,insample,1990
cross,k_medoids,1498923158,200,1.46046e9,6.18011e9,29.8728531,25.1438436,SqEuclidean,output,470,2.29650196289e6,insample,1994
cross,k_medoids,1498923158,200,1.46046e9,5.19111e9,38.3703113,38.1049172,SqEuclidean,output,416,1.294278331937e6,insample,1998
cross,k_medoids,1498923158,200,1.46046e9,5.40116e9,36.064852,33.7890874,SqEuclidean,output,487,1.498447147255e6,insample,2004
cross,k_medoids,1498923158,200,1.46046e9,4.99484e9,29.1030409,23.0954323,SqEuclidean,output,296,1.1184779663409998e6,insample,2008
cross,k_medoids,1498923158,200,1.46046e9,5.5519e9,37.1409268,35.808999500000006,SqEuclidean,output,595,1.6779126425500002e6,insample,2011
cross,k_medoids,1498923158,200,1.46046e9,4.93297e9,30.691107,28.6623898,SqEuclidean,output,416,1.003084837286e6,insample,2012
cross,k_medoids,1498923158,200,1.46046e9,5.10677e9,37.1413436,35.489861,SqEuclidean,output,366,1.1943066285930004e6,insample,2016
cross,k_medoids,1571330722,200,1.4903e9,5.16016e9,95.123876,42.4442785,SqEuclidean,output,143,564693.1008699998,initial,initial
cross,k_medoids,1571330722,200,1.4903e9,5.92237e9,30.5666766,24.7448708,SqEuclidean,output,640,2.018767090219e6,insample,1982
cross,k_medoids,1571330722,200,1.4903e9,6.20006e9,30.2436971,26.006904,SqEuclidean,output,474,2.2617724036449995e6,insample,1986
cross,k_medoids,1571330722,200,1.4903e9,4.55513e9,30.385119,26.4940327,SqEuclidean,output,344,705906.0027780001,insample,1990
cross,k_medoids,1571330722,200,1.4903e9,6.0481e9,30.0748432,25.3817153,SqEuclidean,output,463,2.1500641640720004e6,insample,1994
cross,k_medoids,1571330722,200,1.4903e9,5.06258e9,38.6902054,39.1346008,SqEuclidean,output,402,1.156154232054e6,insample,1998
cross,k_medoids,1571330722,200,1.4903e9,5.34038e9,35.9529596,33.5364828,SqEuclidean,output,530,1.430320957919e6,insample,2004
cross,k_medoids,1571330722,200,1.4903e9,4.96439e9,29.0434157,23.1644654,SqEuclidean,output,315,1.08116959038e6,insample,2008
cross,k_medoids,1571330722,200,1.4903e9,5.49865e9,37.8975248,33.2334408,SqEuclidean,output,584,1.6146673917e6,insample,2011
cross,k_medoids,1571330722,200,1.4903e9,4.83287e9,31.2720131,26.941092899999997,SqEuclidean,output,379,900315.3704450001,insample,2012
cross,k_medoids,1571330722,200,1.4903e9,5.0914e9,38.3236974,35.3131233,SqEuclidean,output,363,1.1764416098850002e6,insample,2016
cross,k_medoids,2110474755,200,1.60634e9,5.08522e9,86.0540714,41.4249637,SqEuclidean,output,152,461258.67337,initial,initial
cross,k_medoids,2110474755,200,1.60634e9,5.63505e9,32.4717246,27.6582056,SqEuclidean,output,562,1.753339138714e6,insample,1982
cross,k_medoids,2110474755,200,1.60634e9,6.18385e9,30.0087417,24.7167158,SqEuclidean,output,436,2.264523517801e6,insample,1986
cross,k_medoids,2110474755,200,1.60634e9,4.47138e9,29.6323212,26.7834094,SqEuclidean,output,304,640659.0334399999,insample,1990
cross,k_medoids,2110474755,200,1.60634e9,5.99984e9,29.7573199,25.386731899999997,SqEuclidean,output,422,2.124247693233e6,insample,1994
cross,k_medoids,2110474755,200,1.60634e9,5.05241e9,38.072209,40.3255218,SqEuclidean,output,410,1.1625854026350002e6,insample,1998
cross,k_medoids,2110474755,200,1.60634e9,5.2122e9,35.8716542,34.81698960000001,SqEuclidean,output,448,1.3232904934190002e6,insample,2004
cross,k_medoids,2110474755,200,1.60634e9,4.85065e9,28.6674567,23.1732982,SqEuclidean,output,292,984039.906301,insample,2008
cross,k_medoids,2110474755,200,1.60634e9,5.24666e9,36.4149089,35.284376300000005,SqEuclidean,output,489,1.3868004365300003e6,insample,2011
cross,k_medoids,2110474755,200,1.60634e9,4.87891e9,30.7115196,26.8123915,SqEuclidean,output,324,965614.552707,insample,2012
cross,k_medoids,2110474755,200,1.60634e9,5.27356e9,37.1279991,32.7200039,SqEuclidean,output,364,1.3760387068219995e6,insample,2016
cross,k_medoids,2358156674,200,1.52589e9,5.17787e9,75.5973265,42.716265,SqEuclidean,output,124,335338.46485899994,initial,initial
cross,k_medoids,2358156674,200,1.52589e9,5.93836e9,32.2699275,27.9945206,SqEuclidean,output,610,2.063828116183e6,insample,1982
cross,k_medoids,2358156674,200,1.52589e9,6.33932e9,30.2049109,25.8732391,SqEuclidean,output,495,2.427045505873e6,insample,1986
cross,k_medoids,2358156674,200,1.52589e9,4.63192e9,29.4372826,25.0300662,SqEuclidean,output,385,810808.4673030002,insample,1990
cross,k_medoids,2358156674,200,1.52589e9,6.1546e9,29.5204726,25.198941199999997,SqEuclidean,output,489,2.28581944762e6,insample,1994
cross,k_medoids,2358156674,200,1.52589e9,5.23013e9,39.2560819,37.7733281,SqEuclidean,output,475,1.348117500071e6,insample,1998
cross,k_medoids,2358156674,200,1.52589e9,5.08733e9,36.1376767,37.8201036,SqEuclidean,output,481,1.2056952670599998e6,insample,2004
cross,k_medoids,2358156674,200,1.52589e9,4.95046e9,29.1028455,24.346001,SqEuclidean,output,345,1.092993013458e6,insample,2008
cross,k_medoids,2358156674,200,1.52589e9,5.45501e9,36.4983638,34.6203031,SqEuclidean,output,563,1.6034341581950004e6,insample,2011
cross,k_medoids,2358156674,200,1.52589e9,4.71678e9,31.8603253,28.9073372,SqEuclidean,output,382,809812.2613679997,insample,2012
cross,k_medoids,2358156674,200,1.52589e9,5.08565e9,38.4670984,37.1070702,SqEuclidean,output,355,1.197710077789e6,insample,2016
cross,k_medoids,2454944798,200,1.42563e9,5.60166e9,94.5511331,42.2643698,SqEuclidean,output,146,745568.844115,initial,initial
cross,k_medoids,2454944798,200,1.42563e9,6.02084e9,31.8802209,26.9067882,SqEuclidean,output,706,2.117752953389e6,insample,1982
cross,k_medoids,2454944798,200,1.42563e9,6.37369e9,30.1859885,26.4291032,SqEuclidean,output,558,2.434376711330999e6,insample,1986
cross,k_medoids,2454944798,200,1.42563e9,4.63902e9,29.5014138,25.4712108,SqEuclidean,output,418,792063.3814019999,insample,1990
cross,k_medoids,2454944798,200,1.42563e9,6.08058e9,30.8105349,25.2581144,SqEuclidean,output,502,2.185722877038e6,insample,1994
cross,k_medoids,2454944798,200,1.42563e9,5.26023e9,38.9689435,39.0648792,SqEuclidean,output,528,1.35633978924e6,insample,1998
cross,k_medoids,2454944798,200,1.42563e9,5.45904e9,35.8325079,33.9192164,SqEuclidean,output,574,1.5504249632750002e6,insample,2004
cross,k_medoids,2454944798,200,1.42563e9,5.00356e9,29.0619785,23.139156099999997,SqEuclidean,output,372,1.1257255895420003e6,insample,2008
cross,k_medoids,2454944798,200,1.42563e9,5.6789e9,37.3081412,35.4830843,SqEuclidean,output,717,1.7963139266590003e6,insample,2011
cross,k_medoids,2454944798,200,1.42563e9,5.08363e9,31.0291801,29.4615797,SqEuclidean,output,462,1.1559098471400004e6,insample,2012
cross,k_medoids,2454944798,200,1.42563e9,5.34763e9,36.8337501,35.4598839,SqEuclidean,output,473,1.434801726747e6,insample,2016
cross,k_medoids,3126457023,200,1.51243e9,4.62851e9,99.2545052,41.7771946,SqEuclidean,output,140,526861.7639899999,initial,initial
cross,k_medoids,3126457023,200,1.51243e9,5.81928e9,32.3989244,27.3787972,SqEuclidean,output,583,1.940540226056e6,insample,1982
cross,k_medoids,3126457023,200,1.51243e9,6.31614e9,30.7557549,26.5198833,SqEuclidean,output,511,2.397815859028e6,insample,1986
cross,k_medoids,3126457023,200,1.51243e9,4.51881e9,29.7410142,25.5596129,SqEuclidean,output,341,692487.650119,insample,1990
cross,k_medoids,3126457023,200,1.51243e9,5.93154e9,29.9182704,26.4585137,SqEuclidean,output,451,2.056799941973e6,insample,1994
cross,k_medoids,3126457023,200,1.51243e9,5.15931e9,39.0147348,41.2819067,SqEuclidean,output,464,1.2713284752519997e6,insample,1998
cross,k_medoids,3126457023,200,1.51243e9,5.31951e9,37.018936,34.8714614,SqEuclidean,output,508,1.429940301596e6,insample,2004
cross,k_medoids,3126457023,200,1.51243e9,4.94287e9,28.6483162,24.5162911,SqEuclidean,output,345,1.080955527936e6,insample,2008
cross,k_medoids,3126457023,200,1.51243e9,5.51509e9,38.6187396,33.1457673,SqEuclidean,output,619,1.6559594203970004e6,insample,2011
cross,k_medoids,3126457023,200,1.51243e9,4.92516e9,31.2032161,28.9509062,SqEuclidean,output,415,1.013616140127e6,insample,2012
cross,k_medoids,3126457023,200,1.51243e9,5.28214e9,38.3091654,35.884195299999995,SqEuclidean,output,390,1.384417971007e6,insample,2016
cross,k_medoids,4093639103,200,1.43642e9,4.68314e9,81.565064,41.1436724,SqEuclidean,output,145,495764.998616,initial,initial
cross,k_medoids,4093639103,200,1.43642e9,6.053e9,32.578371,26.9734449,SqEuclidean,output,748,2.160214007633e6,insample,1982
cross,k_medoids,4093639103,200,1.43642e9,6.45771e9,30.7708213,27.1158614,SqEuclidean,output,561,2.526996652904999e6,insample,1986
cross,k_medoids,4093639103,200,1.43642e9,4.616e9,30.4009779,25.3219555,SqEuclidean,output,418,773567.825493,insample,1990
cross,k_medoids,4093639103,200,1.43642e9,6.14824e9,30.153413,26.1362771,SqEuclidean,output,510,2.256264136155001e6,insample,1994
cross,k_medoids,4093639103,200,1.43642e9,5.15923e9,38.8942278,39.631936,SqEuclidean,output,430,1.2602378057779996e6,insample,1998
cross,k_medoids,4093639103,200,1.43642e9,5.48089e9,36.7400783,36.7343196,SqEuclidean,output,588,1.582449562862e6,insample,2004
cross,k_medoids,4093639103,200,1.43642e9,5.03936e9,29.1681799,24.3736023,SqEuclidean,output,372,1.164897889648e6,insample,2008
cross,k_medoids,4093639103,200,1.43642e9,5.56333e9,38.4704798,33.980689500000004,SqEuclidean,output,676,1.688084309221e6,insample,2011
cross,k_medoids,4093639103,200,1.43642e9,4.9727e9,32.8854672,28.6981322,SqEuclidean,output,462,1.0512971928479995e6,insample,2012
cross,k_medoids,4093639103,200,1.43642e9,5.44522e9,38.8390706,34.2814889,SqEuclidean,output,476,1.5390173080850004e6,insample,2016
cross,k_medoids,4109171108,200,1.3605e9,4.53679e9,94.5783286,41.8943972,SqEuclidean,output,123,308028.7836930001,initial,initial
cross,k_medoids,4109171108,200,1.3605e9,6.68894e9,32.7008373,26.5166818,SqEuclidean,output,750,2.7990821133700004e6,insample,1982
cross,k_medoids,4109171108,200,1.3605e9,6.70166e9,30.533467,27.1375242,SqEuclidean,output,559,2.775953189549e6,insample,1986
cross,k_medoids,4109171108,200,1.3605e9,4.8849e9,29.7499477,25.611513,SqEuclidean,output,412,1.047806804486e6,insample,1990
cross,k_medoids,4109171108,200,1.3605e9,6.93302e9,30.0348744,25.2694135,SqEuclidean,output,584,3.0480450989180007e6,insample,1994
cross,k_medoids,4109171108,200,1.3605e9,5.57307e9,40.3623218,38.0703825,SqEuclidean,output,468,1.678106976803e6,insample,1998
cross,k_medoids,4109171108,200,1.3605e9,5.78146e9,35.8238521,34.2147292,SqEuclidean,output,606,1.8842118605029995e6,insample,2004
cross,k_medoids,4109171108,200,1.3605e9,5.28274e9,28.8953381,24.544803,SqEuclidean,output,396,1.4113408485059997e6,insample,2008
cross,k_medoids,4109171108,200,1.3605e9,6.05252e9,38.3787619,35.502065900000005,SqEuclidean,output,761,2.1833260598270004e6,insample,2011
cross,k_medoids,4109171108,200,1.3605e9,5.26979e9,31.5524108,29.1410821,SqEuclidean,output,471,1.3504877611709998e6,insample,2012
cross,k_medoids,4109171108,200,1.3605e9,5.85769e9,38.2972985,35.7737142,SqEuclidean,output,479,1.952160571847e6,insample,2016
cross,k_medoids,535977374,200,1.61345e9,4.99773e9,74.4307769,48.011199,SqEuclidean,output,164,480003.248216,initial,initial
cross,k_medoids,535977374,200,1.61345e9,5.90062e9,31.5185567,27.092993099999997,SqEuclidean,output,613,2.01583202407e6,insample,1982
cross,k_medoids,535977374,200,1.61345e9,6.28731e9,28.9816911,25.708712700000003,SqEuclidean,output,463,2.3668915025670007e6,insample,1986
cross,k_medoids,535977374,200,1.61345e9,4.51007e9,29.2169165,25.261758200000003,SqEuclidean,output,319,682277.4260679998,insample,1990
cross,k_medoids,535977374,200,1.61345e9,5.94396e9,28.4942448,25.3292174,SqEuclidean,output,391,2.0721475415319996e6,insample,1994
cross,k_medoids,535977374,200,1.61345e9,5.15203e9,38.0481388,41.2572182,SqEuclidean,output,355,1.267317935472e6,insample,1998
cross,k_medoids,535977374,200,1.61345e9,5.47477e9,35.2978894,34.0862921,SqEuclidean,output,485,1.581924195179e6,insample,2004
cross,k_medoids,535977374,200,1.61345e9,4.97125e9,27.6373717,23.4733439,SqEuclidean,output,309,1.105970546052e6,insample,2008
cross,k_medoids,535977374,200,1.61345e9,5.31144e9,36.7955329,36.8881849,SqEuclidean,output,501,1.452537691527e6,insample,2011
cross,k_medoids,535977374,200,1.61345e9,4.92911e9,30.4985117,28.2388939,SqEuclidean,output,319,1.014188693374e6,insample,2012
cross,k_medoids,535977374,200,1.61345e9,5.23822e9,36.3583284,36.0707901,SqEuclidean,output,366,1.337704076944e6,insample,2016
cross,k_medoids,123456789,50,1.33194e9,4.49783e9,14.2354483,54.9910358,SqEuclidean,output,19,64770.359464999994,initial,initial
cross,k_medoids,123456789,50,1.33194e9,8.3499e9,40.8647662,34.9640821,SqEuclidean,output,957,4.472483699317001e6,insample,1982
cross,k_medoids,123456789,50,1.33194e9,7.77727e9,38.2363214,34.3186616,SqEuclidean,output,742,3.858439092110001e6,insample,1986
cross,k_medoids,123456789,50,1.33194e9,6.05879e9,38.7930489,32.9088457,SqEuclidean,output,646,2.228076820406999e6,insample,1990
cross,k_medoids,123456789,50,1.33194e9,9.20926e9,38.6606542,35.298409400000004,SqEuclidean,output,897,5.334604636430001e6,insample,1994
cross,k_medoids,123456789,50,1.33194e9,7.18935e9,36.1411725,34.6025464,SqEuclidean,output,828,3.301097349958e6,insample,1998
cross,k_medoids,123456789,50,1.33194e9,7.30709e9,39.6108333,34.314453199999996,SqEuclidean,output,875,3.414365701793e6,insample,2004
cross,k_medoids,123456789,50,1.33194e9,6.44698e9,39.5909536,37.4414462,SqEuclidean,output,627,2.5783973322039996e6,insample,2008
cross,k_medoids,123456789,50,1.33194e9,7.31659e9,38.8313598,35.6201132,SqEuclidean,output,963,3.454623995109e6,insample,2011
cross,k_medoids,123456789,50,1.33194e9,6.82274e9,40.313259,36.6929872,SqEuclidean,output,768,2.906482604116e6,insample,2012
cross,k_medoids,123456789,50,1.33194e9,7.43705e9,39.4401534,35.3855882,SqEuclidean,output,700,3.5388179607749996e6,insample,2016
cross,k_medoids,1286268702,50,1.14999e9,4.47107e9,15.1994564,55.3161719,SqEuclidean,output,26,82430.932005,initial,initial
cross,k_medoids,1286268702,50,1.14999e9,1.00655e10,45.7026911,37.4835661,SqEuclidean,output,1767,6.175060309289999e6,insample,1982
cross,k_medoids,1286268702,50,1.14999e9,9.19916e9,46.0306242,39.7193905,SqEuclidean,output,1364,5.272019842591001e6,insample,1986
cross,k_medoids,1286268702,50,1.14999e9,7.27323e9,46.5916276,45.2983929,SqEuclidean,output,1433,3.4373164601640003e6,insample,1990
cross,k_medoids,1286268702,50,1.14999e9,1.03506e10,42.6508738,41.3823365,SqEuclidean,output,1604,6.466037896827e6,insample,1994
cross,k_medoids,1286268702,50,1.14999e9,8.17342e9,44.4337822,41.933596,SqEuclidean,output,1541,4.281538190954e6,insample,1998
cross,k_medoids,1286268702,50,1.14999e9,9.10664e9,44.4022429,41.5044995,SqEuclidean,output,1821,5.203486417238999e6,insample,2004
cross,k_medoids,1286268702,50,1.14999e9,7.28684e9,45.9053101,41.7004871,SqEuclidean,output,1146,3.4119268156700004e6,insample,2008
cross,k_medoids,1286268702,50,1.14999e9,8.4969e9,44.0382994,40.6367103,SqEuclidean,output,1757,4.626215858187001e6,insample,2011
cross,k_medoids,1286268702,50,1.14999e9,7.65678e9,46.181548,41.5048313,SqEuclidean,output,1503,3.725400294952001e6,insample,2012
cross,k_medoids,1286268702,50,1.14999e9,8.09986e9,44.3855562,39.2680515,SqEuclidean,output,1427,4.190604521385e6,insample,2016
cross,k_medoids,1308502331,50,1.43973e9,5.08126e9,14.3330445,54.0398685,SqEuclidean,output,41,132060.690705,initial,initial
cross,k_medoids,1308502331,50,1.43973e9,8.88368e9,39.4278255,36.4581393,SqEuclidean,output,1052,4.966171985468e6,insample,1982
cross,k_medoids,1308502331,50,1.43973e9,8.82354e9,38.3530486,37.3601745,SqEuclidean,output,863,4.869060836384e6,insample,1986
cross,k_medoids,1308502331,50,1.43973e9,6.65419e9,40.0928458,37.8022177,SqEuclidean,output,725,2.7972076164599997e6,insample,1990
cross,k_medoids,1308502331,50,1.43973e9,8.86758e9,39.793253,40.1984314,SqEuclidean,output,859,4.9676389480949985e6,insample,1994
cross,k_medoids,1308502331,50,1.43973e9,7.16624e9,39.1074936,35.888027799999996,SqEuclidean,output,747,3.253746229604999e6,insample,1998
cross,k_medoids,1308502331,50,1.43973e9,7.76714e9,37.7219237,36.4776911,SqEuclidean,output,1014,3.831997177635e6,insample,2004
cross,k_medoids,1308502331,50,1.43973e9,7.00371e9,37.8807922,37.6836984,SqEuclidean,output,662,3.1110305498149996e6,insample,2008
cross,k_medoids,1308502331,50,1.43973e9,7.45157e9,38.8891581,39.8414149,SqEuclidean,output,971,3.5532431052800007e6,insample,2011
cross,k_medoids,1308502331,50,1.43973e9,6.92746e9,40.2716497,39.8021663,SqEuclidean,output,738,2.976658629727e6,insample,2012
cross,k_medoids,1308502331,50,1.43973e9,8.15064e9,39.4438475,36.9590016,SqEuclidean,output,874,4.209188785942e6,insample,2016
cross,k_medoids,1573928461,50,1.35223e9,5.49974e9,14.483987,57.0472757,SqEuclidean,output,31,266238.94592800015,initial,initial
cross,k_medoids,1573928461,50,1.35223e9,6.88445e9,41.0225687,37.7335817,SqEuclidean,output,892,2.9706293264929997e6,insample,1982
cross,k_medoids,1573928461,50,1.35223e9,6.88486e9,41.022458,38.8145664,SqEuclidean,output,658,2.939244926664e6,insample,1986
cross,k_medoids,1573928461,50,1.35223e9,5.10727e9,41.0685463,36.1865272,SqEuclidean,output,532,1.249811866833e6,insample,1990
cross,k_medoids,1573928461,50,1.35223e9,6.50388e9,41.403982,40.0465923,SqEuclidean,output,608,2.600253833344e6,insample,1994
cross,k_medoids,1573928461,50,1.35223e9,5.72522e9,41.8749433,37.5430729,SqEuclidean,output,563,1.814914230122e6,insample,1998
cross,k_medoids,1573928461,50,1.35223e9,6.39007e9,39.9236929,38.026091099999995,SqEuclidean,output,801,2.4724537170610004e6,insample,2004
cross,k_medoids,1573928461,50,1.35223e9,5.52698e9,40.3319617,41.6199528,SqEuclidean,output,456,1.6381906018920003e6,insample,2008
cross,k_medoids,1573928461,50,1.35223e9,6.13502e9,41.4216131,38.1444991,SqEuclidean,output,877,2.241228005825e6,insample,2011
cross,k_medoids,1573928461,50,1.35223e9,5.72207e9,41.9906598,38.3197879,SqEuclidean,output,644,1.784396280079e6,insample,2012
cross,k_medoids,1573928461,50,1.35223e9,6.24355e9,41.2197609,39.3194461,SqEuclidean,output,640,2.3189625471189995e6,insample,2016
cross,k_medoids,1991051616,50,1.51797e9,4.56667e9,16.1055583,56.7890625,SqEuclidean,output,40,137688.88823799998,initial,initial
cross,k_medoids,1991051616,50,1.51797e9,6.45178e9,44.0830632,38.597362800000006,SqEuclidean,output,921,2.5358690647360007e6,insample,1982
cross,k_medoids,1991051616,50,1.51797e9,6.66803e9,44.2704045,41.3847661,SqEuclidean,output,717,2.710568634447e6,insample,1986
cross,k_medoids,1991051616,50,1.51797e9,4.9655e9,42.2539664,41.6316058,SqEuclidean,output,614,1.1020359151690002e6,insample,1990
cross,k_medoids,1991051616,50,1.51797e9,6.34512e9,42.2640628,37.4467687,SqEuclidean,output,702,2.4267765744699994e6,insample,1994
cross,k_medoids,1991051616,50,1.51797e9,5.41841e9,40.2022795,36.1080666,SqEuclidean,output,676,1.49900251913e6,insample,1998
cross,k_medoids,1991051616,50,1.51797e9,5.60968e9,42.6985316,38.7804623,SqEuclidean,output,775,1.682566221669e6,insample,2004
cross,k_medoids,1991051616,50,1.51797e9,5.2956e9,43.8394373,41.749956000000005,SqEuclidean,output,551,1.405684170656e6,insample,2008
cross,k_medoids,1991051616,50,1.51797e9,6.10525e9,43.8915991,40.4156491,SqEuclidean,output,991,2.202480184225e6,insample,2011
cross,k_medoids,1991051616,50,1.51797e9,5.21298e9,43.7842838,39.2479065,SqEuclidean,output,602,1.270080915137e6,insample,2012
cross,k_medoids,1991051616,50,1.51797e9,5.63036e9,42.4389864,37.097933100000006,SqEuclidean,output,653,1.702149944955e6,insample,2016
cross,k_medoids,2678701235,50,1.03034e9,6.13868e9,14.3635872,54.769039500000005,SqEuclidean,output,21,212672.253747,initial,initial
cross,k_medoids,2678701235,50,1.03034e9,1.16748e10,37.1894799,33.8105622,SqEuclidean,output,1933,7.750568014244001e6,insample,1982
cross,k_medoids,2678701235,50,1.03034e9,1.01419e10,40.9727111,35.758267700000005,SqEuclidean,output,1533,6.185496761461999e6,insample,1986
cross,k_medoids,2678701235,50,1.03034e9,8.15274e9,38.9154744,35.921092,SqEuclidean,output,1443,4.2845236747779995e6,insample,1990
cross,k_medoids,2678701235,50,1.03034e9,1.22423e10,38.425092,37.063436,SqEuclidean,output,1855,8.326381286915e6,insample,1994
cross,k_medoids,2678701235,50,1.03034e9,9.22708e9,38.8257943,33.6838008,SqEuclidean,output,1458,5.306836857866e6,insample,1998
cross,k_medoids,2678701235,50,1.03034e9,1.09083e10,37.4631205,34.1443589,SqEuclidean,output,1985,6.976157679659001e6,insample,2004
cross,k_medoids,2678701235,50,1.03034e9,8.22948e9,38.3325901,33.7309806,SqEuclidean,output,1221,4.327121890238999e6,insample,2008
cross,k_medoids,2678701235,50,1.03034e9,1.00398e10,37.9949797,34.5350244,SqEuclidean,output,1923,6.132140740747001e6,insample,2011
cross,k_medoids,2678701235,50,1.03034e9,9.06624e9,39.5713384,35.5957211,SqEuclidean,output,1683,5.10776305605e6,insample,2012
cross,k_medoids,2678701235,50,1.03034e9,9.63755e9,39.5688278,34.7857521,SqEuclidean,output,1566,5.698481571861999e6,insample,2016
cross,k_medoids,3861234567,50,1.32848e9,4.53222e9,13.049044,58.906176900000006,SqEuclidean,output,36,158309.35836300004,initial,initial
cross,k_medoids,3861234567,50,1.32848e9,7.59229e9,45.2887135,40.7991244,SqEuclidean,output,1031,3.670280781326e6,insample,1982
cross,k_medoids,3861234567,50,1.32848e9,7.54105e9,44.8922426,39.3698503,SqEuclidean,output,826,3.587541843762e6,insample,1986
cross,k_medoids,3861234567,50,1.32848e9,5.69384e9,44.6645066,40.1253766,SqEuclidean,output,744,1.829813001405e6,insample,1990
cross,k_medoids,3861234567,50,1.32848e9,8.00238e9,44.3446114,43.2991845,SqEuclidean,output,886,4.0953937752820007e6,insample,1994
cross,k_medoids,3861234567,50,1.32848e9,6.00847e9,43.5439586,36.838969,SqEuclidean,output,768,2.0928491485519996e6,insample,1998
cross,k_medoids,3861234567,50,1.32848e9,6.67455e9,42.5693038,38.339856999999995,SqEuclidean,output,978,2.74343612875e6,insample,2004
cross,k_medoids,3861234567,50,1.32848e9,6.21983e9,42.4962886,42.5861362,SqEuclidean,output,655,2.320938550726e6,insample,2008
cross,k_medoids,3861234567,50,1.32848e9,6.83453e9,42.6281805,42.5966415,SqEuclidean,output,1026,2.9313359563499996e6,insample,2011
cross,k_medoids,3861234567,50,1.32848e9,6.46456e9,44.9681439,36.2346437,SqEuclidean,output,810,2.514441621843e6,insample,2012
cross,k_medoids,3861234567,50,1.32848e9,6.5964e9,45.1653434,37.9821222,SqEuclidean,output,811,2.6578397465299997e6,insample,2016
cross,k_medoids,477073181,50,1.31178e9,4.61875e9,14.6460425,57.1232474,SqEuclidean,output,41,72062.95602299998,initial,initial
cross,k_medoids,477073181,50,1.31178e9,7.5759e9,39.6421531,38.2467751,SqEuclidean,output,965,3.671544095921e6,insample,1982
cross,k_medoids,477073181,50,1.31178e9,7.3361e9,41.3159841,36.414217699999995,SqEuclidean,output,734,3.391059846498e6,insample,1986
cross,k_medoids,477073181,50,1.31178e9,5.57925e9,42.2013614,38.5477323,SqEuclidean,output,648,1.727023619885e6,insample,1990
cross,k_medoids,477073181,50,1.31178e9,7.9473e9,44.0582031,41.3695195,SqEuclidean,output,923,4.0414196794230007e6,insample,1994
cross,k_medoids,477073181,50,1.31178e9,6.25682e9,43.6712493,38.8470499,SqEuclidean,output,656,2.3440003945919997e6,insample,1998
cross,k_medoids,477073181,50,1.31178e9,6.9401e9,43.8283473,43.3648777,SqEuclidean,output,954,3.0213677582620005e6,insample,2004
cross,k_medoids,477073181,50,1.31178e9,5.97904e9,45.7328032,43.6310445,SqEuclidean,output,602,2.091848331722e6,insample,2008
cross,k_medoids,477073181,50,1.31178e9,6.73651e9,42.5591316,40.4653326,SqEuclidean,output,963,2.849544233812999e6,insample,2011
cross,k_medoids,477073181,50,1.31178e9,6.02841e9,41.2068176,35.154118600000004,SqEuclidean,output,812,2.089275431832e6,insample,2012
cross,k_medoids,477073181,50,1.31178e9,6.53585e9,43.6084847,40.6524394,SqEuclidean,output,749,2.6132681361260004e6,insample,2016
cross,k_medoids,876543210,50,1.25231e9,4.89507e9,14.8282162,56.3855342,SqEuclidean,output,46,112775.31134300004,initial,initial
cross,k_medoids,876543210,50,1.25231e9,8.89126e9,40.0792037,33.1698156,SqEuclidean,output,1313,4.973010204753e6,insample,1982
cross,k_medoids,876543210,50,1.25231e9,9.0521e9,40.2530389,34.772161999999994,SqEuclidean,output,1109,5.095186393212e6,insample,1986
cross,k_medoids,876543210,50,1.25231e9,6.58721e9,39.5910563,35.7109961,SqEuclidean,output,921,2.725150233360001e6,insample,1990
cross,k_medoids,876543210,50,1.25231e9,9.25907e9,40.5626672,37.5786746,SqEuclidean,output,1182,5.344654547966e6,insample,1994
cross,k_medoids,876543210,50,1.25231e9,7.0798e9,40.365872,33.3411527,SqEuclidean,output,955,3.1636214791229996e6,insample,1998
cross,k_medoids,876543210,50,1.25231e9,8.01359e9,40.2935593,36.0504652,SqEuclidean,output,1320,4.081072637417e6,insample,2004
cross,k_medoids,876543210,50,1.25231e9,6.97956e9,37.754367,37.5759942,SqEuclidean,output,869,3.0833432915060003e6,insample,2008
cross,k_medoids,876543210,50,1.25231e9,7.95896e9,40.7225857,34.7657044,SqEuclidean,output,1345,4.056166501898e6,insample,2011
cross,k_medoids,876543210,50,1.25231e9,7.23546e9,39.9981435,35.268383,SqEuclidean,output,999,3.289356113383e6,insample,2012
cross,k_medoids,876543210,50,1.25231e9,7.96968e9,42.4281299,34.1209351,SqEuclidean,output,1114,4.031555493257e6,insample,2016
cross,k_medoids,987654321,50,1.24057e9,4.90748e9,14.1426385,55.491072,SqEuclidean,output,18,102903.323219,initial,initial
cross,k_medoids,987654321,50,1.24057e9,9.12516e9,39.0891431,35.2756917,SqEuclidean,output,1071,5.229794487294001e6,insample,1982
cross,k_medoids,987654321,50,1.24057e9,8.75669e9,39.5591117,36.6244008,SqEuclidean,output,886,4.821840320544e6,insample,1986
cross,k_medoids,987654321,50,1.24057e9,6.41142e9,38.3978791,36.7449449,SqEuclidean,output,738,2.5649579567420003e6,insample,1990
cross,k_medoids,987654321,50,1.24057e9,9.21542e9,37.4163728,37.1478803,SqEuclidean,output,931,5.3264750177380005e6,insample,1994
cross,k_medoids,987654321,50,1.24057e9,7.19988e9,39.1087038,34.7377683,SqEuclidean,output,775,3.2983150264979997e6,insample,1998
cross,k_medoids,987654321,50,1.24057e9,8.00598e9,40.4706724,35.634151100000004,SqEuclidean,output,1067,4.096266071244e6,insample,2004
cross,k_medoids,987654321,50,1.24057e9,6.64212e9,39.1269328,35.5558381,SqEuclidean,output,646,2.75897740292e6,insample,2008
cross,k_medoids,987654321,50,1.24057e9,7.53629e9,38.445855,35.3779498,SqEuclidean,output,1000,3.658899607181e6,insample,2011
cross,k_medoids,987654321,50,1.24057e9,6.68498e9,38.2278984,37.1449871,SqEuclidean,output,742,2.7526437823679997e6,insample,2012
cross,k_medoids,987654321,50,1.24057e9,7.9519e9,38.3244726,38.5837945,SqEuclidean,output,867,4.0343404951459994e6,insample,2016
cross,k_means,1005471400,100,5.54737e8,3.53994e9,57.8720246,58.5722723,SqEuclidean,output,25,81374.431392,initial,initial
cross,k_means,1005471400,100,5.54737e8,6.10901e10,28.6174738,26.3089507,SqEuclidean,output,14023,5.6844922321282e7,insample,1982
cross,k_means,1005471400,100,5.54737e8,5.3557e10,30.5288582,30.4562798,SqEuclidean,output,12131,4.9281665269252e7,insample,1986
cross,k_means,1005471400,100,5.54737e8,4.86903e10,27.7801333,25.3836981,SqEuclidean,output,11877,4.4506012289578e7,insample,1990
cross,k_means,1005471400,100,5.54737e8,5.86004e10,28.0864346,27.15034,SqEuclidean,output,13380,5.4373607952797e7,insample,1994
cross,k_means,1005471400,100,5.54737e8,4.69791e10,35.4500451,38.5403072,SqEuclidean,output,11727,4.2771480770248e7,insample,1998
cross,k_means,1005471400,100,5.54737e8,5.91216e10,34.0490081,33.275126699999994,SqEuclidean,output,13293,5.4852052187666e7,insample,2004
cross,k_means,1005471400,100,5.54737e8,4.86667e10,27.6816144,24.1220294,SqEuclidean,output,11501,4.4472897831576996e7,insample,2008
cross,k_means,1005471400,100,5.54737e8,5.77554e10,34.9693414,34.191118499999995,SqEuclidean,output,13832,5.3513280852609e7,insample,2011
cross,k_means,1005471400,100,5.54737e8,5.46978e10,30.467704,28.1937403,SqEuclidean,output,12882,5.0397664791936e7,insample,2012
cross,k_means,1005471400,100,5.54737e8,5.84455e10,35.1380077,37.057709599999995,SqEuclidean,output,13871,5.4132463695808e7,insample,2016
cross,k_means,1262311769,100,5.43024e8,3.53164e9,52.8967983,48.399866,SqEuclidean,output,22,25585.628428,initial,initial
cross,k_means,1262311769,100,5.43024e8,6.79535e10,28.0780723,26.5828167,SqEuclidean,output,14409,6.3701053683447e7,insample,1982
cross,k_means,1262311769,100,5.43024e8,5.85669e10,30.9433182,27.8063777,SqEuclidean,output,12485,5.4280026241326e7,insample,1986
cross,k_means,1262311769,100,5.43024e8,5.31799e10,28.1159139,25.5982653,SqEuclidean,output,12380,4.8983523059871994e7,insample,1990
cross,k_means,1262311769,100,5.43024e8,6.39104e10,28.1985007,25.8893883,SqEuclidean,output,13606,5.9678532422345e7,insample,1994
cross,k_means,1262311769,100,5.43024e8,5.10658e10,37.00933,38.3103745,SqEuclidean,output,11866,4.6847469904124e7,insample,1998
cross,k_means,1262311769,100,5.43024e8,6.47994e10,34.0083844,33.3171597,SqEuclidean,output,13734,6.0513998655387e7,insample,2004
cross,k_means,1262311769,100,5.43024e8,5.32207e10,27.5412913,24.2269646,SqEuclidean,output,11762,4.9016561139424e7,insample,2008
cross,k_means,1262311769,100,5.43024e8,6.39555e10,34.7826141,35.8215677,SqEuclidean,output,14159,5.9705388252321e7,insample,2011
cross,k_means,1262311769,100,5.43024e8,6.03155e10,30.2548434,27.954065,SqEuclidean,output,12822,5.6004493065712005e7,insample,2012
cross,k_means,1262311769,100,5.43024e8,6.48694e10,35.110355,32.7522147,SqEuclidean,output,14091,6.0542958345339e7,insample,2016
cross,k_means,1400059389,100,5.45736e8,3.53789e9,55.1787418,38.5228405,SqEuclidean,output,16,7932.569506999999,initial,initial
cross,k_means,1400059389,100,5.45736e8,6.56726e10,27.6769567,25.3692361,SqEuclidean,output,14405,6.1418859862066e7,insample,1982
cross,k_means,1400059389,100,5.45736e8,5.66251e10,30.1292456,28.3177922,SqEuclidean,output,12471,5.2333504931677e7,insample,1986
cross,k_means,1400059389,100,5.45736e8,5.18351e10,27.4759707,25.3707548,SqEuclidean,output,12268,4.763425364754599e7,insample,1990
cross,k_means,1400059389,100,5.45736e8,6.26274e10,27.5451655,25.0628072,SqEuclidean,output,13716,5.8389054604872e7,insample,1994
cross,k_means,1400059389,100,5.45736e8,5.00442e10,36.2520834,39.761473900000006,SqEuclidean,output,12181,4.5821638116826e7,insample,1998
cross,k_means,1400059389,100,5.45736e8,6.27296e10,34.2890316,32.7125202,SqEuclidean,output,13527,5.8445961154762e7,insample,2004
cross,k_means,1400059389,100,5.45736e8,5.19322e10,26.6590999,23.039682,SqEuclidean,output,12020,4.772479092340501e7,insample,2008
cross,k_means,1400059389,100,5.45736e8,6.16424e10,35.1294673,34.054944,SqEuclidean,output,14257,5.7388267699288e7,insample,2011
cross,k_means,1400059389,100,5.45736e8,5.87841e10,30.0965223,29.359523999999997,SqEuclidean,output,13081,5.4472792963273e7,insample,2012
cross,k_means,1400059389,100,5.45736e8,6.32126e10,35.4106102,36.8334871,SqEuclidean,output,14385,5.8885584490132e7,insample,2016
cross,k_means,1693313909,100,5.34129e8,3.52582e9,58.1037535,48.2857868,SqEuclidean,output,3,1376.454214,initial,initial
cross,k_means,1693313909,100,5.34129e8,7.39628e10,28.0956252,26.0838751,SqEuclidean,output,15639,6.967773095216301e7,insample,1982
cross,k_means,1693313909,100,5.34129e8,6.46821e10,30.4829392,27.0706477,SqEuclidean,output,13892,6.035870914324601e7,insample,1986
cross,k_means,1693313909,100,5.34129e8,5.95349e10,27.9418299,25.2836088,SqEuclidean,output,13741,5.530483759131e7,insample,1990
cross,k_means,1693313909,100,5.34129e8,7.1066e10,27.545956,25.3115951,SqEuclidean,output,14962,6.679999339067e7,insample,1994
cross,k_means,1693313909,100,5.34129e8,5.74348e10,35.4266629,39.239913,SqEuclidean,output,13282,5.3182765985604e7,insample,1998
cross,k_means,1693313909,100,5.34129e8,7.09452e10,33.2132054,34.0490385,SqEuclidean,output,14839,6.6618812752191e7,insample,2004
cross,k_means,1693313909,100,5.34129e8,5.88846e10,27.0651895,23.0683789,SqEuclidean,output,13109,5.464665738799099e7,insample,2008
cross,k_means,1693313909,100,5.34129e8,6.99837e10,33.9298535,32.9337585,SqEuclidean,output,15492,6.5702226428155e7,insample,2011
cross,k_means,1693313909,100,5.34129e8,6.65132e10,30.0138331,27.602519,SqEuclidean,output,14110,6.2165866233541e7,insample,2012
cross,k_means,1693313909,100,5.34129e8,7.08745e10,34.0046163,34.4684273,SqEuclidean,output,15655,6.6503546982797995e7,insample,2016
cross,k_means,2483487299,100,5.5005e8,3.54232e9,51.5741366,43.777608,SqEuclidean,output,2,2423.517197,initial,initial
cross,k_means,2483487299,100,5.5005e8,6.52361e10,26.9663547,26.8996598,SqEuclidean,output,14581,6.0966595408262e7,insample,1982
cross,k_means,2483487299,100,5.5005e8,5.79517e10,29.1305102,28.2370912,SqEuclidean,output,12950,5.364404108299e7,insample,1986
cross,k_means,2483487299,100,5.5005e8,5.16224e10,28.4802107,26.035064,SqEuclidean,output,12639,4.7411530098246e7,insample,1990
cross,k_means,2483487299,100,5.5005e8,6.43614e10,27.7054182,25.253397,SqEuclidean,output,14163,6.0114303708675995e7,insample,1994
cross,k_means,2483487299,100,5.5005e8,5.02797e10,35.2162932,40.0766195,SqEuclidean,output,12314,4.604849985177e7,insample,1998
cross,k_means,2483487299,100,5.5005e8,6.33022e10,33.7554678,35.717462499999996,SqEuclidean,output,13933,5.8995099277550995e7,insample,2004
cross,k_means,2483487299,100,5.5005e8,5.09561e10,26.9955269,23.0027291,SqEuclidean,output,12062,4.6742401205371e7,insample,2008
cross,k_means,2483487299,100,5.5005e8,6.19596e10,34.2982543,33.7677473,SqEuclidean,output,14497,5.77007064413e7,insample,2011
cross,k_means,2483487299,100,5.5005e8,5.83522e10,30.3703822,29.410900400000003,SqEuclidean,output,12994,5.4035048999222994e7,insample,2012
cross,k_means,2483487299,100,5.5005e8,5.95586e10,33.7809528,33.912305200000006,SqEuclidean,output,14337,5.521828543220501e7,insample,2016
cross,k_means,2529186237,100,5.49721e8,3.53591e9,57.2249327,59.1747573,SqEuclidean,output,13,12968.305702999998,initial,initial
cross,k_means,2529186237,100,5.49721e8,6.31624e10,27.6555792,25.224628,SqEuclidean,output,14156,5.8887939953342006e7,insample,1982
cross,k_means,2529186237,100,5.49721e8,5.481e10,30.244925,29.3144925,SqEuclidean,output,12407,5.0495277236662e7,insample,1986
cross,k_means,2529186237,100,5.49721e8,5.01476e10,27.5892322,26.9110973,SqEuclidean,output,12304,4.5926474299539e7,insample,1990
cross,k_means,2529186237,100,5.49721e8,6.02829e10,27.5342156,25.146967,SqEuclidean,output,13710,5.6025240485745e7,insample,1994
cross,k_means,2529186237,100,5.49721e8,4.82008e10,35.9769292,39.3730652,SqEuclidean,output,12168,4.3961489407207e7,insample,1998
cross,k_means,2529186237,100,5.49721e8,6.06771e10,32.3680398,33.3747768,SqEuclidean,output,13856,5.6363256289144e7,insample,2004
cross,k_means,2529186237,100,5.49721e8,4.91255e10,26.6939682,23.3430435,SqEuclidean,output,11650,4.490067353743599e7,insample,2008
cross,k_means,2529186237,100,5.49721e8,5.96294e10,34.4363883,33.3445947,SqEuclidean,output,14143,5.5356754441048e7,insample,2011
cross,k_means,2529186237,100,5.49721e8,5.58667e10,29.678827,29.8602854,SqEuclidean,output,12972,5.153159049108299e7,insample,2012
cross,k_means,2529186237,100,5.49721e8,5.9886e10,35.1904775,34.875432800000006,SqEuclidean,output,14415,5.5538075592393994e7,insample,2016
cross,k_means,2910484191,100,5.47313e8,3.53835e9,53.7313086,46.8006843,SqEuclidean,output,6,24709.835217,initial,initial
cross,k_means,2910484191,100,5.47313e8,6.27258e10,27.4580564,25.1255523,SqEuclidean,output,14112,5.8465118294631004e7,insample,1982
cross,k_means,2910484191,100,5.47313e8,5.45945e10,29.2096504,27.9476414,SqEuclidean,output,12178,5.0303436398729e7,insample,1986
cross,k_means,2910484191,100,5.47313e8,4.99982e10,27.6502816,25.3273452,SqEuclidean,output,12001,4.5799355475099005e7,insample,1990
cross,k_means,2910484191,100,5.47313e8,6.00704e10,27.0834107,25.252071,SqEuclidean,output,13387,5.5831646440427005e7,insample,1994
cross,k_means,2910484191,100,5.47313e8,4.82775e10,35.9428861,37.1876742,SqEuclidean,output,11854,4.4055028428012e7,insample,1998
cross,k_means,2910484191,100,5.47313e8,6.04532e10,32.0334599,35.7565067,SqEuclidean,output,13396,5.6165573717458e7,insample,2004
cross,k_means,2910484191,100,5.47313e8,4.97117e10,26.8068851,23.1537642,SqEuclidean,output,11567,4.5504541465588e7,insample,2008
cross,k_means,2910484191,100,5.47313e8,5.8726e10,33.229724,36.3895174,SqEuclidean,output,13817,5.4470091353207e7,insample,2011
cross,k_means,2910484191,100,5.47313e8,5.68128e10,29.1371886,28.0889352,SqEuclidean,output,12722,5.2505123421885006e7,insample,2012
cross,k_means,2910484191,100,5.47313e8,5.90858e10,34.1396565,35.1767072,SqEuclidean,output,13937,5.4756637222506e7,insample,2016
cross,k_means,2931455462,100,5.37341e8,3.54595e9,52.5262524,43.0818476,SqEuclidean,output,1,15.091566,initial,initial
cross,k_means,2931455462,100,5.37341e8,6.66789e10,29.0052495,26.8268986,SqEuclidean,output,13658,6.2403938744816e7,insample,1982
cross,k_means,2931455462,100,5.37341e8,5.85862e10,29.9192534,27.5346324,SqEuclidean,output,12153,5.4276478476206005e7,insample,1986
cross,k_means,2931455462,100,5.37341e8,5.34211e10,27.9521468,25.2241253,SqEuclidean,output,11853,4.9204840741557e7,insample,1990
cross,k_means,2931455462,100,5.37341e8,6.40143e10,27.9084663,25.1100735,SqEuclidean,output,13117,5.9755581690972e7,insample,1994
cross,k_means,2931455462,100,5.37341e8,5.1464e10,36.2403683,39.285177,SqEuclidean,output,11753,4.722454023911099e7,insample,1998
cross,k_means,2931455462,100,5.37341e8,6.48991e10,32.4696033,36.141608,SqEuclidean,output,13293,6.0585368549941e7,insample,2004
cross,k_means,2931455462,100,5.37341e8,5.35131e10,27.2282792,24.3382774,SqEuclidean,output,11504,4.9287870087552e7,insample,2008
cross,k_means,2931455462,100,5.37341e8,6.32323e10,32.8819658,33.368869000000004,SqEuclidean,output,13861,5.896046232725e7,insample,2011
cross,k_means,2931455462,100,5.37341e8,6.01332e10,28.546304,26.9713295,SqEuclidean,output,12721,5.5794813345703006e7,insample,2012
cross,k_means,2931455462,100,5.37341e8,6.31745e10,35.4867681,35.42184760000001,SqEuclidean,output,14022,5.8816905029528e7,insample,2016
cross,k_means,3631457564,100,5.57479e8,3.54938e9,49.1331748,50.2690088,SqEuclidean,output,18,67440.103545,initial,initial
cross,k_means,3631457564,100,5.57479e8,5.78695e10,27.8346596,25.379191,SqEuclidean,output,12857,5.3619155534865e7,insample,1982
cross,k_means,3631457564,100,5.57479e8,5.07231e10,31.433086,28.6613294,SqEuclidean,output,11134,4.6440006433978e7,insample,1986
cross,k_means,3631457564,100,5.57479e8,4.61542e10,27.7836598,25.1800537,SqEuclidean,output,10966,4.1965838975334e7,insample,1990
cross,k_means,3631457564,100,5.57479e8,5.57586e10,27.6894784,25.4358659,SqEuclidean,output,12130,5.1520474277355e7,insample,1994
cross,k_means,3631457564,100,5.57479e8,4.48889e10,36.8953294,39.5498727,SqEuclidean,output,10796,4.067063856287201e7,insample,1998
cross,k_means,3631457564,100,5.57479e8,5.601e10,34.5482058,33.3741579,SqEuclidean,output,12166,5.1731612722641e7,insample,2004
cross,k_means,3631457564,100,5.57479e8,4.67261e10,26.9994563,23.4287103,SqEuclidean,output,10553,4.2524058888934e7,insample,2008
cross,k_means,3631457564,100,5.57479e8,5.5053e10,35.6354532,33.9664639,SqEuclidean,output,12878,5.0801564008186e7,insample,2011
cross,k_means,3631457564,100,5.57479e8,5.27703e10,28.9069077,27.0987567,SqEuclidean,output,11870,4.8458163919296995e7,insample,2012
cross,k_means,3631457564,100,5.57479e8,5.70469e10,34.576534,33.7965936,SqEuclidean,output,13086,5.2725855710356e7,insample,2016
cross,k_means,472808301,100,5.44417e8,3.53274e9,54.7717909,54.7127585,SqEuclidean,output,7,18446.048465,initial,initial
cross,k_means,472808301,100,5.44417e8,6.56649e10,27.5580839,25.1285002,SqEuclidean,output,14793,6.1386874679081e7,insample,1982
cross,k_means,472808301,100,5.44417e8,5.71905e10,30.2957022,27.924143299999997,SqEuclidean,output,13009,5.2880112001026995e7,insample,1986
cross,k_means,472808301,100,5.44417e8,5.24239e10,27.5417823,25.4730224,SqEuclidean,output,12689,4.8209181209484994e7,insample,1990
cross,k_means,472808301,100,5.44417e8,6.35635e10,29.8745585,25.836911,SqEuclidean,output,14210,5.9309382452134e7,insample,1994
cross,k_means,472808301,100,5.44417e8,5.05376e10,34.9681848,36.8223975,SqEuclidean,output,12320,4.6300049477664e7,insample,1998
cross,k_means,472808301,100,5.44417e8,6.35008e10,33.6301487,33.917277899999995,SqEuclidean,output,14235,5.918731824976501e7,insample,2004
cross,k_means,472808301,100,5.44417e8,5.21664e10,26.7873671,23.0005176,SqEuclidean,output,12221,4.7943337351964e7,insample,2008
cross,k_means,472808301,100,5.44417e8,6.22049e10,35.3143589,36.2360641,SqEuclidean,output,14813,5.7932966276256e7,insample,2011
cross,k_means,472808301,100,5.44417e8,5.99422e10,28.5312798,27.5688609,SqEuclidean,output,13734,5.5611496146399e7,insample,2012
cross,k_means,472808301,100,5.44417e8,6.36608e10,35.6326662,38.1552231,SqEuclidean,output,15173,5.9312268594362006e7,insample,2016
cross,k_means,1516602964,20,5.08158e8,3.47314e9,5.8656645,54.421156100000005,SqEuclidean,output,0,0.0,initial,initial
cross,k_means,1516602964,20,5.08158e8,1.00898e11,37.0591465,36.3490532,SqEuclidean,output,20150,9.6644771224546e7,insample,1982
cross,k_means,1516602964,20,5.08158e8,8.88251e10,36.1649739,36.1711573,SqEuclidean,output,17886,8.4534944438472e7,insample,1986
cross,k_means,1516602964,20,5.08158e8,8.42086e10,36.2464052,36.5784781,SqEuclidean,output,17735,8.0007103564958e7,insample,1990
cross,k_means,1516602964,20,5.08158e8,9.60979e10,37.465292,38.213173,SqEuclidean,output,19230,9.1859564497378e7,insample,1994
cross,k_means,1516602964,20,5.08158e8,8.14004e10,37.7695899,38.9224828,SqEuclidean,output,17391,7.7179942444778e7,insample,1998
cross,k_means,1516602964,20,5.08158e8,9.89611e10,36.3003513,41.4838066,SqEuclidean,output,19836,9.4677772712259e7,insample,2004
cross,k_means,1516602964,20,5.08158e8,8.49079e10,36.41767,40.1703547,SqEuclidean,output,17345,8.070380700730199e7,insample,2008
cross,k_means,1516602964,20,5.08158e8,9.73569e10,36.5920761,36.615872200000005,SqEuclidean,output,19838,9.3111523580771e7,insample,2011
cross,k_means,1516602964,20,5.08158e8,9.46602e10,35.5584036,37.3657713,SqEuclidean,output,18634,9.0355459288848e7,insample,2012
cross,k_means,1516602964,20,5.08158e8,1.01784e11,36.3881935,37.0418132,SqEuclidean,output,20854,9.7453841744633e7,insample,2016
cross,k_means,1886534858,20,5.22102e8,3.46716e9,4.8348289,51.5759382,SqEuclidean,output,0,0.0,initial,initial
cross,k_means,1886534858,20,5.22102e8,9.05691e10,38.8727463,40.2523857,SqEuclidean,output,19329,8.6257197513221e7,insample,1982
cross,k_means,1886534858,20,5.22102e8,8.00497e10,35.8915791,45.3382315,SqEuclidean,output,17130,7.5703751963802e7,insample,1986
cross,k_means,1886534858,20,5.22102e8,7.59482e10,40.2936388,41.7262075,SqEuclidean,output,16950,7.1694869436436e7,insample,1990
cross,k_means,1886534858,20,5.22102e8,8.72822e10,40.5145071,41.8196349,SqEuclidean,output,18619,8.298934274849701e7,insample,1994
cross,k_means,1886534858,20,5.22102e8,7.32201e10,39.5875765,41.3859676,SqEuclidean,output,16773,6.8949208784533e7,insample,1998
cross,k_means,1886534858,20,5.22102e8,8.82176e10,39.8558236,40.5761026,SqEuclidean,output,18898,8.3862710767511e7,insample,2004
cross,k_means,1886534858,20,5.22102e8,7.57987e10,40.8807049,41.961035599999995,SqEuclidean,output,16483,7.1541627710715e7,insample,2008
cross,k_means,1886534858,20,5.22102e8,8.72712e10,38.9228177,41.3407754,SqEuclidean,output,19183,8.296788817129701e7,insample,2011
cross,k_means,1886534858,20,5.22102e8,8.50732e10,36.0791872,43.9772688,SqEuclidean,output,17964,8.0703778987425e7,insample,2012
cross,k_means,1886534858,20,5.22102e8,8.99056e10,40.7975232,41.537329500000006,SqEuclidean,output,20025,8.5505104665923e7,insample,2016
cross,k_means,2317698438,20,5.1082e8,3.46974e9,6.3915012,51.9378746,SqEuclidean,output,0,0.0,initial,initial
cross,k_means,2317698438,20,5.1082e8,1.0008e11,38.3072632,39.7080429,SqEuclidean,output,20004,9.5790666575597e7,insample,1982
cross,k_means,2317698438,20,5.1082e8,8.83527e10,38.0718771,40.1611271,SqEuclidean,output,17774,8.403123003323e7,insample,1986
cross,k_means,2317698438,20,5.1082e8,8.3275e10,38.7961917,43.460365,SqEuclidean,output,17751,7.9041135661036e7,insample,1990
cross,k_means,2317698438,20,5.1082e8,9.53208e10,36.2652244,39.683296899999995,SqEuclidean,output,19030,9.1044260426342e7,insample,1994
cross,k_means,2317698438,20,5.1082e8,8.11191e10,38.5746653,41.755299,SqEuclidean,output,17266,7.686079387132299e7,insample,1998
cross,k_means,2317698438,20,5.1082e8,9.91742e10,37.8684398,32.686377300000004,SqEuclidean,output,19789,9.484882988168e7,insample,2004
cross,k_means,2317698438,20,5.1082e8,8.53967e10,38.7095722,40.9654539,SqEuclidean,output,17245,8.1157348111875e7,insample,2008
cross,k_means,2317698438,20,5.1082e8,9.66049e10,38.8130436,40.167498900000005,SqEuclidean,output,19636,9.2322855301187e7,insample,2011
cross,k_means,2317698438,20,5.1082e8,9.55698e10,38.7975334,40.178426400000006,SqEuclidean,output,18875,9.1221147113308e7,insample,2012
cross,k_means,2317698438,20,5.1082e8,1.0186e11,39.7870686,41.4913562,SqEuclidean,output,20911,9.7482439618647e7,insample,2016
cross,k_means,2466700586,20,4.97774e8,3.48111e9,5.8903399,53.3836495,SqEuclidean,output,0,0.0,initial,initial
cross,k_means,2466700586,20,4.97774e8,1.03922e11,38.1945073,34.5875752,SqEuclidean,output,19996,9.9590616694735e7,insample,1982
cross,k_means,2466700586,20,4.97774e8,9.19061e10,36.1693397,35.6077096,SqEuclidean,output,17856,8.7538480656456e7,insample,1986
cross,k_means,2466700586,20,4.97774e8,8.84115e10,35.2823239,35.4221986,SqEuclidean,output,17857,8.4132682732344e7,insample,1990
cross,k_means,2466700586,20,4.97774e8,9.95413e10,35.71863,36.4931691,SqEuclidean,output,19149,9.5233385758721e7,insample,1994
cross,k_means,2466700586,20,4.97774e8,8.43443e10,35.4781896,34.6773076,SqEuclidean,output,17226,8.005482504570399e7,insample,1998
cross,k_means,2466700586,20,4.97774e8,1.01686e11,35.7872942,35.3425523,SqEuclidean,output,19508,9.7312917689527e7,insample,2004
cross,k_means,2466700586,20,4.97774e8,8.78744e10,36.1431013,32.7541406,SqEuclidean,output,17244,8.359961455562301e7,insample,2008
cross,k_means,2466700586,20,4.97774e8,1.00885e11,33.9585849,31.4468719,SqEuclidean,output,19910,9.6555951450484e7,insample,2011
cross,k_means,2466700586,20,4.97774e8,9.72976e10,38.4383359,35.018053,SqEuclidean,output,18666,9.2904489586338e7,insample,2012
cross,k_means,2466700586,20,4.97774e8,1.04151e11,36.0276291,34.254690200000006,SqEuclidean,output,20702,9.9733424605192e7,insample,2016
cross,k_means,2692059346,20,5.10683e8,3.44312e9,6.0265661,54.0295778,SqEuclidean,output,0,0.0,initial,initial
cross,k_means,2692059346,20,5.10683e8,1.03099e11,38.4040754,41.289227,SqEuclidean,output,20911,9.8773115124483e7,insample,1982
cross,k_means,2692059346,20,5.10683e8,9.17122e10,35.7973924,36.609026799999995,SqEuclidean,output,18678,8.7348420065151e7,insample,1986
cross,k_means,2692059346,20,5.10683e8,8.74009e10,38.7307167,36.802224800000005,SqEuclidean,output,18600,8.312829965280299e7,insample,1990
cross,k_means,2692059346,20,5.10683e8,9.92583e10,39.1781562,38.2912994,SqEuclidean,output,20038,9.4956022415034e7,insample,1994
cross,k_means,2692059346,20,5.10683e8,8.42322e10,39.0512178,40.514653599999995,SqEuclidean,output,18093,7.9949463618159e7,insample,1998
cross,k_means,2692059346,20,5.10683e8,1.00661e11,39.9174395,39.3136961,SqEuclidean,output,20472,9.628952053552102e7,insample,2004
cross,k_means,2692059346,20,5.10683e8,8.71955e10,39.0309474,41.2599767,SqEuclidean,output,17963,8.2923828317488e7,insample,2008
cross,k_means,2692059346,20,5.10683e8,1.00093e11,39.6126398,38.944724,SqEuclidean,output,20829,9.5774435093858e7,insample,2011
cross,k_means,2692059346,20,5.10683e8,9.66251e10,40.2749463,41.1344162,SqEuclidean,output,19437,9.2241293657273e7,insample,2012
cross,k_means,2692059346,20,5.10683e8,1.03202e11,38.903366,46.304506,SqEuclidean,output,21569,9.8787774452196e7,insample,2016
cross,k_means,3032526906,20,5.12416e8,3.47136e9,5.3456994,53.978802900000005,SqEuclidean,output,0,0.0,initial,initial
cross,k_means,3032526906,20,5.12416e8,9.9479e10,34.8387127,36.2961523,SqEuclidean,output,19889,9.5177642105573e7,insample,1982
cross,k_means,3032526906,20,5.12416e8,8.76561e10,35.0187643,32.7416897,SqEuclidean,output,17728,8.3321019719948e7,insample,1986
cross,k_means,3032526906,20,5.12416e8,8.33558e10,35.6084175,34.1101807,SqEuclidean,output,17746,7.9106225983399e7,insample,1990
cross,k_means,3032526906,20,5.12416e8,9.4922e10,33.0765807,34.054682299999996,SqEuclidean,output,19125,9.0637718695677e7,insample,1994
cross,k_means,3032526906,20,5.12416e8,8.01276e10,36.0330415,37.1765693,SqEuclidean,output,17151,7.586341389378199e7,insample,1998
cross,k_means,3032526906,20,5.12416e8,9.75439e10,34.7879772,35.1489562,SqEuclidean,output,19550,9.3200714544284e7,insample,2004
cross,k_means,3032526906,20,5.12416e8,8.4084e10,35.1519947,35.010801,SqEuclidean,output,17135,7.983461212762101e7,insample,2008
cross,k_means,3032526906,20,5.12416e8,9.58171e10,35.6266403,35.3644329,SqEuclidean,output,19661,9.1521019106546e7,insample,2011
cross,k_means,3032526906,20,5.12416e8,9.35128e10,34.7218412,34.4446707,SqEuclidean,output,18564,8.914923539766e7,insample,2012
cross,k_means,3032526906,20,5.12416e8,1.00386e11,33.7540497,32.6137149,SqEuclidean,output,20651,9.5997820445383e7,insample,2016
cross,k_means,3214418042,20,5.03813e8,3.48052e9,5.2431324,56.0008144,SqEuclidean,output,0,0.0,initial,initial
cross,k_means,3214418042,20,5.03813e8,1.02604e11,36.0706427,37.1979997,SqEuclidean,output,19622,9.8296438427989e7,insample,1982
cross,k_means,3214418042,20,5.03813e8,9.05784e10,35.8481552,38.128744,SqEuclidean,output,17561,8.6236403887704e7,insample,1986
cross,k_means,3214418042,20,5.03813e8,8.66755e10,36.3863675,38.0314202,SqEuclidean,output,17538,8.2421333947635e7,insample,1990
cross,k_means,3214418042,20,5.03813e8,9.76676e10,36.086757,35.2198557,SqEuclidean,output,18904,9.337923526935402e7,insample,1994
cross,k_means,3214418042,20,5.03813e8,8.33818e10,36.1370588,36.2375052,SqEuclidean,output,17076,7.9112355513278e7,insample,1998
cross,k_means,3214418042,20,5.03813e8,1.01237e11,37.2070257,39.0667781,SqEuclidean,output,19391,9.6888369003291e7,insample,2004
cross,k_means,3214418042,20,5.03813e8,8.69294e10,34.984166,36.1188555,SqEuclidean,output,16920,8.2675867987323e7,insample,2008
cross,k_means,3214418042,20,5.03813e8,9.94021e10,36.8864791,36.832739499999995,SqEuclidean,output,19530,9.5099936357651e7,insample,2011
cross,k_means,3214418042,20,5.03813e8,9.69071e10,36.823064,36.3282549,SqEuclidean,output,18377,9.253714845469e7,insample,2012
cross,k_means,3214418042,20,5.03813e8,1.03881e11,36.8619976,40.5384482,SqEuclidean,output,20372,9.9487176000234e7,insample,2016
cross,k_means,3217763985,20,5.09478e8,3.47647e9,5.6452293,54.364734299999995,SqEuclidean,output,0,0.0,initial,initial
cross,k_means,3217763985,20,5.09478e8,1.03012e11,38.6254855,41.0856929,SqEuclidean,output,20609,9.8742059163927e7,insample,1982
cross,k_means,3217763985,20,5.09478e8,9.1022e10,37.4532666,37.4180025,SqEuclidean,output,18480,8.6715065187148e7,insample,1986
cross,k_means,3217763985,20,5.09478e8,8.62178e10,36.62434,41.3002335,SqEuclidean,output,18296,8.199968090272501e7,insample,1990
cross,k_means,3217763985,20,5.09478e8,9.82409e10,39.5695168,43.7823193,SqEuclidean,output,19684,9.3983914364248e7,insample,1994
cross,k_means,3217763985,20,5.09478e8,8.34568e10,35.8086298,37.8857229,SqEuclidean,output,17860,7.921585529526898e7,insample,1998
cross,k_means,3217763985,20,5.09478e8,1.01856e11,38.6897892,42.5538034,SqEuclidean,output,20555,9.7550205381306e7,insample,2004
cross,k_means,3217763985,20,5.09478e8,8.74709e10,38.5259132,39.1806677,SqEuclidean,output,17864,8.3246580540239e7,insample,2008
cross,k_means,3217763985,20,5.09478e8,9.95544e10,39.3977602,39.0504224,SqEuclidean,output,20266,9.5290880965724e7,insample,2011
cross,k_means,3217763985,20,5.09478e8,9.75207e10,39.1810411,39.0827534,SqEuclidean,output,19450,9.3192445943277e7,insample,2012
cross,k_means,3217763985,20,5.09478e8,1.04483e11,38.9727958,39.4014707,SqEuclidean,output,21569,1.00124653828763e8,insample,2016
cross,k_means,3272403283,20,5.10187e8,3.47883e9,5.4087843,55.7463257,SqEuclidean,output,0,0.0,initial,initial
cross,k_means,3272403283,20,5.10187e8,9.65316e10,34.3112144,33.124569400000006,SqEuclidean,output,19425,9.2193644775089e7,insample,1982
cross,k_means,3272403283,20,5.10187e8,8.53489e10,37.3510544,33.0980462,SqEuclidean,output,17508,8.0978133089445e7,insample,1986
cross,k_means,3272403283,20,5.10187e8,7.98588e10,34.8792767,34.075763499999994,SqEuclidean,output,17273,7.5572628815724e7,insample,1990
cross,k_means,3272403283,20,5.10187e8,9.25899e10,34.8416627,36.0361812,SqEuclidean,output,18842,8.8274434769319e7,insample,1994
cross,k_means,3272403283,20,5.10187e8,7.73749e10,35.624655,36.2378601,SqEuclidean,output,16774,7.3080218672339e7,insample,1998
cross,k_means,3272403283,20,5.10187e8,9.51481e10,36.0764533,34.6311346,SqEuclidean,output,19285,9.0766878823252e7,insample,2004
cross,k_means,3272403283,20,5.10187e8,8.12863e10,35.51171,34.6473143,SqEuclidean,output,16726,7.70080866584e7,insample,2008
cross,k_means,3272403283,20,5.10187e8,9.37248e10,36.2273088,38.168950599999995,SqEuclidean,output,19407,8.9396217707735e7,insample,2011
cross,k_means,3272403283,20,5.10187e8,9.05043e10,34.8312661,34.7915433,SqEuclidean,output,18184,8.6106834286125e7,insample,2012
cross,k_means,3272403283,20,5.10187e8,9.77394e10,35.675315,33.3090877,SqEuclidean,output,20355,9.3317596923782e7,insample,2016
cross,k_means,408956147,20,5.09877e8,3.4709e9,6.0496849,50.7740987,SqEuclidean,output,0,0.0,initial,initial
cross,k_means,408956147,20,5.09877e8,9.77013e10,38.7615547,44.3703267,SqEuclidean,output,19259,9.3429704365616e7,insample,1982
cross,k_means,408956147,20,5.09877e8,8.61053e10,39.0410403,40.9220703,SqEuclidean,output,17072,8.1797271849257e7,insample,1986
cross,k_means,408956147,20,5.09877e8,8.16791e10,39.3538598,41.8588934,SqEuclidean,output,17029,7.7458873280961e7,insample,1990
cross,k_means,408956147,20,5.09877e8,9.30688e10,39.3614645,44.3454789,SqEuclidean,output,18392,8.880883734935799e7,insample,1994
cross,k_means,408956147,20,5.09877e8,7.90253e10,39.1352244,41.0750854,SqEuclidean,output,16775,7.478397199550599e7,insample,1998
cross,k_means,408956147,20,5.09877e8,9.63149e10,38.8327026,43.096085599999995,SqEuclidean,output,18998,9.2008646929093e7,insample,2004
cross,k_means,408956147,20,5.09877e8,8.3076e10,37.7139359,42.9760464,SqEuclidean,output,16581,7.885481175180301e7,insample,2008
cross,k_means,408956147,20,5.09877e8,9.44219e10,40.77751,45.5315267,SqEuclidean,output,19092,9.0153715702126e7,insample,2011
cross,k_means,408956147,20,5.09877e8,9.236e10,39.0423985,42.033699199999994,SqEuclidean,output,18111,8.802829404014999e7,insample,2012
cross,k_means,408956147,20,5.09877e8,9.84844e10,39.5104866,44.9118266,SqEuclidean,output,19928,9.4126445633217e7,insample,2016
cross,k_means,1040218444,200,5.81025e8,3.57813e9,164.6539875,50.6145739,SqEuclidean,output,24,52929.0773,initial,initial
cross,k_means,1040218444,200,5.81025e8,4.65771e10,28.0271888,25.524607300000003,SqEuclidean,output,11368,4.2318910490503e7,insample,1982
cross,k_means,1040218444,200,5.81025e8,4.09114e10,31.6039777,28.2396702,SqEuclidean,output,9692,3.6629770486907005e7,insample,1986
cross,k_means,1040218444,200,5.81025e8,3.66134e10,27.8667289,25.9840349,SqEuclidean,output,9466,3.2429783296847e7,insample,1990
cross,k_means,1040218444,200,5.81025e8,4.57089e10,28.5123191,28.5431046,SqEuclidean,output,10821,4.1480056872227e7,insample,1994
cross,k_means,1040218444,200,5.81025e8,3.52887e10,38.0208536,38.1362345,SqEuclidean,output,9406,3.1073848280192003e7,insample,1998
cross,k_means,1040218444,200,5.81025e8,4.56822e10,34.1317033,34.9414179,SqEuclidean,output,10725,4.1402938524873e7,insample,2004
cross,k_means,1040218444,200,5.81025e8,3.68481e10,26.9105564,23.1878403,SqEuclidean,output,9139,3.2652174614061e7,insample,2008
cross,k_means,1040218444,200,5.81025e8,4.35004e10,35.8463516,35.445194300000004,SqEuclidean,output,11098,3.9245746020115e7,insample,2011
cross,k_means,1040218444,200,5.81025e8,4.22272e10,29.644053,27.3810261,SqEuclidean,output,10102,3.792431583185501e7,insample,2012
cross,k_means,1040218444,200,5.81025e8,4.43272e10,34.9796153,34.025101,SqEuclidean,output,11025,4.0016896862901e7,insample,2016
cross,k_means,1498923158,200,5.70875e8,3.57548e9,180.1962129,48.584725199999994,SqEuclidean,output,82,172183.00742699995,initial,initial
cross,k_means,1498923158,200,5.70875e8,4.9524e10,28.9359405,26.9710915,SqEuclidean,output,10911,4.528382949112e7,insample,1982
cross,k_means,1498923158,200,5.70875e8,4.32532e10,32.8354509,28.9599212,SqEuclidean,output,9455,3.8985497922056995e7,insample,1986
cross,k_means,1498923158,200,5.70875e8,3.8515e10,29.6117658,26.363325600000003,SqEuclidean,output,9116,3.4344384186359e7,insample,1990
cross,k_means,1498923158,200,5.70875e8,4.76986e10,29.4832011,26.1580987,SqEuclidean,output,10287,4.347981169932e7,insample,1994
cross,k_means,1498923158,200,5.70875e8,3.7396e10,39.9175839,39.1010328,SqEuclidean,output,9064,3.3195312892303e7,insample,1998
cross,k_means,1498923158,200,5.70875e8,4.79807e10,35.2235043,35.0401552,SqEuclidean,output,10331,4.3718756109429e7,insample,2004
cross,k_means,1498923158,200,5.70875e8,3.84024e10,28.0912085,23.2412709,SqEuclidean,output,8926,3.4219503734084e7,insample,2008
cross,k_means,1498923158,200,5.70875e8,4.60712e10,37.4925644,34.6052443,SqEuclidean,output,10888,4.1837836184038e7,insample,2011
cross,k_means,1498923158,200,5.70875e8,4.371e10,30.7982473,27.034433,SqEuclidean,output,9991,3.9426131680373e7,insample,2012
cross,k_means,1498923158,200,5.70875e8,4.62471e10,36.4717376,32.323304300000004,SqEuclidean,output,10831,4.1949874954578996e7,insample,2016
cross,k_means,1571330722,200,5.69835e8,3.56747e9,167.0761907,52.3921747,SqEuclidean,output,52,43821.50598,initial,initial
cross,k_means,1571330722,200,5.69835e8,5.10561e10,29.1533615,25.9700111,SqEuclidean,output,10874,4.6827228614285e7,insample,1982
cross,k_means,1571330722,200,5.69835e8,4.46995e10,32.7558087,28.553492,SqEuclidean,output,9313,4.043517736683901e7,insample,1986
cross,k_means,1571330722,200,5.69835e8,4.01113e10,30.0021283,26.7525744,SqEuclidean,output,9057,3.5942144759752e7,insample,1990
cross,k_means,1571330722,200,5.69835e8,4.96201e10,29.6168003,26.002406,SqEuclidean,output,10503,4.5408572962772e7,insample,1994
cross,k_means,1571330722,200,5.69835e8,3.84612e10,38.3479425,38.9092318,SqEuclidean,output,8700,3.4266683958138e7,insample,1998
cross,k_means,1571330722,200,5.69835e8,4.92786e10,35.0160154,33.172545,SqEuclidean,output,10190,4.5022102455272e7,insample,2004
cross,k_means,1571330722,200,5.69835e8,3.98203e10,28.2013899,23.1657897,SqEuclidean,output,8621,3.5642636115595e7,insample,2008
cross,k_means,1571330722,200,5.69835e8,4.79356e10,36.7780899,34.8456742,SqEuclidean,output,10856,4.3708046227126e7,insample,2011
cross,k_means,1571330722,200,5.69835e8,4.54915e10,30.7064775,28.9208998,SqEuclidean,output,9756,4.1203160252271995e7,insample,2012
cross,k_means,1571330722,200,5.69835e8,4.87379e10,36.9776234,34.5543612,SqEuclidean,output,10801,4.4443157279304e7,insample,2016
cross,k_means,2110474755,200,5.92803e8,3.56482e9,179.1144887,50.2144347,SqEuclidean,output,28,24424.914003999995,initial,initial
cross,k_means,2110474755,200,5.92803e8,4.40301e10,29.3098798,27.2594,SqEuclidean,output,9474,3.9805079415176e7,insample,1982
cross,k_means,2110474755,200,5.92803e8,3.89343e10,31.9600269,29.605818399999997,SqEuclidean,output,8454,3.4668810589742e7,insample,1986
cross,k_means,2110474755,200,5.92803e8,3.38832e10,28.7384703,27.2980506,SqEuclidean,output,7950,2.9716299030822e7,insample,1990
cross,k_means,2110474755,200,5.92803e8,4.29771e10,29.5546285,25.3681218,SqEuclidean,output,9007,3.87662406821e7,insample,1994
cross,k_means,2110474755,200,5.92803e8,3.3778e10,38.3133493,38.0880536,SqEuclidean,output,7833,2.9586030832012e7,insample,1998
cross,k_means,2110474755,200,5.92803e8,4.2068e10,34.8752009,36.0093001,SqEuclidean,output,9165,3.7812017283187e7,insample,2004
cross,k_means,2110474755,200,5.92803e8,3.38381e10,28.178647,23.2762952,SqEuclidean,output,7584,2.9669469821308e7,insample,2008
cross,k_means,2110474755,200,5.92803e8,4.08516e10,36.675195,35.420481800000005,SqEuclidean,output,9504,3.6631875744274e7,insample,2011
cross,k_means,2110474755,200,5.92803e8,3.82908e10,30.6972959,26.985319,SqEuclidean,output,8515,3.4021595739056e7,insample,2012
cross,k_means,2110474755,200,5.92803e8,3.94308e10,35.9520997,35.653571199999995,SqEuclidean,output,9353,3.5149663193916e7,insample,2016
cross,k_means,2358156674,200,5.78536e8,3.57585e9,146.5701312,48.3600862,SqEuclidean,output,52,94784.72532100002,initial,initial
cross,k_means,2358156674,200,5.78536e8,4.90827e10,28.9373436,25.6707918,SqEuclidean,output,10448,4.486852456033799e7,insample,1982
cross,k_means,2358156674,200,5.78536e8,4.10578e10,31.2006828,28.7392958,SqEuclidean,output,8880,3.6806543808566995e7,insample,1986
cross,k_means,2358156674,200,5.78536e8,3.71219e10,28.3372272,26.3777116,SqEuclidean,output,8647,3.2969694559264e7,insample,1990
cross,k_means,2358156674,200,5.78536e8,4.63603e10,28.9494369,25.4347209,SqEuclidean,output,9742,4.2165865978166e7,insample,1994
cross,k_means,2358156674,200,5.78536e8,3.49641e10,37.5430049,40.5226774,SqEuclidean,output,8078,3.0789752673520997e7,insample,1998
cross,k_means,2358156674,200,5.78536e8,4.64206e10,35.1729302,34.029564799999996,SqEuclidean,output,9733,4.2188020481208995e7,insample,2004
cross,k_means,2358156674,200,5.78536e8,3.57854e10,27.7296994,23.6848953,SqEuclidean,output,7968,3.1628583603821e7,insample,2008
cross,k_means,2358156674,200,5.78536e8,4.47027e10,36.6206463,35.0975962,SqEuclidean,output,10200,4.0492258186152995e7,insample,2011
cross,k_means,2358156674,200,5.78536e8,4.1885e10,31.0901415,31.6159925,SqEuclidean,output,9002,3.7628647320645e7,insample,2012
cross,k_means,2358156674,200,5.78536e8,4.37125e10,36.1092233,32.3556583,SqEuclidean,output,9789,3.9447542503226995e7,insample,2016
cross,k_means,2454944798,200,5.62252e8,3.58469e9,167.9396599,50.6156949,SqEuclidean,output,79,175540.159634,initial,initial
cross,k_means,2454944798,200,5.62252e8,5.38034e10,28.4873775,27.2079009,SqEuclidean,output,11307,4.9580530040931e7,insample,1982
cross,k_means,2454944798,200,5.62252e8,4.68468e10,31.2101256,27.387854500000003,SqEuclidean,output,9876,4.2593193177448e7,insample,1986
cross,k_means,2454944798,200,5.62252e8,4.21848e10,27.4560768,26.5395026,SqEuclidean,output,9556,3.802640801787301e7,insample,1990
cross,k_means,2454944798,200,5.62252e8,5.2258e10,28.6468339,25.9543647,SqEuclidean,output,10745,4.8059789092536e7,insample,1994
cross,k_means,2454944798,200,5.62252e8,4.06518e10,37.0007109,40.1415849,SqEuclidean,output,9384,3.6467465553417e7,insample,1998
cross,k_means,2454944798,200,5.62252e8,5.25293e10,33.9402897,34.519201699999996,SqEuclidean,output,10819,4.8281612878004e7,insample,2004
cross,k_means,2454944798,200,5.62252e8,4.22483e10,27.3241743,23.2605135,SqEuclidean,output,9287,3.8076442718674995e7,insample,2008
cross,k_means,2454944798,200,5.62252e8,5.04666e10,36.0836902,35.3081762,SqEuclidean,output,11303,4.6247024185845e7,insample,2011
cross,k_means,2454944798,200,5.62252e8,4.80789e10,30.2570108,27.1785041,SqEuclidean,output,10345,4.3808882705571e7,insample,2012
cross,k_means,2454944798,200,5.62252e8,5.11225e10,36.1975972,34.3319104,SqEuclidean,output,11501,4.6842480561327994e7,insample,2016
cross,k_means,3126457023,200,5.83325e8,3.58473e9,159.243084,52.4015163,SqEuclidean,output,19,72995.75248299999,initial,initial
cross,k_means,3126457023,200,5.83325e8,4.81839e10,27.6090592,28.313959800000003,SqEuclidean,output,11001,4.4006368789557e7,insample,1982
cross,k_means,3126457023,200,5.83325e8,4.19652e10,29.5362603,27.4939315,SqEuclidean,output,9522,3.7757227456520006e7,insample,1986
cross,k_means,3126457023,200,5.83325e8,3.68591e10,27.3836125,25.4332466,SqEuclidean,output,9102,3.2741147419918e7,insample,1990
cross,k_means,3126457023,200,5.83325e8,4.67818e10,28.2509361,26.5812006,SqEuclidean,output,10293,4.2624557330635995e7,insample,1994
cross,k_means,3126457023,200,5.83325e8,3.63002e10,37.5004769,38.9628355,SqEuclidean,output,8969,3.2160371363337e7,insample,1998
cross,k_means,3126457023,200,5.83325e8,4.62614e10,33.057517,33.4160805,SqEuclidean,output,10380,4.2067605822087005e7,insample,2004
cross,k_means,3126457023,200,5.83325e8,3.67576e10,26.6998531,23.2334998,SqEuclidean,output,8581,3.2637054965776004e7,insample,2008
cross,k_means,3126457023,200,5.83325e8,4.45169e10,35.7370563,34.635718399999995,SqEuclidean,output,10746,4.0347669095907e7,insample,2011
cross,k_means,3126457023,200,5.83325e8,4.21298e10,28.8816171,27.4331166,SqEuclidean,output,9564,3.791943833143e7,insample,2012
cross,k_means,3126457023,200,5.83325e8,4.37409e10,35.5054065,35.2642771,SqEuclidean,output,10540,3.9522060343294e7,insample,2016
cross,k_means,4093639103,200,6.01031e8,3.60478e9,185.1080244,52.8941729,SqEuclidean,output,84,286627.7688080001,initial,initial
cross,k_means,4093639103,200,6.01031e8,4.18088e10,29.0823863,25.8126989,SqEuclidean,output,9793,3.7578294925878e7,insample,1982
cross,k_means,4093639103,200,6.01031e8,3.58668e10,32.59007,28.3502923,SqEuclidean,output,8234,3.1607619266549e7,insample,1986
cross,k_means,4093639103,200,6.01031e8,3.19406e10,28.6670353,25.1024731,SqEuclidean,output,8098,2.7785679099902004e7,insample,1990
cross,k_means,4093639103,200,6.01031e8,4.14173e10,29.0108632,26.1031197,SqEuclidean,output,9373,3.7214153014518e7,insample,1994
cross,k_means,4093639103,200,6.01031e8,3.19167e10,39.1141729,42.4737244,SqEuclidean,output,8282,2.772697044858e7,insample,1998
cross,k_means,4093639103,200,6.01031e8,4.11064e10,35.7181098,35.1116625,SqEuclidean,output,9295,3.6856541709511e7,insample,2004
cross,k_means,4093639103,200,6.01031e8,3.09526e10,28.1910165,23.2222301,SqEuclidean,output,7798,2.6782224696353e7,insample,2008
cross,k_means,4093639103,200,6.01031e8,3.81987e10,37.6705099,33.9546616,SqEuclidean,output,9677,3.3976609862283e7,insample,2011
cross,k_means,4093639103,200,6.01031e8,3.59356e10,30.8772099,27.6639268,SqEuclidean,output,8661,3.1661944579642e7,insample,2012
cross,k_means,4093639103,200,6.01031e8,3.90223e10,35.7378473,34.7767027,SqEuclidean,output,9672,3.4742833580419e7,insample,2016
cross,k_means,4109171108,200,5.92308e8,3.60235e9,165.4304777,50.3306015,SqEuclidean,output,75,248513.38989000005,initial,initial
cross,k_means,4109171108,200,5.92308e8,4.61711e10,28.4127576,26.6532375,SqEuclidean,output,10346,4.1967312704416e7,insample,1982
cross,k_means,4109171108,200,5.92308e8,3.9457e10,32.0149815,29.025550600000003,SqEuclidean,output,8949,3.52221366214e7,insample,1986
cross,k_means,4109171108,200,5.92308e8,3.52986e10,28.9894632,25.236651499999997,SqEuclidean,output,8528,3.1161302421508e7,insample,1990
cross,k_means,4109171108,200,5.92308e8,4.45046e10,28.3443387,26.3785941,SqEuclidean,output,9602,4.03255370303e7,insample,1994
cross,k_means,4109171108,200,5.92308e8,3.42082e10,37.6874979,39.8494306,SqEuclidean,output,8462,3.0040686319099e7,insample,1998
cross,k_means,4109171108,200,5.92308e8,4.48108e10,33.007508,33.4470753,SqEuclidean,output,9773,4.0583433287662e7,insample,2004
cross,k_means,4109171108,200,5.92308e8,3.62922e10,27.1989691,23.4521092,SqEuclidean,output,8270,3.2141320932524e7,insample,2008
cross,k_means,4109171108,200,5.92308e8,4.30559e10,35.2652059,35.2822397,SqEuclidean,output,10174,3.8859232869915e7,insample,2011
cross,k_means,4109171108,200,5.92308e8,4.10944e10,29.5818007,27.7564534,SqEuclidean,output,9037,3.6843615958988994e7,insample,2012
cross,k_means,4109171108,200,5.92308e8,4.34322e10,35.2954716,34.4560394,SqEuclidean,output,9909,3.917805462959501e7,insample,2016
cross,k_means,535977374,200,5.77143e8,3.5822e9,154.636514,50.5827521,SqEuclidean,output,54,85302.09589600001,initial,initial
cross,k_means,535977374,200,5.77143e8,4.60856e10,28.7305572,25.7953606,SqEuclidean,output,10383,4.184592484679899e7,insample,1982
cross,k_means,535977374,200,5.77143e8,3.94605e10,31.4202366,28.5995606,SqEuclidean,output,8802,3.5188428372671e7,insample,1986
cross,k_means,535977374,200,5.77143e8,3.53707e10,28.2763956,26.4488254,SqEuclidean,output,8515,3.1198541661517e7,insample,1990
cross,k_means,535977374,200,5.77143e8,4.48237e10,28.8548498,26.0242633,SqEuclidean,output,9848,4.0605366066621e7,insample,1994
cross,k_means,535977374,200,5.77143e8,3.47084e10,37.7705081,38.0298608,SqEuclidean,output,8600,3.0508024741621e7,insample,1998
cross,k_means,535977374,200,5.77143e8,4.46627e10,35.3151383,36.6249426,SqEuclidean,output,9890,4.04011073099e7,insample,2004
cross,k_means,535977374,200,5.77143e8,3.5044e10,27.8760165,23.097185399999997,SqEuclidean,output,8245,3.0861212441155e7,insample,2008
cross,k_means,535977374,200,5.77143e8,4.24599e10,36.2108012,35.7284559,SqEuclidean,output,10299,3.8227683737765e7,insample,2011
cross,k_means,535977374,200,5.77143e8,4.06868e10,30.506614,29.138410800000003,SqEuclidean,output,9389,3.6404784685951e7,insample,2012
cross,k_means,535977374,200,5.77143e8,4.22892e10,35.3861479,37.5266003,SqEuclidean,output,10164,3.7996044228568e7,insample,2016
cross,k_means,123456789,50,5.25244e8,3.5316e9,20.5147207,55.60157220000001,SqEuclidean,output,18,57202.965811999995,initial,initial
cross,k_means,123456789,50,5.25244e8,7.85174e10,38.2322857,33.5551254,SqEuclidean,output,16277,7.4215193031896e7,insample,1982
cross,k_means,123456789,50,5.25244e8,6.90125e10,37.3897068,36.9778002,SqEuclidean,output,14317,6.467357239051701e7,insample,1986
cross,k_means,123456789,50,5.25244e8,6.38689e10,36.5146165,30.233764299999997,SqEuclidean,output,14081,5.9620694449991e7,insample,1990
cross,k_means,123456789,50,5.25244e8,7.48812e10,40.0952207,35.6274613,SqEuclidean,output,15496,7.059333241868499e7,insample,1994
cross,k_means,123456789,50,5.25244e8,6.2288e10,37.0866636,33.9834534,SqEuclidean,output,14047,5.8022533310427e7,insample,1998
cross,k_means,123456789,50,5.25244e8,7.61111e10,38.3724923,33.752423300000004,SqEuclidean,output,15742,7.177337171202901e7,insample,2004
cross,k_means,123456789,50,5.25244e8,6.50676e10,38.6270102,35.734105899999996,SqEuclidean,output,13772,6.0820054229287e7,insample,2008
cross,k_means,123456789,50,5.25244e8,7.55312e10,37.5681564,35.2081757,SqEuclidean,output,16375,7.1234299817215e7,insample,2011
cross,k_means,123456789,50,5.25244e8,7.27888e10,38.7529965,34.7355036,SqEuclidean,output,15186,6.8426746867931e7,insample,2012
cross,k_means,123456789,50,5.25244e8,7.71277e10,39.9701023,32.774014699999995,SqEuclidean,output,16945,7.274435668116e7,insample,2016
cross,k_means,1286268702,50,5.28587e8,3.50518e9,20.8239121,56.2940673,SqEuclidean,output,0,0.0,initial,initial
cross,k_means,1286268702,50,5.28587e8,8.01693e10,38.8592363,32.6595231,SqEuclidean,output,17569,7.584613241123798e7,insample,1982
cross,k_means,1286268702,50,5.28587e8,7.09077e10,35.140383,35.1072375,SqEuclidean,output,15464,6.6555228954693004e7,insample,1986
cross,k_means,1286268702,50,5.28587e8,6.62928e10,35.589649,37.8928659,SqEuclidean,output,15266,6.2035024204006e7,insample,1990
cross,k_means,1286268702,50,5.28587e8,7.70411e10,36.4806211,33.3896688,SqEuclidean,output,16824,7.2743931792216e7,insample,1994
cross,k_means,1286268702,50,5.28587e8,6.43859e10,36.0376285,36.705949,SqEuclidean,output,15170,6.0108770748757005e7,insample,1998
cross,k_means,1286268702,50,5.28587e8,7.79744e10,35.4817474,34.9889029,SqEuclidean,output,16911,7.361463598219201e7,insample,2004
cross,k_means,1286268702,50,5.28587e8,6.65137e10,36.0410396,34.086545799999996,SqEuclidean,output,14770,6.225295339821901e7,insample,2008
cross,k_means,1286268702,50,5.28587e8,7.6805e10,34.9373355,36.1673826,SqEuclidean,output,17349,7.2491043204236e7,insample,2011
cross,k_means,1286268702,50,5.28587e8,7.51457e10,37.9075105,34.4982111,SqEuclidean,output,16257,7.0767813514715e7,insample,2012
cross,k_means,1286268702,50,5.28587e8,7.88493e10,36.1221678,36.0501025,SqEuclidean,output,17966,7.4442510941954e7,insample,2016
cross,k_means,1308502331,50,5.29098e8,3.50423e9,22.4517752,61.6957438,SqEuclidean,output,0,0.0,initial,initial
cross,k_means,1308502331,50,5.29098e8,7.99599e10,41.9491283,37.9759265,SqEuclidean,output,16986,7.566089933169499e7,insample,1982
cross,k_means,1308502331,50,5.29098e8,7.0348e10,41.3227674,37.3021939,SqEuclidean,output,15242,6.6009553497906e7,insample,1986
cross,k_means,1308502331,50,5.29098e8,6.42619e10,41.6955088,39.4854372,SqEuclidean,output,14889,6.001563763941e7,insample,1990
cross,k_means,1308502331,50,5.29098e8,7.66635e10,42.3413802,38.7088232,SqEuclidean,output,16514,7.2377971284408e7,insample,1994
cross,k_means,1308502331,50,5.29098e8,6.32344e10,41.0194252,38.426232199999994,SqEuclidean,output,14672,5.8969225140942e7,insample,1998
cross,k_means,1308502331,50,5.29098e8,7.82084e10,41.390941,38.20363,SqEuclidean,output,16707,7.3870639010619e7,insample,2004
cross,k_means,1308502331,50,5.29098e8,6.62068e10,40.7327921,36.5178309,SqEuclidean,output,14501,6.196094608594101e7,insample,2008
cross,k_means,1308502331,50,5.29098e8,7.72166e10,42.5406514,37.460672499999994,SqEuclidean,output,17106,7.2924783964485e7,insample,2011
cross,k_means,1308502331,50,5.29098e8,7.42921e10,44.3325792,45.6344167,SqEuclidean,output,15813,6.993070606402901e7,insample,2012
cross,k_means,1308502331,50,5.29098e8,7.88321e10,41.1284316,37.6819588,SqEuclidean,output,17532,7.4448945285017e7,insample,2016
cross,k_means,1573928461,50,5.3223e8,3.51082e9,22.9098354,59.6143242,SqEuclidean,output,0,0.0,initial,initial
cross,k_means,1573928461,50,5.3223e8,7.79034e10,39.8196863,44.1912419,SqEuclidean,output,16244,7.3581468283153e7,insample,1982
cross,k_means,1573928461,50,5.3223e8,6.79242e10,40.5760782,39.6611788,SqEuclidean,output,14325,6.3564107781712e7,insample,1986
cross,k_means,1573928461,50,5.3223e8,6.30051e10,38.2644543,42.5318369,SqEuclidean,output,14294,5.873586701441499e7,insample,1990
cross,k_means,1573928461,50,5.3223e8,7.3743e10,39.0169449,40.5016927,SqEuclidean,output,15555,6.9441031190287e7,insample,1994
cross,k_means,1573928461,50,5.3223e8,6.07457e10,39.8804159,41.4425767,SqEuclidean,output,13901,5.646185243447801e7,insample,1998
cross,k_means,1573928461,50,5.3223e8,7.6048e10,41.4636153,43.778502,SqEuclidean,output,15780,7.1683574696718e7,insample,2004
cross,k_means,1573928461,50,5.3223e8,6.46277e10,39.0782951,43.141054,SqEuclidean,output,13764,6.0362567117452e7,insample,2008
cross,k_means,1573928461,50,5.3223e8,7.47838e10,39.084554,40.9764836,SqEuclidean,output,16221,7.0464172462477e7,insample,2011
cross,k_means,1573928461,50,5.3223e8,7.2397e10,40.2024881,40.6907716,SqEuclidean,output,14985,6.8008469559359e7,insample,2012
cross,k_means,1573928461,50,5.3223e8,7.69543e10,38.5590723,45.2712897,SqEuclidean,output,16560,7.254896936136499e7,insample,2016
cross,k_means,1991051616,50,5.21018e8,3.50615e9,21.0646514,58.7354754,SqEuclidean,output,0,0.0,initial,initial
cross,k_means,1991051616,50,5.21018e8,8.78281e10,38.7832117,38.232867299999995,SqEuclidean,output,17525,8.3547763647641e7,insample,1982
cross,k_means,1991051616,50,5.21018e8,7.72656e10,39.673458,39.2392258,SqEuclidean,output,15600,7.2949598882672e7,insample,1986
cross,k_means,1991051616,50,5.21018e8,7.28328e10,37.3342914,40.4438936,SqEuclidean,output,15611,6.860521312303299e7,insample,1990
cross,k_means,1991051616,50,5.21018e8,8.37962e10,39.1647392,40.5607158,SqEuclidean,output,17033,7.9530172867202e7,insample,1994
cross,k_means,1991051616,50,5.21018e8,7.02847e10,40.27979,40.5895227,SqEuclidean,output,15138,6.6040669095944e7,insample,1998
cross,k_means,1991051616,50,5.21018e8,8.59941e10,39.8966796,41.8578291,SqEuclidean,output,17198,8.1677213276464e7,insample,2004
cross,k_means,1991051616,50,5.21018e8,7.36533e10,36.2872735,37.986675,SqEuclidean,output,14976,6.9426947236338e7,insample,2008
cross,k_means,1991051616,50,5.21018e8,8.47147e10,39.9372403,40.656115,SqEuclidean,output,17525,8.0438009565364e7,insample,2011
cross,k_means,1991051616,50,5.21018e8,8.18758e10,40.0859936,40.564214099999994,SqEuclidean,output,16434,7.753417125460501e7,insample,2012
cross,k_means,1991051616,50,5.21018e8,8.72134e10,39.5894823,38.6859217,SqEuclidean,output,18209,8.2847662858087e7,insample,2016
cross,k_means,2678701235,50,5.26055e8,3.49627e9,21.17946,56.9250069,SqEuclidean,output,0,0.0,initial,initial
cross,k_means,2678701235,50,5.26055e8,8.53512e10,38.0905837,39.735251700000006,SqEuclidean,output,17821,8.1042910923884e7,insample,1982
cross,k_means,2678701235,50,5.26055e8,7.52412e10,39.2619247,39.7478004,SqEuclidean,output,15964,7.0892345232487e7,insample,1986
cross,k_means,2678701235,50,5.26055e8,7.05499e10,36.321015,36.7781776,SqEuclidean,output,15835,6.6291137123036996e7,insample,1990
cross,k_means,2678701235,50,5.26055e8,8.16489e10,36.4274661,37.2694157,SqEuclidean,output,17253,7.736142884300101e7,insample,1994
cross,k_means,2678701235,50,5.26055e8,6.79316e10,45.7106099,37.97622,SqEuclidean,output,15371,6.3662044265127994e7,insample,1998
cross,k_means,2678701235,50,5.26055e8,8.35138e10,35.6728627,45.441021,SqEuclidean,output,17403,7.9163184984981e7,insample,2004
cross,k_means,2678701235,50,5.26055e8,7.16679e10,37.430624,38.2517322,SqEuclidean,output,15256,6.7414545366759e7,insample,2008
cross,k_means,2678701235,50,5.26055e8,8.26397e10,36.2066083,37.6933783,SqEuclidean,output,17895,7.8335963718352e7,insample,2011
cross,k_means,2678701235,50,5.26055e8,7.95355e10,36.7370835,38.0801549,SqEuclidean,output,16604,7.5160478278978e7,insample,2012
cross,k_means,2678701235,50,5.26055e8,8.46209e10,37.3785749,38.1677428,SqEuclidean,output,18222,8.0228162047234e7,insample,2016
cross,k_means,3861234567,50,5.20658e8,3.51517e9,22.2197346,58.9216435,SqEuclidean,output,0,0.0,initial,initial
cross,k_means,3861234567,50,5.20658e8,8.52886e10,41.1644869,37.4193203,SqEuclidean,output,18196,8.0967588787975e7,insample,1982
cross,k_means,3861234567,50,5.20658e8,7.51461e10,41.2660713,37.5483345,SqEuclidean,output,16023,7.079172352831799e7,insample,1986
cross,k_means,3861234567,50,5.20658e8,7.02202e10,41.6492301,37.4841988,SqEuclidean,output,16033,6.5958231757465005e7,insample,1990
cross,k_means,3861234567,50,5.20658e8,8.19622e10,41.2134288,38.7439261,SqEuclidean,output,17444,7.7663426305459e7,insample,1994
cross,k_means,3861234567,50,5.20658e8,6.7766e10,38.5692821,39.1327118,SqEuclidean,output,15582,6.348584789706499e7,insample,1998
cross,k_means,3861234567,50,5.20658e8,8.28124e10,37.4821925,36.6876592,SqEuclidean,output,17604,7.8449120500947e7,insample,2004
cross,k_means,3861234567,50,5.20658e8,7.03847e10,40.6587078,38.204007299999994,SqEuclidean,output,15431,6.6119253516439e7,insample,2008
cross,k_means,3861234567,50,5.20658e8,8.13769e10,41.9693205,36.98842380000001,SqEuclidean,output,18020,7.7063314226216e7,insample,2011
cross,k_means,3861234567,50,5.20658e8,7.95584e10,40.3437424,39.8353419,SqEuclidean,output,16722,7.517858461618699e7,insample,2012
cross,k_means,3861234567,50,5.20658e8,8.43314e10,41.4409088,39.2063672,SqEuclidean,output,18723,7.992274279843798e7,insample,2016
cross,k_means,477073181,50,5.24065e8,3.49556e9,22.2524857,60.6284065,SqEuclidean,output,0,0.0,initial,initial
cross,k_means,477073181,50,5.24065e8,8.65722e10,37.5619509,36.4642912,SqEuclidean,output,17282,8.226628923894101e7,insample,1982
cross,k_means,477073181,50,5.24065e8,7.61935e10,34.912195,35.185901799999996,SqEuclidean,output,15179,7.1851027672268e7,insample,1986
cross,k_means,477073181,50,5.24065e8,7.18462e10,34.4771123,34.7232918,SqEuclidean,output,15312,6.7592687772532e7,insample,1990
cross,k_means,477073181,50,5.24065e8,8.25175e10,35.9613852,40.0976205,SqEuclidean,output,16655,7.8228889190633e7,insample,1994
cross,k_means,477073181,50,5.24065e8,6.90713e10,37.8304553,34.5600611,SqEuclidean,output,14819,6.4805366148587e7,insample,1998
cross,k_means,477073181,50,5.24065e8,8.44031e10,37.6705299,34.1902726,SqEuclidean,output,16682,8.0057953759515e7,insample,2004
cross,k_means,477073181,50,5.24065e8,7.21314e10,35.3261393,35.5026137,SqEuclidean,output,14577,6.7883454983533e7,insample,2008
cross,k_means,477073181,50,5.24065e8,8.31647e10,35.9021969,34.1767926,SqEuclidean,output,17172,7.886159635915299e7,insample,2011
cross,k_means,477073181,50,5.24065e8,8.01322e10,34.9354407,36.7259605,SqEuclidean,output,15838,7.5765420049231e7,insample,2012
cross,k_means,477073181,50,5.24065e8,8.51292e10,36.876503,35.8214372,SqEuclidean,output,17727,8.0734458671832e7,insample,2016
cross,k_means,876543210,50,5.18224e8,3.50907e9,19.4740246,57.9169904,SqEuclidean,output,0,0.0,initial,initial
cross,k_means,876543210,50,5.18224e8,8.23042e10,36.6357233,38.4645014,SqEuclidean,output,16978,7.7974007908891e7,insample,1982
cross,k_means,876543210,50,5.18224e8,7.20949e10,36.3465293,39.8025527,SqEuclidean,output,15122,6.7724917791663e7,insample,1986
cross,k_means,876543210,50,5.18224e8,6.69141e10,36.6749171,37.2037927,SqEuclidean,output,14928,6.2636062323116e7,insample,1990
cross,k_means,876543210,50,5.18224e8,7.87727e10,37.4692692,39.8384446,SqEuclidean,output,16484,7.4461048200645e7,insample,1994
cross,k_means,876543210,50,5.18224e8,6.45921e10,37.0427118,40.0716787,SqEuclidean,output,14647,6.0300342378633e7,insample,1998
cross,k_means,876543210,50,5.18224e8,7.98104e10,37.0293745,36.6831979,SqEuclidean,output,16711,7.543229777812001e7,insample,2004
cross,k_means,876543210,50,5.18224e8,6.71064e10,35.0739398,38.024071199999995,SqEuclidean,output,14317,6.2829778434553e7,insample,2008
cross,k_means,876543210,50,5.18224e8,7.88243e10,38.0717552,37.0640153,SqEuclidean,output,17075,7.449884996740699e7,insample,2011
cross,k_means,876543210,50,5.18224e8,7.54727e10,36.776569,39.4177756,SqEuclidean,output,15767,7.107653700810301e7,insample,2012
cross,k_means,876543210,50,5.18224e8,8.06592e10,39.229278,40.7400421,SqEuclidean,output,17612,7.6240000888435e7,insample,2016
cross,k_means,987654321,50,5.24148e8,3.50709e9,23.9911317,55.917356899999994,SqEuclidean,output,0,0.0,initial,initial
cross,k_means,987654321,50,5.24148e8,8.64037e10,32.1810037,30.6861293,SqEuclidean,output,18077,8.2130382233078e7,insample,1982
cross,k_means,987654321,50,5.24148e8,7.6091e10,40.725767,37.48813749999999,SqEuclidean,output,16127,7.1780277360411e7,insample,1986
cross,k_means,987654321,50,5.24148e8,7.03183e10,40.0288639,37.2398475,SqEuclidean,output,15765,6.6096394649838e7,insample,1990
cross,k_means,987654321,50,5.24148e8,8.25926e10,39.8159158,38.8054996,SqEuclidean,output,17337,7.833534035241401e7,insample,1994
cross,k_means,987654321,50,5.24148e8,6.87491e10,37.30583,39.0085064,SqEuclidean,output,15686,6.450848417083901e7,insample,1998
cross,k_means,987654321,50,5.24148e8,8.46085e10,38.9982619,41.5966263,SqEuclidean,output,17774,8.029545564519998e7,insample,2004
cross,k_means,987654321,50,5.24148e8,7.19143e10,41.2618054,38.3505292,SqEuclidean,output,15417,6.7689897122905e7,insample,2008
cross,k_means,987654321,50,5.24148e8,8.29783e10,39.1912237,38.384834,SqEuclidean,output,17935,7.871196241519901e7,insample,2011
cross,k_means,987654321,50,5.24148e8,8.09136e10,41.2346799,38.5250009,SqEuclidean,output,16747,7.6579986257754e7,insample,2012
cross,k_means,987654321,50,5.24148e8,8.54691e10,40.5274623,38.8904432,SqEuclidean,output,18572,8.1111628391405e7,insample,2016
cross,conical_bounded,2,20,1.07925e9,4.30524e9,3.1496552,41.5567174,SqEuclidean,output,6,5808.79446,initial,initial
cross,conical_bounded,2,50,1.29267e9,4.13724e9,10.2232495,52.3806256,SqEuclidean,output,19,10701.714903,initial,initial
cross,convex_hull,2,20,1.06098e9,4.38873e9,2.9848952,39.4688535,SqEuclidean,output,11,43021.11904000001,initial,initial
cross,convex_hull,2,50,1.50973e9,4.3079e9,9.311503,46.0414128,SqEuclidean,output,23,63776.172993,initial,initial
cross,conical_bounded,3,20,1.07925e9,4.30524e9,3.103639,40.3688803,SqEuclidean,output,6,5808.79446,initial,initial
cross,conical_bounded,3,50,1.29267e9,4.13724e9,9.0423605,49.2871399,SqEuclidean,output,19,10701.714903,initial,initial
cross,convex_hull,3,20,1.06098e9,4.38873e9,3.0717033,38.523059700000005,SqEuclidean,output,11,43021.11904000001,initial,initial
cross,convex_hull,3,50,1.50973e9,4.3079e9,9.8060007,46.5180129,SqEuclidean,output,23,63776.172993,initial,initial
cross,conical_bounded,4,20,1.07925e9,4.30524e9,3.2471115,40.8597798,SqEuclidean,output,6,5808.79446,initial,initial
cross,conical_bounded,4,50,1.29267e9,4.13724e9,9.1608919,47.2564555,SqEuclidean,output,19,10701.714903,initial,initial
cross,convex_hull,4,20,1.06098e9,4.38873e9,3.0690774,39.9382699,SqEuclidean,output,11,43021.11904000001,initial,initial
cross,convex_hull,4,50,1.50973e9,4.3079e9,9.5929388,47.0288034,SqEuclidean,output,23,63776.172993,initial,initial
cross,conical_bounded,5,20,1.07925e9,4.30524e9,3.1525248,50.5724263,SqEuclidean,output,6,5808.79446,initial,initial
cross,conical_bounded,5,50,1.29267e9,4.13724e9,9.2282053,47.592672,SqEuclidean,output,19,10701.714903,initial,initial
cross,convex_hull,5,20,1.06098e9,4.38873e9,3.0948756,39.4492279,SqEuclidean,output,11,43021.11904000001,initial,initial
cross,convex_hull,5,50,1.50973e9,4.3079e9,9.4814345,45.9633076,SqEuclidean,output,23,63776.172993,initial,initial
cross,conical_bounded,1,100,3.32485e9,1.22263e12,21.3207939,92.5116758,SqEuclidean,blended,573,7.0373310328359995e6,initial,initial
cross,conical_bounded,1,100,3.32485e9,5.70989e9,30.8205897,24.6256076,SqEuclidean,blended,524,1.930514672094e6,insample,1982
cross,conical_bounded,1,100,3.32485e9,6.29985e9,25.8463604,23.8393157,SqEuclidean,blended,396,2.473408002224001e6,insample,1986
cross,conical_bounded,1,100,3.32485e9,4.32714e9,25.4771956,26.5445284,SqEuclidean,blended,231,593086.5184780002,insample,1990
cross,conical_bounded,1,100,3.32485e9,5.68407e9,26.545187,26.5905225,SqEuclidean,blended,344,1.9104175902139999e6,insample,1994
cross,conical_bounded,1,100,3.32485e9,4.82504e9,25.9307184,23.9386911,SqEuclidean,blended,269,1.031395721717e6,insample,1998
cross,conical_bounded,1,100,3.32485e9,4.94558e9,26.4270413,25.3539634,SqEuclidean,blended,356,1.1634557607820001e6,insample,2004
cross,conical_bounded,1,100,3.32485e9,4.77359e9,33.272247,35.2447285,SqEuclidean,blended,234,1.0027820110280002e6,insample,2008
cross,conical_bounded,1,100,3.32485e9,5.37303e9,26.5058012,25.6674102,SqEuclidean,blended,408,1.618457074358e6,insample,2011
cross,conical_bounded,1,100,3.32485e9,4.50683e9,25.0011108,25.0933631,SqEuclidean,blended,220,685341.9970270001,insample,2012
cross,conical_bounded,1,100,3.32485e9,4.98058e9,24.9270083,26.0712252,SqEuclidean,blended,272,1.187513636505e6,insample,2016
cross,conical_bounded,1,20,3.31611e9,1.153e12,2.664151,55.762166300000004,SqEuclidean,blended,547,6.963901222793e6,initial,initial
cross,conical_bounded,1,20,3.31611e9,5.7762e9,24.4583192,23.4219425,SqEuclidean,blended,543,1.9833359738869998e6,insample,1982
cross,conical_bounded,1,20,3.31611e9,6.39774e9,24.5893857,23.4677721,SqEuclidean,blended,431,2.5566040071550007e6,insample,1986
cross,conical_bounded,1,20,3.31611e9,4.36654e9,23.6850564,26.1367798,SqEuclidean,blended,250,619147.580044,insample,1990
cross,conical_bounded,1,20,3.31611e9,5.73908e9,24.7764269,25.5111789,SqEuclidean,blended,363,1.952539169801e6,insample,1994
cross,conical_bounded,1,20,3.31611e9,4.88834e9,24.0128491,24.961353,SqEuclidean,blended,301,1.0797244477789998e6,insample,1998
cross,conical_bounded,1,20,3.31611e9,5.03691e9,24.4680775,25.2727492,SqEuclidean,blended,373,1.2407370920250001e6,insample,2004
cross,conical_bounded,1,20,3.31611e9,4.82332e9,29.981592,34.361633,SqEuclidean,blended,249,1.0394367469380002e6,insample,2008
cross,conical_bounded,1,20,3.31611e9,5.43545e9,24.9426964,25.778237500000003,SqEuclidean,blended,416,1.6678750205169993e6,insample,2011
cross,conical_bounded,1,20,3.31611e9,4.5954e9,24.5419112,24.4625238,SqEuclidean,blended,245,758865.2330929999,insample,2012
cross,conical_bounded,1,20,3.31611e9,5.03498e9,23.8436401,26.4788102,SqEuclidean,blended,286,1.2275016866300001e6,insample,2016
cross,conical_bounded,1,50,3.32301e9,1.17125e12,9.1571302,68.199502,SqEuclidean,blended,556,7.006817076776e6,initial,initial
cross,conical_bounded,1,50,3.32301e9,5.76702e9,25.7423833,24.3030796,SqEuclidean,blended,534,1.9850434251309999e6,insample,1982
cross,conical_bounded,1,50,3.32301e9,6.38008e9,25.1464136,25.0933004,SqEuclidean,blended,429,2.550270466657e6,insample,1986
cross,conical_bounded,1,50,3.32301e9,4.34681e9,24.8477507,25.0531511,SqEuclidean,blended,241,610531.1782840001,insample,1990
cross,conical_bounded,1,50,3.32301e9,5.72181e9,26.500844,24.9187415,SqEuclidean,blended,367,1.9458864262639997e6,insample,1994
cross,conical_bounded,1,50,3.32301e9,4.87034e9,25.2214178,24.5699523,SqEuclidean,blended,293,1.0731493113880001e6,insample,1998
cross,conical_bounded,1,50,3.32301e9,5.01232e9,25.3414301,24.812632999999998,SqEuclidean,blended,368,1.2270903505429998e6,insample,2004
cross,conical_bounded,1,50,3.32301e9,4.80459e9,31.5177459,33.854740699999994,SqEuclidean,blended,245,1.0314862085350001e6,insample,2008
cross,conical_bounded,1,50,3.32301e9,5.41755e9,25.0798701,24.988715499999998,SqEuclidean,blended,414,1.6602437798309994e6,insample,2011
cross,conical_bounded,1,50,3.32301e9,4.5768e9,25.5761184,25.471724000000002,SqEuclidean,blended,238,751487.9862759999,insample,2012
cross,conical_bounded,1,50,3.32301e9,5.00787e9,25.657489,26.4946061,SqEuclidean,blended,261,1.2120804843220003e6,insample,2016
cross,convex_hull,1,100,3.39208e9,1.20394e12,22.2530481,102.76985189999999,SqEuclidean,blended,595,7.242435640156e6,initial,initial
cross,convex_hull,1,100,3.39208e9,5.43368e9,26.9088379,25.5003267,SqEuclidean,blended,415,1.6565302037349998e6,insample,1982
cross,convex_hull,1,100,3.39208e9,5.9142e9,27.0974245,25.349356999999998,SqEuclidean,blended,298,2.0890965066669998e6,insample,1986
cross,convex_hull,1,100,3.39208e9,4.19823e9,26.4153338,25.196407,SqEuclidean,blended,170,466214.79935499997,insample,1990
cross,convex_hull,1,100,3.39208e9,5.53382e9,26.0900583,26.6212493,SqEuclidean,blended,281,1.7615882833939998e6,insample,1994
cross,convex_hull,1,100,3.39208e9,4.60495e9,25.6715483,25.0080617,SqEuclidean,blended,207,813063.289012,insample,1998
cross,convex_hull,1,100,3.39208e9,4.6224e9,25.9752345,25.0012534,SqEuclidean,blended,228,840921.4928690001,insample,2004
cross,convex_hull,1,100,3.39208e9,4.64528e9,33.2778182,33.4784697,SqEuclidean,blended,191,875393.880505,insample,2008
cross,convex_hull,1,100,3.39208e9,5.07982e9,27.3305816,25.8134239,SqEuclidean,blended,318,1.3266305409879996e6,insample,2011
cross,convex_hull,1,100,3.39208e9,4.35648e9,25.9559971,25.613295,SqEuclidean,blended,167,535929.303723,insample,2012
cross,convex_hull,1,100,3.39208e9,4.79324e9,26.0178285,25.4714061,SqEuclidean,blended,208,1.0009894321099998e6,insample,2016
cross,convex_hull,1,20,3.34155e9,1.50869e12,2.6150489,52.7097311,SqEuclidean,blended,557,6.984383825347999e6,initial,initial
cross,convex_hull,1,20,3.34155e9,5.92666e9,24.4352968,25.963344199999998,SqEuclidean,blended,694,2.142849465348e6,insample,1982
cross,convex_hull,1,20,3.34155e9,6.55434e9,25.2625613,31.209733399999998,SqEuclidean,blended,566,2.7222434510000004e6,insample,1986
cross,convex_hull,1,20,3.34155e9,4.40569e9,25.0818164,24.4696855,SqEuclidean,blended,302,667393.1559220002,insample,1990
cross,convex_hull,1,20,3.34155e9,5.76938e9,24.9742534,25.1596012,SqEuclidean,blended,421,1.991900207357e6,insample,1994
cross,convex_hull,1,20,3.34155e9,4.95198e9,24.5396979,24.8038975,SqEuclidean,blended,388,1.152385821542e6,insample,1998
cross,convex_hull,1,20,3.34155e9,5.1539e9,25.0269953,25.1215098,SqEuclidean,blended,501,1.366569362197e6,insample,2004
cross,convex_hull,1,20,3.34155e9,4.86716e9,27.2708838,30.3483297,SqEuclidean,blended,322,1.09223604157e6,insample,2008
cross,convex_hull,1,20,3.34155e9,5.49598e9,24.5604813,25.5646139,SqEuclidean,blended,508,1.7367490493269998e6,insample,2011
cross,convex_hull,1,20,3.34155e9,4.70568e9,25.2454158,25.2841847,SqEuclidean,blended,385,878016.6024580001,insample,2012
cross,convex_hull,1,20,3.34155e9,5.11533e9,24.7319513,24.8848045,SqEuclidean,blended,405,1.3171227745320003e6,insample,2016
cross,convex_hull,1,50,3.35487e9,1.42891e12,9.3358936,77.6183036,SqEuclidean,blended,558,6.987466249039998e6,initial,initial
cross,convex_hull,1,50,3.35487e9,5.6759e9,25.6056858,25.1713386,SqEuclidean,blended,557,1.88998039994e6,insample,1982
cross,convex_hull,1,50,3.35487e9,6.14889e9,25.3584781,25.1385969,SqEuclidean,blended,403,2.3136913318290003e6,insample,1986
cross,convex_hull,1,50,3.35487e9,4.29093e9,26.1008816,29.8879715,SqEuclidean,blended,242,551620.377263,insample,1990
cross,convex_hull,1,50,3.35487e9,5.62635e9,25.3741888,27.690412900000002,SqEuclidean,blended,342,1.847051531575e6,insample,1994
cross,convex_hull,1,50,3.35487e9,4.78329e9,26.7319144,24.7931403,SqEuclidean,blended,295,982286.6919859999,insample,1998
cross,convex_hull,1,50,3.35487e9,4.81229e9,25.0504326,24.7900256,SqEuclidean,blended,357,1.023000559857e6,insample,2004
cross,convex_hull,1,50,3.35487e9,4.73339e9,29.4327713,31.2596764,SqEuclidean,blended,227,957053.5371380001,insample,2008
cross,convex_hull,1,50,3.35487e9,5.27071e9,25.5892169,25.5393554,SqEuclidean,blended,411,1.5091498682709998e6,insample,2011
cross,convex_hull,1,50,3.35487e9,4.44645e9,26.4303433,23.6281573,SqEuclidean,blended,226,616584.8127920001,insample,2012
cross,convex_hull,1,50,3.35487e9,4.92249e9,25.6814398,25.8677663,SqEuclidean,blended,269,1.122449666151e6,insample,2016
cross,k_medoids,1005471400,100,3.35565e9,1.4101e12,26.1374282,67.13667290000001,SqEuclidean,blended,596,7.055330906543001e6,initial,initial
cross,k_medoids,1005471400,100,3.35565e9,5.64666e9,28.204402,28.446208799999997,SqEuclidean,blended,505,1.8459337603100003e6,insample,1982
cross,k_medoids,1005471400,100,3.35565e9,6.10091e9,26.919724,24.5886788,SqEuclidean,blended,375,2.2518976929490007e6,insample,1986
cross,k_medoids,1005471400,100,3.35565e9,4.28081e9,26.657558,24.8390709,SqEuclidean,blended,224,527741.238304,insample,1990
cross,k_medoids,1005471400,100,3.35565e9,5.58857e9,26.17118,25.678984099999997,SqEuclidean,blended,319,1.7951317114679995e6,insample,1994
cross,k_medoids,1005471400,100,3.35565e9,4.73513e9,26.7841232,26.0708165,SqEuclidean,blended,265,919946.969868,insample,1998
cross,k_medoids,1005471400,100,3.35565e9,4.81873e9,25.8441595,24.9418969,SqEuclidean,blended,326,1.0164057997080002e6,insample,2004
cross,k_medoids,1005471400,100,3.35565e9,4.69622e9,29.4450524,30.133544999999998,SqEuclidean,blended,210,906100.942294,insample,2008
cross,k_medoids,1005471400,100,3.35565e9,5.28042e9,26.0543027,25.6195701,SqEuclidean,blended,399,1.5056185844939998e6,insample,2011
cross,k_medoids,1005471400,100,3.35565e9,4.43924e9,25.9565246,25.4856065,SqEuclidean,blended,208,595571.1617090002,insample,2012
cross,k_medoids,1005471400,100,3.35565e9,4.86389e9,26.5866613,26.054089400000002,SqEuclidean,blended,230,1.049561857309e6,insample,2016
cross,k_medoids,1262311769,100,3.33443e9,1.07886e12,23.0862184,65.81099640000001,SqEuclidean,blended,603,7.143953553858e6,initial,initial
cross,k_medoids,1262311769,100,3.33443e9,5.53073e9,30.9605099,32.0856341,SqEuclidean,blended,476,1.752685497982e6,insample,1982
cross,k_medoids,1262311769,100,3.33443e9,6.00868e9,28.0428194,25.1568739,SqEuclidean,blended,341,2.182737515464001e6,insample,1986
cross,k_medoids,1262311769,100,3.33443e9,4.21831e9,27.0499808,25.3772375,SqEuclidean,blended,202,485874.112701,insample,1990
cross,k_medoids,1262311769,100,3.33443e9,5.54216e9,27.2348412,25.3025339,SqEuclidean,blended,288,1.7707762610260001e6,insample,1994
cross,k_medoids,1262311769,100,3.33443e9,4.65811e9,26.205365,25.3097204,SqEuclidean,blended,243,866015.081391,insample,1998
cross,k_medoids,1262311769,100,3.33443e9,4.66496e9,25.920284,24.748013099999998,SqEuclidean,blended,260,883977.031718,insample,2004
cross,k_medoids,1262311769,100,3.33443e9,4.65209e9,29.525757,31.571287,SqEuclidean,blended,193,883297.6475300002,insample,2008
cross,k_medoids,1262311769,100,3.33443e9,5.11329e9,26.4420819,24.8433607,SqEuclidean,blended,344,1.360112573362e6,insample,2011
cross,k_medoids,1262311769,100,3.33443e9,4.35174e9,26.6752803,23.9790772,SqEuclidean,blended,178,531477.792859,insample,2012
cross,k_medoids,1262311769,100,3.33443e9,4.80127e9,25.7456879,25.5072581,SqEuclidean,blended,213,1.0096928365109998e6,insample,2016
cross,k_medoids,1400059389,100,3.36396e9,1.18225e12,21.50123,66.7849233,SqEuclidean,blended,543,7.081670076358997e6,initial,initial
cross,k_medoids,1400059389,100,3.36396e9,5.47683e9,27.8653212,26.244349,SqEuclidean,blended,488,1.7010177285800003e6,insample,1982
cross,k_medoids,1400059389,100,3.36396e9,5.94068e9,26.0800574,25.0318464,SqEuclidean,blended,342,2.116601812640001e6,insample,1986
cross,k_medoids,1400059389,100,3.36396e9,4.19099e9,27.7045781,25.3745975,SqEuclidean,blended,190,461088.092868,insample,1990
cross,k_medoids,1400059389,100,3.36396e9,5.45872e9,26.471195,25.199992799999997,SqEuclidean,blended,278,1.690113375638e6,insample,1994
cross,k_medoids,1400059389,100,3.36396e9,4.59437e9,27.2679747,23.4751375,SqEuclidean,blended,223,804588.8529110003,insample,1998
cross,k_medoids,1400059389,100,3.36396e9,4.60274e9,26.9172856,24.770049399999998,SqEuclidean,blended,255,824032.4533520001,insample,2004
cross,k_medoids,1400059389,100,3.36396e9,4.57581e9,29.1162062,30.8898042,SqEuclidean,blended,184,809360.5150500002,insample,2008
cross,k_medoids,1400059389,100,3.36396e9,5.02061e9,26.5944886,25.85961,SqEuclidean,blended,339,1.2691560049299998e6,insample,2011
cross,k_medoids,1400059389,100,3.36396e9,4.30221e9,25.8768433,23.8571407,SqEuclidean,blended,176,484572.005906,insample,2012
cross,k_medoids,1400059389,100,3.36396e9,4.72065e9,27.051853,25.0046437,SqEuclidean,blended,211,931576.456504,insample,2016
cross,k_medoids,1693313909,100,3.33011e9,1.27904e12,21.325927,66.7375627,SqEuclidean,blended,613,7.13494209097e6,initial,initial
cross,k_medoids,1693313909,100,3.33011e9,5.69408e9,26.6870231,23.6278647,SqEuclidean,blended,582,1.9097524692229999e6,insample,1982
cross,k_medoids,1693313909,100,3.33011e9,6.18236e9,25.6324976,26.6054402,SqEuclidean,blended,452,2.350654006326e6,insample,1986
cross,k_medoids,1693313909,100,3.33011e9,4.29291e9,25.7383977,25.2992797,SqEuclidean,blended,255,553561.001117,insample,1990
cross,k_medoids,1693313909,100,3.33011e9,5.60796e9,26.6258159,24.015579,SqEuclidean,blended,349,1.829332455516e6,insample,1994
cross,k_medoids,1693313909,100,3.33011e9,4.77227e9,26.0695527,25.5990806,SqEuclidean,blended,303,973571.1046110002,insample,1998
cross,k_medoids,1693313909,100,3.33011e9,4.84981e9,25.9232935,25.4413574,SqEuclidean,blended,394,1.061947985037e6,insample,2004
cross,k_medoids,1693313909,100,3.33011e9,4.73565e9,28.2347117,29.9282253,SqEuclidean,blended,259,959140.5027310001,insample,2008
cross,k_medoids,1693313909,100,3.33011e9,5.25403e9,26.4632774,24.036019,SqEuclidean,blended,434,1.494665451111e6,insample,2011
cross,k_medoids,1693313909,100,3.33011e9,4.4751e9,25.8392299,23.7570304,SqEuclidean,blended,286,648265.3655020002,insample,2012
cross,k_medoids,1693313909,100,3.33011e9,4.92093e9,26.0992541,25.2843405,SqEuclidean,blended,312,1.1223146327619997e6,insample,2016
cross,k_medoids,2483487299,100,3.34539e9,1.1253e12,19.5421224,65.5208401,SqEuclidean,blended,532,7.087173330458e6,initial,initial
cross,k_medoids,2483487299,100,3.34539e9,5.57277e9,25.791777,26.7525828,SqEuclidean,blended,501,1.7993704770200003e6,insample,1982
cross,k_medoids,2483487299,100,3.34539e9,6.06455e9,26.8194345,24.6893766,SqEuclidean,blended,378,2.243258261364001e6,insample,1986
cross,k_medoids,2483487299,100,3.34539e9,4.25115e9,27.4002028,24.8968388,SqEuclidean,blended,217,522930.81526,insample,1990
cross,k_medoids,2483487299,100,3.34539e9,5.52271e9,25.9019914,26.4901929,SqEuclidean,blended,321,1.7555167830669996e6,insample,1994
cross,k_medoids,2483487299,100,3.34539e9,4.6724e9,27.1850062,23.7039069,SqEuclidean,blended,259,884695.203993,insample,1998
cross,k_medoids,2483487299,100,3.34539e9,4.75623e9,26.0786704,23.779869299999998,SqEuclidean,blended,335,979726.6156400001,insample,2004
cross,k_medoids,2483487299,100,3.34539e9,4.64631e9,30.4292894,30.207032,SqEuclidean,blended,207,881203.6456870001,insample,2008
cross,k_medoids,2483487299,100,3.34539e9,5.18258e9,26.9101193,25.4811397,SqEuclidean,blended,390,1.4333738721619996e6,insample,2011
cross,k_medoids,2483487299,100,3.34539e9,4.38863e9,25.5218716,23.354984400000003,SqEuclidean,blended,199,573072.4393719999,insample,2012
cross,k_medoids,2483487299,100,3.34539e9,4.81016e9,27.3907394,24.847869900000003,SqEuclidean,blended,244,1.0230891113100001e6,insample,2016
cross,k_medoids,2529186237,100,3.35229e9,1.32122e12,24.401405,66.5296483,SqEuclidean,blended,586,7.106195913969e6,initial,initial
cross,k_medoids,2529186237,100,3.35229e9,5.5129e9,27.5200499,25.4970788,SqEuclidean,blended,455,1.7345712834079997e6,insample,1982
cross,k_medoids,2529186237,100,3.35229e9,6.00896e9,26.7403713,23.8503745,SqEuclidean,blended,341,2.1826679678290007e6,insample,1986
cross,k_medoids,2529186237,100,3.35229e9,4.22869e9,26.1407524,25.5559488,SqEuclidean,blended,192,495865.103998,insample,1990
cross,k_medoids,2529186237,100,3.35229e9,5.53415e9,26.4232829,23.796071700000002,SqEuclidean,blended,302,1.7618596599179998e6,insample,1994
cross,k_medoids,2529186237,100,3.35229e9,4.6529e9,27.1345923,23.486118599999998,SqEuclidean,blended,228,860121.19331,insample,1998
cross,k_medoids,2529186237,100,3.35229e9,4.71857e9,27.145964,23.4674534,SqEuclidean,blended,271,936998.3875440002,insample,2004
cross,k_medoids,2529186237,100,3.35229e9,4.6373e9,29.640957,30.8334309,SqEuclidean,blended,186,867296.857144,insample,2008
cross,k_medoids,2529186237,100,3.35229e9,5.13883e9,26.1115107,24.9227427,SqEuclidean,blended,342,1.385303125689e6,insample,2011
cross,k_medoids,2529186237,100,3.35229e9,4.37962e9,25.8968211,23.0415666,SqEuclidean,blended,181,558161.1368190001,insample,2012
cross,k_medoids,2529186237,100,3.35229e9,4.80232e9,33.2238582,30.0700531,SqEuclidean,blended,208,1.0098964416679998e6,insample,2016
cross,k_medoids,2910484191,100,3.35848e9,1.40411e12,21.7828136,66.694405,SqEuclidean,blended,599,7.2338687168580005e6,initial,initial
cross,k_medoids,2910484191,100,3.35848e9,5.61663e9,26.1291526,24.464059499999998,SqEuclidean,blended,516,1.824677896017e6,insample,1982
cross,k_medoids,2910484191,100,3.35848e9,6.11118e9,25.5737503,25.4836001,SqEuclidean,blended,393,2.2711068149180007e6,insample,1986
cross,k_medoids,2910484191,100,3.35848e9,4.26143e9,25.7473941,24.768146,SqEuclidean,blended,224,515847.685267,insample,1990
cross,k_medoids,2910484191,100,3.35848e9,5.49577e9,26.5245182,25.6117828,SqEuclidean,blended,309,1.710810658907e6,insample,1994
cross,k_medoids,2910484191,100,3.35848e9,4.67242e9,25.2819405,24.8481318,SqEuclidean,blended,260,866036.571779,insample,1998
cross,k_medoids,2910484191,100,3.35848e9,4.78644e9,25.4669424,25.2539192,SqEuclidean,blended,351,991539.6170030002,insample,2004
cross,k_medoids,2910484191,100,3.35848e9,4.62589e9,29.6048425,29.3806884,SqEuclidean,blended,209,842774.5977660003,insample,2008
cross,k_medoids,2910484191,100,3.35848e9,5.21683e9,26.5610523,25.6985146,SqEuclidean,blended,386,1.450089721729e6,insample,2011
cross,k_medoids,2910484191,100,3.35848e9,4.40136e9,25.3838089,23.096184100000002,SqEuclidean,blended,208,566630.2964520002,insample,2012
cross,k_medoids,2910484191,100,3.35848e9,4.81467e9,25.498759,25.002648100000002,SqEuclidean,blended,251,1.0084984774150001e6,insample,2016
cross,k_medoids,2931455462,100,3.34531e9,1.22781e12,22.8935757,66.1556578,SqEuclidean,blended,630,7.440175107715e6,initial,initial
cross,k_medoids,2931455462,100,3.34531e9,5.55232e9,26.4143252,25.5186016,SqEuclidean,blended,452,1.7765836203110002e6,insample,1982
cross,k_medoids,2931455462,100,3.34531e9,6.09723e9,26.2257612,25.038213,SqEuclidean,blended,338,2.274310863617e6,insample,1986
cross,k_medoids,2931455462,100,3.34531e9,4.25281e9,25.670678,26.812808999999998,SqEuclidean,blended,191,521484.565299,insample,1990
cross,k_medoids,2931455462,100,3.34531e9,5.59609e9,25.0545412,26.883831400000002,SqEuclidean,blended,305,1.825534462867e6,insample,1994
cross,k_medoids,2931455462,100,3.34531e9,4.6963e9,25.57304,23.7060593,SqEuclidean,blended,225,906285.5220860003,insample,1998
cross,k_medoids,2931455462,100,3.34531e9,4.73634e9,25.3756856,24.7561128,SqEuclidean,blended,281,956004.760958,insample,2004
cross,k_medoids,2931455462,100,3.34531e9,4.71736e9,28.766396,30.2913775,SqEuclidean,blended,211,948399.258438,insample,2008
cross,k_medoids,2931455462,100,3.34531e9,5.22382e9,25.4724151,25.505474,SqEuclidean,blended,350,1.4723510832519997e6,insample,2011
cross,k_medoids,2931455462,100,3.34531e9,4.41488e9,26.1133908,24.6247605,SqEuclidean,blended,186,596673.5520119999,insample,2012
cross,k_medoids,2931455462,100,3.34531e9,4.8952e9,26.7494199,26.0154512,SqEuclidean,blended,240,1.104967677193e6,insample,2016
cross,k_medoids,3631457564,100,3.32966e9,1.27964e12,22.7533668,65.6756017,SqEuclidean,blended,596,7.106647782102001e6,initial,initial
cross,k_medoids,3631457564,100,3.32966e9,5.7129e9,25.6923152,24.2829765,SqEuclidean,blended,506,1.918489073364e6,insample,1982
cross,k_medoids,3631457564,100,3.32966e9,6.30747e9,25.3984607,24.9787186,SqEuclidean,blended,383,2.465593159668001e6,insample,1986
cross,k_medoids,3631457564,100,3.32966e9,4.30375e9,26.4928618,25.0800777,SqEuclidean,blended,214,555478.2604149999,insample,1990
cross,k_medoids,3631457564,100,3.32966e9,5.59631e9,25.7606114,26.1073929,SqEuclidean,blended,309,1.8089849193509996e6,insample,1994
cross,k_medoids,3631457564,100,3.32966e9,4.75345e9,25.6482489,25.2563305,SqEuclidean,blended,248,944700.6269060001,insample,1998
cross,k_medoids,3631457564,100,3.32966e9,4.93391e9,26.6026764,23.6609565,SqEuclidean,blended,335,1.1365553690109996e6,insample,2004
cross,k_medoids,3631457564,100,3.32966e9,4.69964e9,28.7674112,29.0881549,SqEuclidean,blended,217,914068.9479680002,insample,2008
cross,k_medoids,3631457564,100,3.32966e9,5.37513e9,25.8358967,25.9500563,SqEuclidean,blended,394,1.6065531641489998e6,insample,2011
cross,k_medoids,3631457564,100,3.32966e9,4.48805e9,31.0174118,24.5856773,SqEuclidean,blended,208,651143.569887,insample,2012
cross,k_medoids,3631457564,100,3.32966e9,4.90385e9,25.8139244,26.5950346,SqEuclidean,blended,229,1.094908970846e6,insample,2016
cross,k_medoids,472808301,100,3.36901e9,1.55252e12,25.045762,66.6381116,SqEuclidean,blended,635,7.428855563216999e6,initial,initial
cross,k_medoids,472808301,100,3.36901e9,5.53711e9,26.5849611,24.7825877,SqEuclidean,blended,483,1.7512650036769998e6,insample,1982
cross,k_medoids,472808301,100,3.36901e9,5.99149e9,25.5458248,24.4508642,SqEuclidean,blended,351,2.1575251589880013e6,insample,1986
cross,k_medoids,472808301,100,3.36901e9,4.24815e9,26.6181942,25.076961200000003,SqEuclidean,blended,201,508421.64382700005,insample,1990
cross,k_medoids,472808301,100,3.36901e9,5.59812e9,25.8486042,23.8698731,SqEuclidean,blended,323,1.8190965114979998e6,insample,1994
cross,k_medoids,472808301,100,3.36901e9,4.71875e9,25.4060682,24.1776239,SqEuclidean,blended,236,918893.6494800001,insample,1998
cross,k_medoids,472808301,100,3.36901e9,4.73113e9,26.1951898,26.076038999999998,SqEuclidean,blended,295,942177.15156,insample,2004
cross,k_medoids,472808301,100,3.36901e9,4.70161e9,29.8306032,31.7449649,SqEuclidean,blended,210,925228.996058,insample,2008
cross,k_medoids,472808301,100,3.36901e9,5.14208e9,25.3325688,25.8176148,SqEuclidean,blended,348,1.3818038425409996e6,insample,2011
cross,k_medoids,472808301,100,3.36901e9,4.4008e9,25.1980969,25.977079500000002,SqEuclidean,blended,187,572405.4672270002,insample,2012
cross,k_medoids,472808301,100,3.36901e9,4.85473e9,25.5929889,27.2556999,SqEuclidean,blended,231,1.0548267158420002e6,insample,2016
cross,k_medoids,1516602964,20,3.20446e9,8.82827e11,2.8191535,44.3922671,SqEuclidean,blended,546,6.948739562009e6,initial,initial
cross,k_medoids,1516602964,20,3.20446e9,6.8039e9,25.5574535,24.7427473,SqEuclidean,blended,777,3.039439837955e6,insample,1982
cross,k_medoids,1516602964,20,3.20446e9,7.12219e9,24.7908477,24.6512486,SqEuclidean,blended,605,3.309660041313e6,insample,1986
cross,k_medoids,1516602964,20,3.20446e9,4.80098e9,25.3492073,25.4959828,SqEuclidean,blended,355,1.079167252873e6,insample,1990
cross,k_medoids,1516602964,20,3.20446e9,6.81029e9,25.3647037,25.0900677,SqEuclidean,blended,495,3.0521324233400007e6,insample,1994
cross,k_medoids,1516602964,20,3.20446e9,5.40957e9,25.3248341,25.507821800000002,SqEuclidean,blended,424,1.629385853266e6,insample,1998
cross,k_medoids,1516602964,20,3.20446e9,5.54456e9,25.1218775,24.579303499999998,SqEuclidean,blended,567,1.775037465418e6,insample,2004
cross,k_medoids,1516602964,20,3.20446e9,5.19042e9,29.1238357,31.0815624,SqEuclidean,blended,362,1.431834079261e6,insample,2008
cross,k_medoids,1516602964,20,3.20446e9,5.86714e9,26.022666,25.571747600000002,SqEuclidean,blended,593,2.124312005281001e6,insample,2011
cross,k_medoids,1516602964,20,3.20446e9,5.11978e9,25.7599655,25.0376766,SqEuclidean,blended,454,1.3113639942319999e6,insample,2012
cross,k_medoids,1516602964,20,3.20446e9,5.65334e9,26.9976934,24.0915067,SqEuclidean,blended,478,1.8734626675300004e6,insample,2016
cross,k_medoids,1886534858,20,3.21703e9,9.73969e11,2.6973327,43.8286771,SqEuclidean,blended,550,6.966740166369001e6,initial,initial
cross,k_medoids,1886534858,20,3.21703e9,6.9875e9,24.9033405,24.3586438,SqEuclidean,blended,705,3.213433832617e6,insample,1982
cross,k_medoids,1886534858,20,3.21703e9,7.17876e9,25.9093782,23.045606799999998,SqEuclidean,blended,518,3.355613340544e6,insample,1986
cross,k_medoids,1886534858,20,3.21703e9,4.93475e9,25.7682769,24.8349522,SqEuclidean,blended,345,1.2038781297870001e6,insample,1990
cross,k_medoids,1886534858,20,3.21703e9,7.05054e9,25.5346962,26.0293171,SqEuclidean,blended,463,3.283374568369e6,insample,1994
cross,k_medoids,1886534858,20,3.21703e9,5.51482e9,26.3634455,24.6643707,SqEuclidean,blended,370,1.7241290446139998e6,insample,1998
cross,k_medoids,1886534858,20,3.21703e9,5.60902e9,25.0775055,24.595768500000002,SqEuclidean,blended,493,1.8297209575170001e6,insample,2004
cross,k_medoids,1886534858,20,3.21703e9,5.27067e9,31.6644449,32.1261907,SqEuclidean,blended,305,1.5030972637729996e6,insample,2008
cross,k_medoids,1886534858,20,3.21703e9,5.95268e9,24.9613523,26.6684907,SqEuclidean,blended,504,2.200539405268e6,insample,2011
cross,k_medoids,1886534858,20,3.21703e9,5.19492e9,24.9702053,24.576930400000002,SqEuclidean,blended,340,1.3757492688939997e6,insample,2012
cross,k_medoids,1886534858,20,3.21703e9,5.80734e9,24.9497181,24.893455,SqEuclidean,blended,383,2.0179116785670002e6,insample,2016
cross,k_medoids,2317698438,20,3.31124e9,1.05543e12,2.7483789,43.2706572,SqEuclidean,blended,549,6.9587766376e6,initial,initial
cross,k_medoids,2317698438,20,3.31124e9,5.91476e9,26.0623788,25.547015,SqEuclidean,blended,681,2.141138664986e6,insample,1982
cross,k_medoids,2317698438,20,3.31124e9,6.54542e9,24.5212959,24.4447377,SqEuclidean,blended,570,2.724735952396e6,insample,1986
cross,k_medoids,2317698438,20,3.31124e9,4.39636e9,24.1998062,25.6122132,SqEuclidean,blended,310,667261.1547750001,insample,1990
cross,k_medoids,2317698438,20,3.31124e9,5.76e9,25.9932719,23.6550731,SqEuclidean,blended,422,1.9920167308509997e6,insample,1994
cross,k_medoids,2317698438,20,3.31124e9,4.93569e9,24.6931098,25.720841,SqEuclidean,blended,378,1.1474783641790003e6,insample,1998
cross,k_medoids,2317698438,20,3.31124e9,5.14599e9,26.3735525,24.6093863,SqEuclidean,blended,501,1.3696100772900002e6,insample,2004
cross,k_medoids,2317698438,20,3.31124e9,4.85936e9,26.0575552,27.7600871,SqEuclidean,blended,326,1.094091716031e6,insample,2008
cross,k_medoids,2317698438,20,3.31124e9,5.48664e9,25.603276,23.592402,SqEuclidean,blended,515,1.737349725106e6,insample,2011
cross,k_medoids,2317698438,20,3.31124e9,4.6992e9,24.4462935,25.378040799999997,SqEuclidean,blended,382,883553.9562359999,insample,2012
cross,k_medoids,2317698438,20,3.31124e9,5.10928e9,25.3654337,25.2905286,SqEuclidean,blended,415,1.3217289197960002e6,insample,2016
cross,k_medoids,2466700586,20,3.33708e9,1.4082e12,2.6991861,43.456376500000005,SqEuclidean,blended,546,6.948277387217e6,initial,initial
cross,k_medoids,2466700586,20,3.33708e9,5.86671e9,25.5700649,25.4347201,SqEuclidean,blended,613,2.0893068284840002e6,insample,1982
cross,k_medoids,2466700586,20,3.33708e9,6.42225e9,24.8933236,24.8388616,SqEuclidean,blended,480,2.5975814553560005e6,insample,1986
cross,k_medoids,2466700586,20,3.33708e9,4.36063e9,25.1670708,25.3677228,SqEuclidean,blended,270,628382.8278190001,insample,1990
cross,k_medoids,2466700586,20,3.33708e9,5.73224e9,25.0072488,25.592055600000002,SqEuclidean,blended,373,1.9612872165469998e6,insample,1994
cross,k_medoids,2466700586,20,3.33708e9,4.87579e9,25.8092223,25.1315073,SqEuclidean,blended,328,1.0837856318029999e6,insample,1998
cross,k_medoids,2466700586,20,3.33708e9,5.05383e9,26.1078624,23.399773800000002,SqEuclidean,blended,441,1.273807849583e6,insample,2004
cross,k_medoids,2466700586,20,3.33708e9,4.82855e9,26.4375934,26.8232907,SqEuclidean,blended,295,1.05992533551e6,insample,2008
cross,k_medoids,2466700586,20,3.33708e9,5.47796e9,25.7646234,27.2343599,SqEuclidean,blended,478,1.7252226731469997e6,insample,2011
cross,k_medoids,2466700586,20,3.33708e9,4.61285e9,26.638974,23.3531318,SqEuclidean,blended,307,793156.851545,insample,2012
cross,k_medoids,2466700586,20,3.33708e9,5.05054e9,26.5755857,26.906216099999998,SqEuclidean,blended,340,1.259166883513e6,insample,2016
cross,k_medoids,2692059346,20,3.31266e9,1.10358e12,2.6856479,44.2383101,SqEuclidean,blended,548,7.021930379976e6,initial,initial
cross,k_medoids,2692059346,20,3.31266e9,5.85891e9,26.0321497,26.006967399999997,SqEuclidean,blended,603,2.0816647417049997e6,insample,1982
cross,k_medoids,2692059346,20,3.31266e9,6.4514e9,24.4165261,24.333045799999997,SqEuclidean,blended,468,2.626917525233e6,insample,1986
cross,k_medoids,2692059346,20,3.31266e9,4.367e9,25.135058,24.9390577,SqEuclidean,blended,260,635238.5475379999,insample,1990
cross,k_medoids,2692059346,20,3.31266e9,5.74318e9,25.6579216,23.472805700000002,SqEuclidean,blended,380,1.9722529266980002e6,insample,1994
cross,k_medoids,2692059346,20,3.31266e9,4.9042e9,24.9325395,25.0303957,SqEuclidean,blended,317,1.112760917502e6,insample,1998
cross,k_medoids,2692059346,20,3.31266e9,5.0948e9,25.944553,24.8939433,SqEuclidean,blended,443,1.314825754936e6,insample,2004
cross,k_medoids,2692059346,20,3.31266e9,4.82822e9,24.9354232,24.7174552,SqEuclidean,blended,279,1.0595677405039999e6,insample,2008
cross,k_medoids,2692059346,20,3.31266e9,5.4745e9,25.2879287,24.6817319,SqEuclidean,blended,463,1.7218140718129997e6,insample,2011
cross,k_medoids,2692059346,20,3.31266e9,4.61587e9,25.0679316,24.9374061,SqEuclidean,blended,279,796325.2364260001,insample,2012
cross,k_medoids,2692059346,20,3.31266e9,5.04949e9,24.696344,25.7651841,SqEuclidean,blended,316,1.2579433327660006e6,insample,2016
cross,k_medoids,3032526906,20,3.19188e9,6.83547e11,2.6077258,43.152116500000005,SqEuclidean,blended,551,6.956038680939001e6,initial,initial
cross,k_medoids,3032526906,20,3.19188e9,5.98165e9,26.6127118,25.2530937,SqEuclidean,blended,720,2.205577108751e6,insample,1982
cross,k_medoids,3032526906,20,3.19188e9,6.56768e9,25.8108039,24.6987029,SqEuclidean,blended,562,2.745761401794e6,insample,1986
cross,k_medoids,3032526906,20,3.19188e9,4.39939e9,27.1428905,26.568271000000003,SqEuclidean,blended,296,669353.2091429998,insample,1990
cross,k_medoids,3032526906,20,3.19188e9,5.8182e9,26.9240107,25.4742884,SqEuclidean,blended,431,2.0477083066579998e6,insample,1994
cross,k_medoids,3032526906,20,3.19188e9,4.962e9,25.7543049,24.425410499999998,SqEuclidean,blended,389,1.1735906064849999e6,insample,1998
cross,k_medoids,3032526906,20,3.19188e9,5.1395e9,25.2372899,25.5813093,SqEuclidean,blended,519,1.3623759765320003e6,insample,2004
cross,k_medoids,3032526906,20,3.19188e9,4.83757e9,25.7030744,24.7039212,SqEuclidean,blended,322,1.0714553371950001e6,insample,2008
cross,k_medoids,3032526906,20,3.19188e9,5.48063e9,26.9064774,25.351518000000002,SqEuclidean,blended,534,1.7263823413159999e6,insample,2011
cross,k_medoids,3032526906,20,3.19188e9,4.64817e9,24.9873394,25.0317,SqEuclidean,blended,378,832167.3949570002,insample,2012
cross,k_medoids,3032526906,20,3.19188e9,5.12472e9,26.0409473,25.4169939,SqEuclidean,blended,395,1.3359898163100001e6,insample,2016
cross,k_medoids,3214418042,20,3.31381e9,1.20206e12,2.4958704,43.046380299999996,SqEuclidean,blended,544,6.947464626828999e6,initial,initial
cross,k_medoids,3214418042,20,3.31381e9,6.06993e9,25.4728739,24.910378299999998,SqEuclidean,blended,814,2.2890624991460005e6,insample,1982
cross,k_medoids,3214418042,20,3.31381e9,6.71207e9,25.6594415,25.610610400000002,SqEuclidean,blended,708,2.883844686763e6,insample,1986
cross,k_medoids,3214418042,20,3.31381e9,4.43869e9,26.3593425,25.2404243,SqEuclidean,blended,363,702514.3929080002,insample,1990
cross,k_medoids,3214418042,20,3.31381e9,5.8198e9,25.1980224,25.1217997,SqEuclidean,blended,503,2.044921079352e6,insample,1994
cross,k_medoids,3214418042,20,3.31381e9,5.04253e9,25.9962634,26.5296525,SqEuclidean,blended,515,1.2467778379580001e6,insample,1998
cross,k_medoids,3214418042,20,3.31381e9,5.2685e9,25.3347239,24.8775562,SqEuclidean,blended,629,1.484788250862e6,insample,2004
cross,k_medoids,3214418042,20,3.31381e9,4.90776e9,26.1922549,24.0422148,SqEuclidean,blended,390,1.135553028304e6,insample,2008
cross,k_medoids,3214418042,20,3.31381e9,5.61299e9,25.175108,25.6806715,SqEuclidean,blended,645,1.8570781401039998e6,insample,2011
cross,k_medoids,3214418042,20,3.31381e9,4.84544e9,24.977893,24.767258299999998,SqEuclidean,blended,522,1.022231982629e6,insample,2012
cross,k_medoids,3214418042,20,3.31381e9,5.22145e9,24.7496065,24.7043548,SqEuclidean,blended,541,1.426037427919e6,insample,2016
cross,k_medoids,3217763985,20,3.3365e9,1.46389e12,2.7885313,46.137941,SqEuclidean,blended,552,6.982024236344e6,initial,initial
cross,k_medoids,3217763985,20,3.3365e9,6.08386e9,25.0720286,25.7430227,SqEuclidean,blended,816,2.2918588136990005e6,insample,1982
cross,k_medoids,3217763985,20,3.3365e9,6.72437e9,25.2509775,27.025526300000003,SqEuclidean,blended,710,2.8850865262320004e6,insample,1986
cross,k_medoids,3217763985,20,3.3365e9,4.44884e9,25.1548091,25.8156682,SqEuclidean,blended,361,702442.4198619999,insample,1990
cross,k_medoids,3217763985,20,3.3365e9,5.83253e9,25.3740295,24.4323326,SqEuclidean,blended,507,2.046451486077e6,insample,1994
cross,k_medoids,3217763985,20,3.3365e9,5.05439e9,25.6386263,25.1205627,SqEuclidean,blended,512,1.2477192376450002e6,insample,1998
cross,k_medoids,3217763985,20,3.3365e9,5.28681e9,25.5790925,25.3577277,SqEuclidean,blended,637,1.4923599948850004e6,insample,2004
cross,k_medoids,3217763985,20,3.3365e9,4.92062e9,25.0783479,26.6915895,SqEuclidean,blended,389,1.1376491657850002e6,insample,2008
cross,k_medoids,3217763985,20,3.3365e9,5.63517e9,25.0941511,25.623727799999998,SqEuclidean,blended,645,1.868740428285e6,insample,2011
cross,k_medoids,3217763985,20,3.3365e9,4.85918e9,26.001274,24.206205699999998,SqEuclidean,blended,515,1.024507859285e6,insample,2012
cross,k_medoids,3217763985,20,3.3365e9,5.23327e9,25.4520885,24.510127899999997,SqEuclidean,blended,537,1.4269781411500005e6,insample,2016
cross,k_medoids,3272403283,20,3.20956e9,8.245e11,2.6925962,43.806174,SqEuclidean,blended,545,6.948746515749998e6,initial,initial
cross,k_medoids,3272403283,20,3.20956e9,6.56559e9,26.7834809,25.6035477,SqEuclidean,blended,605,2.8000111685160003e6,insample,1982
cross,k_medoids,3272403283,20,3.20956e9,6.85532e9,25.6915671,25.2735989,SqEuclidean,blended,421,3.0416268346760003e6,insample,1986
cross,k_medoids,3272403283,20,3.20956e9,4.71569e9,25.4749659,23.874942200000003,SqEuclidean,blended,280,992381.143905,insample,1990
cross,k_medoids,3272403283,20,3.20956e9,6.72252e9,25.6186594,25.533773999999998,SqEuclidean,blended,403,2.9634173228610004e6,insample,1994
cross,k_medoids,3272403283,20,3.20956e9,5.25102e9,25.6621764,26.4521318,SqEuclidean,blended,291,1.469898445118e6,insample,1998
cross,k_medoids,3272403283,20,3.20956e9,5.29381e9,25.8083812,25.118535700000002,SqEuclidean,blended,399,1.5221319237030002e6,insample,2004
cross,k_medoids,3272403283,20,3.20956e9,5.09742e9,26.8552945,24.1777319,SqEuclidean,blended,270,1.3365298402089996e6,insample,2008
cross,k_medoids,3272403283,20,3.20956e9,5.70361e9,26.1772156,26.6356205,SqEuclidean,blended,437,1.959541879305e6,insample,2011
cross,k_medoids,3272403283,20,3.20956e9,4.93104e9,26.1740213,24.0720647,SqEuclidean,blended,274,1.121540300179e6,insample,2012
cross,k_medoids,3272403283,20,3.20956e9,5.5084e9,25.4175179,25.0681221,SqEuclidean,blended,313,1.7269753757949998e6,insample,2016
cross,k_medoids,408956147,20,3.17837e9,7.72794e11,2.7545399,44.463039300000005,SqEuclidean,blended,548,6.953175318511e6,initial,initial
cross,k_medoids,408956147,20,3.17837e9,7.72478e9,25.2758149,25.2411401,SqEuclidean,blended,830,3.9691281871909997e6,insample,1982
cross,k_medoids,408956147,20,3.17837e9,7.69241e9,25.6509881,24.6190156,SqEuclidean,blended,647,3.8878448206799994e6,insample,1986
cross,k_medoids,408956147,20,3.17837e9,5.3412e9,25.7801096,24.8725929,SqEuclidean,blended,408,1.626446883357e6,insample,1990
cross,k_medoids,408956147,20,3.17837e9,7.80901e9,25.0866607,25.6902627,SqEuclidean,blended,577,4.060314736932e6,insample,1994
cross,k_medoids,408956147,20,3.17837e9,6.0913e9,25.6995654,23.966267199999997,SqEuclidean,blended,477,2.3193792102429997e6,insample,1998
cross,k_medoids,408956147,20,3.17837e9,6.29921e9,25.5989922,24.9291625,SqEuclidean,blended,631,2.537432651709e6,insample,2004
cross,k_medoids,408956147,20,3.17837e9,5.67017e9,25.5187086,27.201730400000002,SqEuclidean,blended,394,1.9180705017349995e6,insample,2008
cross,k_medoids,408956147,20,3.17837e9,6.49952e9,25.7799285,24.2469945,SqEuclidean,blended,638,2.763865569827e6,insample,2011
cross,k_medoids,408956147,20,3.17837e9,5.87251e9,26.0187702,24.3035714,SqEuclidean,blended,506,2.0725689406879996e6,insample,2012
cross,k_medoids,408956147,20,3.17837e9,6.54724e9,35.8796389,24.169249399999998,SqEuclidean,blended,551,2.7756334795929994e6,insample,2016
cross,k_medoids,123456789,50,3.44556e9,1.07701e12,8.6490372,52.3945033,SqEuclidean,blended,582,7.136080760824e6,initial,initial
cross,k_medoids,123456789,50,3.44556e9,5.43688e9,29.1961133,29.0312353,SqEuclidean,blended,511,1.6696173789239996e6,insample,1982
cross,k_medoids,123456789,50,3.44556e9,5.83197e9,26.2230438,26.393428500000002,SqEuclidean,blended,352,2.0170274426919995e6,insample,1986
cross,k_medoids,123456789,50,3.44556e9,4.22567e9,25.2815043,25.3510003,SqEuclidean,blended,216,503943.55056799995,insample,1990
cross,k_medoids,123456789,50,3.44556e9,5.5192e9,26.5972665,24.105554700000003,SqEuclidean,blended,321,1.7591199140470002e6,insample,1994
cross,k_medoids,123456789,50,3.44556e9,4.64964e9,25.8752734,24.5478272,SqEuclidean,blended,267,868928.820208,insample,1998
cross,k_medoids,123456789,50,3.44556e9,4.63598e9,25.4439964,25.4661456,SqEuclidean,blended,308,865519.125154,insample,2004
cross,k_medoids,123456789,50,3.44556e9,4.6582e9,25.5836447,26.7141534,SqEuclidean,blended,219,899835.567342,insample,2008
cross,k_medoids,123456789,50,3.44556e9,5.02647e9,26.5414725,25.8710062,SqEuclidean,blended,346,1.2829380631489998e6,insample,2011
cross,k_medoids,123456789,50,3.44556e9,4.37654e9,26.4408084,24.7832054,SqEuclidean,blended,213,567930.5768510001,insample,2012
cross,k_medoids,123456789,50,3.44556e9,4.76436e9,30.9029441,33.757727800000005,SqEuclidean,blended,251,983141.3712780002,insample,2016
cross,k_medoids,1286268702,50,3.3317e9,1.40153e12,9.56849,51.159156800000005,SqEuclidean,blended,577,7.017570035897999e6,initial,initial
cross,k_medoids,1286268702,50,3.3317e9,5.94595e9,26.277006,23.629785400000003,SqEuclidean,blended,693,2.1633572114190003e6,insample,1982
cross,k_medoids,1286268702,50,3.3317e9,6.51084e9,25.3030218,24.935336,SqEuclidean,blended,537,2.6802075644239997e6,insample,1986
cross,k_medoids,1286268702,50,3.3317e9,4.38318e9,25.5081784,26.0328188,SqEuclidean,blended,295,646310.750811,insample,1990
cross,k_medoids,1286268702,50,3.3317e9,5.74933e9,24.8176132,26.2312634,SqEuclidean,blended,407,1.9730261453929998e6,insample,1994
cross,k_medoids,1286268702,50,3.3317e9,4.92483e9,25.9810825,24.4712669,SqEuclidean,blended,390,1.127226851787e6,insample,1998
cross,k_medoids,1286268702,50,3.3317e9,5.12006e9,25.8242895,25.9657268,SqEuclidean,blended,499,1.3346962342309998e6,insample,2004
cross,k_medoids,1286268702,50,3.3317e9,4.84682e9,28.3576139,26.3624845,SqEuclidean,blended,312,1.07352456883e6,insample,2008
cross,k_medoids,1286268702,50,3.3317e9,5.50098e9,26.0788431,25.424408600000003,SqEuclidean,blended,523,1.7430874286869997e6,insample,2011
cross,k_medoids,1286268702,50,3.3317e9,4.68125e9,25.9636149,26.5678384,SqEuclidean,blended,375,855720.676087,insample,2012
cross,k_medoids,1286268702,50,3.3317e9,5.09481e9,29.895766,31.2811981,SqEuclidean,blended,389,1.2980867796309998e6,insample,2016
cross,k_medoids,1308502331,50,3.32502e9,1.11679e12,8.924946,52.1156091,SqEuclidean,blended,600,7.145020347577e6,initial,initial
cross,k_medoids,1308502331,50,3.32502e9,5.83073e9,25.8646549,24.9941102,SqEuclidean,blended,615,2.056711349302e6,insample,1982
cross,k_medoids,1308502331,50,3.32502e9,6.41923e9,27.2852932,23.702072400000002,SqEuclidean,blended,498,2.597838234554e6,insample,1986
cross,k_medoids,1308502331,50,3.32502e9,4.32828e9,26.395983,23.9935893,SqEuclidean,blended,266,598714.750538,insample,1990
cross,k_medoids,1308502331,50,3.32502e9,5.6449e9,25.3492668,24.950616200000002,SqEuclidean,blended,367,1.8767257734870003e6,insample,1994
cross,k_medoids,1308502331,50,3.32502e9,4.79964e9,27.2104639,25.1732302,SqEuclidean,blended,315,1.011184211212e6,insample,1998
cross,k_medoids,1308502331,50,3.32502e9,5.002e9,26.3368021,24.398011099999998,SqEuclidean,blended,446,1.22433787629e6,insample,2004
cross,k_medoids,1308502331,50,3.32502e9,4.75433e9,26.4210615,26.3029737,SqEuclidean,blended,268,987911.666507,insample,2008
cross,k_medoids,1308502331,50,3.32502e9,5.36732e9,26.1104528,25.9793056,SqEuclidean,blended,456,1.617355686102e6,insample,2011
cross,k_medoids,1308502331,50,3.32502e9,4.5617e9,26.9672881,25.4559047,SqEuclidean,blended,307,745275.151384,insample,2012
cross,k_medoids,1308502331,50,3.32502e9,4.97362e9,30.8434558,33.224584,SqEuclidean,blended,336,1.1850995627630001e6,insample,2016
cross,k_medoids,1573928461,50,3.35128e9,9.89086e11,8.3454002,51.6014996,SqEuclidean,blended,588,7.216374489767e6,initial,initial
cross,k_medoids,1573928461,50,3.35128e9,5.62497e9,27.3950278,25.856377000000002,SqEuclidean,blended,471,1.854706923873e6,insample,1982
cross,k_medoids,1573928461,50,3.35128e9,6.26301e9,27.0288313,24.0987324,SqEuclidean,blended,381,2.445452538789001e6,insample,1986
cross,k_medoids,1573928461,50,3.35128e9,4.2818e9,26.646488,27.5531403,SqEuclidean,blended,211,556939.986407,insample,1990
cross,k_medoids,1573928461,50,3.35128e9,5.53274e9,26.7384244,24.4057216,SqEuclidean,blended,302,1.7692384032309996e6,insample,1994
cross,k_medoids,1573928461,50,3.35128e9,4.70579e9,25.5223222,25.3377934,SqEuclidean,blended,245,921346.782797,insample,1998
cross,k_medoids,1573928461,50,3.35128e9,4.90233e9,26.3471846,25.6448985,SqEuclidean,blended,329,1.1295595418270002e6,insample,2004
cross,k_medoids,1573928461,50,3.35128e9,4.65279e9,25.9477918,25.8003131,SqEuclidean,blended,202,891182.2054900001,insample,2008
cross,k_medoids,1573928461,50,3.35128e9,5.28109e9,25.4289362,25.5461172,SqEuclidean,blended,372,1.5353361518289999e6,insample,2011
cross,k_medoids,1573928461,50,3.35128e9,4.48344e9,26.1536437,24.8995654,SqEuclidean,blended,203,671428.695206,insample,2012
cross,k_medoids,1573928461,50,3.35128e9,4.84716e9,26.2287283,27.1373702,SqEuclidean,blended,225,1.0634659089280004e6,insample,2016
cross,k_medoids,1991051616,50,3.34257e9,1.0669e12,8.3520807,52.3929635,SqEuclidean,blended,592,7.145011692217999e6,initial,initial
cross,k_medoids,1991051616,50,3.34257e9,5.63457e9,26.0512517,28.6024456,SqEuclidean,blended,536,1.8735885893599999e6,insample,1982
cross,k_medoids,1991051616,50,3.34257e9,6.15887e9,25.5629738,25.196939399999998,SqEuclidean,blended,392,2.350538691988e6,insample,1986
cross,k_medoids,1991051616,50,3.34257e9,4.25292e9,26.8227646,25.3790341,SqEuclidean,blended,221,537373.0790520001,insample,1990
cross,k_medoids,1991051616,50,3.34257e9,5.5701e9,28.1804408,25.1958727,SqEuclidean,blended,324,1.8160039695709997e6,insample,1994
cross,k_medoids,1991051616,50,3.34257e9,4.7047e9,26.5138418,23.987353600000002,SqEuclidean,blended,277,930155.047792,insample,1998
cross,k_medoids,1991051616,50,3.34257e9,4.75222e9,27.3679499,24.0081769,SqEuclidean,blended,328,987789.4773950002,insample,2004
cross,k_medoids,1991051616,50,3.34257e9,4.68737e9,25.9184944,25.2854278,SqEuclidean,blended,229,935194.6017429999,insample,2008
cross,k_medoids,1991051616,50,3.34257e9,5.21853e9,25.8886798,24.233065500000002,SqEuclidean,blended,379,1.4810439550479995e6,insample,2011
cross,k_medoids,1991051616,50,3.34257e9,4.41819e9,26.1925621,25.035859600000002,SqEuclidean,blended,217,615434.5790309999,insample,2012
cross,k_medoids,1991051616,50,3.34257e9,4.8599e9,26.5287139,24.6612132,SqEuclidean,blended,263,1.084763192225e6,insample,2016
cross,k_medoids,2678701235,50,3.21865e9,1.04818e12,9.2729155,51.687839499999995,SqEuclidean,blended,566,7.156131925959e6,initial,initial
cross,k_medoids,2678701235,50,3.21865e9,7.37616e9,25.5404651,27.915838299999997,SqEuclidean,blended,669,3.6127133517410005e6,insample,1982
cross,k_medoids,2678701235,50,3.21865e9,7.26377e9,26.1402873,23.4616905,SqEuclidean,blended,475,3.4507005128430007e6,insample,1986
cross,k_medoids,2678701235,50,3.21865e9,5.20194e9,26.7983639,25.2808743,SqEuclidean,blended,339,1.4801134551040002e6,insample,1990
cross,k_medoids,2678701235,50,3.21865e9,7.62375e9,25.5683978,24.3631658,SqEuclidean,blended,497,3.867293312083001e6,insample,1994
cross,k_medoids,2678701235,50,3.21865e9,5.87148e9,25.7344831,24.712404199999998,SqEuclidean,blended,368,2.091411825218e6,insample,1998
cross,k_medoids,2678701235,50,3.21865e9,5.91896e9,27.4247716,25.6651923,SqEuclidean,blended,461,2.149755709504e6,insample,2004
cross,k_medoids,2678701235,50,3.21865e9,5.48291e9,26.1295254,26.6879524,SqEuclidean,blended,304,1.7240364319769999e6,insample,2008
cross,k_medoids,2678701235,50,3.21865e9,6.25847e9,25.8756942,26.256920400000002,SqEuclidean,blended,500,2.515910832905e6,insample,2011
cross,k_medoids,2678701235,50,3.21865e9,5.46227e9,26.1872424,23.5753526,SqEuclidean,blended,329,1.654018478315e6,insample,2012
cross,k_medoids,2678701235,50,3.21865e9,6.26664e9,26.6976492,27.4464223,SqEuclidean,blended,391,2.4880648514549993e6,insample,2016
cross,k_medoids,3861234567,50,3.34439e9,1.52696e12,9.3012919,52.0331715,SqEuclidean,blended,590,7.145333993626999e6,initial,initial
cross,k_medoids,3861234567,50,3.34439e9,5.868e9,26.4294843,25.6635906,SqEuclidean,blended,628,2.0896655777089999e6,insample,1982
cross,k_medoids,3861234567,50,3.34439e9,6.45925e9,26.1785088,24.526222999999998,SqEuclidean,blended,506,2.6335574940239997e6,insample,1986
cross,k_medoids,3861234567,50,3.34439e9,4.37109e9,26.7049232,24.8949716,SqEuclidean,blended,270,637766.819034,insample,1990
cross,k_medoids,3861234567,50,3.34439e9,5.72323e9,25.3098931,24.5801689,SqEuclidean,blended,386,1.950615774246e6,insample,1994
cross,k_medoids,3861234567,50,3.34439e9,4.89701e9,25.4628751,23.6044727,SqEuclidean,blended,335,1.1043621472590002e6,insample,1998
cross,k_medoids,3861234567,50,3.34439e9,5.0917e9,25.1501142,25.717543499999998,SqEuclidean,blended,471,1.310300668139e6,insample,2004
cross,k_medoids,3861234567,50,3.34439e9,4.83089e9,25.6399359,24.4988623,SqEuclidean,blended,294,1.060605660006e6,insample,2008
cross,k_medoids,3861234567,50,3.34439e9,5.44738e9,25.1045787,25.3238671,SqEuclidean,blended,475,1.6935588580599998e6,insample,2011
cross,k_medoids,3861234567,50,3.34439e9,4.64248e9,24.6694018,24.4602768,SqEuclidean,blended,321,821742.12272,insample,2012
cross,k_medoids,3861234567,50,3.34439e9,5.05763e9,26.5695388,25.239091100000003,SqEuclidean,blended,346,1.2651274991570003e6,insample,2016
cross,k_medoids,477073181,50,3.34306e9,1.22012e12,8.9174708,52.636077900000004,SqEuclidean,blended,576,7.000324577513999e6,initial,initial
cross,k_medoids,477073181,50,3.34306e9,5.7031e9,26.0223852,26.824118799999997,SqEuclidean,blended,631,1.932177094023e6,insample,1982
cross,k_medoids,477073181,50,3.34306e9,6.15397e9,26.8704466,24.532902099999998,SqEuclidean,blended,476,2.335053411888e6,insample,1986
cross,k_medoids,477073181,50,3.34306e9,4.26728e9,26.8133343,25.4799874,SqEuclidean,blended,256,541856.0960649999,insample,1990
cross,k_medoids,477073181,50,3.34306e9,5.6039e9,25.6155304,24.2131634,SqEuclidean,blended,360,1.8395608344669999e6,insample,1994
cross,k_medoids,477073181,50,3.34306e9,4.76118e9,25.540229,26.6887343,SqEuclidean,blended,341,975887.9442150001,insample,1998
cross,k_medoids,477073181,50,3.34306e9,4.78132e9,29.4716662,24.9705607,SqEuclidean,blended,398,1.0070818295100003e6,insample,2004
cross,k_medoids,477073181,50,3.34306e9,4.73e9,27.3975823,24.5215641,SqEuclidean,blended,265,968507.6805479999,insample,2008
cross,k_medoids,477073181,50,3.34306e9,5.19534e9,25.6494307,25.7505915,SqEuclidean,blended,447,1.4482719944669998e6,insample,2011
cross,k_medoids,477073181,50,3.34306e9,4.47017e9,25.6474301,23.8156768,SqEuclidean,blended,313,656970.307302,insample,2012
cross,k_medoids,477073181,50,3.34306e9,4.93067e9,25.6022058,26.4657962,SqEuclidean,blended,343,1.1458505341969999e6,insample,2016
cross,k_medoids,876543210,50,3.32158e9,1.04536e12,9.6607928,51.5970018,SqEuclidean,blended,583,7.1184684180270005e6,initial,initial
cross,k_medoids,876543210,50,3.32158e9,5.68469e9,26.7895716,24.981279999999998,SqEuclidean,blended,513,1.9064878427259994e6,insample,1982
cross,k_medoids,876543210,50,3.32158e9,6.2475e9,26.3800089,25.283042000000002,SqEuclidean,blended,384,2.4216750790989995e6,insample,1986
cross,k_medoids,876543210,50,3.32158e9,4.30687e9,26.703555,24.4803811,SqEuclidean,blended,219,574385.3382229998,insample,1990
cross,k_medoids,876543210,50,3.32158e9,5.65139e9,25.9265369,25.3984079,SqEuclidean,blended,340,1.8798222703e6,insample,1994
cross,k_medoids,876543210,50,3.32158e9,4.79713e9,25.984215,24.9652123,SqEuclidean,blended,271,1.0047883821880001e6,insample,1998
cross,k_medoids,876543210,50,3.32158e9,4.88876e9,29.8376887,31.1969447,SqEuclidean,blended,336,1.1078328369580004e6,insample,2004
cross,k_medoids,876543210,50,3.32158e9,4.75017e9,27.2004048,26.1431121,SqEuclidean,blended,219,981288.1958230002,insample,2008
cross,k_medoids,876543210,50,3.32158e9,5.3387e9,26.5268471,24.732211799999998,SqEuclidean,blended,384,1.5855404150339998e6,insample,2011
cross,k_medoids,876543210,50,3.32158e9,4.48353e9,28.0465789,23.8710399,SqEuclidean,blended,208,663190.2834219999,insample,2012
cross,k_medoids,876543210,50,3.32158e9,4.95074e9,25.7357105,24.6782114,SqEuclidean,blended,253,1.158914553732e6,insample,2016
cross,k_medoids,987654321,50,3.32229e9,1.28009e12,9.1337517,52.60530970000001,SqEuclidean,blended,559,7.055641902446999e6,initial,initial
cross,k_medoids,987654321,50,3.32229e9,5.7604e9,25.1850943,25.5576544,SqEuclidean,blended,558,1.9811835159210002e6,insample,1982
cross,k_medoids,987654321,50,3.32229e9,6.36522e9,25.6805617,24.6291696,SqEuclidean,blended,422,2.538462466195e6,insample,1986
cross,k_medoids,987654321,50,3.32229e9,4.31906e9,28.8308715,28.8192537,SqEuclidean,blended,243,585086.163849,insample,1990
cross,k_medoids,987654321,50,3.32229e9,5.62832e9,25.5730578,25.2546652,SqEuclidean,blended,340,1.855615925166e6,insample,1994
cross,k_medoids,987654321,50,3.32229e9,4.79309e9,25.268817,25.6398756,SqEuclidean,blended,277,999617.3040420001,insample,1998
cross,k_medoids,987654321,50,3.32229e9,4.96866e9,31.1068192,31.7850467,SqEuclidean,blended,372,1.186710258128e6,insample,2004
cross,k_medoids,987654321,50,3.32229e9,4.73332e9,26.0517549,26.279785399999998,SqEuclidean,blended,234,963004.9736520001,insample,2008
cross,k_medoids,987654321,50,3.32229e9,5.35117e9,26.3795584,25.6046526,SqEuclidean,blended,412,1.5967884959289997e6,insample,2011
cross,k_medoids,987654321,50,3.32229e9,4.51819e9,26.9615539,32.704995800000006,SqEuclidean,blended,230,696687.4245370001,insample,2012
cross,k_medoids,987654321,50,3.32229e9,4.93545e9,26.6080008,26.0839632,SqEuclidean,blended,277,1.1422710827960002e6,insample,2016
cross,k_means,1005471400,100,3.19942e9,9.27974e11,24.3017187,73.3854049,SqEuclidean,blended,1799,2.5692735189416997e7,initial,initial
cross,k_means,1005471400,100,3.19942e9,9.57645e9,24.8978415,24.4431381,SqEuclidean,blended,1068,5.826361504921e6,insample,1982
cross,k_means,1005471400,100,3.19942e9,9.01002e9,24.6487838,24.5348505,SqEuclidean,blended,850,5.208273745148e6,insample,1986
cross,k_means,1005471400,100,3.19942e9,6.35811e9,32.9254018,32.7105812,SqEuclidean,blended,558,2.6461632739869994e6,insample,1990
cross,k_means,1005471400,100,3.19942e9,9.52698e9,25.2068002,24.3824969,SqEuclidean,blended,782,5.783473086988999e6,insample,1994
cross,k_means,1005471400,100,3.19942e9,7.65016e9,25.2089342,24.3489043,SqEuclidean,blended,655,3.88175182851e6,insample,1998
cross,k_means,1005471400,100,3.19942e9,8.18587e9,29.9706751,32.056805499999996,SqEuclidean,blended,834,4.430197974451e6,insample,2004
cross,k_means,1005471400,100,3.19942e9,7.11491e9,25.2770772,25.4146939,SqEuclidean,blended,528,3.368275999894e6,insample,2008
cross,k_means,1005471400,100,3.19942e9,8.06921e9,24.225949,26.0562523,SqEuclidean,blended,801,4.338027180295e6,insample,2011
cross,k_means,1005471400,100,3.19942e9,7.83471e9,24.9028529,29.326656,SqEuclidean,blended,714,4.040132995785e6,insample,2012
cross,k_means,1005471400,100,3.19942e9,8.24852e9,25.0158895,26.5340111,SqEuclidean,blended,762,4.482467518204e6,insample,2016
cross,k_means,1262311769,100,3.19267e9,9.02075e11,23.1200167,64.1667267,SqEuclidean,blended,1161,1.7319089589817997e7,initial,initial
cross,k_means,1262311769,100,3.19267e9,9.61428e9,25.0055788,25.2193727,SqEuclidean,blended,1092,5.863652676623e6,insample,1982
cross,k_means,1262311769,100,3.19267e9,9.04596e9,24.1590981,24.8098049,SqEuclidean,blended,871,5.243203003214001e6,insample,1986
cross,k_means,1262311769,100,3.19267e9,6.36597e9,33.3669971,29.944968900000003,SqEuclidean,blended,569,2.6536937537429994e6,insample,1990
cross,k_means,1262311769,100,3.19267e9,9.54829e9,25.0255492,23.8850676,SqEuclidean,blended,788,5.80396394905e6,insample,1994
cross,k_means,1262311769,100,3.19267e9,7.67884e9,25.0899899,26.2486149,SqEuclidean,blended,675,3.9093752270969995e6,insample,1998
cross,k_means,1262311769,100,3.19267e9,8.21481e9,30.3323419,31.7069173,SqEuclidean,blended,857,4.458051826971e6,insample,2004
cross,k_means,1262311769,100,3.19267e9,7.12504e9,25.6901531,25.383795600000003,SqEuclidean,blended,526,3.377642515515001e6,insample,2008
cross,k_means,1262311769,100,3.19267e9,8.0999e9,25.2490542,25.0386223,SqEuclidean,blended,832,4.367893604129999e6,insample,2011
cross,k_means,1262311769,100,3.19267e9,7.86654e9,25.2386326,27.496757199999998,SqEuclidean,blended,733,4.07074321745e6,insample,2012
cross,k_means,1262311769,100,3.19267e9,8.27255e9,25.4744732,24.7106602,SqEuclidean,blended,787,4.505739430674999e6,insample,2016
cross,k_means,1400059389,100,3.1957e9,9.62852e11,25.3061809,75.6817192,SqEuclidean,blended,1158,1.6385680597346999e7,initial,initial
cross,k_means,1400059389,100,3.1957e9,9.53785e9,25.6626036,24.9114647,SqEuclidean,blended,1021,5.779988677110001e6,insample,1982
cross,k_means,1400059389,100,3.1957e9,8.94786e9,24.7540368,23.5403307,SqEuclidean,blended,769,5.137777748087001e6,insample,1986
cross,k_means,1400059389,100,3.1957e9,6.34415e9,25.5857286,30.2568877,SqEuclidean,blended,521,2.6250801424289998e6,insample,1990
cross,k_means,1400059389,100,3.1957e9,9.51518e9,24.4154759,25.009109199999997,SqEuclidean,blended,717,5.764073138242999e6,insample,1994
cross,k_means,1400059389,100,3.1957e9,7.64094e9,24.9568536,25.048914200000002,SqEuclidean,blended,608,3.864583021079e6,insample,1998
cross,k_means,1400059389,100,3.1957e9,8.15579e9,33.1892231,34.0669746,SqEuclidean,blended,778,4.392463282749999e6,insample,2004
cross,k_means,1400059389,100,3.1957e9,7.09354e9,24.6005249,24.8916005,SqEuclidean,blended,478,3.3394643391079996e6,insample,2008
cross,k_means,1400059389,100,3.1957e9,8.05556e9,24.8384329,24.989951100000003,SqEuclidean,blended,750,4.317046522236e6,insample,2011
cross,k_means,1400059389,100,3.1957e9,7.77444e9,27.1208731,28.9412415,SqEuclidean,blended,647,3.971655745183e6,insample,2012
cross,k_means,1400059389,100,3.1957e9,8.19662e9,25.5406519,24.6420585,SqEuclidean,blended,689,4.422599897132999e6,insample,2016
cross,k_means,1693313909,100,3.19216e9,1.03155e12,26.6581332,72.74942870000001,SqEuclidean,blended,491,6.948283525529e6,initial,initial
cross,k_means,1693313909,100,3.19216e9,9.59394e9,24.3689976,26.0874688,SqEuclidean,blended,1063,5.830881206008e6,insample,1982
cross,k_means,1693313909,100,3.19216e9,9.00137e9,24.4002645,24.538417,SqEuclidean,blended,813,5.1860271474600015e6,insample,1986
cross,k_means,1693313909,100,3.19216e9,6.36603e9,25.3065669,30.0387441,SqEuclidean,blended,546,2.6418398442949997e6,insample,1990
cross,k_means,1693313909,100,3.19216e9,9.5482e9,24.9748224,25.2977904,SqEuclidean,blended,746,5.792044053529999e6,insample,1994
cross,k_means,1693313909,100,3.19216e9,7.67652e9,24.8865804,24.968260299999997,SqEuclidean,blended,634,3.8947247674409994e6,insample,1998
cross,k_means,1693313909,100,3.19216e9,8.20881e9,27.3032472,31.8718495,SqEuclidean,blended,802,4.440357094857e6,insample,2004
cross,k_means,1693313909,100,3.19216e9,7.12149e9,24.2204791,25.7454113,SqEuclidean,blended,513,3.362123547649e6,insample,2008
cross,k_means,1693313909,100,3.19216e9,8.11777e9,25.078218,24.3900309,SqEuclidean,blended,785,4.374317015885001e6,insample,2011
cross,k_means,1693313909,100,3.19216e9,7.82956e9,24.6472824,29.3819734,SqEuclidean,blended,694,4.0212481688379995e6,insample,2012
cross,k_means,1693313909,100,3.19216e9,8.23547e9,24.5901039,26.0005828,SqEuclidean,blended,722,4.456102321176e6,insample,2016
cross,k_means,2483487299,100,3.19595e9,9.12789e11,28.4045507,72.1118404,SqEuclidean,blended,498,6.948346362710999e6,initial,initial
cross,k_means,2483487299,100,3.19595e9,9.59001e9,25.2935934,25.465946799999998,SqEuclidean,blended,1072,5.836329211605e6,insample,1982
cross,k_means,2483487299,100,3.19595e9,9.01491e9,24.4281962,24.0145865,SqEuclidean,blended,828,5.209104058286999e6,insample,1986
cross,k_means,2483487299,100,3.19595e9,6.36012e9,25.5227759,30.62068,SqEuclidean,blended,544,2.6447369274729993e6,insample,1990
cross,k_means,2483487299,100,3.19595e9,9.53771e9,24.9191809,24.881241199999998,SqEuclidean,blended,761,5.790480204773998e6,insample,1994
cross,k_means,2483487299,100,3.19595e9,7.66262e9,25.397444,23.9926715,SqEuclidean,blended,654,3.8904161950319987e6,insample,1998
cross,k_means,2483487299,100,3.19595e9,8.1924e9,31.3052769,31.649282600000003,SqEuclidean,blended,821,4.432892775903998e6,insample,2004
cross,k_means,2483487299,100,3.19595e9,7.11725e9,24.988927,24.0357154,SqEuclidean,blended,526,3.367008999123e6,insample,2008
cross,k_means,2483487299,100,3.19595e9,8.08382e9,25.4931139,23.9250478,SqEuclidean,blended,803,4.349088431462e6,insample,2011
cross,k_means,2483487299,100,3.19595e9,7.83944e9,25.0219104,28.6792004,SqEuclidean,blended,720,4.040889300638e6,insample,2012
cross,k_means,2483487299,100,3.19595e9,8.24869e9,25.9668596,23.6827714,SqEuclidean,blended,750,4.478839246844e6,insample,2016
cross,k_means,2529186237,100,3.31351e9,1.09449e12,27.2819674,75.9605566,SqEuclidean,blended,1140,1.5965785219801e7,initial,initial
cross,k_means,2529186237,100,3.31351e9,6.02022e9,25.6745264,25.6744688,SqEuclidean,blended,762,2.241420671792e6,insample,1982
cross,k_means,2529186237,100,3.31351e9,6.62045e9,25.0084559,24.4774813,SqEuclidean,blended,637,2.793780648406999e6,insample,1986
cross,k_means,2529186237,100,3.31351e9,4.41191e9,25.8361582,28.7237088,SqEuclidean,blended,328,678741.99454,insample,1990
cross,k_means,2529186237,100,3.31351e9,5.78951e9,24.6989956,25.4008321,SqEuclidean,blended,464,2.0169154632069997e6,insample,1994
cross,k_means,2529186237,100,3.31351e9,4.99687e9,24.9099919,25.383023,SqEuclidean,blended,443,1.202696035819e6,insample,1998
cross,k_means,2529186237,100,3.31351e9,5.22479e9,32.1122288,36.923594200000004,SqEuclidean,blended,559,1.443004556438e6,insample,2004
cross,k_means,2529186237,100,3.31351e9,4.88243e9,25.5679467,25.449876500000002,SqEuclidean,blended,358,1.1125435172730002e6,insample,2008
cross,k_means,2529186237,100,3.31351e9,5.58325e9,25.3893385,27.049755400000002,SqEuclidean,blended,582,1.828602143062e6,insample,2011
cross,k_means,2529186237,100,3.31351e9,4.76755e9,26.0296451,27.1415486,SqEuclidean,blended,450,945323.9138140001,insample,2012
cross,k_means,2529186237,100,3.31351e9,5.15228e9,25.7924953,24.8065265,SqEuclidean,blended,467,1.359040677082e6,insample,2016
cross,k_means,2910484191,100,3.31722e9,1.21584e12,25.8675899,74.0556923,SqEuclidean,blended,1796,2.5430552456814002e7,initial,initial
cross,k_means,2910484191,100,3.31722e9,6.03298e9,24.5359411,25.614008600000002,SqEuclidean,blended,775,2.2510607600009996e6,insample,1982
cross,k_means,2910484191,100,3.31722e9,6.63609e9,26.530984,25.3615432,SqEuclidean,blended,646,2.8063868388559995e6,insample,1986
cross,k_means,2910484191,100,3.31722e9,4.42013e9,26.2861831,29.4006502,SqEuclidean,blended,335,683839.804176,insample,1990
cross,k_means,2910484191,100,3.31722e9,5.79821e9,25.0361308,25.0878409,SqEuclidean,blended,458,2.022366643518e6,insample,1994
cross,k_means,2910484191,100,3.31722e9,5.00687e9,25.1840641,23.889300300000002,SqEuclidean,blended,459,1.2093974221139997e6,insample,1998
cross,k_means,2910484191,100,3.31722e9,5.23846e9,32.7616263,36.8747426,SqEuclidean,blended,580,1.4534022089870002e6,insample,2004
cross,k_means,2910484191,100,3.31722e9,4.89162e9,25.6851101,26.3251958,SqEuclidean,blended,357,1.1184326462109997e6,insample,2008
cross,k_means,2910484191,100,3.31722e9,5.60021e9,26.0006444,25.592009700000002,SqEuclidean,blended,597,1.8427204426129998e6,insample,2011
cross,k_means,2910484191,100,3.31722e9,4.78343e9,26.226938,26.2035856,SqEuclidean,blended,458,957846.4722690003,insample,2012
cross,k_means,2910484191,100,3.31722e9,5.16466e9,25.6525376,25.441685,SqEuclidean,blended,463,1.3683842798090004e6,insample,2016
cross,k_means,2931455462,100,3.18629e9,1.0051e12,23.9695323,70.8215433,SqEuclidean,blended,493,6.948515176317998e6,initial,initial
cross,k_means,2931455462,100,3.18629e9,9.58879e9,24.9860743,25.1753058,SqEuclidean,blended,1046,5.818279145313999e6,insample,1982
cross,k_means,2931455462,100,3.18629e9,8.9864e9,24.1185576,25.433284500000003,SqEuclidean,blended,788,5.163586816334e6,insample,1986
cross,k_means,2931455462,100,3.18629e9,6.3677e9,24.5791635,27.7462581,SqEuclidean,blended,531,2.6361914694519998e6,insample,1990
cross,k_means,2931455462,100,3.18629e9,9.54782e9,24.910357,24.8715669,SqEuclidean,blended,726,5.784104935560999e6,insample,1994
cross,k_means,2931455462,100,3.18629e9,7.67543e9,24.2887455,25.4195153,SqEuclidean,blended,605,3.8862880002320004e6,insample,1998
cross,k_means,2931455462,100,3.18629e9,8.20878e9,32.852895,36.7830317,SqEuclidean,blended,804,4.433057422909999e6,insample,2004
cross,k_means,2931455462,100,3.18629e9,7.12117e9,27.1786317,26.3438924,SqEuclidean,blended,502,3.3544316601369996e6,insample,2008
cross,k_means,2931455462,100,3.18629e9,8.11992e9,24.8481786,26.703426999999998,SqEuclidean,blended,778,4.369513860193e6,insample,2011
cross,k_means,2931455462,100,3.18629e9,7.81478e9,26.1755104,25.752990399999998,SqEuclidean,blended,666,3.998943747533e6,insample,2012
cross,k_means,2931455462,100,3.18629e9,8.22994e9,25.7906484,24.723197,SqEuclidean,blended,681,4.443048787918e6,insample,2016
cross,k_means,3631457564,100,3.18993e9,9.69806e11,27.4884883,63.3354289,SqEuclidean,blended,1152,1.7091454484536e7,initial,initial
cross,k_means,3631457564,100,3.18993e9,9.54503e9,24.9118555,25.099978800000002,SqEuclidean,blended,1026,5.780708262717001e6,insample,1982
cross,k_means,3631457564,100,3.18993e9,8.95291e9,24.7872718,23.4450143,SqEuclidean,blended,758,5.136465268694e6,insample,1986
cross,k_means,3631457564,100,3.18993e9,6.35176e9,24.7927002,25.803145100000002,SqEuclidean,blended,528,2.6263291256369995e6,insample,1990
cross,k_means,3631457564,100,3.18993e9,9.52359e9,25.1470924,24.2136702,SqEuclidean,blended,723,5.766116769764e6,insample,1994
cross,k_means,3631457564,100,3.18993e9,7.64841e9,24.9548771,24.1135339,SqEuclidean,blended,611,3.8656044635710004e6,insample,1998
cross,k_means,3631457564,100,3.18993e9,8.16941e9,32.1692656,36.8594592,SqEuclidean,blended,765,4.3998546002090005e6,insample,2004
cross,k_means,3631457564,100,3.18993e9,7.09869e9,24.5449854,25.519182200000003,SqEuclidean,blended,495,3.3381628298970005e6,insample,2008
cross,k_means,3631457564,100,3.18993e9,8.07254e9,25.4344179,24.5318846,SqEuclidean,blended,739,4.328050192191e6,insample,2011
cross,k_means,3631457564,100,3.18993e9,7.77774e9,29.0027907,30.4274703,SqEuclidean,blended,638,3.968390433766e6,insample,2012
cross,k_means,3631457564,100,3.18993e9,8.20033e9,25.8226871,25.2569742,SqEuclidean,blended,681,4.419796479836999e6,insample,2016
cross,k_means,472808301,100,3.31233e9,1.2205e12,24.4813669,72.9727766,SqEuclidean,blended,494,6.948148474389e6,initial,initial
cross,k_means,472808301,100,3.31233e9,6.0991e9,25.1684809,25.510283299999998,SqEuclidean,blended,810,2.3113295664370004e6,insample,1982
cross,k_means,472808301,100,3.31233e9,6.71588e9,25.1667983,25.351018900000003,SqEuclidean,blended,698,2.8798319742219998e6,insample,1986
cross,k_means,472808301,100,3.31233e9,4.44392e9,27.2751025,25.0142705,SqEuclidean,blended,362,701793.79446,insample,1990
cross,k_means,472808301,100,3.31233e9,5.83134e9,25.8172988,27.315551600000003,SqEuclidean,blended,513,2.0496023282449995e6,insample,1994
cross,k_means,472808301,100,3.31233e9,5.06184e9,25.0373532,25.8350374,SqEuclidean,blended,521,1.2583931178080002e6,insample,1998
cross,k_means,472808301,100,3.31233e9,5.29395e9,31.4598972,34.3090675,SqEuclidean,blended,639,1.5027502078650002e6,insample,2004
cross,k_means,472808301,100,3.31233e9,4.91664e9,25.5679748,25.4974598,SqEuclidean,blended,385,1.1374939605140002e6,insample,2008
cross,k_means,472808301,100,3.31233e9,5.65557e9,25.5698203,25.4393558,SqEuclidean,blended,650,1.8924463365549995e6,insample,2011
cross,k_means,472808301,100,3.31233e9,4.85466e9,26.2163251,28.148781,SqEuclidean,blended,522,1.022912678194e6,insample,2012
cross,k_means,472808301,100,3.31233e9,5.22259e9,24.9068705,24.8841643,SqEuclidean,blended,529,1.4200573308299999e6,insample,2016
cross,k_means,1516602964,20,3.04801e9,5.33256e11,3.3451914,52.0570976,SqEuclidean,blended,535,6.949923586638001e6,initial,initial
cross,k_means,1516602964,20,3.04801e9,9.63891e9,24.8621446,26.447144,SqEuclidean,blended,1142,5.879566521883e6,insample,1982
cross,k_means,1516602964,20,3.04801e9,9.05479e9,24.3065784,24.762825,SqEuclidean,blended,899,5.245560684350999e6,insample,1986
cross,k_means,1516602964,20,3.04801e9,6.36913e9,25.6729579,25.0349547,SqEuclidean,blended,575,2.651839505308999e6,insample,1990
cross,k_means,1516602964,20,3.04801e9,9.54403e9,25.3097955,25.6893715,SqEuclidean,blended,799,5.791886485286e6,insample,1994
cross,k_means,1516602964,20,3.04801e9,7.66716e9,24.8270431,23.6710573,SqEuclidean,blended,678,3.8949007435190007e6,insample,1998
cross,k_means,1516602964,20,3.04801e9,8.22592e9,31.8961802,34.4669393,SqEuclidean,blended,882,4.467686676143e6,insample,2004
cross,k_means,1516602964,20,3.04801e9,7.126e9,24.8375768,25.0121765,SqEuclidean,blended,537,3.3777556313720006e6,insample,2008
cross,k_means,1516602964,20,3.04801e9,8.11184e9,24.8837361,25.8556051,SqEuclidean,blended,853,4.3685721528010005e6,insample,2011
cross,k_means,1516602964,20,3.04801e9,7.85237e9,25.6045653,25.8110714,SqEuclidean,blended,749,4.054888042509e6,insample,2012
cross,k_means,1516602964,20,3.04801e9,8.2769e9,25.4463784,24.4085279,SqEuclidean,blended,805,4.504007326452e6,insample,2016
cross,k_means,1886534858,20,3.04041e9,5.45317e11,3.1297913,47.329245,SqEuclidean,blended,538,6.949921734836e6,initial,initial
cross,k_means,1886534858,20,3.04041e9,9.72118e9,25.0672319,24.501669800000002,SqEuclidean,blended,1215,5.957429651576001e6,insample,1982
cross,k_means,1886534858,20,3.04041e9,9.1552e9,24.965068,24.6309669,SqEuclidean,blended,984,5.341671267527998e6,insample,1986
cross,k_means,1886534858,20,3.04041e9,6.39961e9,25.4809761,26.6355096,SqEuclidean,blended,614,2.6778114781049998e6,insample,1990
cross,k_means,1886534858,20,3.04041e9,9.5991e9,24.924817,25.3216762,SqEuclidean,blended,842,5.842441525963999e6,insample,1994
cross,k_means,1886534858,20,3.04041e9,7.73163e9,24.5470112,24.654103199999998,SqEuclidean,blended,741,3.954924831149e6,insample,1998
cross,k_means,1886534858,20,3.04041e9,8.30519e9,33.1987108,36.4811131,SqEuclidean,blended,946,4.5428601543809995e6,insample,2004
cross,k_means,1886534858,20,3.04041e9,7.16545e9,24.9394392,25.3173047,SqEuclidean,blended,583,3.412824896493e6,insample,2008
cross,k_means,1886534858,20,3.04041e9,8.18583e9,25.2756252,24.8521235,SqEuclidean,blended,927,4.438573805217002e6,insample,2011
cross,k_means,1886534858,20,3.04041e9,7.94101e9,25.9180112,25.852318,SqEuclidean,blended,835,4.139256301467e6,insample,2012
cross,k_means,1886534858,20,3.04041e9,8.35632e9,25.5401073,25.9209676,SqEuclidean,blended,867,4.57910769434e6,insample,2016
cross,k_means,2317698438,20,3.04551e9,5.28624e11,3.5240281,47.5013805,SqEuclidean,blended,547,6.949919827876e6,initial,initial
cross,k_means,2317698438,20,3.04551e9,9.64683e9,25.0482362,25.4466749,SqEuclidean,blended,1148,5.886647556011002e6,insample,1982
cross,k_means,2317698438,20,3.04551e9,9.06438e9,24.7042705,24.2697519,SqEuclidean,blended,916,5.2543378787980005e6,insample,1986
cross,k_means,2317698438,20,3.04551e9,6.37113e9,25.3118779,25.2124548,SqEuclidean,blended,566,2.652988734059999e6,insample,1990
cross,k_means,2317698438,20,3.04551e9,9.54832e9,24.7203066,25.5117163,SqEuclidean,blended,797,5.795388463709999e6,insample,1994
cross,k_means,2317698438,20,3.04551e9,7.67322e9,24.337585,24.6344378,SqEuclidean,blended,688,3.9003931674289997e6,insample,1998
cross,k_means,2317698438,20,3.04551e9,8.23427e9,29.6377145,33.3513058,SqEuclidean,blended,872,4.475277459679999e6,insample,2004
cross,k_means,2317698438,20,3.04551e9,7.12868e9,24.4680585,25.2379526,SqEuclidean,blended,553,3.379516649649e6,insample,2008
cross,k_means,2317698438,20,3.04551e9,8.1187e9,24.8761931,24.253648700000003,SqEuclidean,blended,869,4.374649376084e6,insample,2011
cross,k_means,2317698438,20,3.04551e9,7.86093e9,24.6733102,28.612034,SqEuclidean,blended,776,4.0627510421949998e6,insample,2012
cross,k_means,2317698438,20,3.04551e9,8.2859e9,24.1368194,25.094865600000002,SqEuclidean,blended,808,4.512096045088999e6,insample,2016
cross,k_means,2466700586,20,3.08409e9,6.77952e11,3.2025684,51.769960600000005,SqEuclidean,blended,547,6.949460812582e6,initial,initial
cross,k_means,2466700586,20,3.08409e9,9.74159e9,24.9873439,24.1638326,SqEuclidean,blended,1239,5.976617114177001e6,insample,1982
cross,k_means,2466700586,20,3.08409e9,9.17234e9,25.6467012,23.813325300000002,SqEuclidean,blended,983,5.3569490987829985e6,insample,1986
cross,k_means,2466700586,20,3.08409e9,6.40445e9,25.2585532,27.6880121,SqEuclidean,blended,612,2.6811626448989995e6,insample,1990
cross,k_means,2466700586,20,3.08409e9,9.60809e9,25.1394952,23.9832691,SqEuclidean,blended,845,5.850062828839999e6,insample,1994
cross,k_means,2466700586,20,3.08409e9,7.74758e9,24.9946678,24.9876297,SqEuclidean,blended,766,3.969320031654e6,insample,1998
cross,k_means,2466700586,20,3.08409e9,8.31894e9,34.4709918,35.6307331,SqEuclidean,blended,959,4.555066221966e6,insample,2004
cross,k_means,2466700586,20,3.08409e9,7.1712e9,25.9495657,26.2063362,SqEuclidean,blended,578,3.416929213865e6,insample,2008
cross,k_means,2466700586,20,3.08409e9,8.19979e9,24.084374,26.0161935,SqEuclidean,blended,932,4.450955963052999e6,insample,2011
cross,k_means,2466700586,20,3.08409e9,7.96063e9,24.949112,25.464811700000002,SqEuclidean,blended,845,4.157153885155e6,insample,2012
cross,k_means,2466700586,20,3.08409e9,8.37122e9,24.2505364,24.1824701,SqEuclidean,blended,892,4.592614122005001e6,insample,2016
cross,k_means,2692059346,20,3.04218e9,5.11003e11,3.3885896,49.7622961,SqEuclidean,blended,535,6.94991330263e6,initial,initial
cross,k_means,2692059346,20,3.04218e9,9.68004e9,25.2896052,24.8098855,SqEuclidean,blended,1167,5.919752255806999e6,insample,1982
cross,k_means,2692059346,20,3.04218e9,9.10443e9,24.516335,25.1183987,SqEuclidean,blended,940,5.294223509018e6,insample,1986
cross,k_means,2692059346,20,3.04218e9,6.38274e9,24.4443048,27.4205262,SqEuclidean,blended,586,2.6642478350329995e6,insample,1990
cross,k_means,2692059346,20,3.04218e9,9.57059e9,25.6869096,24.6112467,SqEuclidean,blended,817,5.817261817267e6,insample,1994
cross,k_means,2692059346,20,3.04218e9,7.70017e9,24.7253522,24.7779364,SqEuclidean,blended,719,3.9267890268849996e6,insample,1998
cross,k_means,2692059346,20,3.04218e9,8.26595e9,32.630242,38.4572916,SqEuclidean,blended,911,4.506408131047001e6,insample,2004
cross,k_means,2692059346,20,3.04218e9,7.14441e9,24.9301794,25.0524636,SqEuclidean,blended,565,3.39448253014e6,insample,2008
cross,k_means,2692059346,20,3.04218e9,8.14712e9,25.2903053,25.0083359,SqEuclidean,blended,893,4.402830357071999e6,insample,2011
cross,k_means,2692059346,20,3.04218e9,7.89653e9,24.4226384,24.9631695,SqEuclidean,blended,790,4.0980119438909995e6,insample,2012
cross,k_means,2692059346,20,3.04218e9,8.31831e9,24.713071,25.8343991,SqEuclidean,blended,833,4.544344388354999e6,insample,2016
cross,k_means,3032526906,20,3.04609e9,5.43514e11,3.1650614,47.8372607,SqEuclidean,blended,547,6.949922648211e6,initial,initial
cross,k_means,3032526906,20,3.04609e9,9.70331e9,24.86785,23.6402826,SqEuclidean,blended,1193,5.943133896474e6,insample,1982
cross,k_means,3032526906,20,3.04609e9,9.13119e9,25.006591,25.057615600000002,SqEuclidean,blended,967,5.320910291725999e6,insample,1986
cross,k_means,3032526906,20,3.04609e9,6.39003e9,25.0482465,26.1421894,SqEuclidean,blended,592,2.6716553885049997e6,insample,1990
cross,k_means,3032526906,20,3.04609e9,9.58493e9,25.1570074,25.1713965,SqEuclidean,blended,842,5.831778388253999e6,insample,1994
cross,k_means,3032526906,20,3.04609e9,7.71843e9,24.7066037,24.883682099999998,SqEuclidean,blended,748,3.9452359520179997e6,insample,1998
cross,k_means,3032526906,20,3.04609e9,8.28569e9,32.0808131,36.019320799999996,SqEuclidean,blended,930,4.526580943712e6,insample,2004
cross,k_means,3032526906,20,3.04609e9,7.15308e9,24.3364231,26.2890704,SqEuclidean,blended,585,3.403846041986e6,insample,2008
cross,k_means,3032526906,20,3.04609e9,8.16762e9,24.9226295,25.2090025,SqEuclidean,blended,918,4.42342591836e6,insample,2011
cross,k_means,3032526906,20,3.04609e9,7.92001e9,26.2829322,29.4878963,SqEuclidean,blended,815,4.121600437635999e6,insample,2012
cross,k_means,3032526906,20,3.04609e9,8.33758e9,25.365158,24.3397397,SqEuclidean,blended,854,4.563810488987001e6,insample,2016
cross,k_means,3214418042,20,3.04559e9,5.33511e11,3.2550672,49.261651900000004,SqEuclidean,blended,527,6.949918978289999e6,initial,initial
cross,k_means,3214418042,20,3.04559e9,9.69946e9,25.3975126,24.660137400000004,SqEuclidean,blended,1203,5.939481075340001e6,insample,1982
cross,k_means,3214418042,20,3.04559e9,9.13023e9,25.0312514,24.253581699999998,SqEuclidean,blended,961,5.320331017652001e6,insample,1986
cross,k_means,3214418042,20,3.04559e9,6.38928e9,24.7070677,26.543153,SqEuclidean,blended,589,2.671081817811e6,insample,1990
cross,k_means,3214418042,20,3.04559e9,9.58359e9,24.9874607,26.138332000000002,SqEuclidean,blended,847,5.830655178528e6,insample,1994
cross,k_means,3214418042,20,3.04559e9,7.71679e9,24.8955201,24.8446383,SqEuclidean,blended,743,3.9439215833740006e6,insample,1998
cross,k_means,3214418042,20,3.04559e9,8.28527e9,33.8445366,35.9130047,SqEuclidean,blended,936,4.526312437875001e6,insample,2004
cross,k_means,3214418042,20,3.04559e9,7.15183e9,25.2526926,25.351769,SqEuclidean,blended,577,3.4027370249139997e6,insample,2008
cross,k_means,3214418042,20,3.04559e9,8.16565e9,25.6396489,24.96924,SqEuclidean,blended,916,4.421716642228e6,insample,2011
cross,k_means,3214418042,20,3.04559e9,7.9183e9,26.0999629,27.3205193,SqEuclidean,blended,828,4.1202159479559995e6,insample,2012
cross,k_means,3214418042,20,3.04559e9,8.33708e9,26.2382953,25.194419,SqEuclidean,blended,857,4.563495054343e6,insample,2016
cross,k_means,3217763985,20,3.03854e9,6.17722e11,3.1375586,48.623319699999996,SqEuclidean,blended,535,6.949915998038e6,initial,initial
cross,k_means,3217763985,20,3.03854e9,9.70805e9,24.823077,25.685168,SqEuclidean,blended,1178,5.943178737931999e6,insample,1982
cross,k_means,3217763985,20,3.03854e9,9.13168e9,27.5510548,25.7652781,SqEuclidean,blended,944,5.316578412893e6,insample,1986
cross,k_means,3217763985,20,3.03854e9,6.3936e9,24.3796259,24.7151147,SqEuclidean,blended,600,2.670696666843e6,insample,1990
cross,k_means,3217763985,20,3.03854e9,9.58762e9,24.5333648,24.572491900000003,SqEuclidean,blended,831,5.829709303163e6,insample,1994
cross,k_means,3217763985,20,3.03854e9,7.72068e9,24.2811075,24.7145922,SqEuclidean,blended,726,3.942452057241e6,insample,1998
cross,k_means,3217763985,20,3.03854e9,8.28624e9,33.5413133,38.993036,SqEuclidean,blended,928,4.522419960976001e6,insample,2004
cross,k_means,3217763985,20,3.03854e9,7.15725e9,24.9952935,25.804051,SqEuclidean,blended,565,3.4031540122100003e6,insample,2008
cross,k_means,3217763985,20,3.03854e9,8.16941e9,24.3980549,25.987457399999997,SqEuclidean,blended,910,4.420777200762999e6,insample,2011
cross,k_means,3217763985,20,3.03854e9,7.92289e9,25.6435592,26.9574469,SqEuclidean,blended,819,4.119346827113e6,insample,2012
cross,k_means,3217763985,20,3.03854e9,8.33839e9,24.4562653,25.826008,SqEuclidean,blended,844,4.559893213169999e6,insample,2016
cross,k_means,3272403283,20,3.04398e9,6.00995e11,3.8976709,53.4304824,SqEuclidean,blended,547,6.949918466387001e6,initial,initial
cross,k_means,3272403283,20,3.04398e9,9.65603e9,24.8783461,24.8736616,SqEuclidean,blended,1170,5.897276721154001e6,insample,1982
cross,k_means,3272403283,20,3.04398e9,9.07571e9,25.1231987,23.4723966,SqEuclidean,blended,928,5.266836723909999e6,insample,1986
cross,k_means,3272403283,20,3.04398e9,6.37483e9,24.7884298,24.8004738,SqEuclidean,blended,569,2.6576993848279994e6,insample,1990
cross,k_means,3272403283,20,3.04398e9,9.55465e9,25.3968862,23.450331,SqEuclidean,blended,809,5.802666126662999e6,insample,1994
cross,k_means,3272403283,20,3.04398e9,7.68217e9,25.1656119,25.101806200000002,SqEuclidean,blended,708,3.909992670255e6,insample,1998
cross,k_means,3272403283,20,3.04398e9,8.24291e9,32.2494634,38.8773933,SqEuclidean,blended,887,4.484444767616e6,insample,2004
cross,k_means,3272403283,20,3.04398e9,7.13335e9,25.1101366,24.0460411,SqEuclidean,blended,559,3.3847190585460006e6,insample,2008
cross,k_means,3272403283,20,3.04398e9,8.125e9,24.70649,24.524693,SqEuclidean,blended,860,4.381936820661001e6,insample,2011
cross,k_means,3272403283,20,3.04398e9,7.87135e9,25.6489474,26.261331,SqEuclidean,blended,761,4.074062504698e6,insample,2012
cross,k_means,3272403283,20,3.04398e9,8.29402e9,25.3755571,24.117013500000002,SqEuclidean,blended,812,4.521435219750999e6,insample,2016
cross,k_means,408956147,20,3.04804e9,5.52001e11,3.3441506,48.5488441,SqEuclidean,blended,547,6.949917263811999e6,initial,initial
cross,k_means,408956147,20,3.04804e9,9.66017e9,24.9388956,24.1929811,SqEuclidean,blended,1150,5.901929598475e6,insample,1982
cross,k_means,408956147,20,3.04804e9,9.07911e9,26.2324103,25.1783829,SqEuclidean,blended,921,5.270991169062e6,insample,1986
cross,k_means,408956147,20,3.04804e9,6.37372e9,24.9151302,23.9957235,SqEuclidean,blended,577,2.657486248139e6,insample,1990
cross,k_means,408956147,20,3.04804e9,9.5557e9,24.4171281,25.664264900000003,SqEuclidean,blended,818,5.804587282978e6,insample,1994
cross,k_means,408956147,20,3.04804e9,7.68425e9,24.9895412,24.9966096,SqEuclidean,blended,705,3.913088337613999e6,insample,1998
cross,k_means,408956147,20,3.04804e9,8.2454e9,31.6665647,38.083001,SqEuclidean,blended,879,4.488120695209e6,insample,2004
cross,k_means,408956147,20,3.04804e9,7.13281e9,26.2035868,26.8456647,SqEuclidean,blended,551,3.3853866517209997e6,insample,2008
cross,k_means,408956147,20,3.04804e9,8.12912e9,25.6076552,25.7524027,SqEuclidean,blended,890,4.386798848869001e6,insample,2011
cross,k_means,408956147,20,3.04804e9,7.87436e9,25.0393138,24.2176668,SqEuclidean,blended,771,4.078085335777e6,insample,2012
cross,k_means,408956147,20,3.04804e9,8.29773e9,25.6634006,25.3512276,SqEuclidean,blended,820,4.525901463326e6,insample,2016
cross,k_means,123456789,50,3.19047e9,9.33003e11,9.7199145,57.7129015,SqEuclidean,blended,495,6.948352812843999e6,initial,initial
cross,k_means,123456789,50,3.19047e9,9.69619e9,25.7867545,24.6806013,SqEuclidean,blended,1124,5.932700193116e6,insample,1982
cross,k_means,123456789,50,3.19047e9,9.12285e9,24.6649154,25.1599541,SqEuclidean,blended,907,5.307311671736999e6,insample,1986
cross,k_means,123456789,50,3.19047e9,6.39797e9,25.3500012,23.8641317,SqEuclidean,blended,577,2.673044574317e6,insample,1990
cross,k_means,123456789,50,3.19047e9,9.60679e9,25.2216551,25.1402955,SqEuclidean,blended,813,5.849914298442999e6,insample,1994
cross,k_means,123456789,50,3.19047e9,7.74683e9,25.1805744,24.905055899999997,SqEuclidean,blended,721,3.964546463889e6,insample,1998
cross,k_means,123456789,50,3.19047e9,8.30175e9,31.850648,35.222451299999996,SqEuclidean,blended,900,4.5327799056629995e6,insample,2004
cross,k_means,123456789,50,3.19047e9,7.16347e9,24.409046,25.693004900000002,SqEuclidean,blended,551,3.4034644437870006e6,insample,2008
cross,k_means,123456789,50,3.19047e9,8.20132e9,26.1191791,25.812775300000002,SqEuclidean,blended,876,4.457504090515002e6,insample,2011
cross,k_means,123456789,50,3.19047e9,7.9382e9,25.0095427,27.8691314,SqEuclidean,blended,780,4.12964824851e6,insample,2012
cross,k_means,123456789,50,3.19047e9,8.32932e9,25.0144425,24.6516494,SqEuclidean,blended,817,4.549520568523001e6,insample,2016
cross,k_means,1286268702,50,3.17675e9,7.86217e11,10.7016998,57.5101968,SqEuclidean,blended,494,6.948487293089998e6,initial,initial
cross,k_means,1286268702,50,3.17675e9,9.59113e9,24.8374179,23.793130899999998,SqEuclidean,blended,1081,5.844878931544999e6,insample,1982
cross,k_means,1286268702,50,3.17675e9,9.02288e9,25.2859169,24.9203092,SqEuclidean,blended,870,5.225070701685e6,insample,1986
cross,k_means,1286268702,50,3.17675e9,6.3567e9,25.8224041,26.1321435,SqEuclidean,blended,550,2.648751359449999e6,insample,1990
cross,k_means,1286268702,50,3.17675e9,9.53261e9,25.6023837,24.849038,SqEuclidean,blended,776,5.7928216146869995e6,insample,1994
cross,k_means,1286268702,50,3.17675e9,7.65942e9,24.9499793,25.8574988,SqEuclidean,blended,670,3.894800391295e6,insample,1998
cross,k_means,1286268702,50,3.17675e9,8.19548e9,30.9708251,39.5806668,SqEuclidean,blended,862,4.443594246266e6,insample,2004
cross,k_means,1286268702,50,3.17675e9,7.11465e9,25.5058594,23.8240808,SqEuclidean,blended,524,3.371955064648e6,insample,2008
cross,k_means,1286268702,50,3.17675e9,8.07891e9,24.8187798,25.6363674,SqEuclidean,blended,812,4.351289037550001e6,insample,2011
cross,k_means,1286268702,50,3.17675e9,7.84564e9,25.6213975,24.9800327,SqEuclidean,blended,731,4.0549342970529995e6,insample,2012
cross,k_means,1286268702,50,3.17675e9,8.25654e9,25.3641049,24.0714652,SqEuclidean,blended,766,4.494344855553999e6,insample,2016
cross,k_means,1308502331,50,3.16602e9,7.19674e11,9.6733902,57.9231286,SqEuclidean,blended,499,6.948527933438e6,initial,initial
cross,k_means,1308502331,50,3.16602e9,9.58036e9,25.4712536,25.1186304,SqEuclidean,blended,1081,5.829458838386999e6,insample,1982
cross,k_means,1308502331,50,3.16602e9,9.00734e9,24.3682146,25.4814504,SqEuclidean,blended,846,5.204785813200002e6,insample,1986
cross,k_means,1308502331,50,3.16602e9,6.3565e9,24.7518845,26.3828724,SqEuclidean,blended,558,2.6437210936579993e6,insample,1990
cross,k_means,1308502331,50,3.16602e9,9.53017e9,24.8592241,26.5487115,SqEuclidean,blended,762,5.785710338644e6,insample,1994
cross,k_means,1308502331,50,3.16602e9,7.65339e9,25.7563587,24.7520748,SqEuclidean,blended,638,3.884288683471e6,insample,1998
cross,k_means,1308502331,50,3.16602e9,8.18552e9,31.5375963,34.5989964,SqEuclidean,blended,830,4.429156984585001e6,insample,2004
cross,k_means,1308502331,50,3.16602e9,7.11297e9,24.3610859,26.3865881,SqEuclidean,blended,521,3.3655982763980012e6,insample,2008
cross,k_means,1308502331,50,3.16602e9,8.0731e9,25.0604364,24.3219569,SqEuclidean,blended,798,4.341137583926999e6,insample,2011
cross,k_means,1308502331,50,3.16602e9,7.83232e9,24.94355,30.2049083,SqEuclidean,blended,712,4.037040041268999e6,insample,2012
cross,k_means,1308502331,50,3.16602e9,8.24439e9,24.736775,24.650456300000002,SqEuclidean,blended,752,4.4775013651669985e6,insample,2016
cross,k_means,1573928461,50,3.17321e9,7.13136e11,9.682472,57.8353753,SqEuclidean,blended,500,6.948522480227e6,initial,initial
cross,k_means,1573928461,50,3.17321e9,9.51931e9,25.1583873,24.9695575,SqEuclidean,blended,1032,5.773382178422e6,insample,1982
cross,k_means,1573928461,50,3.17321e9,8.94315e9,24.7115055,24.631424199999998,SqEuclidean,blended,807,5.145823108860999e6,insample,1986
cross,k_means,1573928461,50,3.17321e9,6.33754e9,25.5136153,25.411154500000002,SqEuclidean,blended,538,2.6299860186630003e6,insample,1990
cross,k_means,1573928461,50,3.17321e9,9.49332e9,24.8720752,23.338517200000002,SqEuclidean,blended,728,5.75415016097e6,insample,1994
cross,k_means,1573928461,50,3.17321e9,7.61315e9,25.0737214,25.140341199999998,SqEuclidean,blended,615,3.84916435475e6,insample,1998
cross,k_means,1573928461,50,3.17321e9,8.135e9,30.9233987,32.71073,SqEuclidean,blended,788,4.383723468642999e6,insample,2004
cross,k_means,1573928461,50,3.17321e9,7.08866e9,25.2263236,25.6689105,SqEuclidean,blended,496,3.3464681806190014e6,insample,2008
cross,k_means,1573928461,50,3.17321e9,8.02266e9,24.5070368,26.4058626,SqEuclidean,blended,769,4.295468453543e6,insample,2011
cross,k_means,1573928461,50,3.17321e9,7.77345e9,24.4098077,25.1210751,SqEuclidean,blended,688,3.983169617646e6,insample,2012
cross,k_means,1573928461,50,3.17321e9,8.19835e9,25.2658729,24.8744763,SqEuclidean,blended,727,4.436605267468999e6,insample,2016
cross,k_means,1991051616,50,3.178e9,7.73984e11,9.6105181,57.894682200000005,SqEuclidean,blended,493,6.948489402718e6,initial,initial
cross,k_means,1991051616,50,3.178e9,9.56158e9,25.0787055,26.1308267,SqEuclidean,blended,1062,5.816534916147e6,insample,1982
cross,k_means,1991051616,50,3.178e9,8.99051e9,24.9550153,24.8505282,SqEuclidean,blended,853,5.1939474841060005e6,insample,1986
cross,k_means,1991051616,50,3.178e9,6.34773e9,24.9820316,24.9774247,SqEuclidean,blended,548,2.6411144445079993e6,insample,1990
cross,k_means,1991051616,50,3.178e9,9.51308e9,25.8028599,23.6609345,SqEuclidean,blended,759,5.774578371825999e6,insample,1994
cross,k_means,1991051616,50,3.178e9,7.63958e9,26.3548513,25.1885412,SqEuclidean,blended,651,3.8761835792549998e6,insample,1998
cross,k_means,1991051616,50,3.178e9,8.16935e9,31.0233643,33.1600606,SqEuclidean,blended,833,4.4185310134189995e6,insample,2004
cross,k_means,1991051616,50,3.178e9,7.10331e9,25.3785935,24.7810752,SqEuclidean,blended,511,3.3618170065349997e6,insample,2008
cross,k_means,1991051616,50,3.178e9,8.05376e9,25.1768731,24.4032779,SqEuclidean,blended,800,4.327231637462999e6,insample,2011
cross,k_means,1991051616,50,3.178e9,7.81645e9,25.6139487,25.1549164,SqEuclidean,blended,715,4.026866293756001e6,insample,2012
cross,k_means,1991051616,50,3.178e9,8.23457e9,24.1779733,24.4364536,SqEuclidean,blended,750,4.473484111897001e6,insample,2016
cross,k_means,2678701235,50,3.19834e9,9.84223e11,9.8725899,58.735867999999996,SqEuclidean,blended,499,6.948428784143e6,initial,initial
cross,k_means,2678701235,50,3.19834e9,9.63448e9,24.8175389,24.799846000000002,SqEuclidean,blended,1121,5.882957560976001e6,insample,1982
cross,k_means,2678701235,50,3.19834e9,9.07467e9,24.9072342,25.065878299999998,SqEuclidean,blended,896,5.271250526517999e6,insample,1986
cross,k_means,2678701235,50,3.19834e9,6.37456e9,24.9578972,27.6973485,SqEuclidean,blended,576,2.661345979208e6,insample,1990
cross,k_means,2678701235,50,3.19834e9,9.56057e9,24.5782522,25.4204564,SqEuclidean,blended,802,5.815546543156001e6,insample,1994
cross,k_means,2678701235,50,3.19834e9,7.69433e9,24.6632339,24.7812389,SqEuclidean,blended,708,3.924347069706e6,insample,1998
cross,k_means,2678701235,50,3.19834e9,8.23722e9,29.1750828,40.145287599999996,SqEuclidean,blended,873,4.479997596035999e6,insample,2004
cross,k_means,2678701235,50,3.19834e9,7.13535e9,24.3460069,25.8813635,SqEuclidean,blended,541,3.3872320579130007e6,insample,2008
cross,k_means,2678701235,50,3.19834e9,8.11609e9,24.4126142,25.3152721,SqEuclidean,blended,842,4.383349020578999e6,insample,2011
cross,k_means,2678701235,50,3.19834e9,7.8918e9,24.9058261,29.0728915,SqEuclidean,blended,771,4.095456053917e6,insample,2012
cross,k_means,2678701235,50,3.19834e9,8.29903e9,24.327634,25.2840085,SqEuclidean,blended,818,4.531405778386e6,insample,2016
cross,k_means,3861234567,50,3.20152e9,1.044e12,9.0360316,58.2907077,SqEuclidean,blended,500,6.948278120216001e6,initial,initial
cross,k_means,3861234567,50,3.20152e9,9.64583e9,24.7985071,25.085913,SqEuclidean,blended,1122,5.895240481975999e6,insample,1982
cross,k_means,3861234567,50,3.20152e9,9.08865e9,24.5835768,25.1062514,SqEuclidean,blended,913,5.286186274415e6,insample,1986
cross,k_means,3861234567,50,3.20152e9,6.37927e9,25.4484497,26.7051992,SqEuclidean,blended,580,2.6667593657299997e6,insample,1990
cross,k_means,3861234567,50,3.20152e9,9.5722e9,24.0828274,24.6470972,SqEuclidean,blended,815,5.828126015704e6,insample,1994
cross,k_means,3861234567,50,3.20152e9,7.7014e9,24.750464,23.312972499999997,SqEuclidean,blended,708,3.93233238748e6,insample,1998
cross,k_means,3861234567,50,3.20152e9,8.24912e9,28.7639433,33.5094552,SqEuclidean,blended,895,4.492779516827001e6,insample,2004
cross,k_means,3861234567,50,3.20152e9,7.14218e9,24.5461322,25.7300238,SqEuclidean,blended,554,3.394978335144e6,insample,2008
cross,k_means,3861234567,50,3.20152e9,8.13239e9,25.330956,28.826317799999998,SqEuclidean,blended,849,4.400631065196e6,insample,2011
cross,k_means,3861234567,50,3.20152e9,7.90225e9,24.2971835,28.0379242,SqEuclidean,blended,778,4.1069090823299997e6,insample,2012
cross,k_means,3861234567,50,3.20152e9,8.30467e9,24.9576272,25.2011933,SqEuclidean,blended,812,4.538067506949e6,insample,2016
cross,k_means,477073181,50,3.17402e9,7.24758e11,10.0092285,58.7183119,SqEuclidean,blended,500,6.94850124748e6,initial,initial
cross,k_means,477073181,50,3.17402e9,9.56961e9,24.9355513,24.703779,SqEuclidean,blended,1063,5.8231481032610005e6,insample,1982
cross,k_means,477073181,50,3.17402e9,8.99985e9,25.2913641,24.9896014,SqEuclidean,blended,849,5.201996417274002e6,insample,1986
cross,k_means,477073181,50,3.17402e9,6.35224e9,25.5311284,25.6008846,SqEuclidean,blended,562,2.643973527044e6,insample,1990
cross,k_means,477073181,50,3.17402e9,9.52225e9,25.3852208,23.4314857,SqEuclidean,blended,760,5.782300701942e6,insample,1994
cross,k_means,477073181,50,3.17402e9,7.64448e9,25.2962874,23.6741053,SqEuclidean,blended,646,3.879724070792e6,insample,1998
cross,k_means,477073181,50,3.17402e9,8.17812e9,32.1796191,37.675474699999995,SqEuclidean,blended,833,4.426105864127002e6,insample,2004
cross,k_means,477073181,50,3.17402e9,7.10874e9,25.1517658,25.557177499999998,SqEuclidean,blended,511,3.3658172434089994e6,insample,2008
cross,k_means,477073181,50,3.17402e9,8.06302e9,25.2654888,24.9376539,SqEuclidean,blended,795,4.335345873383e6,insample,2011
cross,k_means,477073181,50,3.17402e9,7.82549e9,25.00404,24.7742079,SqEuclidean,blended,717,4.0347128478790005e6,insample,2012
cross,k_means,477073181,50,3.17402e9,8.23896e9,25.0230854,24.5377568,SqEuclidean,blended,761,4.476650735959999e6,insample,2016
cross,k_means,876543210,50,3.17248e9,7.6998e11,9.7627966,56.925187300000005,SqEuclidean,blended,491,6.948516956066e6,initial,initial
cross,k_means,876543210,50,3.17248e9,9.54058e9,24.7735071,24.4265911,SqEuclidean,blended,1034,5.794370108681999e6,insample,1982
cross,k_means,876543210,50,3.17248e9,8.96677e9,25.522499,24.8530771,SqEuclidean,blended,824,5.169288676981e6,insample,1986
cross,k_means,876543210,50,3.17248e9,6.34351e9,26.4500589,27.8240622,SqEuclidean,blended,526,2.6355136703549987e6,insample,1990
cross,k_means,876543210,50,3.17248e9,9.50427e9,24.9810946,25.586667,SqEuclidean,blended,761,5.764787207368998e6,insample,1994
cross,k_means,876543210,50,3.17248e9,7.62567e9,24.9646581,25.2947324,SqEuclidean,blended,630,3.861592199297e6,insample,1998
cross,k_means,876543210,50,3.17248e9,8.15248e9,30.2375107,32.6767999,SqEuclidean,blended,805,4.401020491813999e6,insample,2004
cross,k_means,876543210,50,3.17248e9,7.09715e9,24.8492657,25.4143218,SqEuclidean,blended,514,3.354709422529e6,insample,2008
cross,k_means,876543210,50,3.17248e9,8.03894e9,25.9061382,26.319632400000003,SqEuclidean,blended,772,4.311584418949e6,insample,2011
cross,k_means,876543210,50,3.17248e9,7.79551e9,26.106432,28.219743700000002,SqEuclidean,blended,690,4.005323103492e6,insample,2012
cross,k_means,876543210,50,3.17248e9,8.21651e9,24.258352,25.633813200000002,SqEuclidean,blended,740,4.454504863686999e6,insample,2016
cross,k_means,987654321,50,3.17182e9,8.40728e11,10.1067247,57.7166256,SqEuclidean,blended,1151,1.6744454363445003e7,initial,initial
cross,k_means,987654321,50,3.17182e9,9.71875e9,24.4382628,24.8027878,SqEuclidean,blended,1172,5.961668143241e6,insample,1982
cross,k_means,987654321,50,3.17182e9,9.17029e9,24.3376631,26.0413641,SqEuclidean,blended,965,5.361426186651e6,insample,1986
cross,k_means,987654321,50,3.17182e9,6.40545e9,24.4273848,25.055203,SqEuclidean,blended,612,2.686508308683e6,insample,1990
cross,k_means,987654321,50,3.17182e9,9.624e9,24.7521698,27.5858023,SqEuclidean,blended,833,5.873310224477e6,insample,1994
cross,k_means,987654321,50,3.17182e9,7.76612e9,24.5293976,24.8490916,SqEuclidean,blended,760,3.9903400811380004e6,insample,1998
cross,k_means,987654321,50,3.17182e9,8.32601e9,31.7525584,35.0848665,SqEuclidean,blended,941,4.563382102609999e6,insample,2004
cross,k_means,987654321,50,3.17182e9,7.17647e9,24.536557,26.7532255,SqEuclidean,blended,577,3.4226786964319996e6,insample,2008
cross,k_means,987654321,50,3.17182e9,8.21355e9,24.4253904,25.0009266,SqEuclidean,blended,906,4.475834869911999e6,insample,2011
cross,k_means,987654321,50,3.17182e9,7.97579e9,24.4329808,26.0880675,SqEuclidean,blended,819,4.173880103752e6,insample,2012
cross,k_means,987654321,50,3.17182e9,8.36278e9,24.7278987,23.8271155,SqEuclidean,blended,853,4.589564121884e6,insample,2016
cross,conical_bounded,1,100,2.50447e9,3.02964e10,22.2549576,53.7734809,SqEuclidean,extreme,575,7.0870800703719985e6,initial,initial
cross,conical_bounded,1,100,2.50447e9,5.71218e9,26.283224,24.8066724,SqEuclidean,extreme,578,1.9146623986870002e6,insample,1982
cross,conical_bounded,1,100,2.50447e9,6.1603e9,25.7977094,24.896132299999998,SqEuclidean,extreme,390,2.3145275830820003e6,insample,1986
cross,conical_bounded,1,100,2.50447e9,4.58722e9,25.9261666,27.833866200000003,SqEuclidean,extreme,262,833936.794475,insample,1990
cross,conical_bounded,1,100,2.50447e9,6.01143e9,26.3971682,26.0981649,SqEuclidean,extreme,405,2.221129531003e6,insample,1994
cross,conical_bounded,1,100,2.50447e9,4.90699e9,26.2323441,26.5936762,SqEuclidean,extreme,418,1.0963535153820002e6,insample,1998
cross,conical_bounded,1,100,2.50447e9,5.08092e9,36.2696035,38.7743539,SqEuclidean,extreme,369,1.2799858434799998e6,insample,2004
cross,conical_bounded,1,100,2.50447e9,5.11773e9,27.3555832,25.4980122,SqEuclidean,extreme,304,1.3282310346529994e6,insample,2008
cross,conical_bounded,1,100,2.50447e9,5.40484e9,26.4627342,25.0589799,SqEuclidean,extreme,420,1.6290865162189999e6,insample,2011
cross,conical_bounded,1,100,2.50447e9,4.88117e9,26.6260824,25.3443323,SqEuclidean,extreme,307,1.0428735293909999e6,insample,2012
cross,conical_bounded,1,100,2.50447e9,5.33991e9,25.9965304,24.6044148,SqEuclidean,extreme,304,1.5290455268579996e6,insample,2016
cross,conical_bounded,1,20,2.99558e9,1.31454e11,2.6948652,35.9424483,SqEuclidean,extreme,550,6.957218021463e6,initial,initial
cross,conical_bounded,1,20,2.99558e9,9.18413e9,26.0305679,23.7684016,SqEuclidean,extreme,805,5.419707517754999e6,insample,1982
cross,conical_bounded,1,20,2.99558e9,8.4665e9,26.0086593,24.5364459,SqEuclidean,extreme,609,4.650612164528999e6,insample,1986
cross,conical_bounded,1,20,2.99558e9,6.18284e9,25.1998457,25.8329279,SqEuclidean,extreme,429,2.457780221927e6,insample,1990
cross,conical_bounded,1,20,2.99558e9,9.34379e9,26.378743,23.986098499999997,SqEuclidean,extreme,659,5.585456499137e6,insample,1994
cross,conical_bounded,1,20,2.99558e9,7.42759e9,25.2872785,23.9278396,SqEuclidean,extreme,594,3.6467089932e6,insample,1998
cross,conical_bounded,1,20,2.99558e9,7.6718e9,31.821631,36.9614305,SqEuclidean,extreme,594,3.900497509626e6,insample,2004
cross,conical_bounded,1,20,2.99558e9,6.87401e9,26.0881142,25.6137797,SqEuclidean,extreme,415,3.112468481337e6,insample,2008
cross,conical_bounded,1,20,2.99558e9,7.72474e9,25.8499688,24.2221122,SqEuclidean,extreme,607,3.977857436880001e6,insample,2011
cross,conical_bounded,1,20,2.99558e9,7.227e9,25.1564711,25.3811516,SqEuclidean,extreme,495,3.418066313766e6,insample,2012
cross,conical_bounded,1,20,2.99558e9,7.868e9,25.2733749,24.431777699999998,SqEuclidean,extreme,529,4.088137032765e6,insample,2016
cross,conical_bounded,1,50,2.64648e9,5.51104e10,7.9038246,43.004585899999995,SqEuclidean,extreme,554,6.987150646232e6,initial,initial
cross,conical_bounded,1,50,2.64648e9,7.23499e9,26.5935379,25.197531899999998,SqEuclidean,extreme,681,3.451224857953001e6,insample,1982
cross,conical_bounded,1,50,2.64648e9,7.05163e9,26.670691,25.1518067,SqEuclidean,extreme,428,3.218179950474001e6,insample,1986
cross,conical_bounded,1,50,2.64648e9,5.26963e9,26.8937909,26.8820422,SqEuclidean,extreme,328,1.5283394380729997e6,insample,1990
cross,conical_bounded,1,50,2.64648e9,7.62826e9,25.9665524,25.500355099999997,SqEuclidean,extreme,514,3.851088998276e6,insample,1994
cross,conical_bounded,1,50,2.64648e9,5.79814e9,26.3633561,25.302583600000002,SqEuclidean,extreme,479,1.9983301664279997e6,insample,1998
cross,conical_bounded,1,50,2.64648e9,5.7432e9,33.6468013,36.563922999999996,SqEuclidean,extreme,409,1.952812099661e6,insample,2004
cross,conical_bounded,1,50,2.64648e9,5.51952e9,27.302402,27.587757800000002,SqEuclidean,extreme,337,1.7410271819729998e6,insample,2008
cross,conical_bounded,1,50,2.64648e9,6.18458e9,27.0600003,23.6175089,SqEuclidean,extreme,498,2.419371886378e6,insample,2011
cross,conical_bounded,1,50,2.64648e9,5.57904e9,26.6821239,24.2583599,SqEuclidean,extreme,358,1.7517614697440001e6,insample,2012
cross,conical_bounded,1,50,2.64648e9,6.17766e9,26.5957122,25.4027668,SqEuclidean,extreme,384,2.3800474145269995e6,insample,2016
cross,convex_hull,1,100,2.65538e9,2.97567e10,22.9126078,53.210893999999996,SqEuclidean,extreme,573,7.105238275864998e6,initial,initial
cross,convex_hull,1,100,2.65538e9,5.52044e9,35.1620674,32.985441200000004,SqEuclidean,extreme,623,1.7273284763669998e6,insample,1982
cross,convex_hull,1,100,2.65538e9,6.08046e9,27.1146987,25.674505500000002,SqEuclidean,extreme,542,2.238677234559001e6,insample,1986
cross,convex_hull,1,100,2.65538e9,4.3196e9,27.8275331,25.4253838,SqEuclidean,extreme,376,571173.1620969999,insample,1990
cross,convex_hull,1,100,2.65538e9,5.6636e9,28.0283941,23.585211100000002,SqEuclidean,extreme,469,1.8769817324009999e6,insample,1994
cross,convex_hull,1,100,2.65538e9,4.66461e9,27.6725033,24.3341066,SqEuclidean,extreme,354,856706.2396539999,insample,1998
cross,convex_hull,1,100,2.65538e9,4.74e9,34.6762408,33.686371,SqEuclidean,extreme,483,941842.269975,insample,2004
cross,convex_hull,1,100,2.65538e9,4.58949e9,26.8050919,25.545398300000002,SqEuclidean,extreme,264,802124.3459040001,insample,2008
cross,convex_hull,1,100,2.65538e9,5.12868e9,27.2703583,25.1515089,SqEuclidean,extreme,567,1.356623569474e6,insample,2011
cross,convex_hull,1,100,2.65538e9,4.3821e9,27.2129835,28.909144,SqEuclidean,extreme,339,546604.3468780001,insample,2012
cross,convex_hull,1,100,2.65538e9,4.87461e9,27.0606919,25.995306,SqEuclidean,extreme,426,1.068911329066e6,insample,2016
cross,convex_hull,1,20,3.13724e9,1.31545e11,3.1876307,42.7378645,SqEuclidean,extreme,555,6.993696182411e6,initial,initial
cross,convex_hull,1,20,3.13724e9,5.55177e9,35.3417655,35.036163599999995,SqEuclidean,extreme,480,1.767645087571e6,insample,1982
cross,convex_hull,1,20,3.13724e9,6.08697e9,26.1365624,23.5525367,SqEuclidean,extreme,404,2.255650886591e6,insample,1986
cross,convex_hull,1,20,3.13724e9,4.25264e9,26.8701632,26.7022783,SqEuclidean,extreme,204,515450.814381,insample,1990
cross,convex_hull,1,20,3.13724e9,5.61418e9,26.1547384,25.033158099999998,SqEuclidean,extreme,347,1.8364023054680002e6,insample,1994
cross,convex_hull,1,20,3.13724e9,4.74297e9,25.7665248,24.8781636,SqEuclidean,extreme,388,946906.5979609999,insample,1998
cross,convex_hull,1,20,3.13724e9,4.7803e9,33.3393042,33.035182500000005,SqEuclidean,extreme,331,993612.546631,insample,2004
cross,convex_hull,1,20,3.13724e9,4.71378e9,26.1797812,29.4402504,SqEuclidean,extreme,248,938678.6231200001,insample,2008
cross,convex_hull,1,20,3.13724e9,5.19748e9,26.5734687,23.8054139,SqEuclidean,extreme,371,1.4350578868550002e6,insample,2011
cross,convex_hull,1,20,3.13724e9,4.41404e9,25.9354344,24.711003299999998,SqEuclidean,extreme,241,589496.7664239999,insample,2012
cross,convex_hull,1,20,3.13724e9,4.87626e9,25.5542823,24.3289459,SqEuclidean,extreme,240,1.0792268122110004e6,insample,2016
cross,convex_hull,1,50,2.76439e9,5.52452e10,9.2182257,41.0562326,SqEuclidean,extreme,566,7.041716684265e6,initial,initial
cross,convex_hull,1,50,2.76439e9,5.80421e9,32.0727663,34.6376836,SqEuclidean,extreme,531,2.0167831100940001e6,insample,1982
cross,convex_hull,1,50,2.76439e9,6.60463e9,27.2331974,25.0366162,SqEuclidean,extreme,522,2.7701974273509993e6,insample,1986
cross,convex_hull,1,50,2.76439e9,4.70943e9,27.3468859,26.3460624,SqEuclidean,extreme,302,966864.3307510001,insample,1990
cross,convex_hull,1,50,2.76439e9,6.33559e9,27.6704737,25.0454011,SqEuclidean,extreme,458,2.557045031326e6,insample,1994
cross,convex_hull,1,50,2.76439e9,4.77985e9,26.2269323,25.8844907,SqEuclidean,extreme,312,976257.4510929999,insample,1998
cross,convex_hull,1,50,2.76439e9,4.99435e9,35.1802201,33.989751399999996,SqEuclidean,extreme,428,1.2028277211000002e6,insample,2004
cross,convex_hull,1,50,2.76439e9,5.06171e9,26.5881849,26.8966016,SqEuclidean,extreme,259,1.2808675149519998e6,insample,2008
cross,convex_hull,1,50,2.76439e9,5.79441e9,26.7220883,24.2693382,SqEuclidean,extreme,515,2.0292665319690001e6,insample,2011
cross,convex_hull,1,50,2.76439e9,4.92968e9,27.5695608,27.4967912,SqEuclidean,extreme,315,1.101309459728e6,insample,2012
cross,convex_hull,1,50,2.76439e9,5.43015e9,26.4292562,27.4031584,SqEuclidean,extreme,390,1.63211286612e6,insample,2016
cross,k_medoids,1005471400,100,2.42175e9,2.99314e10,26.2145733,44.1627296,SqEuclidean,extreme,596,7.145312006111999e6,initial,initial
cross,k_medoids,1005471400,100,2.42175e9,6.21285e9,32.8137761,35.681025399999996,SqEuclidean,extreme,692,2.4230460670960005e6,insample,1982
cross,k_medoids,1005471400,100,2.42175e9,6.75947e9,25.5215433,25.1334309,SqEuclidean,extreme,564,2.9211288147560004e6,insample,1986
cross,k_medoids,1005471400,100,2.42175e9,4.65743e9,27.6350516,25.7883727,SqEuclidean,extreme,330,911464.927843,insample,1990
cross,k_medoids,1005471400,100,2.42175e9,6.2136e9,25.8668813,25.813102999999998,SqEuclidean,extreme,506,2.429190896948e6,insample,1994
cross,k_medoids,1005471400,100,2.42175e9,5.13613e9,26.5251452,23.4874846,SqEuclidean,extreme,417,1.3337582328229998e6,insample,1998
cross,k_medoids,1005471400,100,2.42175e9,5.60021e9,34.9664485,37.5245461,SqEuclidean,extreme,549,1.8052980842129998e6,insample,2004
cross,k_medoids,1005471400,100,2.42175e9,5.17365e9,26.1887235,27.4909306,SqEuclidean,extreme,373,1.390535675151e6,insample,2008
cross,k_medoids,1005471400,100,2.42175e9,5.78503e9,27.2418144,25.1231624,SqEuclidean,extreme,564,2.0157248978339997e6,insample,2011
cross,k_medoids,1005471400,100,2.42175e9,5.00223e9,26.9885065,25.773529,SqEuclidean,extreme,386,1.171620569526e6,insample,2012
cross,k_medoids,1005471400,100,2.42175e9,5.59821e9,26.0809956,24.0748934,SqEuclidean,extreme,377,1.7940684490519997e6,insample,2016
cross,k_medoids,1262311769,100,2.47504e9,3.0526e10,25.139349,42.545949,SqEuclidean,extreme,596,7.185215628061001e6,initial,initial
cross,k_medoids,1262311769,100,2.47504e9,5.6345e9,32.4017036,33.4902324,SqEuclidean,extreme,499,1.839474012451e6,insample,1982
cross,k_medoids,1262311769,100,2.47504e9,6.15826e9,25.9245082,24.5020205,SqEuclidean,extreme,391,2.3151864037320004e6,insample,1986
cross,k_medoids,1262311769,100,2.47504e9,4.36317e9,26.5711172,25.6629951,SqEuclidean,extreme,221,612914.22835,insample,1990
cross,k_medoids,1262311769,100,2.47504e9,5.83511e9,26.6271851,25.4034694,SqEuclidean,extreme,331,2.0473076495750002e6,insample,1994
cross,k_medoids,1262311769,100,2.47504e9,4.87225e9,26.0289834,25.163597199999998,SqEuclidean,extreme,248,1.065414687825e6,insample,1998
cross,k_medoids,1262311769,100,2.47504e9,5.0512e9,32.8833881,35.6882965,SqEuclidean,extreme,301,1.2530843638239997e6,insample,2004
cross,k_medoids,1262311769,100,2.47504e9,4.87005e9,27.2928209,26.2078998,SqEuclidean,extreme,242,1.082783975327e6,insample,2008
cross,k_medoids,1262311769,100,2.47504e9,5.24059e9,26.510202,26.3268988,SqEuclidean,extreme,434,1.465564143372e6,insample,2011
cross,k_medoids,1262311769,100,2.47504e9,4.6311e9,26.9139142,24.684999700000002,SqEuclidean,extreme,233,796321.633436,insample,2012
cross,k_medoids,1262311769,100,2.47504e9,5.25957e9,27.2800851,23.8444961,SqEuclidean,extreme,275,1.450752833714e6,insample,2016
cross,k_medoids,1400059389,100,2.48134e9,3.02832e10,24.5866475,37.8085929,SqEuclidean,extreme,559,7.166240508427e6,initial,initial
cross,k_medoids,1400059389,100,2.48134e9,5.9091e9,35.1526063,38.0679126,SqEuclidean,extreme,667,2.113175433354e6,insample,1982
cross,k_medoids,1400059389,100,2.48134e9,6.31441e9,26.4815187,26.2335609,SqEuclidean,extreme,514,2.470843171283e6,insample,1986
cross,k_medoids,1400059389,100,2.48134e9,4.36466e9,27.7404086,23.731277,SqEuclidean,extreme,301,615137.2960940001,insample,1990
cross,k_medoids,1400059389,100,2.48134e9,5.78516e9,27.4283628,25.924126,SqEuclidean,extreme,448,1.9947146655060002e6,insample,1994
cross,k_medoids,1400059389,100,2.48134e9,4.84054e9,25.9785815,23.677340700000002,SqEuclidean,extreme,467,1.033607395666e6,insample,1998
cross,k_medoids,1400059389,100,2.48134e9,4.92646e9,34.1630103,33.5431757,SqEuclidean,extreme,433,1.1272023296840002e6,insample,2004
cross,k_medoids,1400059389,100,2.48134e9,4.73742e9,26.8874066,25.2816378,SqEuclidean,extreme,306,951434.923676,insample,2008
cross,k_medoids,1400059389,100,2.48134e9,5.37435e9,26.9088047,23.88251,SqEuclidean,extreme,584,1.5982383546169999e6,insample,2011
cross,k_medoids,1400059389,100,2.48134e9,4.51032e9,26.046147,27.9496782,SqEuclidean,extreme,366,675268.6548949997,insample,2012
cross,k_medoids,1400059389,100,2.48134e9,4.96714e9,26.3927245,24.1425911,SqEuclidean,extreme,322,1.159377807577e6,insample,2016
cross,k_medoids,1693313909,100,2.60025e9,3.04503e10,24.6588765,45.4979772,SqEuclidean,extreme,593,7.153526830532999e6,initial,initial
cross,k_medoids,1693313909,100,2.60025e9,5.34843e9,36.4386306,34.8082852,SqEuclidean,extreme,557,1.55658716521e6,insample,1982
cross,k_medoids,1693313909,100,2.60025e9,5.86924e9,29.7339243,25.940558,SqEuclidean,extreme,489,2.0291869272399996e6,insample,1986
cross,k_medoids,1693313909,100,2.60025e9,4.28884e9,26.2678,24.9647206,SqEuclidean,extreme,339,542492.113929,insample,1990
cross,k_medoids,1693313909,100,2.60025e9,5.67406e9,26.9192355,27.2051052,SqEuclidean,extreme,432,1.8881611171070004e6,insample,1994
cross,k_medoids,1693313909,100,2.60025e9,4.62315e9,27.369075,23.5150082,SqEuclidean,extreme,378,817468.659653,insample,1998
cross,k_medoids,1693313909,100,2.60025e9,4.87097e9,34.1251217,34.7941935,SqEuclidean,extreme,442,1.075109454551e6,insample,2004
cross,k_medoids,1693313909,100,2.60025e9,4.68122e9,27.7727412,24.280078,SqEuclidean,extreme,277,897184.2858350001,insample,2008
cross,k_medoids,1693313909,100,2.60025e9,5.04633e9,25.8089998,22.9244334,SqEuclidean,extreme,511,1.2739083625089999e6,insample,2011
cross,k_medoids,1693313909,100,2.60025e9,4.5456e9,26.5989507,24.7206087,SqEuclidean,extreme,316,713559.910626,insample,2012
cross,k_medoids,1693313909,100,2.60025e9,4.87971e9,27.2382091,25.2897161,SqEuclidean,extreme,354,1.075563453075e6,insample,2016
cross,k_medoids,2483487299,100,2.46817e9,2.99728e10,26.1783916,45.0477418,SqEuclidean,extreme,542,7.149800202590999e6,initial,initial
cross,k_medoids,2483487299,100,2.46817e9,5.69058e9,27.864267,26.998340900000002,SqEuclidean,extreme,581,1.9037364628239998e6,insample,1982
cross,k_medoids,2483487299,100,2.46817e9,6.23947e9,26.7186925,26.4617608,SqEuclidean,extreme,400,2.4063336957310014e6,insample,1986
cross,k_medoids,2483487299,100,2.46817e9,4.44462e9,26.7936486,26.503112199999997,SqEuclidean,extreme,242,704318.966765,insample,1990
cross,k_medoids,2483487299,100,2.46817e9,6.14053e9,27.7005644,24.0562079,SqEuclidean,extreme,396,2.360821787798e6,insample,1994
cross,k_medoids,2483487299,100,2.46817e9,4.79722e9,27.4424343,24.816787899999998,SqEuclidean,extreme,278,997978.4424,insample,1998
cross,k_medoids,2483487299,100,2.46817e9,4.98742e9,33.4687391,36.3170703,SqEuclidean,extreme,346,1.195656241921e6,insample,2004
cross,k_medoids,2483487299,100,2.46817e9,4.90208e9,26.9394312,26.827136099999997,SqEuclidean,extreme,246,1.124385292862e6,insample,2008
cross,k_medoids,2483487299,100,2.46817e9,5.3383e9,25.9298527,23.8289607,SqEuclidean,extreme,458,1.5728420865809997e6,insample,2011
cross,k_medoids,2483487299,100,2.46817e9,4.77198e9,26.774094,24.2487128,SqEuclidean,extreme,257,945244.196981,insample,2012
cross,k_medoids,2483487299,100,2.46817e9,5.13555e9,26.5952666,25.0024746,SqEuclidean,extreme,293,1.335785354858e6,insample,2016
cross,k_medoids,2529186237,100,2.40533e9,3.0817e10,25.885219,43.8786562,SqEuclidean,extreme,586,7.190498539096e6,initial,initial
cross,k_medoids,2529186237,100,2.40533e9,6.43398e9,37.2194761,34.3973691,SqEuclidean,extreme,615,2.6485198334000004e6,insample,1982
cross,k_medoids,2529186237,100,2.40533e9,6.77545e9,26.6640407,24.6917519,SqEuclidean,extreme,479,2.941522164097e6,insample,1986
cross,k_medoids,2529186237,100,2.40533e9,4.72631e9,27.0414243,25.9713253,SqEuclidean,extreme,336,982670.6025370001,insample,1990
cross,k_medoids,2529186237,100,2.40533e9,6.65304e9,28.3360788,25.1565367,SqEuclidean,extreme,444,2.874605865229e6,insample,1994
cross,k_medoids,2529186237,100,2.40533e9,5.3187e9,27.6594895,24.806038400000002,SqEuclidean,extreme,352,1.5181122010430004e6,insample,1998
cross,k_medoids,2529186237,100,2.40533e9,5.42587e9,31.3652255,32.1953236,SqEuclidean,extreme,416,1.6350334070139998e6,insample,2004
cross,k_medoids,2529186237,100,2.40533e9,5.09764e9,27.227652,26.3231222,SqEuclidean,extreme,311,1.316052719126e6,insample,2008
cross,k_medoids,2529186237,100,2.40533e9,5.61633e9,26.5358441,23.2300994,SqEuclidean,extreme,512,1.8503574578849997e6,insample,2011
cross,k_medoids,2529186237,100,2.40533e9,4.92005e9,27.1033547,24.5830253,SqEuclidean,extreme,298,1.091373271152e6,insample,2012
cross,k_medoids,2529186237,100,2.40533e9,5.66504e9,26.7484522,24.2982389,SqEuclidean,extreme,350,1.8647270106660002e6,insample,2016
cross,k_medoids,2910484191,100,2.46716e9,3.06877e10,24.5860635,43.637868,SqEuclidean,extreme,588,7.301696406308999e6,initial,initial
cross,k_medoids,2910484191,100,2.46716e9,6.81031e9,33.0208926,33.0450508,SqEuclidean,extreme,646,3.025109957145e6,insample,1982
cross,k_medoids,2910484191,100,2.46716e9,6.78637e9,26.682138,23.5491719,SqEuclidean,extreme,456,2.951662393424001e6,insample,1986
cross,k_medoids,2910484191,100,2.46716e9,5.01918e9,25.7507904,25.613423700000002,SqEuclidean,extreme,300,1.2762986976359999e6,insample,1990
cross,k_medoids,2910484191,100,2.46716e9,7.20015e9,26.6371947,24.868396399999998,SqEuclidean,extreme,448,3.421369808668e6,insample,1994
cross,k_medoids,2910484191,100,2.46716e9,5.49702e9,26.0751535,25.2681365,SqEuclidean,extreme,358,1.697561480383e6,insample,1998
cross,k_medoids,2910484191,100,2.46716e9,5.72823e9,31.9465352,31.451680500000002,SqEuclidean,extreme,424,1.9367476993540002e6,insample,2004
cross,k_medoids,2910484191,100,2.46716e9,5.23523e9,26.4751158,25.0108043,SqEuclidean,extreme,302,1.4534638709119996e6,insample,2008
cross,k_medoids,2910484191,100,2.46716e9,5.77319e9,25.9990542,24.1233679,SqEuclidean,extreme,491,2.0059230706659998e6,insample,2011
cross,k_medoids,2910484191,100,2.46716e9,5.37296e9,27.3093189,27.9454294,SqEuclidean,extreme,305,1.5450636787830002e6,insample,2012
cross,k_medoids,2910484191,100,2.46716e9,5.8763e9,26.5828228,26.5530712,SqEuclidean,extreme,325,2.075595019062e6,insample,2016
cross,k_medoids,2931455462,100,2.43235e9,3.11641e10,24.9262516,46.6072329,SqEuclidean,extreme,616,7.534908464313e6,initial,initial
cross,k_medoids,2931455462,100,2.43235e9,5.95486e9,31.1356683,29.7876993,SqEuclidean,extreme,585,2.1623393740500007e6,insample,1982
cross,k_medoids,2931455462,100,2.43235e9,6.28286e9,26.7948436,24.400017899999998,SqEuclidean,extreme,392,2.441755316979e6,insample,1986
cross,k_medoids,2931455462,100,2.43235e9,4.36744e9,27.2041926,25.8099077,SqEuclidean,extreme,244,619489.509855,insample,1990
cross,k_medoids,2931455462,100,2.43235e9,6.18483e9,26.5324063,24.919399900000002,SqEuclidean,extreme,376,2.3966327709009997e6,insample,1994
cross,k_medoids,2931455462,100,2.43235e9,4.87438e9,26.9347163,24.876130500000002,SqEuclidean,extreme,259,1.069204022611e6,insample,1998
cross,k_medoids,2931455462,100,2.43235e9,5.09728e9,35.5095406,32.791942199999994,SqEuclidean,extreme,362,1.2994902319709996e6,insample,2004
cross,k_medoids,2931455462,100,2.43235e9,4.73611e9,27.4106366,24.5879062,SqEuclidean,extreme,259,950771.378793,insample,2008
cross,k_medoids,2931455462,100,2.43235e9,5.29189e9,26.0825852,23.851591900000003,SqEuclidean,extreme,489,1.5179312790629996e6,insample,2011
cross,k_medoids,2931455462,100,2.43235e9,4.65407e9,28.1118845,25.1572482,SqEuclidean,extreme,270,820519.004527,insample,2012
cross,k_medoids,2931455462,100,2.43235e9,5.1537e9,27.26576,24.504477700000002,SqEuclidean,extreme,300,1.3471977079769997e6,insample,2016
cross,k_medoids,3631457564,100,2.39025e9,3.02337e10,25.9905899,44.4849112,SqEuclidean,extreme,595,7.176924973285e6,initial,initial
cross,k_medoids,3631457564,100,2.39025e9,7.45228e9,29.5453725,30.3424466,SqEuclidean,extreme,764,3.666722568492e6,insample,1982
cross,k_medoids,3631457564,100,2.39025e9,7.29994e9,26.5529173,26.067264899999998,SqEuclidean,extreme,544,3.464933754273e6,insample,1986
cross,k_medoids,3631457564,100,2.39025e9,5.14409e9,26.6690216,27.888385800000002,SqEuclidean,extreme,411,1.400518039945e6,insample,1990
cross,k_medoids,3631457564,100,2.39025e9,7.447e9,25.8029224,26.0687248,SqEuclidean,extreme,529,3.666143874628e6,insample,1994
cross,k_medoids,3631457564,100,2.39025e9,5.68082e9,25.6847202,24.6106116,SqEuclidean,extreme,416,1.8795103971710003e6,insample,1998
cross,k_medoids,3631457564,100,2.39025e9,6.01642e9,34.477067,35.5616002,SqEuclidean,extreme,557,2.222782590696e6,insample,2004
cross,k_medoids,3631457564,100,2.39025e9,5.34428e9,27.1501677,24.0614806,SqEuclidean,extreme,317,1.5631024108919995e6,insample,2008
cross,k_medoids,3631457564,100,2.39025e9,6.11403e9,26.0969174,23.6610997,SqEuclidean,extreme,571,2.34810983955e6,insample,2011
cross,k_medoids,3631457564,100,2.39025e9,5.2527e9,26.3908576,24.9727436,SqEuclidean,extreme,384,1.421587270486e6,insample,2012
cross,k_medoids,3631457564,100,2.39025e9,6.07413e9,26.791001,25.291091599999998,SqEuclidean,extreme,458,2.2749054977649995e6,insample,2016
cross,k_medoids,472808301,100,2.61987e9,3.21438e10,25.4038556,44.0157602,SqEuclidean,extreme,619,7.426749861710998e6,initial,initial
cross,k_medoids,472808301,100,2.61987e9,5.34581e9,26.1735815,24.789318,SqEuclidean,extreme,536,1.555566429407e6,insample,1982
cross,k_medoids,472808301,100,2.61987e9,5.80237e9,27.1772287,24.412906,SqEuclidean,extreme,389,1.9647559021039999e6,insample,1986
cross,k_medoids,472808301,100,2.61987e9,4.26856e9,26.6238863,25.2641414,SqEuclidean,extreme,246,523148.06196500006,insample,1990
cross,k_medoids,472808301,100,2.61987e9,5.68588e9,26.031395,25.436243400000002,SqEuclidean,extreme,359,1.9013099012260002e6,insample,1994
cross,k_medoids,472808301,100,2.61987e9,4.67598e9,26.3252306,24.325914700000002,SqEuclidean,extreme,295,872448.040497,insample,1998
cross,k_medoids,472808301,100,2.61987e9,4.8398e9,33.0213352,36.370205000000006,SqEuclidean,extreme,358,1.0445373899499999e6,insample,2004
cross,k_medoids,472808301,100,2.61987e9,4.73508e9,27.1886527,26.002280499999998,SqEuclidean,extreme,265,950471.8073670003,insample,2008
cross,k_medoids,472808301,100,2.61987e9,4.97594e9,25.5553353,23.2432141,SqEuclidean,extreme,411,1.2074114635309996e6,insample,2011
cross,k_medoids,472808301,100,2.61987e9,4.53215e9,25.7068414,26.6624137,SqEuclidean,extreme,261,700841.8645019999,insample,2012
cross,k_medoids,472808301,100,2.61987e9,4.96445e9,27.429578,25.1704003,SqEuclidean,extreme,292,1.160539459448e6,insample,2016
cross,k_medoids,1516602964,20,2.94614e9,1.31151e11,2.6161388,34.6793486,SqEuclidean,extreme,546,6.955287239351e6,initial,initial
cross,k_medoids,1516602964,20,2.94614e9,7.08489e9,25.7232007,25.5478604,SqEuclidean,extreme,852,3.306707258464e6,insample,1982
cross,k_medoids,1516602964,20,2.94614e9,7.47535e9,26.2090225,24.926531299999997,SqEuclidean,extreme,709,3.6499467401409997e6,insample,1986
cross,k_medoids,1516602964,20,2.94614e9,4.96551e9,27.2914324,24.074357600000003,SqEuclidean,extreme,394,1.2314658047390005e6,insample,1990
cross,k_medoids,1516602964,20,2.94614e9,7.04317e9,25.6226029,23.805569000000002,SqEuclidean,extreme,588,3.2711981017350005e6,insample,1994
cross,k_medoids,1516602964,20,2.94614e9,5.62762e9,26.3084963,24.2941835,SqEuclidean,extreme,595,1.8363278836019998e6,insample,1998
cross,k_medoids,1516602964,20,2.94614e9,5.84195e9,32.6640109,35.9934903,SqEuclidean,extreme,679,2.0599319669350001e6,insample,2004
cross,k_medoids,1516602964,20,2.94614e9,5.35407e9,26.1391854,26.030139700000003,SqEuclidean,extreme,447,1.582435816119e6,insample,2008
cross,k_medoids,1516602964,20,2.94614e9,6.11828e9,26.07001,23.3188902,SqEuclidean,extreme,664,2.3586435306450003e6,insample,2011
cross,k_medoids,1516602964,20,2.94614e9,5.26538e9,27.023227,23.842843,SqEuclidean,extreme,544,1.4457504344710002e6,insample,2012
cross,k_medoids,1516602964,20,2.94614e9,5.84571e9,26.9564212,25.755341299999998,SqEuclidean,extreme,516,2.0525610000949998e6,insample,2016
cross,k_medoids,1886534858,20,2.98284e9,1.31219e11,2.4655926,33.219535,SqEuclidean,extreme,550,6.9712868384650005e6,initial,initial
cross,k_medoids,1886534858,20,2.98284e9,6.95783e9,24.9374276,25.387615,SqEuclidean,extreme,729,3.1830089779459997e6,insample,1982
cross,k_medoids,1886534858,20,2.98284e9,7.19834e9,26.1771839,24.797896899999998,SqEuclidean,extreme,569,3.375560343747e6,insample,1986
cross,k_medoids,1886534858,20,2.98284e9,4.92881e9,24.774804,25.7103897,SqEuclidean,extreme,341,1.1974290909570002e6,insample,1990
cross,k_medoids,1886534858,20,2.98284e9,7.05954e9,26.1755322,25.912696500000003,SqEuclidean,extreme,522,3.290868493975e6,insample,1994
cross,k_medoids,1886534858,20,2.98284e9,5.51973e9,24.9972739,24.5215174,SqEuclidean,extreme,536,1.7305289417769997e6,insample,1998
cross,k_medoids,1886534858,20,2.98284e9,5.61829e9,30.8962104,38.680925,SqEuclidean,extreme,535,1.838136314363e6,insample,2004
cross,k_medoids,1886534858,20,2.98284e9,5.28401e9,25.1256845,25.4546085,SqEuclidean,extreme,404,1.51429412686e6,insample,2008
cross,k_medoids,1886534858,20,2.98284e9,5.9574e9,25.8118499,25.9314316,SqEuclidean,extreme,540,2.2006711225430006e6,insample,2011
cross,k_medoids,1886534858,20,2.98284e9,5.19702e9,24.7879543,25.772313,SqEuclidean,extreme,417,1.3793766462729997e6,insample,2012
cross,k_medoids,1886534858,20,2.98284e9,5.80656e9,24.6416036,25.1405626,SqEuclidean,extreme,421,2.0165022186410003e6,insample,2016
cross,k_medoids,2317698438,20,2.93676e9,1.31146e11,2.5185964,31.6598574,SqEuclidean,extreme,550,6.964923255916e6,initial,initial
cross,k_medoids,2317698438,20,2.93676e9,1.00381e10,25.2150463,24.0708223,SqEuclidean,extreme,1111,6.276400069933001e6,insample,1982
cross,k_medoids,2317698438,20,2.93676e9,9.37306e9,25.8638933,25.7323717,SqEuclidean,extreme,878,5.562738980857002e6,insample,1986
cross,k_medoids,2317698438,20,2.93676e9,6.67693e9,25.1996603,23.9029198,SqEuclidean,extreme,579,2.9549449967749994e6,insample,1990
cross,k_medoids,2317698438,20,2.93676e9,9.9857e9,24.7980258,26.1024392,SqEuclidean,extreme,831,6.230605423942002e6,insample,1994
cross,k_medoids,2317698438,20,2.93676e9,7.89176e9,24.6365017,24.7080733,SqEuclidean,extreme,805,4.114905978505e6,insample,1998
cross,k_medoids,2317698438,20,2.93676e9,8.78725e9,35.0697024,35.607084900000004,SqEuclidean,extreme,910,5.022656987622e6,insample,2004
cross,k_medoids,2317698438,20,2.93676e9,7.34507e9,25.1973732,25.2993991,SqEuclidean,extreme,602,3.5879397145040003e6,insample,2008
cross,k_medoids,2317698438,20,2.93676e9,8.34955e9,24.9369483,23.4952821,SqEuclidean,extreme,837,4.6046301346700005e6,insample,2011
cross,k_medoids,2317698438,20,2.93676e9,8.06575e9,24.9714922,27.6166748,SqEuclidean,extreme,774,4.264049271195e6,insample,2012
cross,k_medoids,2317698438,20,2.93676e9,8.68488e9,25.1739348,23.4137422,SqEuclidean,extreme,795,4.909256022435e6,insample,2016
cross,k_medoids,2466700586,20,2.91461e9,1.31089e11,2.5407843,31.830853400000002,SqEuclidean,extreme,545,6.955329856698999e6,initial,initial
cross,k_medoids,2466700586,20,2.91461e9,9.98661e9,26.5514547,25.5927733,SqEuclidean,extreme,1022,6.227401482305001e6,insample,1982
cross,k_medoids,2466700586,20,2.91461e9,9.23082e9,26.8504199,25.3863647,SqEuclidean,extreme,767,5.422035272453999e6,insample,1986
cross,k_medoids,2466700586,20,2.91461e9,6.6702e9,25.7111958,26.7060399,SqEuclidean,extreme,544,2.9505138655439992e6,insample,1990
cross,k_medoids,2466700586,20,2.91461e9,9.95209e9,25.7442501,24.7984058,SqEuclidean,extreme,771,6.200054899740002e6,insample,1994
cross,k_medoids,2466700586,20,2.91461e9,7.82195e9,25.4902337,24.921913,SqEuclidean,extreme,745,4.04872156596e6,insample,1998
cross,k_medoids,2466700586,20,2.91461e9,8.67346e9,33.3044687,39.5455587,SqEuclidean,extreme,820,4.910452441185e6,insample,2004
cross,k_medoids,2466700586,20,2.91461e9,7.29083e9,25.6882935,24.2785794,SqEuclidean,extreme,533,3.536101053643e6,insample,2008
cross,k_medoids,2466700586,20,2.91461e9,8.29e9,25.2024089,24.875458000000002,SqEuclidean,extreme,770,4.546544454456e6,insample,2011
cross,k_medoids,2466700586,20,2.91461e9,7.96238e9,27.0393682,25.0837151,SqEuclidean,extreme,676,4.163082727715e6,insample,2012
cross,k_medoids,2466700586,20,2.91461e9,8.62373e9,25.8897273,23.6009815,SqEuclidean,extreme,682,4.850133153204e6,insample,2016
cross,k_medoids,2692059346,20,2.90523e9,1.33136e11,2.5209048,32.6420598,SqEuclidean,extreme,549,7.029408469948e6,initial,initial
cross,k_medoids,2692059346,20,2.90523e9,1.09111e10,25.759232,23.9617817,SqEuclidean,extreme,1181,7.148404431467e6,insample,1982
cross,k_medoids,2692059346,20,2.90523e9,1.00176e10,26.7083901,25.9358298,SqEuclidean,extreme,888,6.203543817137999e6,insample,1986
cross,k_medoids,2692059346,20,2.90523e9,7.23644e9,26.1299889,27.004835399999997,SqEuclidean,extreme,682,3.5116363725119997e6,insample,1990
cross,k_medoids,2692059346,20,2.90523e9,1.08242e10,24.9075294,26.0045618,SqEuclidean,extreme,929,7.067608965983001e6,insample,1994
cross,k_medoids,2692059346,20,2.90523e9,8.45283e9,24.9368481,25.546527,SqEuclidean,extreme,869,4.672727553505e6,insample,1998
cross,k_medoids,2692059346,20,2.90523e9,9.76133e9,32.2254563,32.539925499999995,SqEuclidean,extreme,1037,5.993636073233001e6,insample,2004
cross,k_medoids,2692059346,20,2.90523e9,7.72564e9,25.1229286,24.2766185,SqEuclidean,extreme,644,3.964168246111e6,insample,2008
cross,k_medoids,2692059346,20,2.90523e9,8.84711e9,24.6396316,23.5054649,SqEuclidean,extreme,870,5.100134788711001e6,insample,2011
cross,k_medoids,2692059346,20,2.90523e9,8.58443e9,25.2290439,25.8341146,SqEuclidean,extreme,808,4.777908231930002e6,insample,2012
cross,k_medoids,2692059346,20,2.90523e9,9.2825e9,25.7690059,25.0281893,SqEuclidean,extreme,820,5.503886362738e6,insample,2016
cross,k_medoids,3032526906,20,3.08643e9,1.31113e11,2.7862624,32.8208846,SqEuclidean,extreme,548,6.956520513918e6,initial,initial
cross,k_medoids,3032526906,20,3.08643e9,5.88881e9,25.6792484,24.533977800000002,SqEuclidean,extreme,619,2.1110367046449995e6,insample,1982
cross,k_medoids,3032526906,20,3.08643e9,6.40146e9,26.9597361,25.276997299999998,SqEuclidean,extreme,498,2.578719633889e6,insample,1986
cross,k_medoids,3032526906,20,3.08643e9,4.38614e9,26.547779,25.4417739,SqEuclidean,extreme,263,655337.162958,insample,1990
cross,k_medoids,3032526906,20,3.08643e9,5.88987e9,26.3108569,24.844651799999998,SqEuclidean,extreme,440,2.1184934446779997e6,insample,1994
cross,k_medoids,3032526906,20,3.08643e9,4.96989e9,26.7489466,24.5689322,SqEuclidean,extreme,486,1.1813459613800002e6,insample,1998
cross,k_medoids,3032526906,20,3.08643e9,5.03023e9,35.5777541,42.1451388,SqEuclidean,extreme,451,1.251225977229e6,insample,2004
cross,k_medoids,3032526906,20,3.08643e9,4.82418e9,25.6088435,26.2578007,SqEuclidean,extreme,303,1.0567780717699998e6,insample,2008
cross,k_medoids,3032526906,20,3.08643e9,5.38358e9,25.091724,23.9688721,SqEuclidean,extreme,460,1.6271842525639993e6,insample,2011
cross,k_medoids,3032526906,20,3.08643e9,4.52796e9,26.0781366,24.710576,SqEuclidean,extreme,326,711627.4622440002,insample,2012
cross,k_medoids,3032526906,20,3.08643e9,5.05691e9,25.8362499,24.7824561,SqEuclidean,extreme,322,1.267182923894e6,insample,2016
cross,k_medoids,3214418042,20,2.92762e9,1.31277e11,2.5949981,32.635511900000004,SqEuclidean,extreme,545,6.953965204688e6,initial,initial
cross,k_medoids,3214418042,20,2.92762e9,9.8676e9,27.5871338,25.821479,SqEuclidean,extreme,1238,6.101010245493e6,insample,1982
cross,k_medoids,3214418042,20,2.92762e9,9.3397e9,25.7763614,25.6806538,SqEuclidean,extreme,1023,5.524238499307e6,insample,1986
cross,k_medoids,3214418042,20,2.92762e9,6.47493e9,26.6268366,25.100459,SqEuclidean,extreme,650,2.7484234270699997e6,insample,1990
cross,k_medoids,3214418042,20,2.92762e9,9.67196e9,26.0149634,24.8885844,SqEuclidean,extreme,891,5.911176629136e6,insample,1994
cross,k_medoids,3214418042,20,2.92762e9,7.68087e9,26.3086852,24.9893526,SqEuclidean,extreme,791,3.899729089669999e6,insample,1998
cross,k_medoids,3214418042,20,2.92762e9,8.58873e9,35.0960362,38.5911734,SqEuclidean,extreme,1088,4.818310079278e6,insample,2004
cross,k_medoids,3214418042,20,2.92762e9,6.72692e9,25.5744497,27.2593509,SqEuclidean,extreme,591,2.963623313817e6,insample,2008
cross,k_medoids,3214418042,20,2.92762e9,8.01128e9,26.1703545,24.637601500000002,SqEuclidean,extreme,931,4.261224064773e6,insample,2011
cross,k_medoids,3214418042,20,2.92762e9,7.53225e9,25.9597044,27.2273776,SqEuclidean,extreme,853,3.7237568748189993e6,insample,2012
cross,k_medoids,3214418042,20,2.92762e9,8.43142e9,25.7551471,25.1026817,SqEuclidean,extreme,884,4.650547123527001e6,insample,2016
cross,k_medoids,3217763985,20,3.03171e9,1.31531e11,2.4496157,32.0068953,SqEuclidean,extreme,553,6.984944760550001e6,initial,initial
cross,k_medoids,3217763985,20,3.03171e9,6.76194e9,25.7813102,25.6188675,SqEuclidean,extreme,876,2.982474871911e6,insample,1982
cross,k_medoids,3217763985,20,3.03171e9,7.21357e9,24.8858128,24.822637,SqEuclidean,extreme,765,3.3869203831819994e6,insample,1986
cross,k_medoids,3217763985,20,3.03171e9,4.76341e9,25.0981576,24.858977799999998,SqEuclidean,extreme,395,1.0282307614839999e6,insample,1990
cross,k_medoids,3217763985,20,3.03171e9,6.7461e9,25.7957356,25.8520441,SqEuclidean,extreme,593,2.9724050420170003e6,insample,1994
cross,k_medoids,3217763985,20,3.03171e9,5.42415e9,26.1012744,24.8075582,SqEuclidean,extreme,656,1.6312453222019998e6,insample,1998
cross,k_medoids,3217763985,20,3.03171e9,5.57655e9,32.298742,35.7136207,SqEuclidean,extreme,696,1.7934531135760003e6,insample,2004
cross,k_medoids,3217763985,20,3.03171e9,5.18119e9,25.4026267,25.783699499999997,SqEuclidean,extreme,462,1.4084089300379998e6,insample,2008
cross,k_medoids,3217763985,20,3.03171e9,5.8929e9,25.241924,23.8913785,SqEuclidean,extreme,708,2.132297979256e6,insample,2011
cross,k_medoids,3217763985,20,3.03171e9,5.16271e9,25.5018928,24.3749337,SqEuclidean,extreme,604,1.3414287021090004e6,insample,2012
cross,k_medoids,3217763985,20,3.03171e9,5.6505e9,25.914468,24.7016363,SqEuclidean,extreme,569,1.8563761063300003e6,insample,2016
cross,k_medoids,3272403283,20,3.04942e9,1.31192e11,2.6326193,32.1453501,SqEuclidean,extreme,546,6.950638936738e6,initial,initial
cross,k_medoids,3272403283,20,3.04942e9,6.58583e9,26.0675638,25.5551988,SqEuclidean,extreme,603,2.8141810119620003e6,insample,1982
cross,k_medoids,3272403283,20,3.04942e9,6.75382e9,27.3939574,25.5123241,SqEuclidean,extreme,431,2.9354500987820006e6,insample,1986
cross,k_medoids,3272403283,20,3.04942e9,4.73801e9,25.9638616,24.6634685,SqEuclidean,extreme,277,1.01044156868e6,insample,1990
cross,k_medoids,3272403283,20,3.04942e9,6.78923e9,26.5630738,23.4096498,SqEuclidean,extreme,415,3.0245467358489996e6,insample,1994
cross,k_medoids,3272403283,20,3.04942e9,5.23684e9,26.4933178,24.7610827,SqEuclidean,extreme,337,1.4514554146079998e6,insample,1998
cross,k_medoids,3272403283,20,3.04942e9,5.20421e9,33.012718,37.283547500000005,SqEuclidean,extreme,372,1.4279191012090002e6,insample,2004
cross,k_medoids,3272403283,20,3.04942e9,5.09758e9,26.609862,26.3895203,SqEuclidean,extreme,259,1.332802999894e6,insample,2008
cross,k_medoids,3272403283,20,3.04942e9,5.65459e9,25.7647029,23.3970944,SqEuclidean,extreme,429,1.9021439244059997e6,insample,2011
cross,k_medoids,3272403283,20,3.04942e9,4.87065e9,26.7112608,26.4846315,SqEuclidean,extreme,269,1.05730901304e6,insample,2012
cross,k_medoids,3272403283,20,3.04942e9,5.53244e9,26.0916176,24.8335753,SqEuclidean,extreme,318,1.7471142495139998e6,insample,2016
cross,k_medoids,408956147,20,2.87194e9,1.31459e11,2.6226877,33.7232859,SqEuclidean,extreme,549,6.962961406059001e6,initial,initial
cross,k_medoids,408956147,20,2.87194e9,8.75094e9,26.3014713,24.721073699999998,SqEuclidean,extreme,984,4.9825098462499995e6,insample,1982
cross,k_medoids,408956147,20,2.87194e9,8.63919e9,24.9311691,25.5636573,SqEuclidean,extreme,796,4.823130835894001e6,insample,1986
cross,k_medoids,408956147,20,2.87194e9,5.91218e9,26.2896825,25.7855336,SqEuclidean,extreme,511,2.1859199342159997e6,insample,1990
cross,k_medoids,408956147,20,2.87194e9,8.73155e9,26.1679692,23.5664384,SqEuclidean,extreme,754,4.970679892511001e6,insample,1994
cross,k_medoids,408956147,20,2.87194e9,6.76592e9,25.956267,24.6532253,SqEuclidean,extreme,729,2.9846831272730003e6,insample,1998
cross,k_medoids,408956147,20,2.87194e9,7.49443e9,33.9869149,36.5757895,SqEuclidean,extreme,851,3.722164763779999e6,insample,2004
cross,k_medoids,408956147,20,2.87194e9,6.15387e9,25.7467595,26.2723638,SqEuclidean,extreme,532,2.390788852063e6,insample,2008
cross,k_medoids,408956147,20,2.87194e9,7.21325e9,25.645355,24.560938200000002,SqEuclidean,extreme,764,3.461887974523e6,insample,2011
cross,k_medoids,408956147,20,2.87194e9,6.38408e9,25.501221,26.0004319,SqEuclidean,extreme,633,2.574069570482e6,insample,2012
cross,k_medoids,408956147,20,2.87194e9,7.35284e9,25.7011866,25.7589753,SqEuclidean,extreme,641,3.569901422168e6,insample,2016
cross,k_medoids,123456789,50,2.84159e9,5.59998e10,8.5554754,35.2519123,SqEuclidean,extreme,578,7.16093553751e6,initial,initial
cross,k_medoids,123456789,50,2.84159e9,5.39521e9,27.5920199,25.3128545,SqEuclidean,extreme,496,1.6161317758409993e6,insample,1982
cross,k_medoids,123456789,50,2.84159e9,5.85861e9,26.357837,25.802727,SqEuclidean,extreme,414,2.031925385424e6,insample,1986
cross,k_medoids,123456789,50,2.84159e9,4.2524e9,26.3354883,25.0724659,SqEuclidean,extreme,251,518179.5391749999,insample,1990
cross,k_medoids,123456789,50,2.84159e9,5.55053e9,27.2455322,24.1346586,SqEuclidean,extreme,359,1.7787368399130001e6,insample,1994
cross,k_medoids,123456789,50,2.84159e9,4.675e9,27.2169911,23.636361,SqEuclidean,extreme,369,881571.6288160001,insample,1998
cross,k_medoids,123456789,50,2.84159e9,4.59657e9,34.2333348,38.0404469,SqEuclidean,extreme,345,813411.3630090001,insample,2004
cross,k_medoids,123456789,50,2.84159e9,4.6753e9,27.7006098,26.203723,SqEuclidean,extreme,253,903255.2149930001,insample,2008
cross,k_medoids,123456789,50,2.84159e9,5.00553e9,26.35789,23.223450200000002,SqEuclidean,extreme,409,1.2461547244829996e6,insample,2011
cross,k_medoids,123456789,50,2.84159e9,4.38296e9,26.5625684,23.5553115,SqEuclidean,extreme,250,562815.017165,insample,2012
cross,k_medoids,123456789,50,2.84159e9,4.77011e9,27.2353695,25.6790597,SqEuclidean,extreme,268,978608.390301,insample,2016
cross,k_medoids,1286268702,50,2.62241e9,5.54777e10,9.4354916,35.4597487,SqEuclidean,extreme,563,7.049580018643e6,initial,initial
cross,k_medoids,1286268702,50,2.62241e9,6.98493e9,26.2033541,25.5587018,SqEuclidean,extreme,701,3.202185771004e6,insample,1982
cross,k_medoids,1286268702,50,2.62241e9,7.10178e9,26.3135518,25.3338047,SqEuclidean,extreme,570,3.269796367736e6,insample,1986
cross,k_medoids,1286268702,50,2.62241e9,4.95994e9,26.2221641,24.7703637,SqEuclidean,extreme,388,1.220006293375e6,insample,1990
cross,k_medoids,1286268702,50,2.62241e9,7.14422e9,28.2922598,23.403353199999998,SqEuclidean,extreme,575,3.367111639606e6,insample,1994
cross,k_medoids,1286268702,50,2.62241e9,5.51869e9,25.5210973,26.104497000000002,SqEuclidean,extreme,532,1.7216431230170003e6,insample,1998
cross,k_medoids,1286268702,50,2.62241e9,5.58426e9,34.46228,37.8668085,SqEuclidean,extreme,565,1.794480602349e6,insample,2004
cross,k_medoids,1286268702,50,2.62241e9,5.30029e9,26.7149398,25.2058285,SqEuclidean,extreme,333,1.522744603951e6,insample,2008
cross,k_medoids,1286268702,50,2.62241e9,6.00913e9,26.3959789,24.3393184,SqEuclidean,extreme,620,2.244154216839e6,insample,2011
cross,k_medoids,1286268702,50,2.62241e9,5.11802e9,26.3379496,25.898596,SqEuclidean,extreme,425,1.2916729473889999e6,insample,2012
cross,k_medoids,1286268702,50,2.62241e9,5.88506e9,27.4789311,25.4350446,SqEuclidean,extreme,445,2.087506226848e6,insample,2016
cross,k_medoids,1308502331,50,2.79217e9,5.60571e10,8.623413,35.2386893,SqEuclidean,extreme,584,7.102693423507e6,initial,initial
cross,k_medoids,1308502331,50,2.79217e9,7.06416e9,26.5958904,25.1073295,SqEuclidean,extreme,658,3.2799995156239998e6,insample,1982
cross,k_medoids,1308502331,50,2.79217e9,7.01689e9,25.7600774,25.8307273,SqEuclidean,extreme,491,3.1839586826829994e6,insample,1986
cross,k_medoids,1308502331,50,2.79217e9,4.93053e9,26.5001518,27.187829699999998,SqEuclidean,extreme,325,1.1892373434959997e6,insample,1990
cross,k_medoids,1308502331,50,2.79217e9,7.10328e9,27.1726174,25.5703265,SqEuclidean,extreme,456,3.3258752665029992e6,insample,1994
cross,k_medoids,1308502331,50,2.79217e9,5.47156e9,25.7014066,23.4857723,SqEuclidean,extreme,354,1.6724504689399998e6,insample,1998
cross,k_medoids,1308502331,50,2.79217e9,5.6363e9,33.2659374,35.651612899999996,SqEuclidean,extreme,471,1.845001829859e6,insample,2004
cross,k_medoids,1308502331,50,2.79217e9,5.22113e9,27.2526394,23.5656819,SqEuclidean,extreme,284,1.4423842585899998e6,insample,2008
cross,k_medoids,1308502331,50,2.79217e9,5.89182e9,26.275684,24.8186465,SqEuclidean,extreme,488,2.127027521814e6,insample,2011
cross,k_medoids,1308502331,50,2.79217e9,5.08281e9,25.5269619,25.6553952,SqEuclidean,extreme,332,1.2550212708659999e6,insample,2012
cross,k_medoids,1308502331,50,2.79217e9,5.84776e9,27.068847,25.372102100000003,SqEuclidean,extreme,380,2.049584217402e6,insample,2016
cross,k_medoids,1573928461,50,2.73845e9,5.64373e10,8.5246912,35.6385255,SqEuclidean,extreme,578,7.236787545143999e6,initial,initial
cross,k_medoids,1573928461,50,2.73845e9,5.85877e9,27.222973,25.1957649,SqEuclidean,extreme,573,2.0683610998029998e6,insample,1982
cross,k_medoids,1573928461,50,2.73845e9,6.32078e9,26.3221863,24.2625335,SqEuclidean,extreme,487,2.483453414289e6,insample,1986
cross,k_medoids,1573928461,50,2.73845e9,4.33317e9,26.3820139,29.0527672,SqEuclidean,extreme,270,588075.938301,insample,1990
cross,k_medoids,1573928461,50,2.73845e9,5.74385e9,26.7460374,25.3914777,SqEuclidean,extreme,438,1.9582291755970002e6,insample,1994
cross,k_medoids,1573928461,50,2.73845e9,4.8856e9,27.1252646,23.5449559,SqEuclidean,extreme,435,1.08349818912e6,insample,1998
cross,k_medoids,1573928461,50,2.73845e9,5.04219e9,33.4383353,34.5120507,SqEuclidean,extreme,457,1.2469027563059996e6,insample,2004
cross,k_medoids,1573928461,50,2.73845e9,4.71354e9,25.6855551,25.8865522,SqEuclidean,extreme,264,933372.9385360001,insample,2008
cross,k_medoids,1573928461,50,2.73845e9,5.39974e9,25.9110524,25.1274954,SqEuclidean,extreme,539,1.630369504755e6,insample,2011
cross,k_medoids,1573928461,50,2.73845e9,4.57183e9,25.9362798,26.5997584,SqEuclidean,extreme,352,741538.434262,insample,2012
cross,k_medoids,1573928461,50,2.73845e9,5.04578e9,27.162977,25.506330499999997,SqEuclidean,extreme,317,1.2437916582810003e6,insample,2016
cross,k_medoids,1991051616,50,2.83634e9,5.55419e10,9.2766254,35.0970418,SqEuclidean,extreme,583,7.104117778775001e6,initial,initial
cross,k_medoids,1991051616,50,2.83634e9,5.42941e9,26.4283929,25.211461099999998,SqEuclidean,extreme,573,1.642099927652e6,insample,1982
cross,k_medoids,1991051616,50,2.83634e9,5.92249e9,27.5285668,23.8556815,SqEuclidean,extreme,487,2.0877210341380003e6,insample,1986
cross,k_medoids,1991051616,50,2.83634e9,4.24117e9,26.872476,25.828682399999998,SqEuclidean,extreme,320,499866.11079199996,insample,1990
cross,k_medoids,1991051616,50,2.83634e9,5.46557e9,27.566663,23.5514553,SqEuclidean,extreme,441,1.6840612521940002e6,insample,1994
cross,k_medoids,1991051616,50,2.83634e9,4.56992e9,26.0287484,25.624977299999998,SqEuclidean,extreme,414,772456.6777900001,insample,1998
cross,k_medoids,1991051616,50,2.83634e9,4.59602e9,33.9204538,34.7414052,SqEuclidean,extreme,423,806197.8507300002,insample,2004
cross,k_medoids,1991051616,50,2.83634e9,4.58121e9,26.3674237,25.1581549,SqEuclidean,extreme,260,804169.450668,insample,2008
cross,k_medoids,1991051616,50,2.83634e9,5.06535e9,26.0315508,23.361762199999998,SqEuclidean,extreme,569,1.297788852899e6,insample,2011
cross,k_medoids,1991051616,50,2.83634e9,4.36518e9,26.2831465,25.464606999999997,SqEuclidean,extreme,339,539621.920086,insample,2012
cross,k_medoids,1991051616,50,2.83634e9,4.71839e9,26.7363308,24.5166914,SqEuclidean,extreme,372,918955.265362,insample,2016
cross,k_medoids,2678701235,50,2.51438e9,5.70747e10,9.0565907,35.5411421,SqEuclidean,extreme,563,7.187520199812e6,initial,initial
cross,k_medoids,2678701235,50,2.51438e9,9.03765e9,25.5741868,24.833802400000003,SqEuclidean,extreme,1060,5.251623447393e6,insample,1982
cross,k_medoids,2678701235,50,2.51438e9,8.4018e9,26.1190635,25.7414517,SqEuclidean,extreme,837,4.565081860834e6,insample,1986
cross,k_medoids,2678701235,50,2.51438e9,5.93777e9,25.8581218,27.395547099999998,SqEuclidean,extreme,607,2.192595662216e6,insample,1990
cross,k_medoids,2678701235,50,2.51438e9,8.69971e9,25.7314313,25.5283739,SqEuclidean,extreme,834,4.918191740745001e6,insample,1994
cross,k_medoids,2678701235,50,2.51438e9,6.89819e9,26.0979052,23.4283481,SqEuclidean,extreme,720,3.097641812786001e6,insample,1998
cross,k_medoids,2678701235,50,2.51438e9,7.37604e9,33.7506612,36.0957152,SqEuclidean,extreme,922,3.5827235460019996e6,insample,2004
cross,k_medoids,2678701235,50,2.51438e9,6.12577e9,25.9181786,25.5413933,SqEuclidean,extreme,512,2.344306997223e6,insample,2008
cross,k_medoids,2678701235,50,2.51438e9,7.30095e9,25.9428436,23.6130124,SqEuclidean,extreme,890,3.5308178190220003e6,insample,2011
cross,k_medoids,2678701235,50,2.51438e9,6.17252e9,27.4095261,24.2251574,SqEuclidean,extreme,667,2.3423126338150003e6,insample,2012
cross,k_medoids,2678701235,50,2.51438e9,7.34759e9,25.5762808,25.493918999999998,SqEuclidean,extreme,756,3.547143516564e6,insample,2016
cross,k_medoids,3861234567,50,2.74541e9,5.55651e10,8.8158589,35.6848978,SqEuclidean,extreme,578,7.134864563006e6,initial,initial
cross,k_medoids,3861234567,50,2.74541e9,6.18621e9,27.1594725,25.600752600000003,SqEuclidean,extreme,684,2.3993872513649995e6,insample,1982
cross,k_medoids,3861234567,50,2.74541e9,6.54086e9,26.2641067,25.823780600000003,SqEuclidean,extreme,585,2.705415859568999e6,insample,1986
cross,k_medoids,3861234567,50,2.74541e9,4.73707e9,27.2969371,24.0576756,SqEuclidean,extreme,375,994476.5371589998,insample,1990
cross,k_medoids,3861234567,50,2.74541e9,6.66096e9,26.7498805,24.9451205,SqEuclidean,extreme,565,2.881333946006e6,insample,1994
cross,k_medoids,3861234567,50,2.74541e9,4.99669e9,26.7619829,23.6542855,SqEuclidean,extreme,397,1.196705910815e6,insample,1998
cross,k_medoids,3861234567,50,2.74541e9,5.00476e9,35.8059175,37.8486932,SqEuclidean,extreme,517,1.2117501462269998e6,insample,2004
cross,k_medoids,3861234567,50,2.74541e9,5.03498e9,26.5864135,25.325024300000003,SqEuclidean,extreme,294,1.255592043201e6,insample,2008
cross,k_medoids,3861234567,50,2.74541e9,5.5248e9,28.1232863,24.2810105,SqEuclidean,extreme,606,1.756210396481e6,insample,2011
cross,k_medoids,3861234567,50,2.74541e9,4.98419e9,26.1759853,28.6175774,SqEuclidean,extreme,429,1.156875409324e6,insample,2012
cross,k_medoids,3861234567,50,2.74541e9,5.3048e9,26.343626,25.1446371,SqEuclidean,extreme,488,1.503929209768e6,insample,2016
cross,k_medoids,477073181,50,2.67173e9,5.55498e10,9.0062295,35.248239999999996,SqEuclidean,extreme,576,7.033728475600999e6,initial,initial
cross,k_medoids,477073181,50,2.67173e9,6.12515e9,25.5493644,25.0492591,SqEuclidean,extreme,584,2.3385126588810007e6,insample,1982
cross,k_medoids,477073181,50,2.67173e9,6.49652e9,26.5778827,23.783379699999998,SqEuclidean,extreme,485,2.661769021021e6,insample,1986
cross,k_medoids,477073181,50,2.67173e9,4.44504e9,26.1774645,23.8604545,SqEuclidean,extreme,286,704008.616948,insample,1990
cross,k_medoids,477073181,50,2.67173e9,6.11167e9,26.1743327,24.6256968,SqEuclidean,extreme,464,2.331973686814e6,insample,1994
cross,k_medoids,477073181,50,2.67173e9,5.07412e9,26.3511883,23.7549987,SqEuclidean,extreme,469,1.2744585396230002e6,insample,1998
cross,k_medoids,477073181,50,2.67173e9,5.10623e9,32.6338593,37.7896917,SqEuclidean,extreme,453,1.3144838934279997e6,insample,2004
cross,k_medoids,477073181,50,2.67173e9,4.83651e9,26.25314,25.373158200000002,SqEuclidean,extreme,277,1.057375836618e6,insample,2008
cross,k_medoids,477073181,50,2.67173e9,5.45978e9,26.5577466,24.9907265,SqEuclidean,extreme,491,1.6937804978649998e6,insample,2011
cross,k_medoids,477073181,50,2.67173e9,4.6053e9,26.4777453,25.1907347,SqEuclidean,extreme,324,777256.2311540002,insample,2012
cross,k_medoids,477073181,50,2.67173e9,5.24053e9,26.4809748,26.074867899999997,SqEuclidean,extreme,343,1.4412633840760002e6,insample,2016
cross,k_medoids,876543210,50,2.6953e9,5.59745e10,8.6762061,34.3045487,SqEuclidean,extreme,571,7.0771761547489995e6,initial,initial
cross,k_medoids,876543210,50,2.6953e9,7.07918e9,27.2360769,24.8365591,SqEuclidean,extreme,745,3.281406898036999e6,insample,1982
cross,k_medoids,876543210,50,2.6953e9,7.1985e9,26.6516099,24.2462792,SqEuclidean,extreme,613,3.3503906702150004e6,insample,1986
cross,k_medoids,876543210,50,2.6953e9,4.96813e9,26.0409669,26.1977711,SqEuclidean,extreme,402,1.2130020885879998e6,insample,1990
cross,k_medoids,876543210,50,2.6953e9,6.92406e9,27.3674441,25.0711428,SqEuclidean,extreme,571,3.1298359019249994e6,insample,1994
cross,k_medoids,876543210,50,2.6953e9,5.42188e9,27.1078536,25.0026027,SqEuclidean,extreme,518,1.6110206322089997e6,insample,1998
cross,k_medoids,876543210,50,2.6953e9,5.61934e9,32.2587724,32.5453543,SqEuclidean,extreme,586,1.8153259095640006e6,insample,2004
cross,k_medoids,876543210,50,2.6953e9,5.20209e9,27.7461261,25.6304183,SqEuclidean,extreme,365,1.4110504667839997e6,insample,2008
cross,k_medoids,876543210,50,2.6953e9,6.00004e9,27.1526626,24.5924341,SqEuclidean,extreme,677,2.21882168286e6,insample,2011
cross,k_medoids,876543210,50,2.6953e9,5.08423e9,27.364185,26.9582284,SqEuclidean,extreme,441,1.2446774552990003e6,insample,2012
cross,k_medoids,876543210,50,2.6953e9,5.7499e9,28.1733758,26.5548349,SqEuclidean,extreme,443,1.9371534112e6,insample,2016
cross,k_medoids,987654321,50,2.64588e9,5.58323e10,9.1227891,36.0103764,SqEuclidean,extreme,558,7.074399578882999e6,initial,initial
cross,k_medoids,987654321,50,2.64588e9,7.04912e9,27.0794481,23.256098,SqEuclidean,extreme,695,3.2704520586490002e6,insample,1982
cross,k_medoids,987654321,50,2.64588e9,7.08431e9,27.0329958,24.5945201,SqEuclidean,extreme,546,3.2566895684900004e6,insample,1986
cross,k_medoids,987654321,50,2.64588e9,4.96938e9,26.4253931,25.406848500000002,SqEuclidean,extreme,376,1.2329922901079997e6,insample,1990
cross,k_medoids,987654321,50,2.64588e9,7.13877e9,27.0066255,24.850140500000002,SqEuclidean,extreme,523,3.3667096364170006e6,insample,1994
cross,k_medoids,987654321,50,2.64588e9,5.52868e9,26.2858833,25.103604500000003,SqEuclidean,extreme,506,1.7337090664569999e6,insample,1998
cross,k_medoids,987654321,50,2.64588e9,5.63377e9,33.1101558,35.963438,SqEuclidean,extreme,523,1.8486555791610002e6,insample,2004
cross,k_medoids,987654321,50,2.64588e9,5.22198e9,26.2920814,25.485367999999998,SqEuclidean,extreme,322,1.447679636578e6,insample,2008
cross,k_medoids,987654321,50,2.64588e9,5.93855e9,26.9925387,24.980298,SqEuclidean,extreme,542,2.17860073424e6,insample,2011
cross,k_medoids,987654321,50,2.64588e9,5.09319e9,27.0890842,23.9812172,SqEuclidean,extreme,359,1.270347845562e6,insample,2012
cross,k_medoids,987654321,50,2.64588e9,5.85619e9,27.2405664,24.2928526,SqEuclidean,extreme,399,2.063434624356e6,insample,2016
cross,k_means,1005471400,100,1.96742e9,2.93013e10,29.9543208,40.783824,SqEuclidean,extreme,521,7.083533171823999e6,initial,initial
cross,k_means,1005471400,100,1.96742e9,2.40329e10,25.2406685,23.6254021,SqEuclidean,extreme,5347,2.0209782627036996e7,insample,1982
cross,k_means,1005471400,100,1.96742e9,2.23285e10,24.4882711,25.0753654,SqEuclidean,extreme,4646,1.8461942302778e7,insample,1986
cross,k_means,1005471400,100,1.96742e9,1.73893e10,24.4782074,28.1250148,SqEuclidean,extreme,4223,1.3607962553149998e7,insample,1990
cross,k_means,1005471400,100,1.96742e9,2.40359e10,24.2733502,25.9509865,SqEuclidean,extreme,4747,2.0229094650432996e7,insample,1994
cross,k_means,1005471400,100,1.96742e9,1.73222e10,24.4313716,24.0305288,SqEuclidean,extreme,4119,1.3486466935727999e7,insample,1998
cross,k_means,1005471400,100,1.96742e9,2.21219e10,26.3999815,29.7194935,SqEuclidean,extreme,4895,1.8308803431044e7,insample,2004
cross,k_means,1005471400,100,1.96742e9,1.72926e10,24.8103791,25.2744225,SqEuclidean,extreme,3800,1.3479681839222e7,insample,2008
cross,k_means,1005471400,100,1.96742e9,2.16357e10,25.1614335,24.998745200000002,SqEuclidean,extreme,5098,1.7831229410631e7,insample,2011
cross,k_means,1005471400,100,1.96742e9,1.86042e10,25.2204543,25.2598406,SqEuclidean,extreme,4177,1.4751825948786002e7,insample,2012
cross,k_means,1005471400,100,1.96742e9,2.10696e10,24.3279781,25.637217,SqEuclidean,extreme,4624,1.7229150292486e7,insample,2016
cross,k_means,1262311769,100,1.96141e9,2.92965e10,31.1009184,42.0177587,SqEuclidean,extreme,511,7.066127636206e6,initial,initial
cross,k_means,1262311769,100,1.96141e9,2.66676e10,25.8108308,23.8151699,SqEuclidean,extreme,5896,2.2841063921944e7,insample,1982
cross,k_means,1262311769,100,1.96141e9,2.45675e10,24.859994,24.681583500000002,SqEuclidean,extreme,5307,2.0699084703167997e7,insample,1986
cross,k_means,1262311769,100,1.96141e9,1.95567e10,24.3043769,25.5124833,SqEuclidean,extreme,4894,1.5772921728675e7,insample,1990
cross,k_means,1262311769,100,1.96141e9,2.65468e10,24.5554998,25.0086446,SqEuclidean,extreme,5584,2.273597446525e7,insample,1994
cross,k_means,1262311769,100,1.96141e9,1.91054e10,24.8466508,24.7029943,SqEuclidean,extreme,4569,1.5268046654293e7,insample,1998
cross,k_means,1262311769,100,1.96141e9,2.46148e10,27.1376249,29.4094015,SqEuclidean,extreme,5668,2.0799200509098e7,insample,2004
cross,k_means,1262311769,100,1.96141e9,1.93024e10,25.2333946,24.2846169,SqEuclidean,extreme,4312,1.5486355376027e7,insample,2008
cross,k_means,1262311769,100,1.96141e9,2.38541e10,24.3034687,24.1964099,SqEuclidean,extreme,5693,2.0046323698303998e7,insample,2011
cross,k_means,1262311769,100,1.96141e9,2.07802e10,25.425237,25.880969999999998,SqEuclidean,extreme,4653,1.6925873106146e7,insample,2012
cross,k_means,1262311769,100,1.96141e9,2.372e10,24.774552,24.550523000000002,SqEuclidean,extreme,5572,1.9874810484849e7,insample,2016
cross,k_means,1400059389,100,1.95904e9,2.92981e10,31.0038966,39.8438881,SqEuclidean,extreme,506,7.067147019904e6,initial,initial
cross,k_means,1400059389,100,1.95904e9,2.70762e10,24.3644238,25.030911,SqEuclidean,extreme,5947,2.325683478146e7,insample,1982
cross,k_means,1400059389,100,1.95904e9,2.50042e10,25.343821,25.0938717,SqEuclidean,extreme,5569,2.1142310524641e7,insample,1986
cross,k_means,1400059389,100,1.95904e9,1.99422e10,24.0542614,27.9444775,SqEuclidean,extreme,4911,1.6164579607629001e7,insample,1990
cross,k_means,1400059389,100,1.95904e9,2.71e10,24.3733608,25.3119651,SqEuclidean,extreme,5628,2.3297234018033005e7,insample,1994
cross,k_means,1400059389,100,1.95904e9,1.95807e10,24.7537221,24.5342019,SqEuclidean,extreme,4612,1.5750467935352e7,insample,1998
cross,k_means,1400059389,100,1.95904e9,2.5019e10,26.0138266,28.776232399999998,SqEuclidean,extreme,5569,2.1210520826089002e7,insample,2004
cross,k_means,1400059389,100,1.95904e9,1.96647e10,24.2177573,25.053042599999998,SqEuclidean,extreme,4469,1.5855746395045001e7,insample,2008
cross,k_means,1400059389,100,1.95904e9,2.42595e10,24.4215781,25.2701361,SqEuclidean,extreme,5785,2.0458592506384e7,insample,2011
cross,k_means,1400059389,100,1.95904e9,2.11978e10,24.4932126,26.381948299999998,SqEuclidean,extreme,4866,1.7349957491368e7,insample,2012
cross,k_means,1400059389,100,1.95904e9,2.4275e10,24.4867296,24.6334967,SqEuclidean,extreme,5721,2.0437849399928004e7,insample,2016
cross,k_means,1693313909,100,1.94929e9,2.93074e10,29.6488296,39.447656699999996,SqEuclidean,extreme,507,7.068265549927e6,initial,initial
cross,k_means,1693313909,100,1.94929e9,2.73383e10,26.0966887,24.9600923,SqEuclidean,extreme,6186,2.350930225452e7,insample,1982
cross,k_means,1693313909,100,1.94929e9,2.46705e10,24.326911,27.1665357,SqEuclidean,extreme,5363,2.0798377713651e7,insample,1986
cross,k_means,1693313909,100,1.94929e9,2.01678e10,24.3057537,25.4873172,SqEuclidean,extreme,5054,1.6381654147589e7,insample,1990
cross,k_means,1693313909,100,1.94929e9,2.71466e10,24.1386087,27.257623,SqEuclidean,extreme,5563,2.333326716026e7,insample,1994
cross,k_means,1693313909,100,1.94929e9,1.9624e10,25.047466,23.4017592,SqEuclidean,extreme,4643,1.5783204221647e7,insample,1998
cross,k_means,1693313909,100,1.94929e9,2.54388e10,25.4611505,27.6138396,SqEuclidean,extreme,5608,2.1620853130269e7,insample,2004
cross,k_means,1693313909,100,1.94929e9,1.98179e10,24.871822,25.626806,SqEuclidean,extreme,4379,1.5999034981317997e7,insample,2008
cross,k_means,1693313909,100,1.94929e9,2.42452e10,25.2688709,26.8167126,SqEuclidean,extreme,5646,2.0434754727027e7,insample,2011
cross,k_means,1693313909,100,1.94929e9,2.14435e10,24.3634978,24.9629115,SqEuclidean,extreme,4926,1.7585822757617e7,insample,2012
cross,k_means,1693313909,100,1.94929e9,2.43621e10,24.843707,26.0661097,SqEuclidean,extreme,5607,2.0513511963239003e7,insample,2016
cross,k_means,2483487299,100,1.95705e9,2.93123e10,29.8277578,38.9222201,SqEuclidean,extreme,509,7.066637844498999e6,initial,initial
cross,k_means,2483487299,100,1.95705e9,2.57631e10,25.6389911,25.1791843,SqEuclidean,extreme,5790,2.1936198664657e7,insample,1982
cross,k_means,2483487299,100,1.95705e9,2.38766e10,25.3199927,25.414220399999998,SqEuclidean,extreme,5129,2.0007382045832e7,insample,1986
cross,k_means,2483487299,100,1.95705e9,1.88066e10,24.847332,25.2773424,SqEuclidean,extreme,4653,1.5022359428366e7,insample,1990
cross,k_means,2483487299,100,1.95705e9,2.56864e10,24.2918456,26.1988655,SqEuclidean,extreme,5330,2.1875594234765e7,insample,1994
cross,k_means,2483487299,100,1.95705e9,1.84742e10,24.0910402,24.8759922,SqEuclidean,extreme,4556,1.4635876731296e7,insample,1998
cross,k_means,2483487299,100,1.95705e9,2.37629e10,26.7610579,26.9630336,SqEuclidean,extreme,5287,1.9946877599423e7,insample,2004
cross,k_means,2483487299,100,1.95705e9,1.86382e10,24.8023202,24.9112929,SqEuclidean,extreme,4162,1.4821675215619e7,insample,2008
cross,k_means,2483487299,100,1.95705e9,2.31107e10,24.6435847,24.867639,SqEuclidean,extreme,5312,1.930288966567e7,insample,2011
cross,k_means,2483487299,100,1.95705e9,2.00201e10,25.1761902,24.9328518,SqEuclidean,extreme,4670,1.6164710636240002e7,insample,2012
cross,k_means,2483487299,100,1.95705e9,2.27718e10,24.4653045,27.334336399999998,SqEuclidean,extreme,5358,1.8926300874630004e7,insample,2016
cross,k_means,2529186237,100,1.96186e9,2.92964e10,31.6805112,39.1537074,SqEuclidean,extreme,510,7.065908634977001e6,initial,initial
cross,k_means,2529186237,100,1.96186e9,2.62625e10,25.3235885,23.605206199999998,SqEuclidean,extreme,5883,2.2439054095753e7,insample,1982
cross,k_means,2529186237,100,1.96186e9,2.42242e10,24.5110668,24.8182187,SqEuclidean,extreme,5450,2.0357852924543e7,insample,1986
cross,k_means,2529186237,100,1.96186e9,1.92193e10,25.0402457,25.2041405,SqEuclidean,extreme,4855,1.5437977900783999e7,insample,1990
cross,k_means,2529186237,100,1.96186e9,2.62326e10,24.4524256,23.462144799999997,SqEuclidean,extreme,5456,2.2425903228684e7,insample,1994
cross,k_means,2529186237,100,1.96186e9,1.89511e10,24.6250098,24.5846372,SqEuclidean,extreme,4476,1.5115475099511e7,insample,1998
cross,k_means,2529186237,100,1.96186e9,2.42557e10,26.0102501,28.387701500000002,SqEuclidean,extreme,5686,2.0443551436395e7,insample,2004
cross,k_means,2529186237,100,1.96186e9,1.89925e10,24.4218706,27.5355728,SqEuclidean,extreme,4263,1.5178772656556001e7,insample,2008
cross,k_means,2529186237,100,1.96186e9,2.35082e10,24.9572542,25.0259845,SqEuclidean,extreme,5359,1.9703218699926e7,insample,2011
cross,k_means,2529186237,100,1.96186e9,2.05233e10,24.1618693,26.4492063,SqEuclidean,extreme,4865,1.6671032187649002e7,insample,2012
cross,k_means,2529186237,100,1.96186e9,2.33793e10,24.3161116,24.9718439,SqEuclidean,extreme,5427,1.953807875969e7,insample,2016
cross,k_means,2910484191,100,1.96157e9,2.93045e10,29.8095039,39.0383126,SqEuclidean,extreme,524,7.10131421015e6,initial,initial
cross,k_means,2910484191,100,1.96157e9,2.5348e10,24.7463693,24.7444133,SqEuclidean,extreme,5604,2.1517420246401e7,insample,1982
cross,k_means,2910484191,100,1.96157e9,2.33267e10,24.1245507,24.3854504,SqEuclidean,extreme,5261,1.9454026742039e7,insample,1986
cross,k_means,2910484191,100,1.96157e9,1.84221e10,24.9699786,24.560488000000003,SqEuclidean,extreme,4442,1.463494141245e7,insample,1990
cross,k_means,2910484191,100,1.96157e9,2.49937e10,24.8042002,25.399311,SqEuclidean,extreme,5216,2.1178195202035e7,insample,1994
cross,k_means,2910484191,100,1.96157e9,1.79594e10,25.0406804,24.723180900000003,SqEuclidean,extreme,4309,1.4117847051380001e7,insample,1998
cross,k_means,2910484191,100,1.96157e9,2.33118e10,25.4856548,27.3138173,SqEuclidean,extreme,5463,1.9490969857069e7,insample,2004
cross,k_means,2910484191,100,1.96157e9,1.82641e10,25.0017993,25.4484778,SqEuclidean,extreme,4094,1.4444068204018002e7,insample,2008
cross,k_means,2910484191,100,1.96157e9,2.26532e10,25.4830156,25.1354032,SqEuclidean,extreme,5392,1.8842374369909e7,insample,2011
cross,k_means,2910484191,100,1.96157e9,1.95877e10,25.0366675,25.0460733,SqEuclidean,extreme,4490,1.5728376628236e7,insample,2012
cross,k_means,2910484191,100,1.96157e9,2.21782e10,24.5082061,25.4990835,SqEuclidean,extreme,5207,1.8327627444535e7,insample,2016
cross,k_means,2931455462,100,1.95688e9,2.93135e10,30.729164,39.3346096,SqEuclidean,extreme,509,7.0670541629059985e6,initial,initial
cross,k_means,2931455462,100,1.95688e9,2.49582e10,26.4737506,25.475222900000002,SqEuclidean,extreme,5397,2.1131559797785997e7,insample,1982
cross,k_means,2931455462,100,1.95688e9,2.29345e10,25.0409169,25.0250022,SqEuclidean,extreme,5039,1.9064037698309004e7,insample,1986
cross,k_means,2931455462,100,1.95688e9,1.81037e10,25.094433,25.0623741,SqEuclidean,extreme,4486,1.4319280784080999e7,insample,1990
cross,k_means,2931455462,100,1.95688e9,2.48246e10,25.0326308,24.8651237,SqEuclidean,extreme,4976,2.10132474765e7,insample,1994
cross,k_means,2931455462,100,1.95688e9,1.77955e10,24.8619668,25.056224200000003,SqEuclidean,extreme,4172,1.3956117370183002e7,insample,1998
cross,k_means,2931455462,100,1.95688e9,2.2994e10,26.6491115,27.7935847,SqEuclidean,extreme,5127,1.9177074463542998e7,insample,2004
cross,k_means,2931455462,100,1.95688e9,1.79619e10,24.7320735,25.6894919,SqEuclidean,extreme,4032,1.4144472014019e7,insample,2008
cross,k_means,2931455462,100,1.95688e9,2.22821e10,25.0942632,25.3872309,SqEuclidean,extreme,5193,1.8474023570628002e7,insample,2011
cross,k_means,2931455462,100,1.95688e9,1.92964e10,24.5854499,25.6585879,SqEuclidean,extreme,4410,1.544004966595e7,insample,2012
cross,k_means,2931455462,100,1.95688e9,2.18323e10,24.5540193,25.3982879,SqEuclidean,extreme,4969,1.7986024120640002e7,insample,2016
cross,k_means,3631457564,100,1.9596e9,2.93206e10,31.232254,39.7093268,SqEuclidean,extreme,520,7.0668561283990005e6,initial,initial
cross,k_means,3631457564,100,1.9596e9,2.46283e10,24.9465762,26.1411753,SqEuclidean,extreme,5672,2.0801951252209e7,insample,1982
cross,k_means,3631457564,100,1.9596e9,2.30735e10,24.3827024,25.3050623,SqEuclidean,extreme,5151,1.9203631281044997e7,insample,1986
cross,k_means,3631457564,100,1.9596e9,1.78912e10,24.0868539,27.7811253,SqEuclidean,extreme,4433,1.4106826389422998e7,insample,1990
cross,k_means,3631457564,100,1.9596e9,2.45758e10,24.4927934,25.3844714,SqEuclidean,extreme,5052,2.0765665634843e7,insample,1994
cross,k_means,3631457564,100,1.9596e9,1.77565e10,24.3847624,25.041039299999998,SqEuclidean,extreme,4409,1.3917890099693e7,insample,1998
cross,k_means,3631457564,100,1.9596e9,2.26326e10,26.3832416,28.593609700000002,SqEuclidean,extreme,5222,1.8816744471749e7,insample,2004
cross,k_means,3631457564,100,1.9596e9,1.77514e10,24.7088237,25.1979741,SqEuclidean,extreme,3936,1.3935132391069002e7,insample,2008
cross,k_means,3631457564,100,1.9596e9,2.22283e10,24.0908014,24.4675306,SqEuclidean,extreme,5359,1.8420333088134e7,insample,2011
cross,k_means,3631457564,100,1.9596e9,1.90851e10,24.2146405,25.3549298,SqEuclidean,extreme,4492,1.5229646747743e7,insample,2012
cross,k_means,3631457564,100,1.9596e9,2.1641e10,24.2008088,25.0038907,SqEuclidean,extreme,5135,1.7796507592568003e7,insample,2016
cross,k_means,472808301,100,1.95504e9,2.93004e10,29.868746,39.7458597,SqEuclidean,extreme,499,7.067655200852001e6,initial,initial
cross,k_means,472808301,100,1.95504e9,2.66709e10,24.7721974,24.657902399999998,SqEuclidean,extreme,5937,2.2849501587529e7,insample,1982
cross,k_means,472808301,100,1.95504e9,2.46546e10,24.7275359,25.0984252,SqEuclidean,extreme,5564,2.0791021369642e7,insample,1986
cross,k_means,472808301,100,1.95504e9,1.95387e10,24.0049959,25.8463995,SqEuclidean,extreme,4942,1.575945715377e7,insample,1990
cross,k_means,472808301,100,1.95504e9,2.66304e10,24.5078913,24.6631716,SqEuclidean,extreme,5560,2.2825315656418e7,insample,1994
cross,k_means,472808301,100,1.95504e9,1.9228e10,29.3777987,25.7231185,SqEuclidean,extreme,4549,1.539494357153e7,insample,1998
cross,k_means,472808301,100,1.95504e9,2.46027e10,26.2004395,27.4810182,SqEuclidean,extreme,5493,2.079243912153e7,insample,2004
cross,k_means,472808301,100,1.95504e9,1.93235e10,24.510707,25.2955388,SqEuclidean,extreme,4458,1.5512401981470002e7,insample,2008
cross,k_means,472808301,100,1.95504e9,2.38621e10,24.5922817,24.0700236,SqEuclidean,extreme,5681,2.0059537419777997e7,insample,2011
cross,k_means,472808301,100,1.95504e9,2.08612e10,23.9513632,24.9226564,SqEuclidean,extreme,4793,1.7011829814476002e7,insample,2012
cross,k_means,472808301,100,1.95504e9,2.3813e10,25.0430378,23.350967400000002,SqEuclidean,extreme,5571,1.9973530267164e7,insample,2016
cross,k_means,1516602964,20,2.80186e9,1.30799e11,3.0753756,34.5785925,SqEuclidean,extreme,535,6.961522861508e6,initial,initial
cross,k_means,1516602964,20,2.80186e9,2.0714e10,25.2913657,26.5797823,SqEuclidean,extreme,3734,1.6928883328102e7,insample,1982
cross,k_means,1516602964,20,2.80186e9,1.77315e10,24.2321331,25.457833500000003,SqEuclidean,extreme,3077,1.3891523747328e7,insample,1986
cross,k_means,1516602964,20,2.80186e9,1.46561e10,24.3203753,25.1990479,SqEuclidean,extreme,2776,1.0901851224289e7,insample,1990
cross,k_means,1516602964,20,2.80186e9,2.03041e10,24.5736276,24.0113071,SqEuclidean,extreme,3408,1.6522998687768001e7,insample,1994
cross,k_means,1516602964,20,2.80186e9,1.58102e10,25.1585807,25.4344021,SqEuclidean,extreme,2911,1.2004402490158e7,insample,1998
cross,k_means,1516602964,20,2.80186e9,1.9622e10,25.5249501,27.6632256,SqEuclidean,extreme,3461,1.5839755991124e7,insample,2004
cross,k_means,1516602964,20,2.80186e9,1.4645e10,24.9229862,25.9481344,SqEuclidean,extreme,2628,1.0863373053962e7,insample,2008
cross,k_means,1516602964,20,2.80186e9,1.64446e10,24.7683377,25.0200234,SqEuclidean,extreme,3118,1.2667654313064998e7,insample,2011
cross,k_means,1516602964,20,2.80186e9,1.69689e10,24.7208104,25.4934756,SqEuclidean,extreme,3192,1.3143345665001001e7,insample,2012
cross,k_means,1516602964,20,2.80186e9,1.85259e10,24.4948576,24.6579641,SqEuclidean,extreme,3377,1.4725004242069002e7,insample,2016
cross,k_means,1886534858,20,2.80021e9,1.30789e11,3.412612,35.031807400000005,SqEuclidean,extreme,548,6.961597594665e6,initial,initial
cross,k_means,1886534858,20,2.80021e9,2.17969e10,24.7099016,26.2131133,SqEuclidean,extreme,4035,1.8012248696200006e7,insample,1982
cross,k_means,1886534858,20,2.80021e9,1.86573e10,24.4039702,24.74658,SqEuclidean,extreme,3397,1.4817282822231004e7,insample,1986
cross,k_means,1886534858,20,2.80021e9,1.55682e10,24.2407379,24.679052000000002,SqEuclidean,extreme,3025,1.1813808994584002e7,insample,1990
cross,k_means,1886534858,20,2.80021e9,2.13805e10,24.5251814,24.8033725,SqEuclidean,extreme,3737,1.7599576006309003e7,insample,1994
cross,k_means,1886534858,20,2.80021e9,1.67189e10,25.265959,23.436800700000003,SqEuclidean,extreme,3225,1.2913192189941e7,insample,1998
cross,k_means,1886534858,20,2.80021e9,2.08568e10,25.9415878,28.5077051,SqEuclidean,extreme,3846,1.7075626320917e7,insample,2004
cross,k_means,1886534858,20,2.80021e9,1.56091e10,24.8407824,25.754840499999997,SqEuclidean,extreme,2938,1.1827546581118e7,insample,2008
cross,k_means,1886534858,20,2.80021e9,1.73783e10,25.1974147,24.416492400000003,SqEuclidean,extreme,3431,1.3601540290576e7,insample,2011
cross,k_means,1886534858,20,2.80021e9,1.80888e10,25.1587242,25.2978229,SqEuclidean,extreme,3536,1.4263548149805998e7,insample,2012
cross,k_means,1886534858,20,2.80021e9,1.97448e10,24.7740462,23.696550900000002,SqEuclidean,extreme,3737,1.5944705092457999e7,insample,2016
cross,k_means,2317698438,20,2.80151e9,1.30802e11,3.1880877,34.403642399999995,SqEuclidean,extreme,548,6.961605179499e6,initial,initial
cross,k_means,2317698438,20,2.80151e9,2.16563e10,24.3409224,24.3188366,SqEuclidean,extreme,3903,1.7874701431761004e7,insample,1982
cross,k_means,2317698438,20,2.80151e9,1.84726e10,24.4181829,24.7962278,SqEuclidean,extreme,3201,1.4635984450477999e7,insample,1986
cross,k_means,2317698438,20,2.80151e9,1.55005e10,24.8493612,24.4523479,SqEuclidean,extreme,2898,1.1750170664374e7,insample,1990
cross,k_means,2317698438,20,2.80151e9,2.11996e10,24.1770021,25.424187200000002,SqEuclidean,extreme,3611,1.7422339273005e7,insample,1994
cross,k_means,2317698438,20,2.80151e9,1.65253e10,24.755229,25.0556818,SqEuclidean,extreme,2980,1.2723245505215e7,insample,1998
cross,k_means,2317698438,20,2.80151e9,2.07229e10,26.343308,27.1834692,SqEuclidean,extreme,3689,1.6944587776745e7,insample,2004
cross,k_means,2317698438,20,2.80151e9,1.54922e10,24.5503907,25.0420027,SqEuclidean,extreme,2787,1.1714116718665e7,insample,2008
cross,k_means,2317698438,20,2.80151e9,1.72427e10,25.5102353,25.5658204,SqEuclidean,extreme,3271,1.3468856889965001e7,insample,2011
cross,k_means,2317698438,20,2.80151e9,1.79172e10,25.9782938,24.812660700000002,SqEuclidean,extreme,3382,1.4095685081907999e7,insample,2012
cross,k_means,2317698438,20,2.80151e9,1.95685e10,24.2002327,24.3925671,SqEuclidean,extreme,3564,1.5771150152267e7,insample,2016
cross,k_means,2466700586,20,2.79616e9,1.30811e11,2.8521855,33.3433073,SqEuclidean,extreme,548,6.961616843950001e6,initial,initial
cross,k_means,2466700586,20,2.79616e9,2.17377e10,24.3549801,24.689456,SqEuclidean,extreme,4025,1.7949916177053995e7,insample,1982
cross,k_means,2466700586,20,2.79616e9,1.85962e10,24.117854,24.6800866,SqEuclidean,extreme,3322,1.4753404907169e7,insample,1986
cross,k_means,2466700586,20,2.79616e9,1.55071e10,24.8121663,25.4727988,SqEuclidean,extreme,2964,1.1750504893038e7,insample,1990
cross,k_means,2466700586,20,2.79616e9,2.12785e10,25.0849283,24.0180763,SqEuclidean,extreme,3678,1.7494967170978002e7,insample,1994
cross,k_means,2466700586,20,2.79616e9,1.66189e10,24.5794697,24.7063336,SqEuclidean,extreme,3103,1.2810486743238997e7,insample,1998
cross,k_means,2466700586,20,2.79616e9,2.0796e10,26.836239,27.9782832,SqEuclidean,extreme,3809,1.701171815317e7,insample,2004
cross,k_means,2466700586,20,2.79616e9,1.55301e10,24.2545999,25.4182713,SqEuclidean,extreme,2872,1.1746019540631998e7,insample,2008
cross,k_means,2466700586,20,2.79616e9,1.73267e10,25.1322154,24.9174123,SqEuclidean,extreme,3392,1.3546916525571e7,insample,2011
cross,k_means,2466700586,20,2.79616e9,1.80243e10,24.6527116,25.6599108,SqEuclidean,extreme,3494,1.4196266754559e7,insample,2012
cross,k_means,2466700586,20,2.79616e9,1.9655e10,24.129547,23.8621603,SqEuclidean,extreme,3677,1.5851506481790999e7,insample,2016
cross,k_means,2692059346,20,2.80623e9,1.3077e11,3.0026549,33.7034692,SqEuclidean,extreme,532,6.961394954705e6,initial,initial
cross,k_means,2692059346,20,2.80623e9,2.14123e10,24.3406186,24.2011252,SqEuclidean,extreme,3940,1.7626745267902e7,insample,1982
cross,k_means,2692059346,20,2.80623e9,1.82945e10,24.3903672,25.4453258,SqEuclidean,extreme,3235,1.4454582250119999e7,insample,1986
cross,k_means,2692059346,20,2.80623e9,1.5266e10,24.48723,26.2582487,SqEuclidean,extreme,2928,1.1511915350539003e7,insample,1990
cross,k_means,2692059346,20,2.80623e9,2.09315e10,24.1924493,25.8566838,SqEuclidean,extreme,3639,1.7149885462949e7,insample,1994
cross,k_means,2692059346,20,2.80623e9,1.63382e10,24.5609053,24.6703053,SqEuclidean,extreme,3032,1.2532701881255e7,insample,1998
cross,k_means,2692059346,20,2.80623e9,2.04235e10,29.8819741,34.7662455,SqEuclidean,extreme,3694,1.6641969903202996e7,insample,2004
cross,k_means,2692059346,20,2.80623e9,1.52298e10,24.2883702,24.1202942,SqEuclidean,extreme,2810,1.1447827070094e7,insample,2008
cross,k_means,2692059346,20,2.80623e9,1.70593e10,24.5442327,24.077190499999997,SqEuclidean,extreme,3316,1.3282206891068e7,insample,2011
cross,k_means,2692059346,20,2.80623e9,1.76726e10,25.1821993,24.9509865,SqEuclidean,extreme,3404,1.3847194005484998e7,insample,2012
cross,k_means,2692059346,20,2.80623e9,1.92595e10,24.4886549,25.603378,SqEuclidean,extreme,3543,1.5458406179897e7,insample,2016
cross,k_means,3032526906,20,2.79987e9,1.30805e11,3.1550411,34.4445591,SqEuclidean,extreme,539,6.961575960376e6,initial,initial
cross,k_means,3032526906,20,2.79987e9,2.13621e10,25.8119074,25.2140822,SqEuclidean,extreme,3873,1.7579218033534996e7,insample,1982
cross,k_means,3032526906,20,2.79987e9,1.8294e10,24.5876539,25.9753334,SqEuclidean,extreme,3203,1.4456648096134998e7,insample,1986
cross,k_means,3032526906,20,2.79987e9,1.51519e10,24.5185329,27.5271993,SqEuclidean,extreme,2842,1.1400557076763e7,insample,1990
cross,k_means,3032526906,20,2.79987e9,2.0986e10,24.8345196,23.501216200000002,SqEuclidean,extreme,3578,1.7207795669849e7,insample,1994
cross,k_means,3032526906,20,2.79987e9,1.6323e10,25.2279903,23.7252182,SqEuclidean,extreme,2991,1.2520244342521e7,insample,1998
cross,k_means,3032526906,20,2.79987e9,2.03953e10,30.92099,34.1068684,SqEuclidean,extreme,3670,1.6615894370431002e7,insample,2004
cross,k_means,3032526906,20,2.79987e9,1.52423e10,24.7475119,24.953784000000002,SqEuclidean,extreme,2754,1.1463220750449e7,insample,2008
cross,k_means,3032526906,20,2.79987e9,1.6965e10,24.9708781,25.4121502,SqEuclidean,extreme,3232,1.3190377462722e7,insample,2011
cross,k_means,3032526906,20,2.79987e9,1.76555e10,24.4950407,23.7142476,SqEuclidean,extreme,3380,1.3833067793138e7,insample,2012
cross,k_means,3032526906,20,2.79987e9,1.92947e10,24.064577,25.9577783,SqEuclidean,extreme,3529,1.5496394290992e7,insample,2016
cross,k_means,3214418042,20,2.80114e9,1.30789e11,3.0434193,33.5796122,SqEuclidean,extreme,534,6.961608401669e6,initial,initial
cross,k_means,3214418042,20,2.80114e9,2.21489e10,24.4008448,24.323662900000002,SqEuclidean,extreme,4034,1.8369247505110003e7,insample,1982
cross,k_means,3214418042,20,2.80114e9,1.8915e10,24.8290316,25.4893463,SqEuclidean,extreme,3361,1.5079904403195001e7,insample,1986
cross,k_means,3214418042,20,2.80114e9,1.59197e10,23.8584529,26.4321399,SqEuclidean,extreme,3062,1.2170498138314001e7,insample,1990
cross,k_means,3214418042,20,2.80114e9,2.16878e10,24.8054733,24.5209592,SqEuclidean,extreme,3765,1.7912142703918e7,insample,1994
cross,k_means,3214418042,20,2.80114e9,1.6955e10,24.6358742,24.981458,SqEuclidean,extreme,3168,1.3154260226439e7,insample,1998
cross,k_means,3214418042,20,2.80114e9,2.1287e10,31.8621224,37.8916343,SqEuclidean,extreme,3850,1.7510532353362e7,insample,2004
cross,k_means,3214418042,20,2.80114e9,1.59361e10,25.583584,24.2224858,SqEuclidean,extreme,2947,1.2159320232322e7,insample,2008
cross,k_means,3214418042,20,2.80114e9,1.76727e10,24.9686086,24.7482242,SqEuclidean,extreme,3472,1.3900611275259e7,insample,2011
cross,k_means,3214418042,20,2.80114e9,1.84436e10,24.523367,24.3109578,SqEuclidean,extreme,3570,1.4623792520937998e7,insample,2012
cross,k_means,3214418042,20,2.80114e9,2.01305e10,25.210701,25.6693344,SqEuclidean,extreme,3751,1.633521251251e7,insample,2016
cross,k_means,3217763985,20,2.80143e9,1.30814e11,3.1639041,34.0977564,SqEuclidean,extreme,548,6.961585197202e6,initial,initial
cross,k_means,3217763985,20,2.80143e9,2.15089e10,24.829478,23.2773603,SqEuclidean,extreme,3916,1.7726250689218e7,insample,1982
cross,k_means,3217763985,20,2.80143e9,1.83848e10,24.3536196,24.9767778,SqEuclidean,extreme,3211,1.4547048050681999e7,insample,1986
cross,k_means,3217763985,20,2.80143e9,1.53266e10,25.1176899,23.7710555,SqEuclidean,extreme,2922,1.1574888420789e7,insample,1990
cross,k_means,3217763985,20,2.80143e9,2.10679e10,24.3195558,26.283836400000002,SqEuclidean,extreme,3576,1.7289607621023998e7,insample,1994
cross,k_means,3217763985,20,2.80143e9,1.6434e10,24.2474797,23.4773174,SqEuclidean,extreme,3001,1.2630608610769e7,insample,1998
cross,k_means,3217763985,20,2.80143e9,2.05493e10,32.0005159,37.7750714,SqEuclidean,extreme,3679,1.6769456951126002e7,insample,2004
cross,k_means,3217763985,20,2.80143e9,1.53477e10,24.5343208,25.2677377,SqEuclidean,extreme,2764,1.1568449871851001e7,insample,2008
cross,k_means,3217763985,20,2.80143e9,1.71157e10,24.7167361,24.195296000000003,SqEuclidean,extreme,3248,1.3340667082836002e7,insample,2011
cross,k_means,3217763985,20,2.80143e9,1.77838e10,24.3055666,26.7910082,SqEuclidean,extreme,3403,1.3960831772282999e7,insample,2012
cross,k_means,3217763985,20,2.80143e9,1.94202e10,24.270496,25.2744502,SqEuclidean,extreme,3553,1.5621689224263001e7,insample,2016
cross,k_means,3272403283,20,2.79715e9,1.30826e11,3.0556337,33.7792283,SqEuclidean,extreme,533,6.961602366631e6,initial,initial
cross,k_means,3272403283,20,2.79715e9,2.11933e10,25.3959992,25.3689297,SqEuclidean,extreme,3747,1.7411943939983003e7,insample,1982
cross,k_means,3272403283,20,2.79715e9,1.80787e10,25.643436,24.1293006,SqEuclidean,extreme,3069,1.4243264189034e7,insample,1986
cross,k_means,3272403283,20,2.79715e9,1.50743e10,24.6047055,25.8631169,SqEuclidean,extreme,2752,1.1325469458831e7,insample,1990
cross,k_means,3272403283,20,2.79715e9,2.0721e10,24.4602834,24.804323099999998,SqEuclidean,extreme,3430,1.6944985300553e7,insample,1994
cross,k_means,3272403283,20,2.79715e9,1.61171e10,24.3528125,25.782508200000002,SqEuclidean,extreme,2830,1.2316614403401999e7,insample,1998
cross,k_means,3272403283,20,2.79715e9,2.02172e10,31.9036722,37.4200958,SqEuclidean,extreme,3510,1.6439142266343e7,insample,2004
cross,k_means,3272403283,20,2.79715e9,1.50693e10,24.4623062,25.527528699999998,SqEuclidean,extreme,2657,1.1292553113752998e7,insample,2008
cross,k_means,3272403283,20,2.79715e9,1.68333e10,24.9110891,23.7194355,SqEuclidean,extreme,3098,1.3060616088731002e7,insample,2011
cross,k_means,3272403283,20,2.79715e9,1.74434e10,24.1558613,26.3421728,SqEuclidean,extreme,3219,1.36230343346e7,insample,2012
cross,k_means,3272403283,20,2.79715e9,1.90572e10,24.8411672,25.793188999999998,SqEuclidean,extreme,3400,1.5260400405053e7,insample,2016
cross,k_means,408956147,20,2.80193e9,1.30791e11,3.1436664,34.2921433,SqEuclidean,extreme,539,6.961497011034e6,initial,initial
cross,k_means,408956147,20,2.80193e9,2.15427e10,24.3319374,25.1978195,SqEuclidean,extreme,3916,1.7759221255052004e7,insample,1982
cross,k_means,408956147,20,2.80193e9,1.83931e10,23.9698085,25.9098312,SqEuclidean,extreme,3192,1.4554714361071e7,insample,1986
cross,k_means,408956147,20,2.80193e9,1.53914e10,24.2470341,24.7086604,SqEuclidean,extreme,2922,1.1639143829509998e7,insample,1990
cross,k_means,408956147,20,2.80193e9,2.10819e10,24.4756909,25.3098479,SqEuclidean,extreme,3598,1.7302530878407e7,insample,1994
cross,k_means,408956147,20,2.80193e9,1.64497e10,25.0127464,25.1927908,SqEuclidean,extreme,2991,1.2645674380246e7,insample,1998
cross,k_means,408956147,20,2.80193e9,2.05816e10,30.0195701,35.235153,SqEuclidean,extreme,3699,1.6801442492910996e7,insample,2004
cross,k_means,408956147,20,2.80193e9,1.53764e10,24.4098834,26.650615600000002,SqEuclidean,extreme,2779,1.1596236931537e7,insample,2008
cross,k_means,408956147,20,2.80193e9,1.71566e10,24.9106836,24.6013174,SqEuclidean,extreme,3285,1.3381144654879998e7,insample,2011
cross,k_means,408956147,20,2.80193e9,1.78039e10,25.3611576,24.9373476,SqEuclidean,extreme,3424,1.3980349726406999e7,insample,2012
cross,k_means,408956147,20,2.80193e9,1.9433e10,25.68539,24.4794235,SqEuclidean,extreme,3547,1.5633925957452998e7,insample,2016
cross,k_means,123456789,50,2.34846e9,5.46329e10,9.3808091,37.0327626,SqEuclidean,extreme,501,6.993142021172e6,initial,initial
cross,k_means,123456789,50,2.34846e9,2.02267e10,24.9149187,25.0304571,SqEuclidean,extreme,3438,1.6435442299869997e7,insample,1982
cross,k_means,123456789,50,2.34846e9,1.90702e10,24.9216993,25.220409,SqEuclidean,extreme,3201,1.5235895957957e7,insample,1986
cross,k_means,123456789,50,2.34846e9,1.4289e10,24.6609248,24.8317859,SqEuclidean,extreme,2553,1.0536049764188001e7,insample,1990
cross,k_means,123456789,50,2.34846e9,2.02398e10,24.2329355,25.737237099999998,SqEuclidean,extreme,3374,1.645946638245e7,insample,1994
cross,k_means,123456789,50,2.34846e9,1.47834e10,24.7629871,23.527948100000003,SqEuclidean,extreme,2781,1.0976386249685e7,insample,1998
cross,k_means,123456789,50,2.34846e9,1.90475e10,31.1429426,33.5883991,SqEuclidean,extreme,3443,1.5262228288205002e7,insample,2004
cross,k_means,123456789,50,2.34846e9,1.46657e10,24.1267228,25.8015532,SqEuclidean,extreme,2382,1.0882715468508e7,insample,2008
cross,k_means,123456789,50,2.34846e9,1.76253e10,25.0072285,24.1410079,SqEuclidean,extreme,3206,1.3850951844568001e7,insample,2011
cross,k_means,123456789,50,2.34846e9,1.64854e10,24.4054557,25.758087500000002,SqEuclidean,extreme,3068,1.2658242134794e7,insample,2012
cross,k_means,123456789,50,2.34846e9,1.79595e10,24.7694751,25.3090875,SqEuclidean,extreme,3178,1.4158326243601e7,insample,2016
cross,k_means,1286268702,50,2.35319e9,5.46104e10,9.5966801,38.2015023,SqEuclidean,extreme,502,6.993040950650998e6,initial,initial
cross,k_means,1286268702,50,2.35319e9,1.89717e10,24.6460481,23.438207700000003,SqEuclidean,extreme,3238,1.5179113237884998e7,insample,1982
cross,k_means,1286268702,50,2.35319e9,1.81615e10,24.1110778,24.8040617,SqEuclidean,extreme,3034,1.4326276626773e7,insample,1986
cross,k_means,1286268702,50,2.35319e9,1.32892e10,24.1003168,27.079743899999997,SqEuclidean,extreme,2389,9.535192842604e6,insample,1990
cross,k_means,1286268702,50,2.35319e9,1.90488e10,24.5445097,23.6747123,SqEuclidean,extreme,3161,1.5267335714606002e7,insample,1994
cross,k_means,1286268702,50,2.35319e9,1.38754e10,24.6850311,24.1040242,SqEuclidean,extreme,2620,1.0067700680488e7,insample,1998
cross,k_means,1286268702,50,2.35319e9,1.78075e10,30.8932509,34.7021829,SqEuclidean,extreme,3180,1.402081557184e7,insample,2004
cross,k_means,1286268702,50,2.35319e9,1.37534e10,24.9259283,25.2039346,SqEuclidean,extreme,2213,9.969646026836999e6,insample,2008
cross,k_means,1286268702,50,2.35319e9,1.66625e10,24.8158836,25.391871100000003,SqEuclidean,extreme,3040,1.2886954438415002e7,insample,2011
cross,k_means,1286268702,50,2.35319e9,1.5373e10,24.5861122,25.2489116,SqEuclidean,extreme,2839,1.1544475739273999e7,insample,2012
cross,k_means,1286268702,50,2.35319e9,1.66523e10,24.9606906,24.4744272,SqEuclidean,extreme,2976,1.2849819110498e7,insample,2016
cross,k_means,1308502331,50,2.35019e9,5.4609e10,9.9602041,35.8344437,SqEuclidean,extreme,508,6.993164881174999e6,initial,initial
cross,k_means,1308502331,50,2.35019e9,2.16846e10,24.2605442,24.680913200000003,SqEuclidean,extreme,3683,1.7903190171054e7,insample,1982
cross,k_means,1308502331,50,2.35019e9,2.01021e10,24.3842207,25.226548899999997,SqEuclidean,extreme,3370,1.6276247604794e7,insample,1986
cross,k_means,1308502331,50,2.35019e9,1.55007e10,23.9526117,25.9064786,SqEuclidean,extreme,2795,1.1756307120067999e7,insample,1990
cross,k_means,1308502331,50,2.35019e9,2.16854e10,24.3675337,25.5889106,SqEuclidean,extreme,3582,1.7914668612946e7,insample,1994
cross,k_means,1308502331,50,2.35019e9,1.58949e10,24.488218,24.6099807,SqEuclidean,extreme,2961,1.2096034942043e7,insample,1998
cross,k_means,1308502331,50,2.35019e9,2.05143e10,31.5765188,34.8315615,SqEuclidean,extreme,3720,1.6737135736153e7,insample,2004
cross,k_means,1308502331,50,2.35019e9,1.58815e10,24.0513693,25.3092572,SqEuclidean,extreme,2650,1.2106790821798999e7,insample,2008
cross,k_means,1308502331,50,2.35019e9,1.87389e10,24.6228452,25.5519006,SqEuclidean,extreme,3363,1.4972656188309997e7,insample,2011
cross,k_means,1308502331,50,2.35019e9,1.7802e10,24.6547393,23.5190554,SqEuclidean,extreme,3267,1.3983267190931998e7,insample,2012
cross,k_means,1308502331,50,2.35019e9,1.94939e10,24.0464753,24.617908099999998,SqEuclidean,extreme,3480,1.5701967352887e7,insample,2016
cross,k_means,1573928461,50,2.34714e9,5.46064e10,10.9988446,36.3713315,SqEuclidean,extreme,509,6.993391032573999e6,initial,initial
cross,k_means,1573928461,50,2.34714e9,2.15581e10,24.8288397,25.3604515,SqEuclidean,extreme,3603,1.777242681461e7,insample,1982
cross,k_means,1573928461,50,2.34714e9,2.00024e10,24.0312681,24.633745,SqEuclidean,extreme,3260,1.6172704952086e7,insample,1986
cross,k_means,1573928461,50,2.34714e9,1.54038e10,23.9778075,24.7635101,SqEuclidean,extreme,2726,1.1655614291234e7,insample,1990
cross,k_means,1573928461,50,2.34714e9,2.16634e10,23.9389352,25.3808945,SqEuclidean,extreme,3520,1.7888726785974e7,insample,1994
cross,k_means,1573928461,50,2.34714e9,1.58329e10,23.9877484,24.631279499999998,SqEuclidean,extreme,2854,1.2030730989152e7,insample,1998
cross,k_means,1573928461,50,2.34714e9,2.03621e10,30.6271461,36.0913152,SqEuclidean,extreme,3611,1.6581659074968e7,insample,2004
cross,k_means,1573928461,50,2.34714e9,1.58199e10,24.0423247,23.941002100000002,SqEuclidean,extreme,2577,1.2041788635903e7,insample,2008
cross,k_means,1573928461,50,2.34714e9,1.86354e10,24.0081701,24.263195999999997,SqEuclidean,extreme,3370,1.4865247173745003e7,insample,2011
cross,k_means,1573928461,50,2.34714e9,1.76526e10,24.5284745,24.066232,SqEuclidean,extreme,3161,1.3830231643297998e7,insample,2012
cross,k_means,1573928461,50,2.34714e9,1.93794e10,24.1667571,24.4308879,SqEuclidean,extreme,3347,1.5583677098937001e7,insample,2016
cross,k_means,1991051616,50,2.35173e9,5.46126e10,9.2718714,35.308515899999996,SqEuclidean,extreme,502,6.993140751196e6,initial,initial
cross,k_means,1991051616,50,2.35173e9,2.11609e10,25.1610114,25.5859631,SqEuclidean,extreme,3664,1.7373932083276e7,insample,1982
cross,k_means,1991051616,50,2.35173e9,1.97451e10,24.4518946,25.0766685,SqEuclidean,extreme,3344,1.5914346704978e7,insample,1986
cross,k_means,1991051616,50,2.35173e9,1.50531e10,24.0389367,24.1127419,SqEuclidean,extreme,2735,1.1303772535893e7,insample,1990
cross,k_means,1991051616,50,2.35173e9,2.12442e10,24.5023972,24.9577743,SqEuclidean,extreme,3581,1.7468505210448e7,insample,1994
cross,k_means,1991051616,50,2.35173e9,1.55326e10,24.607973,24.7547278,SqEuclidean,extreme,2922,1.1729393875720998e7,insample,1998
cross,k_means,1991051616,50,2.35173e9,1.99659e10,31.486444,35.5080491,SqEuclidean,extreme,3656,1.6184494261726e7,insample,2004
cross,k_means,1991051616,50,2.35173e9,1.54546e10,24.2553639,25.625485299999998,SqEuclidean,extreme,2614,1.1675394755378999e7,insample,2008
cross,k_means,1991051616,50,2.35173e9,1.83353e10,24.5915863,24.1253994,SqEuclidean,extreme,3398,1.4564002006908001e7,insample,2011
cross,k_means,1991051616,50,2.35173e9,1.73136e10,24.2663839,27.0201964,SqEuclidean,extreme,3262,1.3490082349273998e7,insample,2012
cross,k_means,1991051616,50,2.35173e9,1.89519e10,23.9486406,26.6678865,SqEuclidean,extreme,3453,1.515504786279e7,insample,2016
cross,k_means,2678701235,50,2.3433e9,5.46162e10,8.9114284,35.936463,SqEuclidean,extreme,508,6.994551270518999e6,initial,initial
cross,k_means,2678701235,50,2.3433e9,2.21801e10,24.1810426,24.706331199999997,SqEuclidean,extreme,3851,1.8389871413247e7,insample,1982
cross,k_means,2678701235,50,2.3433e9,2.03391e10,24.8161307,25.818713600000002,SqEuclidean,extreme,3495,1.6504324175902002e7,insample,1986
cross,k_means,2678701235,50,2.3433e9,1.59259e10,24.4234281,24.700572599999997,SqEuclidean,extreme,2936,1.2173106441287e7,insample,1990
cross,k_means,2678701235,50,2.3433e9,2.21417e10,24.612786,24.2558081,SqEuclidean,extreme,3737,1.8361867795915e7,insample,1994
cross,k_means,2678701235,50,2.3433e9,1.62658e10,23.9672887,25.124394900000002,SqEuclidean,extreme,3094,1.2458788110922001e7,insample,1998
cross,k_means,2678701235,50,2.3433e9,2.11458e10,31.8584159,34.429321900000005,SqEuclidean,extreme,3927,1.7361067429431e7,insample,2004
cross,k_means,2678701235,50,2.3433e9,1.6297e10,24.8683526,25.393440599999998,SqEuclidean,extreme,2807,1.2513992449070003e7,insample,2008
cross,k_means,2678701235,50,2.3433e9,1.90952e10,24.9970125,23.9157412,SqEuclidean,extreme,3539,1.5320383715396998e7,insample,2011
cross,k_means,2678701235,50,2.3433e9,1.82381e10,24.5187878,25.4308334,SqEuclidean,extreme,3438,1.4410959471361e7,insample,2012
cross,k_means,2678701235,50,2.3433e9,1.99408e10,24.0674271,24.3118222,SqEuclidean,extreme,3656,1.613960288186e7,insample,2016
cross,k_means,3861234567,50,2.348e9,5.46176e10,10.5976943,36.1862862,SqEuclidean,extreme,508,6.993330688617998e6,initial,initial
cross,k_means,3861234567,50,2.348e9,2.13879e10,24.9156174,23.7552425,SqEuclidean,extreme,3747,1.7596629076435998e7,insample,1982
cross,k_means,3861234567,50,2.348e9,1.99446e10,27.9844728,24.1188171,SqEuclidean,extreme,3415,1.6109718457325e7,insample,1986
cross,k_means,3861234567,50,2.348e9,1.52136e10,24.5792334,25.4546515,SqEuclidean,extreme,2780,1.1459970654822e7,insample,1990
cross,k_means,3861234567,50,2.348e9,2.14478e10,24.5673542,25.230055800000002,SqEuclidean,extreme,3643,1.7667784075308e7,insample,1994
cross,k_means,3861234567,50,2.348e9,1.57077e10,24.6720911,24.0466774,SqEuclidean,extreme,2998,1.1900530772183001e7,insample,1998
cross,k_means,3861234567,50,2.348e9,2.01924e10,30.863612,35.7293264,SqEuclidean,extreme,3733,1.6407446728893999e7,insample,2004
cross,k_means,3861234567,50,2.348e9,1.56229e10,24.1423013,26.7246712,SqEuclidean,extreme,2634,1.1839748076992e7,insample,2008
cross,k_means,3861234567,50,2.348e9,1.85314e10,26.1606052,25.1697594,SqEuclidean,extreme,3462,1.4755740405053e7,insample,2011
cross,k_means,3861234567,50,2.348e9,1.75352e10,25.2740284,24.8870022,SqEuclidean,extreme,3314,1.3707764263991999e7,insample,2012
cross,k_means,3861234567,50,2.348e9,1.91836e10,24.6514741,25.851134899999998,SqEuclidean,extreme,3519,1.5382894643933e7,insample,2016
cross,k_means,477073181,50,2.34639e9,5.4606e10,10.2497552,37.0807618,SqEuclidean,extreme,506,6.993401487302999e6,initial,initial
cross,k_means,477073181,50,2.34639e9,2.27544e10,24.7486821,24.8083255,SqEuclidean,extreme,3845,1.8970812502935e7,insample,1982
cross,k_means,477073181,50,2.34639e9,2.09581e10,24.2289397,26.7173254,SqEuclidean,extreme,3487,1.7129615828502e7,insample,1986
cross,k_means,477073181,50,2.34639e9,1.64518e10,23.5780094,23.9095841,SqEuclidean,extreme,2959,1.2704946796967e7,insample,1990
cross,k_means,477073181,50,2.34639e9,2.28309e10,24.2347237,25.1280402,SqEuclidean,extreme,3739,1.9058282111765e7,insample,1994
cross,k_means,477073181,50,2.34639e9,1.67863e10,24.2137344,25.1180304,SqEuclidean,extreme,3083,1.2985202185147e7,insample,1998
cross,k_means,477073181,50,2.34639e9,2.16879e10,30.430037,35.190793,SqEuclidean,extreme,3914,1.7909692647673e7,insample,2004
cross,k_means,477073181,50,2.34639e9,1.68573e10,24.2802256,25.0801266,SqEuclidean,extreme,2825,1.3080627450814e7,insample,2008
cross,k_means,477073181,50,2.34639e9,1.96466e10,24.2253204,25.72963,SqEuclidean,extreme,3566,1.5877648797387e7,insample,2011
cross,k_means,477073181,50,2.34639e9,1.88347e10,24.08726,24.4539755,SqEuclidean,extreme,3443,1.5014084384879002e7,insample,2012
cross,k_means,477073181,50,2.34639e9,2.07027e10,24.5177058,26.133452899999998,SqEuclidean,extreme,3713,1.6909226249898e7,insample,2016
cross,k_means,876543210,50,2.34407e9,5.46161e10,9.5651407,36.7069506,SqEuclidean,extreme,497,6.993371777819e6,initial,initial
cross,k_means,876543210,50,2.34407e9,2.21361e10,25.0687999,23.5194999,SqEuclidean,extreme,3793,1.8347660071479e7,insample,1982
cross,k_means,876543210,50,2.34407e9,2.04474e10,24.5095756,25.599624000000002,SqEuclidean,extreme,3444,1.6615202880158996e7,insample,1986
cross,k_means,876543210,50,2.34407e9,1.58953e10,25.0971861,25.0403446,SqEuclidean,extreme,2894,1.2144408036021002e7,insample,1990
cross,k_means,876543210,50,2.34407e9,2.21767e10,24.6974443,25.2150261,SqEuclidean,extreme,3713,1.8399175907397002e7,insample,1994
cross,k_means,876543210,50,2.34407e9,1.62589e10,24.3058131,26.5457124,SqEuclidean,extreme,3012,1.2454160268252999e7,insample,1998
cross,k_means,876543210,50,2.34407e9,2.09836e10,31.0709172,35.225359600000004,SqEuclidean,extreme,3803,1.7201199124578997e7,insample,2004
cross,k_means,876543210,50,2.34407e9,1.62709e10,24.9711993,25.5380575,SqEuclidean,extreme,2729,1.2490243940335002e7,insample,2008
cross,k_means,876543210,50,2.34407e9,1.9118e10,25.229645,24.218771099999998,SqEuclidean,extreme,3471,1.5345289787255e7,insample,2011
cross,k_means,876543210,50,2.34407e9,1.82184e10,24.0239003,27.2823883,SqEuclidean,extreme,3380,1.4393828628397e7,insample,2012
cross,k_means,876543210,50,2.34407e9,1.99744e10,24.4848991,24.8577394,SqEuclidean,extreme,3582,1.6176301270942e7,insample,2016
cross,k_means,987654321,50,2.34629e9,5.46124e10,8.9972264,35.6610836,SqEuclidean,extreme,504,6.993325150601e6,initial,initial
cross,k_means,987654321,50,2.34629e9,2.20421e10,23.6777413,25.5112083,SqEuclidean,extreme,3848,1.825711501647e7,insample,1982
cross,k_means,987654321,50,2.34629e9,2.03911e10,24.807833,24.6419479,SqEuclidean,extreme,3436,1.6561566303262003e7,insample,1986
cross,k_means,987654321,50,2.34629e9,1.57441e10,24.6554431,25.118743900000002,SqEuclidean,extreme,2847,1.1996040989958e7,insample,1990
cross,k_means,987654321,50,2.34629e9,2.19984e10,24.5635053,24.8345815,SqEuclidean,extreme,3649,1.8224213953833e7,insample,1994
cross,k_means,987654321,50,2.34629e9,1.61656e10,24.0955966,24.4151752,SqEuclidean,extreme,3023,1.2363156978616e7,insample,1998
cross,k_means,987654321,50,2.34629e9,2.08509e10,30.0970114,34.773942899999994,SqEuclidean,extreme,3754,1.7070742069625e7,insample,2004
cross,k_means,987654321,50,2.34629e9,1.61553e10,25.1868899,25.2415146,SqEuclidean,extreme,2716,1.2377189865766998e7,insample,2008
cross,k_means,987654321,50,2.34629e9,1.90051e10,24.2872422,23.403184000000003,SqEuclidean,extreme,3440,1.5235338719002001e7,insample,2011
cross,k_means,987654321,50,2.34629e9,1.81408e10,23.8177468,25.1025116,SqEuclidean,extreme,3381,1.4318884833075e7,insample,2012
cross,k_means,987654321,50,2.34629e9,1.98556e10,24.1535048,23.4857567,SqEuclidean,extreme,3580,1.6060478126560995e7,insample,2016
