method,clustering,seed,num_periods,cost,time,distance,data,loss,loss_ct,type,extreme
stochastic,stochastic,0,0,5.26577e7,70.1774135,N/A,closemixed,12144.796523,14,insample,none
cross_scenario,convex_hull,0,11,6.01534e7,4.1583929,CosineDist,closemixed,241808.720893,189,insample,none
cross_scenario,convex_hull,0,13,6.07663e7,4.2598963,CosineDist,closemixed,256947.507422,211,insample,none
cross_scenario,convex_hull,0,15,6.00963e7,7.2907224,CosineDist,closemixed,239949.748078,190,insample,none
cross_scenario,convex_hull,0,17,6.00639e7,8.1809993,CosineDist,closemixed,239148.608685,185,insample,none
cross_scenario,convex_hull,0,19,5.98925e7,10.5846949,CosineDist,closemixed,234771.560483,196,insample,none
cross_scenario,convex_hull,0,21,5.84465e7,10.8903359,CosineDist,closemixed,194386.164371,160,insample,none
cross_scenario,convex_hull,0,23,5.64331e7,11.8063557,CosineDist,closemixed,138740.654418,99,insample,none
cross_scenario,convex_hull,0,25,5.64752e7,12.7558524,CosineDist,closemixed,140398.325765,108,insample,none
cross_scenario,convex_hull,0,27,5.65807e7,15.7357762,CosineDist,closemixed,142862.326337,107,insample,none
cross_scenario,convex_hull,0,29,5.65646e7,16.2529277,CosineDist,closemixed,142346.815167,109,insample,none
cross_scenario,convex_hull,0,3,1.16127e8,0.9597733,CosineDist,closemixed,1.702396041214e6,829,insample,none
cross_scenario,convex_hull,0,31,5.67128e7,18.5461946,CosineDist,closemixed,147289.316664,111,insample,none
cross_scenario,convex_hull,0,33,5.69358e7,24.1271415,CosineDist,closemixed,152310.833166,114,insample,none
cross_scenario,convex_hull,0,35,5.6909e7,24.4000527,CosineDist,closemixed,151631.849357,117,insample,none
cross_scenario,convex_hull,0,37,5.69698e7,27.9514832,CosineDist,closemixed,153308.865729,117,insample,none
cross_scenario,convex_hull,0,39,5.63671e7,29.9174517,CosineDist,closemixed,129972.710759,93,insample,none
cross_scenario,convex_hull,0,41,5.53027e7,33.3082772,CosineDist,closemixed,103171.669529,71,insample,none
cross_scenario,convex_hull,0,5,1.02916e8,1.4537259,CosineDist,closemixed,1.364274839033e6,708,insample,none
cross_scenario,convex_hull,0,7,8.40511e7,2.2317576,CosineDist,closemixed,852442.132327,473,insample,none
cross_scenario,convex_hull,0,9,8.54315e7,2.8286208,CosineDist,closemixed,894959.431662,521,insample,none
cross_scenario,convex_hull,0,11,1.13119e8,3.4946686,SqEuclidean,closemixed,1.582685222285e6,580,insample,none
cross_scenario,convex_hull,0,13,1.16105e8,4.0186723,SqEuclidean,closemixed,1.664676196676e6,621,insample,none
cross_scenario,convex_hull,0,15,9.76166e7,7.0866022,SqEuclidean,closemixed,1.201425714926e6,450,insample,none
cross_scenario,convex_hull,0,17,9.8139e7,8.3827965,SqEuclidean,closemixed,1.214969959806e6,427,insample,none
cross_scenario,convex_hull,0,19,9.82782e7,11.1261003,SqEuclidean,closemixed,1.216492029699e6,455,insample,none
cross_scenario,convex_hull,0,21,9.79129e7,14.7102531,SqEuclidean,closemixed,1.206729423384e6,470,insample,none
cross_scenario,convex_hull,0,23,9.79295e7,12.9627032,SqEuclidean,closemixed,1.206871155892e6,468,insample,none
cross_scenario,convex_hull,0,25,9.44541e7,14.3001281,SqEuclidean,closemixed,1.091294164336e6,442,insample,none
cross_scenario,convex_hull,0,27,9.52211e7,15.3967598,SqEuclidean,closemixed,1.124148293555e6,405,insample,none
cross_scenario,convex_hull,0,29,8.11244e7,17.3850681,SqEuclidean,closemixed,762399.320297,349,insample,none
cross_scenario,convex_hull,0,3,1.15052e8,0.5439085,SqEuclidean,closemixed,1.640675338924e6,724,insample,none
cross_scenario,convex_hull,0,31,8.1016e7,21.1369711,SqEuclidean,closemixed,759489.751572,375,insample,none
cross_scenario,convex_hull,0,33,8.12402e7,21.4752697,SqEuclidean,closemixed,765215.139249,378,insample,none
cross_scenario,convex_hull,0,35,5.44308e7,18.0222936,SqEuclidean,closemixed,56105.609511,73,insample,none
cross_scenario,convex_hull,0,37,5.44519e7,19.2119818,SqEuclidean,closemixed,59050.55906,73,insample,none
cross_scenario,convex_hull,0,39,5.42636e7,20.2867248,SqEuclidean,closemixed,56469.499627,67,insample,none
cross_scenario,convex_hull,0,41,5.42928e7,18.3586376,SqEuclidean,closemixed,57234.940254,68,insample,none
cross_scenario,convex_hull,0,5,1.05712e8,1.127702,SqEuclidean,closemixed,1.38744103669e6,625,insample,none
cross_scenario,convex_hull,0,7,1.10228e8,2.0575366,SqEuclidean,closemixed,1.508572875618e6,606,insample,none
cross_scenario,convex_hull,0,9,1.09851e8,2.5036825,SqEuclidean,closemixed,1.498631080166e6,581,insample,none
cross_scenario,k_medoids,1355586937,11,7.54193e7,4.0258849,CosineDist,closemixed,636090.164156,403,insample,none
cross_scenario,k_medoids,1768760743,11,7.12576e7,3.679432,CosineDist,closemixed,529039.844247,383,insample,none
cross_scenario,k_medoids,2652796558,11,8.10252e7,3.7607822,CosineDist,closemixed,784307.690382,486,insample,none
cross_scenario,k_medoids,3000698040,11,9.35789e7,5.0146971,CosineDist,closemixed,1.097194283916e6,688,insample,none
cross_scenario,k_medoids,3160233726,11,6.15904e7,3.8126523,CosineDist,closemixed,281252.693029,222,insample,none
cross_scenario,k_medoids,3479820580,11,7.47887e7,4.5481933,CosineDist,closemixed,622206.995786,447,insample,none
cross_scenario,k_medoids,3649546841,11,6.03299e7,3.531933,CosineDist,closemixed,244474.254137,201,insample,none
cross_scenario,k_medoids,4031091536,11,7.99188e7,3.99569,CosineDist,closemixed,759190.434872,443,insample,none
cross_scenario,k_medoids,675182737,11,6.55669e7,3.7824494,CosineDist,closemixed,380890.1344,279,insample,none
cross_scenario,k_medoids,722170199,11,6.32797e7,3.3245803,CosineDist,closemixed,322174.781962,235,insample,none
cross_scenario,k_medoids,1020330993,13,6.26886e7,4.5279618,CosineDist,closemixed,310353.702663,234,insample,none
cross_scenario,k_medoids,1241334511,13,6.3978e7,4.9937277,CosineDist,closemixed,336507.971779,238,insample,none
cross_scenario,k_medoids,1561739573,13,5.75471e7,4.9018305,CosineDist,closemixed,164699.305656,153,insample,none
cross_scenario,k_medoids,2082789969,13,7.66154e7,5.2048854,CosineDist,closemixed,673855.452477,451,insample,none
cross_scenario,k_medoids,2422820678,13,6.58584e7,4.8254893,CosineDist,closemixed,393376.483602,273,insample,none
cross_scenario,k_medoids,373102896,13,7.6022e7,6.1158904,CosineDist,closemixed,660158.021584,490,insample,none
cross_scenario,k_medoids,3777256655,13,6.979e7,5.5614842,CosineDist,closemixed,494842.638583,437,insample,none
cross_scenario,k_medoids,4101453586,13,6.86381e7,4.3982551,CosineDist,closemixed,452668.558452,278,insample,none
cross_scenario,k_medoids,419645993,13,7.41329e7,5.0774892,CosineDist,closemixed,603286.785339,383,insample,none
cross_scenario,k_medoids,772616242,13,6.23434e7,4.3579763,CosineDist,closemixed,301228.100188,236,insample,none
cross_scenario,k_medoids,1536731824,15,7.90615e7,6.5931987,CosineDist,closemixed,725358.894421,468,insample,none
cross_scenario,k_medoids,1944031661,15,9.2949e7,5.9431879,CosineDist,closemixed,1.079246686806e6,636,insample,none
cross_scenario,k_medoids,195370354,15,6.75345e7,5.9354982,CosineDist,closemixed,435079.300852,329,insample,none
cross_scenario,k_medoids,2392820273,15,6.7696e7,8.4432855,CosineDist,closemixed,443368.446423,339,insample,none
cross_scenario,k_medoids,2931326369,15,9.42941e7,6.998489,CosineDist,closemixed,1.123433482124e6,663,insample,none
cross_scenario,k_medoids,3012361418,15,6.4366e7,6.8443298,CosineDist,closemixed,356165.63329,264,insample,none
cross_scenario,k_medoids,3763622817,15,7.78285e7,6.9216513,CosineDist,closemixed,702850.446019,472,insample,none
cross_scenario,k_medoids,3796973136,15,5.49232e7,5.0241446,CosineDist,closemixed,92235.020444,89,insample,none
cross_scenario,k_medoids,3815196410,15,5.9312e7,6.1708226,CosineDist,closemixed,213612.371909,134,insample,none
cross_scenario,k_medoids,604489562,15,5.6643e7,5.0826201,CosineDist,closemixed,138976.775146,153,insample,none
cross_scenario,k_medoids,1587347134,17,6.94845e7,9.7727648,CosineDist,closemixed,483646.254542,349,insample,none
cross_scenario,k_medoids,186564236,17,7.08579e7,7.5161498,CosineDist,closemixed,501782.104441,332,insample,none
cross_scenario,k_medoids,2166881926,17,5.57134e7,6.2864672,CosineDist,closemixed,118053.449752,98,insample,none
cross_scenario,k_medoids,2186186592,17,8.34561e7,8.1333607,CosineDist,closemixed,837787.373548,584,insample,none
cross_scenario,k_medoids,2238747886,17,5.87225e7,6.6716732,CosineDist,closemixed,200759.231779,160,insample,none
cross_scenario,k_medoids,224585247,17,5.87216e7,5.9142491,CosineDist,closemixed,198775.958591,135,insample,none
cross_scenario,k_medoids,2339120676,17,7.0411e7,7.6759255,CosineDist,closemixed,498917.35322,301,insample,none
cross_scenario,k_medoids,3093014142,17,5.36055e7,6.295486,CosineDist,closemixed,47236.12155,51,insample,none
cross_scenario,k_medoids,3258302586,17,5.85239e7,6.5690179,CosineDist,closemixed,198579.336283,169,insample,none
cross_scenario,k_medoids,3629043986,17,6.03596e7,5.8628531,CosineDist,closemixed,242570.08021,176,insample,none
cross_scenario,k_medoids,1088367163,19,5.77408e7,6.793935,CosineDist,closemixed,166056.399856,122,insample,none
cross_scenario,k_medoids,1245540782,19,8.12462e7,11.5840352,CosineDist,closemixed,791498.672183,547,insample,none
cross_scenario,k_medoids,2410109332,19,5.82516e7,9.0316083,CosineDist,closemixed,189404.683806,133,insample,none
cross_scenario,k_medoids,2455416769,19,5.6627e7,8.6544664,CosineDist,closemixed,142918.7813,102,insample,none
cross_scenario,k_medoids,2591120440,19,5.85781e7,8.8162631,CosineDist,closemixed,190423.353371,189,insample,none
cross_scenario,k_medoids,2650271871,19,5.45771e7,7.1020527,CosineDist,closemixed,75467.138515,89,insample,none
cross_scenario,k_medoids,2789252227,19,7.00686e7,9.5062195,CosineDist,closemixed,499730.646082,376,insample,none
cross_scenario,k_medoids,3130995382,19,5.82662e7,8.8149225,CosineDist,closemixed,188280.057146,138,insample,none
cross_scenario,k_medoids,3357853995,19,6.44724e7,8.2671791,CosineDist,closemixed,351005.515169,234,insample,none
cross_scenario,k_medoids,824849990,19,6.25901e7,9.0640227,CosineDist,closemixed,309410.767388,235,insample,none
cross_scenario,k_medoids,1244389436,21,5.66677e7,8.980245,CosineDist,closemixed,142793.958256,138,insample,none
cross_scenario,k_medoids,1393653782,21,5.58141e7,8.4257306,CosineDist,closemixed,105175.287806,115,insample,none
cross_scenario,k_medoids,1761682951,21,6.13926e7,9.9147281,CosineDist,closemixed,265562.07014,186,insample,none
cross_scenario,k_medoids,196162340,21,5.79633e7,9.8739816,CosineDist,closemixed,183145.453414,162,insample,none
cross_scenario,k_medoids,1984034111,21,6.03448e7,9.9167156,CosineDist,closemixed,245583.644923,193,insample,none
cross_scenario,k_medoids,2569047889,21,7.59561e7,14.0092859,CosineDist,closemixed,642317.71352,412,insample,none
cross_scenario,k_medoids,3286463093,21,6.08606e7,10.5125466,CosineDist,closemixed,254172.559499,229,insample,none
cross_scenario,k_medoids,4196464565,21,5.99831e7,9.086251,CosineDist,closemixed,228827.293118,160,insample,none
cross_scenario,k_medoids,744301781,21,5.99308e7,9.2243677,CosineDist,closemixed,221869.724834,141,insample,none
cross_scenario,k_medoids,760014603,21,7.09932e7,11.1664921,CosineDist,closemixed,514877.077526,344,insample,none
cross_scenario,k_medoids,2193967569,23,6.01223e7,11.3317763,CosineDist,closemixed,221147.162307,150,insample,none
cross_scenario,k_medoids,2546464051,23,7.16246e7,12.3260917,CosineDist,closemixed,542813.868279,393,insample,none
cross_scenario,k_medoids,2938742229,23,5.91495e7,10.7755635,CosineDist,closemixed,208921.918649,116,insample,none
cross_scenario,k_medoids,313447314,23,5.43708e7,9.3303841,CosineDist,closemixed,72052.317269,75,insample,none
cross_scenario,k_medoids,3164855826,23,5.40487e7,10.7333362,CosineDist,closemixed,67835.613961,68,insample,none
cross_scenario,k_medoids,3173192974,23,6.06605e7,12.3736365,CosineDist,closemixed,255243.832707,204,insample,none
cross_scenario,k_medoids,3527549645,23,5.79695e7,11.8056054,CosineDist,closemixed,172113.919891,144,insample,none
cross_scenario,k_medoids,3913193451,23,7.11389e7,11.6350475,CosineDist,closemixed,514424.769872,329,insample,none
cross_scenario,k_medoids,714332685,23,5.59378e7,9.9994567,CosineDist,closemixed,123116.385302,85,insample,none
cross_scenario,k_medoids,890890131,23,5.82509e7,11.229999,CosineDist,closemixed,176285.137396,126,insample,none
cross_scenario,k_medoids,1134130444,25,5.5686e7,13.3887244,CosineDist,closemixed,110751.576647,86,insample,none
cross_scenario,k_medoids,2658990538,25,6.05986e7,14.4157568,CosineDist,closemixed,242416.89692,182,insample,none
cross_scenario,k_medoids,2726541456,25,5.80069e7,12.0529313,CosineDist,closemixed,177117.224925,129,insample,none
cross_scenario,k_medoids,2894918851,25,6.299e7,13.2485152,CosineDist,closemixed,312597.082922,223,insample,none
cross_scenario,k_medoids,3351175237,25,6.37059e7,12.9974382,CosineDist,closemixed,334000.812314,234,insample,none
cross_scenario,k_medoids,343301208,25,5.7557e7,16.8825312,CosineDist,closemixed,167408.561292,147,insample,none
cross_scenario,k_medoids,4135971217,25,6.02996e7,14.2031265,CosineDist,closemixed,247426.03733,199,insample,none
cross_scenario,k_medoids,4145110716,25,5.79274e7,12.7378561,CosineDist,closemixed,183703.536615,149,insample,none
cross_scenario,k_medoids,448376330,25,6.26477e7,12.3914462,CosineDist,closemixed,299204.452438,192,insample,none
cross_scenario,k_medoids,47449323,25,5.72044e7,12.7006095,CosineDist,closemixed,144913.311416,115,insample,none
cross_scenario,k_medoids,1161276258,27,7.61119e7,18.4074643,CosineDist,closemixed,638708.782729,441,insample,none
cross_scenario,k_medoids,1233541653,27,7.71318e7,15.1715274,CosineDist,closemixed,668028.792111,500,insample,none
cross_scenario,k_medoids,1267936167,27,5.98851e7,17.8566182,CosineDist,closemixed,232587.678982,187,insample,none
cross_scenario,k_medoids,1653248667,27,5.69458e7,16.7638437,CosineDist,closemixed,149017.324854,122,insample,none
cross_scenario,k_medoids,2437521778,27,5.46492e7,11.4182301,CosineDist,closemixed,85401.341606,82,insample,none
cross_scenario,k_medoids,2524306086,27,6.1657e7,13.8790778,CosineDist,closemixed,266352.7876,203,insample,none
cross_scenario,k_medoids,2606414571,27,5.43067e7,13.586294,CosineDist,closemixed,63676.478845,66,insample,none
cross_scenario,k_medoids,2821296471,27,7.3344e7,15.7775863,CosineDist,closemixed,578870.974904,303,insample,none
cross_scenario,k_medoids,3155655383,27,5.34882e7,13.5900534,CosineDist,closemixed,44464.994174,48,insample,none
cross_scenario,k_medoids,463779685,27,5.3653e7,14.17987,CosineDist,closemixed,40362.288931,47,insample,none
cross_scenario,k_medoids,1113698075,29,5.61832e7,14.6751655,CosineDist,closemixed,128218.082763,141,insample,none
cross_scenario,k_medoids,1125327650,29,5.58891e7,15.0555655,CosineDist,closemixed,106642.510571,73,insample,none
cross_scenario,k_medoids,1398119942,29,6.03712e7,14.4615689,CosineDist,closemixed,242041.948081,193,insample,none
cross_scenario,k_medoids,1669407957,29,5.48435e7,15.0214044,CosineDist,closemixed,91994.395205,71,insample,none
cross_scenario,k_medoids,1792506398,29,5.55422e7,17.8172897,CosineDist,closemixed,102683.060833,82,insample,none
cross_scenario,k_medoids,2439649745,29,5.54841e7,13.4998352,CosineDist,closemixed,110460.694014,85,insample,none
cross_scenario,k_medoids,2730667678,29,5.54406e7,15.8099448,CosineDist,closemixed,100895.747442,69,insample,none
cross_scenario,k_medoids,2843080965,29,5.71449e7,23.3631453,CosineDist,closemixed,155619.511849,115,insample,none
cross_scenario,k_medoids,3434031776,29,5.3995e7,13.4300521,CosineDist,closemixed,65393.935071,62,insample,none
cross_scenario,k_medoids,950202798,29,5.90821e7,15.9036462,CosineDist,closemixed,201056.255966,170,insample,none
cross_scenario,k_medoids,1042382051,3,9.63811e7,0.6255948,CosineDist,closemixed,1.182984530568e6,722,insample,none
cross_scenario,k_medoids,1617230705,3,9.60638e7,0.6352707,CosineDist,closemixed,1.174823728149e6,695,insample,none
cross_scenario,k_medoids,1690918982,3,3.05727e8,0.6867013,CosineDist,closemixed,6.516632677155e6,2475,insample,none
cross_scenario,k_medoids,2011904635,3,9.63477e7,0.5956258,CosineDist,closemixed,1.182150489717e6,714,insample,none
cross_scenario,k_medoids,208019063,3,9.61198e7,0.6170625,CosineDist,closemixed,1.176223838006e6,702,insample,none
cross_scenario,k_medoids,2175589206,3,9.53297e7,0.6903441,CosineDist,closemixed,1.156051522508e6,649,insample,none
cross_scenario,k_medoids,2331872192,3,9.63811e7,0.5954944,CosineDist,closemixed,1.182984530568e6,722,insample,none
cross_scenario,k_medoids,2859914000,3,9.64978e7,0.5901553,CosineDist,closemixed,1.185903611964e6,672,insample,none
cross_scenario,k_medoids,3409952330,3,9.64978e7,0.6413484,CosineDist,closemixed,1.185903611964e6,672,insample,none
cross_scenario,k_medoids,488813374,3,9.64978e7,0.605158,CosineDist,closemixed,1.185903611964e6,672,insample,none
cross_scenario,k_medoids,1349996306,31,5.67669e7,21.4344163,CosineDist,closemixed,144643.521532,101,insample,none
cross_scenario,k_medoids,1462714024,31,5.35667e7,14.2886789,CosineDist,closemixed,52448.765417,50,insample,none
cross_scenario,k_medoids,1579127763,31,5.39683e7,13.0224357,CosineDist,closemixed,55296.199508,73,insample,none
cross_scenario,k_medoids,1648351254,31,6.31725e7,20.6648935,CosineDist,closemixed,301478.504176,195,insample,none
cross_scenario,k_medoids,2030289235,31,5.74752e7,17.1943131,CosineDist,closemixed,165256.156772,135,insample,none
cross_scenario,k_medoids,2462588561,31,5.45109e7,19.1707191,CosineDist,closemixed,74138.884163,56,insample,none
cross_scenario,k_medoids,2929172095,31,5.31448e7,15.5422146,CosineDist,closemixed,26651.27858,30,insample,none
cross_scenario,k_medoids,2944528308,31,6.00037e7,14.4618166,CosineDist,closemixed,234320.810663,177,insample,none
cross_scenario,k_medoids,295145311,31,5.43933e7,17.0111229,CosineDist,closemixed,78239.133469,64,insample,none
cross_scenario,k_medoids,3899371692,31,6.44071e7,18.6579813,CosineDist,closemixed,343419.561746,227,insample,none
cross_scenario,k_medoids,1038419084,33,5.32713e7,14.1367745,CosineDist,closemixed,41546.445104,43,insample,none
cross_scenario,k_medoids,1109759726,33,5.42014e7,16.472516,CosineDist,closemixed,69462.98072,65,insample,none
cross_scenario,k_medoids,1963882461,33,5.42741e7,17.2269236,CosineDist,closemixed,76574.65521,57,insample,none
cross_scenario,k_medoids,1989163906,33,5.5388e7,19.8241871,CosineDist,closemixed,108089.985487,75,insample,none
cross_scenario,k_medoids,2479233904,33,5.53776e7,22.565543,CosineDist,closemixed,90918.305835,81,insample,none
cross_scenario,k_medoids,2497612078,33,5.54319e7,19.0083153,CosineDist,closemixed,93080.843155,74,insample,none
cross_scenario,k_medoids,3214090957,33,5.32675e7,16.3212405,CosineDist,closemixed,38799.235909,45,insample,none
cross_scenario,k_medoids,3465092140,33,5.34405e7,14.7831823,CosineDist,closemixed,46949.958353,49,insample,none
cross_scenario,k_medoids,4061834237,33,5.30208e7,16.9795372,CosineDist,closemixed,23574.379399,30,insample,none
cross_scenario,k_medoids,52313467,33,5.66885e7,20.4048334,CosineDist,closemixed,147693.508048,105,insample,none
cross_scenario,k_medoids,1208640119,35,5.45968e7,18.4895742,CosineDist,closemixed,86702.97274,64,insample,none
cross_scenario,k_medoids,1428058240,35,6.1627e7,18.3461554,CosineDist,closemixed,265438.550141,193,insample,none
cross_scenario,k_medoids,15941194,35,5.62026e7,27.8792176,CosineDist,closemixed,129434.951437,100,insample,none
cross_scenario,k_medoids,2213813141,35,5.35979e7,19.6959494,CosineDist,closemixed,46056.525794,55,insample,none
cross_scenario,k_medoids,2291375163,35,5.31181e7,15.8377081,CosineDist,closemixed,35574.077303,42,insample,none
cross_scenario,k_medoids,236500538,35,5.34807e7,16.8405962,CosineDist,closemixed,47281.511694,44,insample,none
cross_scenario,k_medoids,252145784,35,5.75115e7,19.8945176,CosineDist,closemixed,167521.206957,131,insample,none
cross_scenario,k_medoids,2544196106,35,5.4946e7,22.633537,CosineDist,closemixed,82776.900837,60,insample,none
cross_scenario,k_medoids,2745802022,35,5.52621e7,17.0713168,CosineDist,closemixed,99860.979557,73,insample,none
cross_scenario,k_medoids,3596893902,35,5.73261e7,19.8218024,CosineDist,closemixed,156763.146772,115,insample,none
cross_scenario,k_medoids,1380354363,37,5.44788e7,20.2894389,CosineDist,closemixed,78664.02864,59,insample,none
cross_scenario,k_medoids,3048518942,37,7.0479e7,25.2716054,CosineDist,closemixed,495863.243203,319,insample,none
cross_scenario,k_medoids,3182806193,37,5.49081e7,21.4458973,CosineDist,closemixed,86878.89718,74,insample,none
cross_scenario,k_medoids,3244629827,37,5.48434e7,21.8790346,CosineDist,closemixed,95911.471204,82,insample,none
cross_scenario,k_medoids,3452769998,37,5.6593e7,24.2303227,CosineDist,closemixed,137267.102593,102,insample,none
cross_scenario,k_medoids,4262333788,37,5.50304e7,18.807547,CosineDist,closemixed,98653.386457,71,insample,none
cross_scenario,k_medoids,45994245,37,5.38807e7,17.2643584,CosineDist,closemixed,61729.045613,59,insample,none
cross_scenario,k_medoids,67569244,37,5.66887e7,20.8224774,CosineDist,closemixed,138461.425985,103,insample,none
cross_scenario,k_medoids,814300562,37,5.43848e7,25.6445127,CosineDist,closemixed,76822.698975,55,insample,none
cross_scenario,k_medoids,870981686,37,5.7583e7,22.4765847,CosineDist,closemixed,167458.540305,128,insample,none
cross_scenario,k_medoids,1129760376,39,5.44727e7,19.6288875,CosineDist,closemixed,73249.85005,57,insample,none
cross_scenario,k_medoids,148104383,39,5.50343e7,19.3900279,CosineDist,closemixed,100041.803585,80,insample,none
cross_scenario,k_medoids,1655289285,39,5.53045e7,21.0969206,CosineDist,closemixed,105107.802513,75,insample,none
cross_scenario,k_medoids,1845695973,39,5.4726e7,30.2592375,CosineDist,closemixed,83586.190308,66,insample,none
cross_scenario,k_medoids,2121257682,39,5.73451e7,32.0553456,CosineDist,closemixed,151025.521816,124,insample,none
cross_scenario,k_medoids,2943233938,39,5.33074e7,19.6356646,CosineDist,closemixed,37595.099443,41,insample,none
cross_scenario,k_medoids,3030918353,39,5.37746e7,18.2773217,CosineDist,closemixed,60245.860606,63,insample,none
cross_scenario,k_medoids,3096268031,39,5.47632e7,20.5917616,CosineDist,closemixed,88182.035895,71,insample,none
cross_scenario,k_medoids,3338611973,39,5.51828e7,21.0997554,CosineDist,closemixed,95141.71612,64,insample,none
cross_scenario,k_medoids,662283236,39,5.69066e7,30.8490926,CosineDist,closemixed,144903.267786,110,insample,none
cross_scenario,k_medoids,1005104349,41,5.31435e7,20.9884025,CosineDist,closemixed,38644.739765,37,insample,none
cross_scenario,k_medoids,1534696584,41,5.29931e7,22.0163794,CosineDist,closemixed,31242.151972,33,insample,none
cross_scenario,k_medoids,225016911,41,5.52225e7,29.0072927,CosineDist,closemixed,100112.363266,79,insample,none
cross_scenario,k_medoids,2317592996,41,5.30922e7,19.495383,CosineDist,closemixed,32844.045442,42,insample,none
cross_scenario,k_medoids,2716090479,41,5.34028e7,19.838346,CosineDist,closemixed,47983.621243,52,insample,none
cross_scenario,k_medoids,3258958499,41,5.38596e7,22.0898141,CosineDist,closemixed,54613.331914,41,insample,none
cross_scenario,k_medoids,329433595,41,5.28259e7,21.3172726,CosineDist,closemixed,24235.651787,29,insample,none
cross_scenario,k_medoids,3444774395,41,6.12324e7,27.3631821,CosineDist,closemixed,271205.598086,216,insample,none
cross_scenario,k_medoids,438234340,41,5.30431e7,20.4358557,CosineDist,closemixed,30324.397329,35,insample,none
cross_scenario,k_medoids,953901905,41,5.38306e7,27.0176566,CosineDist,closemixed,53464.959693,37,insample,none
cross_scenario,k_medoids,1660595499,5,9.66984e7,1.578714,CosineDist,closemixed,1.190997636322e6,723,insample,none
cross_scenario,k_medoids,1714105051,5,9.78867e7,1.227486,CosineDist,closemixed,1.221328496727e6,700,insample,none
cross_scenario,k_medoids,2169593505,5,6.01817e7,1.1841018,CosineDist,closemixed,231700.074267,219,insample,none
cross_scenario,k_medoids,2538991366,5,8.0248e7,1.37305,CosineDist,closemixed,768784.275574,536,insample,none
cross_scenario,k_medoids,2909674750,5,9.94486e7,1.2287715,CosineDist,closemixed,1.261375867476e6,739,insample,none
cross_scenario,k_medoids,3018546641,5,7.52075e7,1.2198784,CosineDist,closemixed,638549.955801,502,insample,none
cross_scenario,k_medoids,3634057553,5,9.02542e7,1.1788476,CosineDist,closemixed,1.021599486699e6,621,insample,none
cross_scenario,k_medoids,4139823947,5,9.57268e7,1.2767274,CosineDist,closemixed,1.166126635935e6,682,insample,none
cross_scenario,k_medoids,4197766176,5,9.71055e7,1.2330027,CosineDist,closemixed,1.201305045355e6,666,insample,none
cross_scenario,k_medoids,5947179,5,9.48547e7,1.3002061,CosineDist,closemixed,1.143724062539e6,667,insample,none
cross_scenario,k_medoids,1006581332,7,8.3352e7,1.8599607,CosineDist,closemixed,849612.515311,575,insample,none
cross_scenario,k_medoids,1176932870,7,7.88783e7,2.2104526,CosineDist,closemixed,733232.618181,516,insample,none
cross_scenario,k_medoids,1821427372,7,9.47171e7,2.1238273,CosineDist,closemixed,1.131267985804e6,653,insample,none
cross_scenario,k_medoids,2689963385,7,9.56546e7,1.9824183,CosineDist,closemixed,1.159776914204e6,711,insample,none
cross_scenario,k_medoids,2751971336,7,7.59244e7,2.1183111,CosineDist,closemixed,652760.633354,438,insample,none
cross_scenario,k_medoids,3385142830,7,6.8917e7,2.0261762,CosineDist,closemixed,471702.692233,312,insample,none
cross_scenario,k_medoids,3409620994,7,7.9214e7,2.2285039,CosineDist,closemixed,736405.756448,471,insample,none
cross_scenario,k_medoids,447101461,7,9.55864e7,2.0809194,CosineDist,closemixed,1.162385459531e6,678,insample,none
cross_scenario,k_medoids,468006976,7,9.07017e7,2.0828598,CosineDist,closemixed,1.03723957793e6,660,insample,none
cross_scenario,k_medoids,880982686,7,8.06644e7,1.7698395,CosineDist,closemixed,779685.522987,517,insample,none
cross_scenario,k_medoids,1130292821,9,7.75034e7,3.5716461,CosineDist,closemixed,698552.91971,499,insample,none
cross_scenario,k_medoids,1392296365,9,8.04493e7,2.6342056,CosineDist,closemixed,774702.035823,516,insample,none
cross_scenario,k_medoids,2814468992,9,7.01492e7,2.9127526,CosineDist,closemixed,500318.115341,328,insample,none
cross_scenario,k_medoids,3044209910,9,5.60226e7,2.8431845,CosineDist,closemixed,119142.808772,124,insample,none
cross_scenario,k_medoids,3261319673,9,7.9453e7,2.6439675,CosineDist,closemixed,748808.740194,525,insample,none
cross_scenario,k_medoids,3543870990,9,8.25455e7,3.2523786,CosineDist,closemixed,828830.355444,574,insample,none
cross_scenario,k_medoids,3602499071,9,9.13017e7,3.4691303,CosineDist,closemixed,1.048518863464e6,626,insample,none
cross_scenario,k_medoids,3926221275,9,8.47386e7,3.2339376,CosineDist,closemixed,878309.094152,507,insample,none
cross_scenario,k_medoids,42413356,9,7.96097e7,4.6982938,CosineDist,closemixed,750911.960565,510,insample,none
cross_scenario,k_medoids,697383862,9,1.01038e8,3.0442551,CosineDist,closemixed,1.301872637913e6,837,insample,none
cross_scenario,k_medoids,1355586937,11,7.65712e7,4.1045362,SqEuclidean,closemixed,669236.801131,423,insample,none
cross_scenario,k_medoids,1768760743,11,7.54953e7,3.9582853,SqEuclidean,closemixed,638109.797966,447,insample,none
cross_scenario,k_medoids,2652796558,11,9.15637e7,4.5962961,SqEuclidean,closemixed,1.053766570588e6,715,insample,none
cross_scenario,k_medoids,3000698040,11,9.73886e7,3.9634424,SqEuclidean,closemixed,1.208394982386e6,738,insample,none
cross_scenario,k_medoids,3160233726,11,7.85597e7,4.5187043,SqEuclidean,closemixed,724674.651495,462,insample,none
cross_scenario,k_medoids,3479820580,11,8.58718e7,4.1660845,SqEuclidean,closemixed,912189.186635,515,insample,none
cross_scenario,k_medoids,3649546841,11,9.96952e7,3.9065696,SqEuclidean,closemixed,1.266889302805e6,653,insample,none
cross_scenario,k_medoids,4031091536,11,9.84905e7,4.1661924,SqEuclidean,closemixed,1.236145857176e6,745,insample,none
cross_scenario,k_medoids,675182737,11,7.41184e7,3.8473561,SqEuclidean,closemixed,607590.115133,385,insample,none
cross_scenario,k_medoids,722170199,11,7.68164e7,4.0666495,SqEuclidean,closemixed,680064.161069,478,insample,none
cross_scenario,k_medoids,1020330993,13,6.15767e7,4.7005658,SqEuclidean,closemixed,274197.981235,237,insample,none
cross_scenario,k_medoids,1241334511,13,6.86078e7,5.2585884,SqEuclidean,closemixed,461049.98807,342,insample,none
cross_scenario,k_medoids,1561739573,13,8.61823e7,6.5029668,SqEuclidean,closemixed,920125.441882,549,insample,none
cross_scenario,k_medoids,2082789969,13,7.79212e7,5.5677786,SqEuclidean,closemixed,704209.427348,448,insample,none
cross_scenario,k_medoids,2422820678,13,9.75581e7,4.4849839,SqEuclidean,closemixed,1.212886841096e6,715,insample,none
cross_scenario,k_medoids,373102896,13,6.47209e7,4.452198,SqEuclidean,closemixed,358295.984174,254,insample,none
cross_scenario,k_medoids,3777256655,13,8.89413e7,5.6881975,SqEuclidean,closemixed,987550.926429,603,insample,none
cross_scenario,k_medoids,4101453586,13,9.23343e7,4.9705063,SqEuclidean,closemixed,1.070126088488e6,689,insample,none
cross_scenario,k_medoids,419645993,13,7.05593e7,5.1632646,SqEuclidean,closemixed,510915.09601,349,insample,none
cross_scenario,k_medoids,772616242,13,7.79732e7,5.5581819,SqEuclidean,closemixed,707833.088059,502,insample,none
cross_scenario,k_medoids,1536731824,15,6.94596e7,6.1763011,SqEuclidean,closemixed,472406.396025,352,insample,none
cross_scenario,k_medoids,1944031661,15,7.87545e7,7.7633241,SqEuclidean,closemixed,720572.225118,444,insample,none
cross_scenario,k_medoids,195370354,15,8.07519e7,7.1896259,SqEuclidean,closemixed,777295.053194,539,insample,none
cross_scenario,k_medoids,2392820273,15,7.60289e7,7.5466309,SqEuclidean,closemixed,660465.052857,455,insample,none
cross_scenario,k_medoids,2931326369,15,8.42753e7,6.5036313,SqEuclidean,closemixed,866585.836717,601,insample,none
cross_scenario,k_medoids,3012361418,15,7.07264e7,5.5068696,SqEuclidean,closemixed,521041.676875,392,insample,none
cross_scenario,k_medoids,3763622817,15,7.1942e7,8.3028028,SqEuclidean,closemixed,540857.610941,353,insample,none
cross_scenario,k_medoids,3796973136,15,8.89991e7,7.4958507,SqEuclidean,closemixed,990238.481699,535,insample,none
cross_scenario,k_medoids,3815196410,15,7.72927e7,6.7031784,SqEuclidean,closemixed,692072.156556,527,insample,none
cross_scenario,k_medoids,604489562,15,8.49514e7,8.8866761,SqEuclidean,closemixed,883884.19801,611,insample,none
cross_scenario,k_medoids,1587347134,17,6.99731e7,7.443662,SqEuclidean,closemixed,501605.727472,366,insample,none
cross_scenario,k_medoids,186564236,17,7.08782e7,7.5099061,SqEuclidean,closemixed,510326.348226,301,insample,none
cross_scenario,k_medoids,2166881926,17,6.53248e7,7.0001546,SqEuclidean,closemixed,378062.789281,296,insample,none
cross_scenario,k_medoids,2186186592,17,8.03047e7,6.9337274,SqEuclidean,closemixed,769082.56987,513,insample,none
cross_scenario,k_medoids,2238747886,17,5.4767e7,5.9221538,SqEuclidean,closemixed,88475.45476,83,insample,none
cross_scenario,k_medoids,224585247,17,7.5608e7,8.210259,SqEuclidean,closemixed,643384.348779,409,insample,none
cross_scenario,k_medoids,2339120676,17,8.75698e7,7.7985967,SqEuclidean,closemixed,949603.566444,639,insample,none
cross_scenario,k_medoids,3093014142,17,8.09631e7,7.2143386,SqEuclidean,closemixed,772651.527806,594,insample,none
cross_scenario,k_medoids,3258302586,17,5.71202e7,7.3655629,SqEuclidean,closemixed,153574.330887,136,insample,none
cross_scenario,k_medoids,3629043986,17,6.51983e7,6.3405338,SqEuclidean,closemixed,364369.835962,214,insample,none
cross_scenario,k_medoids,1088367163,19,6.70002e7,10.1908899,SqEuclidean,closemixed,408030.928429,343,insample,none
cross_scenario,k_medoids,1245540782,19,7.78223e7,7.2702375,SqEuclidean,closemixed,706779.54269,454,insample,none
cross_scenario,k_medoids,2410109332,19,7.90141e7,12.1525181,SqEuclidean,closemixed,729619.770306,451,insample,none
cross_scenario,k_medoids,2455416769,19,9.66827e7,8.314832,SqEuclidean,closemixed,1.187223855223e6,686,insample,none
cross_scenario,k_medoids,2591120440,19,7.45197e7,11.8256332,SqEuclidean,closemixed,615284.868147,462,insample,none
cross_scenario,k_medoids,2650271871,19,6.70948e7,7.6861067,SqEuclidean,closemixed,423142.730708,316,insample,none
cross_scenario,k_medoids,2789252227,19,7.01777e7,10.7226822,SqEuclidean,closemixed,502771.385709,371,insample,none
cross_scenario,k_medoids,3130995382,19,6.62696e7,7.9031281,SqEuclidean,closemixed,403286.089892,282,insample,none
cross_scenario,k_medoids,3357853995,19,5.67686e7,7.7221051,SqEuclidean,closemixed,134986.518107,145,insample,none
cross_scenario,k_medoids,824849990,19,6.04565e7,9.4311766,SqEuclidean,closemixed,251872.578224,207,insample,none
cross_scenario,k_medoids,1244389436,21,6.26501e7,11.5934934,SqEuclidean,closemixed,297012.887494,207,insample,none
cross_scenario,k_medoids,1393653782,21,7.2598e7,13.7448078,SqEuclidean,closemixed,554832.048694,348,insample,none
cross_scenario,k_medoids,1761682951,21,7.09702e7,9.854391,SqEuclidean,closemixed,526698.443994,431,insample,none
cross_scenario,k_medoids,196162340,21,5.87685e7,12.9590507,SqEuclidean,closemixed,205879.375363,167,insample,none
cross_scenario,k_medoids,1984034111,21,8.40243e7,14.8095791,SqEuclidean,closemixed,859493.031449,612,insample,none
cross_scenario,k_medoids,2569047889,21,7.57661e7,11.3120275,SqEuclidean,closemixed,639837.824029,391,insample,none
cross_scenario,k_medoids,3286463093,21,8.30029e7,13.1730292,SqEuclidean,closemixed,833772.595994,475,insample,none
cross_scenario,k_medoids,4196464565,21,6.19277e7,10.2232875,SqEuclidean,closemixed,282554.313416,199,insample,none
cross_scenario,k_medoids,744301781,21,7.87016e7,13.4149898,SqEuclidean,closemixed,710607.434462,471,insample,none
cross_scenario,k_medoids,760014603,21,7.17543e7,12.8524043,SqEuclidean,closemixed,539105.600067,392,insample,none
cross_scenario,k_medoids,2193967569,23,7.30106e7,14.2376279,SqEuclidean,closemixed,563277.069531,382,insample,none
cross_scenario,k_medoids,2546464051,23,5.81924e7,10.6907837,SqEuclidean,closemixed,181264.289861,179,insample,none
cross_scenario,k_medoids,2938742229,23,6.3671e7,9.6585642,SqEuclidean,closemixed,332438.769821,245,insample,none
cross_scenario,k_medoids,313447314,23,7.41113e7,13.6001832,SqEuclidean,closemixed,601376.895861,380,insample,none
cross_scenario,k_medoids,3164855826,23,6.15696e7,14.3963483,SqEuclidean,closemixed,281975.745275,246,insample,none
cross_scenario,k_medoids,3173192974,23,9.05104e7,10.4900233,SqEuclidean,closemixed,1.025700310456e6,625,insample,none
cross_scenario,k_medoids,3527549645,23,6.63256e7,15.3897627,SqEuclidean,closemixed,391539.257931,336,insample,none
cross_scenario,k_medoids,3913193451,23,7.5337e7,13.7424011,SqEuclidean,closemixed,633681.08546,397,insample,none
cross_scenario,k_medoids,714332685,23,7.52411e7,14.3590113,SqEuclidean,closemixed,622735.244391,411,insample,none
cross_scenario,k_medoids,890890131,23,6.29079e7,11.7871777,SqEuclidean,closemixed,307294.916778,212,insample,none
cross_scenario,k_medoids,1134130444,25,5.74988e7,12.0508309,SqEuclidean,closemixed,167054.215767,121,insample,none
cross_scenario,k_medoids,2658990538,25,7.2513e7,13.2474673,SqEuclidean,closemixed,556570.463701,319,insample,none
cross_scenario,k_medoids,2726541456,25,7.49901e7,12.9375817,SqEuclidean,closemixed,626781.113995,414,insample,none
cross_scenario,k_medoids,2894918851,25,5.5725e7,11.0826674,SqEuclidean,closemixed,108116.565939,115,insample,none
cross_scenario,k_medoids,3351175237,25,6.84808e7,13.0912875,SqEuclidean,closemixed,452140.650203,378,insample,none
cross_scenario,k_medoids,343301208,25,5.90603e7,11.9990482,SqEuclidean,closemixed,212795.568457,167,insample,none
cross_scenario,k_medoids,4135971217,25,6.26888e7,14.8884273,SqEuclidean,closemixed,310482.770426,260,insample,none
cross_scenario,k_medoids,4145110716,25,6.10124e7,13.6555591,SqEuclidean,closemixed,260148.776435,201,insample,none
cross_scenario,k_medoids,448376330,25,8.29364e7,16.4429447,SqEuclidean,closemixed,829802.7892,463,insample,none
cross_scenario,k_medoids,47449323,25,5.71698e7,11.3609948,SqEuclidean,closemixed,155231.441826,123,insample,none
cross_scenario,k_medoids,1161276258,27,7.29048e7,17.5576354,SqEuclidean,closemixed,574436.375739,393,insample,none
cross_scenario,k_medoids,1233541653,27,6.72585e7,15.5593639,SqEuclidean,closemixed,415335.505199,327,insample,none
cross_scenario,k_medoids,1267936167,27,5.91744e7,14.3082226,SqEuclidean,closemixed,205374.398409,157,insample,none
cross_scenario,k_medoids,1653248667,27,5.44464e7,11.3611692,SqEuclidean,closemixed,79998.194157,80,insample,none
cross_scenario,k_medoids,2437521778,27,6.19774e7,17.0246692,SqEuclidean,closemixed,270521.494427,179,insample,none
cross_scenario,k_medoids,2524306086,27,5.70938e7,13.2169648,SqEuclidean,closemixed,147065.649862,101,insample,none
cross_scenario,k_medoids,2606414571,27,7.28433e7,16.3728213,SqEuclidean,closemixed,569094.074617,405,insample,none
cross_scenario,k_medoids,2821296471,27,6.35817e7,15.4538966,SqEuclidean,closemixed,315720.013179,197,insample,none
cross_scenario,k_medoids,3155655383,27,5.42538e7,11.5916947,SqEuclidean,closemixed,70724.966539,84,insample,none
cross_scenario,k_medoids,463779685,27,5.97471e7,13.5007976,SqEuclidean,closemixed,221769.714791,159,insample,none
cross_scenario,k_medoids,1113698075,29,5.44736e7,12.1725689,SqEuclidean,closemixed,73210.219008,80,insample,none
cross_scenario,k_medoids,1125327650,29,5.32473e7,13.5856139,SqEuclidean,closemixed,35398.313791,46,insample,none
cross_scenario,k_medoids,1398119942,29,7.37308e7,16.6843905,SqEuclidean,closemixed,593512.238854,385,insample,none
cross_scenario,k_medoids,1669407957,29,6.18523e7,15.3512507,SqEuclidean,closemixed,270505.15169,194,insample,none
cross_scenario,k_medoids,1792506398,29,5.64005e7,14.770774,SqEuclidean,closemixed,138603.041757,108,insample,none
cross_scenario,k_medoids,2439649745,29,6.68345e7,16.6007763,SqEuclidean,closemixed,399728.995842,256,insample,none
cross_scenario,k_medoids,2730667678,29,6.4776e7,18.3175891,SqEuclidean,closemixed,350646.426132,278,insample,none
cross_scenario,k_medoids,2843080965,29,5.86247e7,14.649619,SqEuclidean,closemixed,202932.847741,165,insample,none
cross_scenario,k_medoids,3434031776,29,6.0268e7,15.8436699,SqEuclidean,closemixed,231411.702825,191,insample,none
cross_scenario,k_medoids,950202798,29,6.14991e7,12.5997116,SqEuclidean,closemixed,269028.365696,200,insample,none
cross_scenario,k_medoids,1042382051,3,2.2813e9,0.6030919,SqEuclidean,closemixed,5.711180729939e7,9449,insample,none
cross_scenario,k_medoids,1617230705,3,9.60638e7,0.5985843,SqEuclidean,closemixed,1.174823728149e6,695,insample,none
cross_scenario,k_medoids,1690918982,3,9.60638e7,0.5839698,SqEuclidean,closemixed,1.174823728149e6,695,insample,none
cross_scenario,k_medoids,2011904635,3,9.63477e7,0.5975872,SqEuclidean,closemixed,1.182150489717e6,714,insample,none
cross_scenario,k_medoids,208019063,3,9.61198e7,0.6319195,SqEuclidean,closemixed,1.176223838006e6,702,insample,none
cross_scenario,k_medoids,2175589206,3,9.63811e7,0.8743818,SqEuclidean,closemixed,1.182984530568e6,722,insample,none
cross_scenario,k_medoids,2331872192,3,2.28134e9,0.6455492,SqEuclidean,closemixed,5.7112877877369e7,9432,insample,none
cross_scenario,k_medoids,2859914000,3,9.64978e7,0.6232651,SqEuclidean,closemixed,1.185903611964e6,672,insample,none
cross_scenario,k_medoids,3409952330,3,9.64978e7,0.5866608,SqEuclidean,closemixed,1.185903611964e6,672,insample,none
cross_scenario,k_medoids,488813374,3,2.2813e9,0.6305839,SqEuclidean,closemixed,5.711180729939e7,9449,insample,none
cross_scenario,k_medoids,1349996306,31,5.7491e7,16.1566856,SqEuclidean,closemixed,167459.5165,111,insample,none
cross_scenario,k_medoids,1462714024,31,5.40483e7,13.9162682,SqEuclidean,closemixed,63620.766654,60,insample,none
cross_scenario,k_medoids,1579127763,31,6.18861e7,14.5470352,SqEuclidean,closemixed,277033.500901,169,insample,none
cross_scenario,k_medoids,1648351254,31,6.24122e7,20.3171193,SqEuclidean,closemixed,292119.507626,218,insample,none
cross_scenario,k_medoids,2030289235,31,5.73154e7,15.9344304,SqEuclidean,closemixed,160897.157567,142,insample,none
cross_scenario,k_medoids,2462588561,31,5.32112e7,13.7232823,SqEuclidean,closemixed,34707.254145,45,insample,none
cross_scenario,k_medoids,2929172095,31,5.89739e7,15.6688415,SqEuclidean,closemixed,206961.533429,164,insample,none
cross_scenario,k_medoids,2944528308,31,5.62798e7,16.1562972,SqEuclidean,closemixed,131696.064056,108,insample,none
cross_scenario,k_medoids,295145311,31,7.12257e7,20.1055419,SqEuclidean,closemixed,531635.463217,394,insample,none
cross_scenario,k_medoids,3899371692,31,7.27684e7,19.9623798,SqEuclidean,closemixed,571224.095594,407,insample,none
cross_scenario,k_medoids,1038419084,33,5.79495e7,24.1668275,SqEuclidean,closemixed,177523.192201,141,insample,none
cross_scenario,k_medoids,1109759726,33,5.32307e7,14.9050695,SqEuclidean,closemixed,40169.985125,40,insample,none
cross_scenario,k_medoids,1963882461,33,5.90707e7,19.2123826,SqEuclidean,closemixed,200527.848406,144,insample,none
cross_scenario,k_medoids,1989163906,33,5.76256e7,19.4361931,SqEuclidean,closemixed,172737.56631,134,insample,none
cross_scenario,k_medoids,2479233904,33,5.39438e7,14.2764544,SqEuclidean,closemixed,63719.291092,61,insample,none
cross_scenario,k_medoids,2497612078,33,5.52918e7,16.3056343,SqEuclidean,closemixed,93956.94989,63,insample,none
cross_scenario,k_medoids,3214090957,33,5.38542e7,13.9674903,SqEuclidean,closemixed,50754.209772,75,insample,none
cross_scenario,k_medoids,3465092140,33,5.73241e7,17.6864255,SqEuclidean,closemixed,161998.771976,113,insample,none
cross_scenario,k_medoids,4061834237,33,6.76821e7,20.2711725,SqEuclidean,closemixed,421665.92245,264,insample,none
cross_scenario,k_medoids,52313467,33,5.54048e7,17.0366726,SqEuclidean,closemixed,105478.601995,106,insample,none
cross_scenario,k_medoids,1208640119,35,5.75048e7,24.535389,SqEuclidean,closemixed,167761.037816,128,insample,none
cross_scenario,k_medoids,1428058240,35,6.18583e7,20.0288992,SqEuclidean,closemixed,270200.145127,196,insample,none
cross_scenario,k_medoids,15941194,35,5.87319e7,22.9330104,SqEuclidean,closemixed,194493.688971,114,insample,none
cross_scenario,k_medoids,2213813141,35,6.43808e7,18.6677314,SqEuclidean,closemixed,334281.827639,236,insample,none
cross_scenario,k_medoids,2291375163,35,5.36102e7,16.5587611,SqEuclidean,closemixed,51072.243128,54,insample,none
cross_scenario,k_medoids,236500538,35,5.32559e7,16.5849745,SqEuclidean,closemixed,37068.776885,37,insample,none
cross_scenario,k_medoids,252145784,35,5.47788e7,17.3485585,SqEuclidean,closemixed,90462.236651,87,insample,none
cross_scenario,k_medoids,2544196106,35,5.4467e7,16.522469,SqEuclidean,closemixed,64263.672206,84,insample,none
cross_scenario,k_medoids,2745802022,35,6.10144e7,20.7703225,SqEuclidean,closemixed,259129.393509,186,insample,none
cross_scenario,k_medoids,3596893902,35,5.37911e7,16.8212044,SqEuclidean,closemixed,55311.767447,56,insample,none
cross_scenario,k_medoids,1380354363,37,6.01522e7,21.9514241,SqEuclidean,closemixed,238289.029266,170,insample,none
cross_scenario,k_medoids,3048518942,37,6.77603e7,30.9032465,SqEuclidean,closemixed,436471.693914,288,insample,none
cross_scenario,k_medoids,3182806193,37,5.76983e7,22.4609563,SqEuclidean,closemixed,161270.943711,129,insample,none
cross_scenario,k_medoids,3244629827,37,5.57945e7,25.3452952,SqEuclidean,closemixed,110421.23786,80,insample,none
cross_scenario,k_medoids,3452769998,37,5.70704e7,22.585087,SqEuclidean,closemixed,152244.954379,114,insample,none
cross_scenario,k_medoids,4262333788,37,6.01858e7,22.5595881,SqEuclidean,closemixed,229353.044648,165,insample,none
cross_scenario,k_medoids,45994245,37,5.37639e7,19.2412264,SqEuclidean,closemixed,57257.23729,66,insample,none
cross_scenario,k_medoids,67569244,37,5.74772e7,21.041929,SqEuclidean,closemixed,159114.430435,157,insample,none
cross_scenario,k_medoids,814300562,37,5.81513e7,22.5877223,SqEuclidean,closemixed,178694.286715,140,insample,none
cross_scenario,k_medoids,870981686,37,5.72049e7,28.4741503,SqEuclidean,closemixed,155947.984997,111,insample,none
cross_scenario,k_medoids,1129760376,39,5.58167e7,20.0964744,SqEuclidean,closemixed,120030.57267,88,insample,none
cross_scenario,k_medoids,148104383,39,5.72055e7,30.4504412,SqEuclidean,closemixed,152763.305361,148,insample,none
cross_scenario,k_medoids,1655289285,39,5.38768e7,22.5882885,SqEuclidean,closemixed,61252.162387,52,insample,none
cross_scenario,k_medoids,1845695973,39,5.3997e7,19.137551,SqEuclidean,closemixed,64910.568785,62,insample,none
cross_scenario,k_medoids,2121257682,39,6.12811e7,20.2314635,SqEuclidean,closemixed,251470.933084,142,insample,none
cross_scenario,k_medoids,2943233938,39,6.08729e7,21.6929767,SqEuclidean,closemixed,240353.71558,153,insample,none
cross_scenario,k_medoids,3030918353,39,5.44561e7,19.3537561,SqEuclidean,closemixed,72337.37785,82,insample,none
cross_scenario,k_medoids,3096268031,39,5.96144e7,25.3659866,SqEuclidean,closemixed,231252.564309,189,insample,none
cross_scenario,k_medoids,3338611973,39,7.68248e7,31.6774668,SqEuclidean,closemixed,652116.199182,468,insample,none
cross_scenario,k_medoids,662283236,39,7.67765e7,25.8247383,SqEuclidean,closemixed,661130.922973,388,insample,none
cross_scenario,k_medoids,1005104349,41,5.39443e7,22.9007016,SqEuclidean,closemixed,54507.935768,62,insample,none
cross_scenario,k_medoids,1534696584,41,5.5882e7,30.5119748,SqEuclidean,closemixed,123438.586946,100,insample,none
cross_scenario,k_medoids,225016911,41,5.39046e7,20.6254603,SqEuclidean,closemixed,53478.90623,62,insample,none
cross_scenario,k_medoids,2317592996,41,5.50736e7,28.060716,SqEuclidean,closemixed,85792.038681,68,insample,none
cross_scenario,k_medoids,2716090479,41,5.54458e7,29.6675243,SqEuclidean,closemixed,108904.109601,76,insample,none
cross_scenario,k_medoids,3258958499,41,5.6044e7,32.4095235,SqEuclidean,closemixed,120235.826821,114,insample,none
cross_scenario,k_medoids,329433595,41,5.86282e7,20.8103474,SqEuclidean,closemixed,184640.335066,138,insample,none
cross_scenario,k_medoids,3444774395,41,6.25267e7,32.1546084,SqEuclidean,closemixed,297857.185959,238,insample,none
cross_scenario,k_medoids,438234340,41,5.65962e7,23.6680618,SqEuclidean,closemixed,131307.760758,95,insample,none
cross_scenario,k_medoids,953901905,41,5.6228e7,26.0693844,SqEuclidean,closemixed,115594.179132,85,insample,none
cross_scenario,k_medoids,1660595499,5,9.79082e7,1.1236954,SqEuclidean,closemixed,1.221887816542e6,760,insample,none
cross_scenario,k_medoids,1714105051,5,9.86367e7,1.2618158,SqEuclidean,closemixed,1.240498815489e6,763,insample,none
cross_scenario,k_medoids,2169593505,5,6.00154e7,1.2254856,SqEuclidean,closemixed,227319.702607,219,insample,none
cross_scenario,k_medoids,2538991366,5,8.04523e7,1.3844155,SqEuclidean,closemixed,773986.292703,538,insample,none
cross_scenario,k_medoids,2909674750,5,1.00109e8,1.5623105,SqEuclidean,closemixed,1.275795593505e6,696,insample,none
cross_scenario,k_medoids,3018546641,5,9.38305e7,1.5212511,SqEuclidean,closemixed,1.117334260555e6,726,insample,none
cross_scenario,k_medoids,3634057553,5,9.78431e7,1.219417,SqEuclidean,closemixed,1.220260542907e6,720,insample,none
cross_scenario,k_medoids,4139823947,5,9.88202e7,1.2414042,SqEuclidean,closemixed,1.245363675853e6,681,insample,none
cross_scenario,k_medoids,4197766176,5,9.81002e7,1.2309492,SqEuclidean,closemixed,1.226829485715e6,717,insample,none
cross_scenario,k_medoids,5947179,5,9.20182e7,1.1738412,SqEuclidean,closemixed,1.065521533004e6,632,insample,none
cross_scenario,k_medoids,1006581332,7,9.64915e7,2.0776907,SqEuclidean,closemixed,1.185627588524e6,730,insample,none
cross_scenario,k_medoids,1176932870,7,8.34647e7,2.2318452,SqEuclidean,closemixed,848980.550609,494,insample,none
cross_scenario,k_medoids,1821427372,7,8.90811e7,2.2874316,SqEuclidean,closemixed,990347.403909,597,insample,none
cross_scenario,k_medoids,2689963385,7,9.47906e7,1.9123548,SqEuclidean,closemixed,1.138633059633e6,633,insample,none
cross_scenario,k_medoids,2751971336,7,8.34522e7,2.0691012,SqEuclidean,closemixed,852172.848212,581,insample,none
cross_scenario,k_medoids,3385142830,7,8.36037e7,1.8688245,SqEuclidean,closemixed,855677.95103,640,insample,none
cross_scenario,k_medoids,3409620994,7,9.4919e7,1.8338072,SqEuclidean,closemixed,1.141090884122e6,671,insample,none
cross_scenario,k_medoids,447101461,7,9.7419e7,2.0144047,SqEuclidean,closemixed,1.209214790196e6,717,insample,none
cross_scenario,k_medoids,468006976,7,6.85754e7,1.858125,SqEuclidean,closemixed,460384.93558,311,insample,none
cross_scenario,k_medoids,880982686,7,9.54174e7,1.9386012,SqEuclidean,closemixed,1.1581659228e6,696,insample,none
cross_scenario,k_medoids,1130292821,9,7.1143e7,2.5526394,SqEuclidean,closemixed,531398.466636,446,insample,none
cross_scenario,k_medoids,1392296365,9,9.39882e7,3.101573,SqEuclidean,closemixed,1.117051867597e6,661,insample,none
cross_scenario,k_medoids,2814468992,9,9.25273e7,2.4628536,SqEuclidean,closemixed,1.074691066611e6,677,insample,none
cross_scenario,k_medoids,3044209910,9,7.68852e7,3.183782,SqEuclidean,closemixed,680120.373179,465,insample,none
cross_scenario,k_medoids,3261319673,9,8.4929e7,3.3692602,SqEuclidean,closemixed,887498.481247,519,insample,none
cross_scenario,k_medoids,3543870990,9,8.20444e7,2.3881413,SqEuclidean,closemixed,815898.63493,561,insample,none
cross_scenario,k_medoids,3602499071,9,8.84204e7,3.5712255,SqEuclidean,closemixed,977768.709143,553,insample,none
cross_scenario,k_medoids,3926221275,9,9.86235e7,2.7881261,SqEuclidean,closemixed,1.239861002386e6,731,insample,none
cross_scenario,k_medoids,42413356,9,6.88933e7,2.5094754,SqEuclidean,closemixed,472243.656114,364,insample,none
cross_scenario,k_medoids,697383862,9,9.91734e7,2.7722181,SqEuclidean,closemixed,1.254416639196e6,756,insample,none
cross_scenario,k_means,1355586937,11,8.51386e7,4.2303893,CosineDist,closemixed,890076.115366,546,insample,none
cross_scenario,k_means,1768760743,11,9.47142e7,3.7215499,CosineDist,closemixed,1.141701374751e6,758,insample,none
cross_scenario,k_means,2652796558,11,8.66563e7,4.3066699,CosineDist,closemixed,931039.722035,608,insample,none
cross_scenario,k_means,3000698040,11,9.20329e7,4.2220065,CosineDist,closemixed,1.068495190267e6,724,insample,none
cross_scenario,k_means,3160233726,11,7.52266e7,3.9606686,CosineDist,closemixed,635007.034077,414,insample,none
cross_scenario,k_means,3479820580,11,8.08875e7,4.1875304,CosineDist,closemixed,778928.602233,422,insample,none
cross_scenario,k_means,3649546841,11,9.4413e7,4.4321718,CosineDist,closemixed,1.123261659867e6,732,insample,none
cross_scenario,k_means,4031091536,11,9.83751e7,3.878778,CosineDist,closemixed,1.236117039516e6,721,insample,none
cross_scenario,k_means,675182737,11,7.71205e7,3.1964672,CosineDist,closemixed,683727.653792,416,insample,none
cross_scenario,k_means,722170199,11,7.64166e7,3.2596828,CosineDist,closemixed,659302.650925,415,insample,none
cross_scenario,k_means,1020330993,13,7.32062e7,4.2207455,CosineDist,closemixed,583545.933119,376,insample,none
cross_scenario,k_means,1241334511,13,7.16247e7,4.5908821,CosineDist,closemixed,542996.155689,359,insample,none
cross_scenario,k_means,1561739573,13,7.3382e7,4.2255913,CosineDist,closemixed,592228.931352,420,insample,none
cross_scenario,k_means,2082789969,13,6.09669e7,3.879907,CosineDist,closemixed,261480.80721,199,insample,none
cross_scenario,k_means,2422820678,13,8.04111e7,4.2027815,CosineDist,closemixed,772886.970882,481,insample,none
cross_scenario,k_means,373102896,13,6.52871e7,4.8844575,CosineDist,closemixed,368207.543041,266,insample,none
cross_scenario,k_means,3777256655,13,7.49994e7,4.7441678,CosineDist,closemixed,631728.095316,418,insample,none
cross_scenario,k_means,4101453586,13,9.47168e7,6.1911351,CosineDist,closemixed,1.133944991204e6,708,insample,none
cross_scenario,k_means,419645993,13,8.23026e7,4.7097434,CosineDist,closemixed,821236.24478,534,insample,none
cross_scenario,k_means,772616242,13,7.04461e7,5.876634,CosineDist,closemixed,513702.471397,422,insample,none
cross_scenario,k_means,1536731824,15,6.80079e7,6.801885,CosineDist,closemixed,446537.440093,370,insample,none
cross_scenario,k_means,1944031661,15,8.69144e7,5.1237582,CosineDist,closemixed,938405.24982,619,insample,none
cross_scenario,k_means,195370354,15,7.37373e7,4.8738323,CosineDist,closemixed,598794.02639,393,insample,none
cross_scenario,k_means,2392820273,15,6.69059e7,4.8600807,CosineDist,closemixed,421068.89946,304,insample,none
cross_scenario,k_means,2931326369,15,8.34253e7,4.780057,CosineDist,closemixed,844178.140128,504,insample,none
cross_scenario,k_means,3012361418,15,6.83538e7,5.4882104,CosineDist,closemixed,458457.248457,319,insample,none
cross_scenario,k_means,3763622817,15,8.20348e7,5.5998037,CosineDist,closemixed,805378.598132,533,insample,none
cross_scenario,k_means,3796973136,15,7.61403e7,5.8323049,CosineDist,closemixed,650073.082094,387,insample,none
cross_scenario,k_means,3815196410,15,7.0727e7,5.2183259,CosineDist,closemixed,518939.105012,340,insample,none
cross_scenario,k_means,604489562,15,6.94062e7,5.6692236,CosineDist,closemixed,485403.231847,362,insample,none
cross_scenario,k_means,1587347134,17,6.94874e7,7.0541438,CosineDist,closemixed,489554.463633,353,insample,none
cross_scenario,k_means,186564236,17,6.71461e7,5.8424048,CosineDist,closemixed,421660.355204,291,insample,none
cross_scenario,k_means,2166881926,17,6.60339e7,5.7172503,CosineDist,closemixed,399329.100575,285,insample,none
cross_scenario,k_means,2186186592,17,6.81381e7,6.2261952,CosineDist,closemixed,445901.793612,310,insample,none
cross_scenario,k_means,2238747886,17,7.2879e7,6.6839778,CosineDist,closemixed,574740.331552,400,insample,none
cross_scenario,k_means,224585247,17,7.5692e7,9.3188953,CosineDist,closemixed,639543.356107,413,insample,none
cross_scenario,k_means,2339120676,17,8.30114e7,7.3959619,CosineDist,closemixed,835856.440851,554,insample,none
cross_scenario,k_means,3093014142,17,7.67412e7,7.7011544,CosineDist,closemixed,666167.200801,538,insample,none
cross_scenario,k_means,3258302586,17,5.77973e7,7.835833,CosineDist,closemixed,172001.249984,141,insample,none
cross_scenario,k_means,3629043986,17,6.4754e7,6.3551496,CosineDist,closemixed,360597.361752,252,insample,none
cross_scenario,k_means,1088367163,19,6.98645e7,9.0686191,CosineDist,closemixed,496651.53806,342,insample,none
cross_scenario,k_means,1245540782,19,7.72258e7,9.84236,CosineDist,closemixed,692345.402514,499,insample,none
cross_scenario,k_means,2410109332,19,7.08247e7,7.9298344,CosineDist,closemixed,520929.286866,362,insample,none
cross_scenario,k_means,2455416769,19,7.92232e7,10.71014,CosineDist,closemixed,731791.997532,440,insample,none
cross_scenario,k_means,2591120440,19,7.08773e7,8.9965289,CosineDist,closemixed,523100.25775,410,insample,none
cross_scenario,k_means,2650271871,19,6.56585e7,8.1465946,CosineDist,closemixed,387738.115518,307,insample,none
cross_scenario,k_means,2789252227,19,8.3309e7,11.8632245,CosineDist,closemixed,843332.905688,568,insample,none
cross_scenario,k_means,3130995382,19,6.53164e7,9.0072334,CosineDist,closemixed,369599.494798,235,insample,none
cross_scenario,k_means,3357853995,19,7.80613e7,7.8469615,CosineDist,closemixed,701861.761532,464,insample,none
cross_scenario,k_means,824849990,19,6.89191e7,8.9147634,CosineDist,closemixed,473925.713574,340,insample,none
cross_scenario,k_means,1244389436,21,6.34319e7,9.9330124,CosineDist,closemixed,326845.41446,268,insample,none
cross_scenario,k_means,1393653782,21,6.51765e7,10.3028162,CosineDist,closemixed,361201.201116,240,insample,none
cross_scenario,k_means,1761682951,21,7.19081e7,12.7327121,CosineDist,closemixed,553712.627919,401,insample,none
cross_scenario,k_means,196162340,21,5.92659e7,10.7119023,CosineDist,closemixed,218901.480714,161,insample,none
cross_scenario,k_means,1984034111,21,7.66173e7,11.6044988,CosineDist,closemixed,667879.07153,474,insample,none
cross_scenario,k_means,2569047889,21,7.81112e7,11.14189,CosineDist,closemixed,700875.955863,443,insample,none
cross_scenario,k_means,3286463093,21,6.61421e7,11.0484603,CosineDist,closemixed,398761.356593,296,insample,none
cross_scenario,k_means,4196464565,21,6.19604e7,11.1841826,CosineDist,closemixed,285113.728882,222,insample,none
cross_scenario,k_means,744301781,21,7.23598e7,12.4184783,CosineDist,closemixed,553565.672074,381,insample,none
cross_scenario,k_means,760014603,21,7.19792e7,9.4917572,CosineDist,closemixed,550865.446831,374,insample,none
cross_scenario,k_means,2193967569,23,6.7361e7,9.7865276,CosineDist,closemixed,420066.443248,266,insample,none
cross_scenario,k_means,2546464051,23,6.84191e7,9.364943,CosineDist,closemixed,450868.514961,308,insample,none
cross_scenario,k_means,2938742229,23,6.13338e7,9.5546558,CosineDist,closemixed,269254.986713,180,insample,none
cross_scenario,k_means,313447314,23,7.56689e7,12.8723797,CosineDist,closemixed,649332.23245,449,insample,none
cross_scenario,k_means,3164855826,23,8.41317e7,14.2465692,CosineDist,closemixed,853104.6334,529,insample,none
cross_scenario,k_means,3173192974,23,7.00863e7,10.6426648,CosineDist,closemixed,494504.776871,344,insample,none
cross_scenario,k_means,3527549645,23,5.92451e7,10.4365019,CosineDist,closemixed,203884.595021,186,insample,none
cross_scenario,k_means,3913193451,23,6.4792e7,13.3565667,CosineDist,closemixed,360201.114162,274,insample,none
cross_scenario,k_means,714332685,23,8.49843e7,11.630325,CosineDist,closemixed,881250.492479,599,insample,none
cross_scenario,k_means,890890131,23,7.37572e7,17.5393235,CosineDist,closemixed,593645.039216,423,insample,none
cross_scenario,k_means,1134130444,25,5.7208e7,11.0352467,CosineDist,closemixed,162826.328285,145,insample,none
cross_scenario,k_means,2658990538,25,6.33158e7,12.1356463,CosineDist,closemixed,322809.459891,231,insample,none
cross_scenario,k_means,2726541456,25,6.83501e7,16.7653071,CosineDist,closemixed,451184.932695,355,insample,none
cross_scenario,k_means,2894918851,25,5.98722e7,13.6053622,CosineDist,closemixed,227853.953397,179,insample,none
cross_scenario,k_means,3351175237,25,6.24062e7,10.5194078,CosineDist,closemixed,293910.365874,194,insample,none
cross_scenario,k_means,343301208,25,5.81769e7,9.3162969,CosineDist,closemixed,185352.560555,186,insample,none
cross_scenario,k_means,4135971217,25,7.10832e7,13.2796145,CosineDist,closemixed,528084.763841,330,insample,none
cross_scenario,k_means,4145110716,25,6.56567e7,13.3100899,CosineDist,closemixed,381125.494736,282,insample,none
cross_scenario,k_means,448376330,25,7.68075e7,15.5067604,CosineDist,closemixed,668676.98607,458,insample,none
cross_scenario,k_means,47449323,25,5.87794e7,10.3627721,CosineDist,closemixed,194916.830981,186,insample,none
cross_scenario,k_means,1161276258,27,6.76244e7,14.4349899,CosineDist,closemixed,428399.330947,288,insample,none
cross_scenario,k_means,1233541653,27,6.7512e7,13.283432,CosineDist,closemixed,427667.40015,252,insample,none
cross_scenario,k_means,1267936167,27,6.9955e7,17.32215,CosineDist,closemixed,496757.318392,374,insample,none
cross_scenario,k_means,1653248667,27,6.1244e7,16.981876,CosineDist,closemixed,271652.345368,214,insample,none
cross_scenario,k_means,2437521778,27,6.64293e7,16.2866216,CosineDist,closemixed,399227.937246,298,insample,none
cross_scenario,k_means,2524306086,27,5.89829e7,11.3618201,CosineDist,closemixed,207147.669383,159,insample,none
cross_scenario,k_means,2606414571,27,6.32651e7,13.5392752,CosineDist,closemixed,315449.079796,218,insample,none
cross_scenario,k_means,2821296471,27,6.29468e7,15.4609947,CosineDist,closemixed,308963.257949,196,insample,none
cross_scenario,k_means,3155655383,27,6.15911e7,15.5136908,CosineDist,closemixed,275113.557486,200,insample,none
cross_scenario,k_means,463779685,27,6.10969e7,15.6765214,CosineDist,closemixed,255716.564902,189,insample,none
cross_scenario,k_means,1113698075,29,6.35409e7,15.0298959,CosineDist,closemixed,322170.951085,208,insample,none
cross_scenario,k_means,1125327650,29,5.37394e7,12.9366097,CosineDist,closemixed,50249.660025,59,insample,none
cross_scenario,k_means,1398119942,29,6.55413e7,15.2458959,CosineDist,closemixed,379382.394944,275,insample,none
cross_scenario,k_means,1669407957,29,5.94642e7,15.3411361,CosineDist,closemixed,210770.228937,170,insample,none
cross_scenario,k_means,1792506398,29,5.80854e7,18.0915552,CosineDist,closemixed,184653.111346,151,insample,none
cross_scenario,k_means,2439649745,29,6.52447e7,22.7052674,CosineDist,closemixed,364441.234537,278,insample,none
cross_scenario,k_means,2730667678,29,6.21254e7,17.6844466,CosineDist,closemixed,279818.164292,237,insample,none
cross_scenario,k_means,2843080965,29,5.56456e7,15.1080294,CosineDist,closemixed,116938.282163,104,insample,none
cross_scenario,k_means,3434031776,29,6.84794e7,15.2835005,CosineDist,closemixed,456489.209777,322,insample,none
cross_scenario,k_means,950202798,29,5.97835e7,13.0699139,CosineDist,closemixed,222590.051839,147,insample,none
cross_scenario,k_means,1042382051,3,9.97762e7,0.6119527,CosineDist,closemixed,1.273414710176e6,763,insample,none
cross_scenario,k_means,1617230705,3,9.84469e7,0.5952396,CosineDist,closemixed,1.239362728772e6,734,insample,none
cross_scenario,k_means,1690918982,3,9.84469e7,0.5962143,CosineDist,closemixed,1.239362728772e6,734,insample,none
cross_scenario,k_means,2011904635,3,9.99225e7,0.644121,CosineDist,closemixed,1.277144878655e6,764,insample,none
cross_scenario,k_means,208019063,3,9.84469e7,0.6059733,CosineDist,closemixed,1.239362728772e6,734,insample,none
cross_scenario,k_means,2175589206,3,9.97762e7,0.6436889,CosineDist,closemixed,1.273414710176e6,763,insample,none
cross_scenario,k_means,2331872192,3,1.19297e9,0.6013243,CosineDist,closemixed,2.9289313493271e7,6646,insample,none
cross_scenario,k_means,2859914000,3,9.96694e7,0.6765693,CosineDist,closemixed,1.27069568754e6,761,insample,none
cross_scenario,k_means,3409952330,3,9.96694e7,0.7326207,CosineDist,closemixed,1.27069568754e6,761,insample,none
cross_scenario,k_means,488813374,3,9.96694e7,0.7250772,CosineDist,closemixed,1.27069568754e6,761,insample,none
cross_scenario,k_means,1349996306,31,5.46973e7,16.2607093,CosineDist,closemixed,83953.152267,71,insample,none
cross_scenario,k_means,1462714024,31,6.44248e7,18.9249978,CosineDist,closemixed,342201.365584,239,insample,none
cross_scenario,k_means,1579127763,31,6.13543e7,14.9986067,CosineDist,closemixed,259032.881048,148,insample,none
cross_scenario,k_means,1648351254,31,6.04409e7,16.5739163,CosineDist,closemixed,242275.514825,189,insample,none
cross_scenario,k_means,2030289235,31,5.59075e7,13.8562615,CosineDist,closemixed,118295.618928,121,insample,none
cross_scenario,k_means,2462588561,31,6.89337e7,16.1334399,CosineDist,closemixed,452225.588331,363,insample,none
cross_scenario,k_means,2929172095,31,5.98802e7,16.0662627,CosineDist,closemixed,224642.419762,195,insample,none
cross_scenario,k_means,2944528308,31,5.6245e7,16.5149569,CosineDist,closemixed,124372.987173,103,insample,none
cross_scenario,k_means,295145311,31,7.85168e7,18.1403653,CosineDist,closemixed,708249.974172,472,insample,none
cross_scenario,k_means,3899371692,31,6.73274e7,18.3083482,CosineDist,closemixed,424806.771019,301,insample,none
cross_scenario,k_means,1038419084,33,5.85098e7,19.2581337,CosineDist,closemixed,192037.450313,160,insample,none
cross_scenario,k_means,1109759726,33,5.49122e7,15.9472505,CosineDist,closemixed,90472.601705,73,insample,none
cross_scenario,k_means,1963882461,33,7.93164e7,23.5982268,CosineDist,closemixed,719506.746454,436,insample,none
cross_scenario,k_means,1989163906,33,6.72427e7,21.1532747,CosineDist,closemixed,422628.427231,288,insample,none
cross_scenario,k_means,2479233904,33,5.56049e7,21.6387932,CosineDist,closemixed,114331.716374,103,insample,none
cross_scenario,k_means,2497612078,33,5.574e7,15.3377219,CosineDist,closemixed,112146.551742,79,insample,none
cross_scenario,k_means,3214090957,33,6.01579e7,17.5518893,CosineDist,closemixed,239672.368745,207,insample,none
cross_scenario,k_means,3465092140,33,5.73816e7,25.7253211,CosineDist,closemixed,160464.752226,121,insample,none
cross_scenario,k_means,4061834237,33,6.71276e7,17.9895053,CosineDist,closemixed,413287.358503,335,insample,none
cross_scenario,k_means,52313467,33,6.24561e7,20.850913,CosineDist,closemixed,303909.827306,248,insample,none
cross_scenario,k_means,1208640119,35,5.6947e7,20.7722787,CosineDist,closemixed,142392.717073,120,insample,none
cross_scenario,k_means,1428058240,35,5.97163e7,20.5657652,CosineDist,closemixed,228733.703398,176,insample,none
cross_scenario,k_means,15941194,35,5.82005e7,15.839818,CosineDist,closemixed,177161.103421,134,insample,none
cross_scenario,k_means,2213813141,35,6.46486e7,22.347541,CosineDist,closemixed,344334.046822,243,insample,none
cross_scenario,k_means,2291375163,35,5.89e7,19.8987911,CosineDist,closemixed,203445.987189,166,insample,none
cross_scenario,k_means,236500538,35,5.68095e7,19.056723,CosineDist,closemixed,145161.851717,102,insample,none
cross_scenario,k_means,252145784,35,5.89684e7,21.5435733,CosineDist,closemixed,206065.56749,165,insample,none
cross_scenario,k_means,2544196106,35,6.6765e7,20.4348966,CosineDist,closemixed,398037.773678,253,insample,none
cross_scenario,k_means,2745802022,35,6.03974e7,18.2067285,CosineDist,closemixed,241957.513485,192,insample,none
cross_scenario,k_means,3596893902,35,5.58211e7,17.3670713,CosineDist,closemixed,119025.729287,103,insample,none
cross_scenario,k_means,1380354363,37,5.58757e7,17.1765886,CosineDist,closemixed,121972.481059,100,insample,none
cross_scenario,k_means,3048518942,37,6.79884e7,30.1810274,CosineDist,closemixed,440035.427942,311,insample,none
cross_scenario,k_means,3182806193,37,5.75409e7,23.4807239,CosineDist,closemixed,165296.476444,137,insample,none
cross_scenario,k_means,3244629827,37,6.20401e7,29.3215601,CosineDist,closemixed,289776.994503,258,insample,none
cross_scenario,k_means,3452769998,37,5.80142e7,22.2542342,CosineDist,closemixed,182908.951909,128,insample,none
cross_scenario,k_means,4262333788,37,5.96269e7,20.7495844,CosineDist,closemixed,215336.185213,175,insample,none
cross_scenario,k_means,45994245,37,5.42226e7,19.0846342,CosineDist,closemixed,70287.967244,75,insample,none
cross_scenario,k_means,67569244,37,6.59356e7,26.593683,CosineDist,closemixed,395041.391744,295,insample,none
cross_scenario,k_means,814300562,37,5.70435e7,17.4155545,CosineDist,closemixed,149084.695058,123,insample,none
cross_scenario,k_means,870981686,37,5.38503e7,17.8481748,CosineDist,closemixed,62608.804797,57,insample,none
cross_scenario,k_means,1129760376,39,5.88414e7,27.6806014,CosineDist,closemixed,203878.578319,174,insample,none
cross_scenario,k_means,148104383,39,6.57956e7,21.2966527,CosineDist,closemixed,377126.139347,250,insample,none
cross_scenario,k_means,1655289285,39,5.74758e7,23.6245308,CosineDist,closemixed,159750.866462,120,insample,none
cross_scenario,k_means,1845695973,39,5.35045e7,22.2959232,CosineDist,closemixed,46162.574593,49,insample,none
cross_scenario,k_means,2121257682,39,6.23845e7,21.3546204,CosineDist,closemixed,286135.699749,188,insample,none
cross_scenario,k_means,2943233938,39,6.15927e7,27.5232131,CosineDist,closemixed,265801.095546,186,insample,none
cross_scenario,k_means,3030918353,39,5.97142e7,26.7789014,CosineDist,closemixed,219329.426764,174,insample,none
cross_scenario,k_means,3096268031,39,5.90035e7,20.0558742,CosineDist,closemixed,203335.659249,140,insample,none
cross_scenario,k_means,3338611973,39,6.84622e7,29.9849018,CosineDist,closemixed,443193.600253,343,insample,none
cross_scenario,k_means,662283236,39,7.66167e7,27.3949301,CosineDist,closemixed,655258.812507,402,insample,none
cross_scenario,k_means,1005104349,41,6.41474e7,31.8898781,CosineDist,closemixed,333200.778679,236,insample,none
cross_scenario,k_means,1534696584,41,5.70912e7,24.4937785,CosineDist,closemixed,152321.698073,118,insample,none
cross_scenario,k_means,225016911,41,5.41943e7,20.4310571,CosineDist,closemixed,60806.832431,71,insample,none
cross_scenario,k_means,2317592996,41,5.74521e7,25.0441171,CosineDist,closemixed,157915.113377,122,insample,none
cross_scenario,k_means,2716090479,41,5.56076e7,23.1387862,CosineDist,closemixed,113167.74604,78,insample,none
cross_scenario,k_means,3258958499,41,5.77842e7,26.1735054,CosineDist,closemixed,162039.602162,140,insample,none
cross_scenario,k_means,329433595,41,5.79089e7,24.2348472,CosineDist,closemixed,169200.952662,132,insample,none
cross_scenario,k_means,3444774395,41,5.8661e7,29.2998734,CosineDist,closemixed,193470.76075,173,insample,none
cross_scenario,k_means,438234340,41,5.88636e7,21.0797945,CosineDist,closemixed,206032.304632,163,insample,none
cross_scenario,k_means,953901905,41,5.62589e7,29.7307578,CosineDist,closemixed,125762.148396,99,insample,none
cross_scenario,k_means,1660595499,5,1.00066e8,1.4731836,CosineDist,closemixed,1.280496100327e6,778,insample,none
cross_scenario,k_means,1714105051,5,1.01014e8,1.6096042,CosineDist,closemixed,1.304884690732e6,760,insample,none
cross_scenario,k_means,2169593505,5,8.13054e7,1.4603352,CosineDist,closemixed,795078.617439,496,insample,none
cross_scenario,k_means,2538991366,5,9.28777e7,1.4672821,CosineDist,closemixed,1.096461736624e6,750,insample,none
cross_scenario,k_means,2909674750,5,9.86478e7,1.3363841,CosineDist,closemixed,1.243185559621e6,711,insample,none
cross_scenario,k_means,3018546641,5,8.96774e7,1.9247447,CosineDist,closemixed,1.011000848717e6,690,insample,none
cross_scenario,k_means,3634057553,5,9.96495e7,1.383067,CosineDist,closemixed,1.26984619113e6,744,insample,none
cross_scenario,k_means,4139823947,5,9.84368e7,1.5445222,CosineDist,closemixed,1.237185970426e6,753,insample,none
cross_scenario,k_means,4197766176,5,9.89366e7,1.7560527,CosineDist,closemixed,1.251691042502e6,701,insample,none
cross_scenario,k_means,5947179,5,9.82241e7,1.3679562,CosineDist,closemixed,1.231919726067e6,704,insample,none
cross_scenario,k_means,1006581332,7,9.56769e7,1.9251726,CosineDist,closemixed,1.167043263173e6,715,insample,none
cross_scenario,k_means,1176932870,7,8.50662e7,1.9135999,CosineDist,closemixed,891070.562504,516,insample,none
cross_scenario,k_means,1821427372,7,9.14103e7,1.9962566,CosineDist,closemixed,1.056545527951e6,718,insample,none
cross_scenario,k_means,2689963385,7,9.81809e7,2.0387769,CosineDist,closemixed,1.22911475817e6,722,insample,none
cross_scenario,k_means,2751971336,7,8.76932e7,1.9390797,CosineDist,closemixed,958752.053191,625,insample,none
cross_scenario,k_means,3385142830,7,7.98075e7,2.5769219,CosineDist,closemixed,760052.054705,563,insample,none
cross_scenario,k_means,3409620994,7,9.94425e7,2.1844471,CosineDist,closemixed,1.264590501795e6,748,insample,none
cross_scenario,k_means,447101461,7,1.00033e8,2.1128987,CosineDist,closemixed,1.278542476744e6,730,insample,none
cross_scenario,k_means,468006976,7,8.13195e7,1.9537759,CosineDist,closemixed,796746.273077,503,insample,none
cross_scenario,k_means,880982686,7,8.24658e7,1.9701561,CosineDist,closemixed,820586.839243,529,insample,none
cross_scenario,k_means,1130292821,9,6.56872e7,2.9882391,CosineDist,closemixed,376510.262213,238,insample,none
cross_scenario,k_means,1392296365,9,9.279e7,3.45694,CosineDist,closemixed,1.089072580844e6,716,insample,none
cross_scenario,k_means,2814468992,9,9.51037e7,2.8883853,CosineDist,closemixed,1.15040428668e6,665,insample,none
cross_scenario,k_means,3044209910,9,7.17711e7,2.8023465,CosineDist,closemixed,546975.7839,336,insample,none
cross_scenario,k_means,3261319673,9,7.36889e7,2.9990038,CosineDist,closemixed,599386.900305,393,insample,none
cross_scenario,k_means,3543870990,9,8.64552e7,3.1768525,CosineDist,closemixed,930581.259959,652,insample,none
cross_scenario,k_means,3602499071,9,7.73969e7,3.2654605,CosineDist,closemixed,685931.749995,440,insample,none
cross_scenario,k_means,3926221275,9,9.69282e7,3.1792843,CosineDist,closemixed,1.189433085446e6,687,insample,none
cross_scenario,k_means,42413356,9,6.75899e7,2.833626,CosineDist,closemixed,440057.218316,302,insample,none
cross_scenario,k_means,697383862,9,9.33242e7,2.5305027,CosineDist,closemixed,1.106468149739e6,688,insample,none
cross_scenario,k_means,1355586937,11,8.53452e7,4.7249699,SqEuclidean,closemixed,895587.284922,542,insample,none
cross_scenario,k_means,1768760743,11,9.38588e7,3.7467662,SqEuclidean,closemixed,1.119145841588e6,717,insample,none
cross_scenario,k_means,2652796558,11,8.86108e7,3.9851989,SqEuclidean,closemixed,981038.659873,619,insample,none
cross_scenario,k_means,3000698040,11,9.59383e7,4.187569,SqEuclidean,closemixed,1.168483035064e6,730,insample,none
cross_scenario,k_means,3160233726,11,7.27204e7,3.2667343,SqEuclidean,closemixed,569687.89945,366,insample,none
cross_scenario,k_means,3479820580,11,8.15556e7,4.0420456,SqEuclidean,closemixed,794284.489976,432,insample,none
cross_scenario,k_means,3649546841,11,9.64457e7,4.5363399,SqEuclidean,closemixed,1.180405735781e6,717,insample,none
cross_scenario,k_means,4031091536,11,9.93437e7,3.9301185,SqEuclidean,closemixed,1.259204734072e6,731,insample,none
cross_scenario,k_means,675182737,11,7.74066e7,3.247535,SqEuclidean,closemixed,692257.213355,451,insample,none
cross_scenario,k_means,722170199,11,7.6169e7,3.4708257,SqEuclidean,closemixed,660189.718188,430,insample,none
cross_scenario,k_means,1020330993,13,7.39779e7,4.4994599,SqEuclidean,closemixed,603110.728428,396,insample,none
cross_scenario,k_means,1241334511,13,6.98358e7,4.0923728,SqEuclidean,closemixed,495775.505639,330,insample,none
cross_scenario,k_means,1561739573,13,7.60808e7,4.2607143,SqEuclidean,closemixed,661569.340454,451,insample,none
cross_scenario,k_means,2082789969,13,6.45043e7,4.0729073,SqEuclidean,closemixed,353006.219317,246,insample,none
cross_scenario,k_means,2422820678,13,7.89838e7,4.1532478,SqEuclidean,closemixed,734134.282242,466,insample,none
cross_scenario,k_means,373102896,13,6.29044e7,4.9057555,SqEuclidean,closemixed,303967.828719,233,insample,none
cross_scenario,k_means,3777256655,13,7.87768e7,4.50998,SqEuclidean,closemixed,724755.915828,462,insample,none
cross_scenario,k_means,4101453586,13,9.23115e7,5.9665894,SqEuclidean,closemixed,1.072253295972e6,693,insample,none
cross_scenario,k_means,419645993,13,8.02966e7,4.4657732,SqEuclidean,closemixed,768173.083368,511,insample,none
cross_scenario,k_means,772616242,13,7.01578e7,6.3290838,SqEuclidean,closemixed,505325.457171,429,insample,none
cross_scenario,k_means,1536731824,15,6.63332e7,5.6520268,SqEuclidean,closemixed,402608.221923,301,insample,none
cross_scenario,k_means,1944031661,15,8.63496e7,5.713554,SqEuclidean,closemixed,922644.321375,576,insample,none
cross_scenario,k_means,195370354,15,7.29383e7,4.8785253,SqEuclidean,closemixed,578094.358087,375,insample,none
cross_scenario,k_means,2392820273,15,7.09352e7,4.812412,SqEuclidean,closemixed,525078.589868,348,insample,none
cross_scenario,k_means,2931326369,15,8.23039e7,5.7539686,SqEuclidean,closemixed,815008.173457,485,insample,none
cross_scenario,k_means,3012361418,15,6.89084e7,5.2374532,SqEuclidean,closemixed,472697.026409,321,insample,none
cross_scenario,k_means,3763622817,15,8.50209e7,4.999341,SqEuclidean,closemixed,886174.636378,532,insample,none
cross_scenario,k_means,3796973136,15,8.17614e7,6.4761333,SqEuclidean,closemixed,793382.922316,433,insample,none
cross_scenario,k_means,3815196410,15,7.05004e7,4.9359607,SqEuclidean,closemixed,512195.268624,350,insample,none
cross_scenario,k_means,604489562,15,7.33494e7,5.3866294,SqEuclidean,closemixed,587923.367175,383,insample,none
cross_scenario,k_means,1587347134,17,6.83943e7,7.4006745,SqEuclidean,closemixed,457614.794142,323,insample,none
cross_scenario,k_means,186564236,17,6.95034e7,5.8888047,SqEuclidean,closemixed,487521.427472,350,insample,none
cross_scenario,k_means,2166881926,17,6.69959e7,6.7966939,SqEuclidean,closemixed,424385.529221,298,insample,none
cross_scenario,k_means,2186186592,17,7.09931e7,6.2122844,SqEuclidean,closemixed,526588.103605,345,insample,none
cross_scenario,k_means,2238747886,17,6.04116e7,6.8194051,SqEuclidean,closemixed,248689.337894,213,insample,none
cross_scenario,k_means,224585247,17,7.57507e7,9.5166009,SqEuclidean,closemixed,641238.908701,437,insample,none
cross_scenario,k_means,2339120676,17,8.30172e7,7.6774834,SqEuclidean,closemixed,837290.820734,529,insample,none
cross_scenario,k_means,3093014142,17,7.17938e7,7.2824961,SqEuclidean,closemixed,535258.044478,404,insample,none
cross_scenario,k_means,3258302586,17,5.77292e7,8.3105936,SqEuclidean,closemixed,170327.642907,133,insample,none
cross_scenario,k_means,3629043986,17,6.48872e7,6.6307802,SqEuclidean,closemixed,364139.322908,248,insample,none
cross_scenario,k_means,1088367163,19,7.04882e7,7.5489259,SqEuclidean,closemixed,512907.271947,408,insample,none
cross_scenario,k_means,1245540782,19,7.74283e7,9.0804448,SqEuclidean,closemixed,697443.845075,505,insample,none
cross_scenario,k_means,2410109332,19,7.02722e7,8.5025833,SqEuclidean,closemixed,506504.850055,359,insample,none
cross_scenario,k_means,2455416769,19,8.36754e7,8.6193779,SqEuclidean,closemixed,847655.139553,500,insample,none
cross_scenario,k_means,2591120440,19,6.56349e7,8.9907732,SqEuclidean,closemixed,387250.068631,303,insample,none
cross_scenario,k_means,2650271871,19,6.49875e7,8.2893611,SqEuclidean,closemixed,370022.219531,283,insample,none
cross_scenario,k_means,2789252227,19,8.41425e7,10.147624,SqEuclidean,closemixed,863901.196795,566,insample,none
cross_scenario,k_means,3130995382,19,6.76026e7,8.1035681,SqEuclidean,closemixed,428741.780135,257,insample,none
cross_scenario,k_means,3357853995,19,7.27192e7,7.1571393,SqEuclidean,closemixed,567260.039311,384,insample,none
cross_scenario,k_means,824849990,19,6.72262e7,8.1456647,SqEuclidean,closemixed,422532.713871,301,insample,none
cross_scenario,k_means,1244389436,21,6.29072e7,10.5475021,SqEuclidean,closemixed,312085.347183,266,insample,none
cross_scenario,k_means,1393653782,21,6.37436e7,8.8684989,SqEuclidean,closemixed,325446.561817,227,insample,none
cross_scenario,k_means,1761682951,21,7.14195e7,11.3394375,SqEuclidean,closemixed,541560.928157,402,insample,none
cross_scenario,k_means,196162340,21,5.92525e7,9.7887249,SqEuclidean,closemixed,219044.005133,155,insample,none
cross_scenario,k_means,1984034111,21,7.65665e7,12.0456588,SqEuclidean,closemixed,667049.357966,488,insample,none
cross_scenario,k_means,2569047889,21,6.72175e7,11.0594599,SqEuclidean,closemixed,418521.37228,318,insample,none
cross_scenario,k_means,3286463093,21,6.96153e7,11.5101942,SqEuclidean,closemixed,488524.43899,341,insample,none
cross_scenario,k_means,4196464565,21,6.20303e7,10.5087169,SqEuclidean,closemixed,287004.882955,224,insample,none
cross_scenario,k_means,744301781,21,7.23361e7,11.4905845,SqEuclidean,closemixed,550656.625087,418,insample,none
cross_scenario,k_means,760014603,21,7.48455e7,8.244195,SqEuclidean,closemixed,622417.246912,400,insample,none
cross_scenario,k_means,2193967569,23,7.03077e7,9.7825929,SqEuclidean,closemixed,503675.701354,316,insample,none
cross_scenario,k_means,2546464051,23,6.7727e7,9.6384562,SqEuclidean,closemixed,432355.39607,288,insample,none
cross_scenario,k_means,2938742229,23,6.18966e7,9.2816792,SqEuclidean,closemixed,284862.8132,205,insample,none
cross_scenario,k_means,313447314,23,7.07673e7,11.4544825,SqEuclidean,closemixed,511712.633381,366,insample,none
cross_scenario,k_means,3164855826,23,8.29389e7,15.0468318,SqEuclidean,closemixed,822589.696921,555,insample,none
cross_scenario,k_means,3173192974,23,7.06762e7,10.3411531,SqEuclidean,closemixed,509587.242326,359,insample,none
cross_scenario,k_means,3527549645,23,6.16982e7,9.6203256,SqEuclidean,closemixed,267718.370714,219,insample,none
cross_scenario,k_means,3913193451,23,6.51896e7,12.7445457,SqEuclidean,closemixed,368288.242361,295,insample,none
cross_scenario,k_means,714332685,23,8.51811e7,11.7770643,SqEuclidean,closemixed,886150.087165,588,insample,none
cross_scenario,k_means,890890131,23,7.37326e7,17.6800923,SqEuclidean,closemixed,593022.527078,442,insample,none
cross_scenario,k_means,1134130444,25,5.8227e7,11.5399562,SqEuclidean,closemixed,191210.785583,165,insample,none
cross_scenario,k_means,2658990538,25,6.48717e7,12.2538197,SqEuclidean,closemixed,363130.327188,256,insample,none
cross_scenario,k_means,2726541456,25,6.56173e7,12.9809753,SqEuclidean,closemixed,384085.767643,277,insample,none
cross_scenario,k_means,2894918851,25,6.45879e7,15.0064181,SqEuclidean,closemixed,350181.515276,258,insample,none
cross_scenario,k_means,3351175237,25,6.28951e7,10.8245907,SqEuclidean,closemixed,307771.584152,217,insample,none
cross_scenario,k_means,343301208,25,5.94154e7,10.0601379,SqEuclidean,closemixed,221085.03703,219,insample,none
cross_scenario,k_means,4135971217,25,7.135e7,16.4776805,SqEuclidean,closemixed,537542.492237,395,insample,none
cross_scenario,k_means,4145110716,25,6.07248e7,11.3211221,SqEuclidean,closemixed,252889.506704,188,insample,none
cross_scenario,k_means,448376330,25,7.51517e7,14.3952106,SqEuclidean,closemixed,626277.361559,438,insample,none
cross_scenario,k_means,47449323,25,5.88587e7,11.4118768,SqEuclidean,closemixed,196935.448731,188,insample,none
cross_scenario,k_means,1161276258,27,6.7916e7,13.261347,SqEuclidean,closemixed,441705.566176,282,insample,none
cross_scenario,k_means,1233541653,27,6.71063e7,13.7504394,SqEuclidean,closemixed,417520.246338,267,insample,none
cross_scenario,k_means,1267936167,27,6.58038e7,15.0012698,SqEuclidean,closemixed,386862.555379,319,insample,none
cross_scenario,k_means,1653248667,27,6.2374e7,17.9858039,SqEuclidean,closemixed,302149.968074,226,insample,none
cross_scenario,k_means,2437521778,27,6.45196e7,20.2588425,SqEuclidean,closemixed,351446.553407,297,insample,none
cross_scenario,k_means,2524306086,27,5.72589e7,14.870193,SqEuclidean,closemixed,157728.598841,120,insample,none
cross_scenario,k_means,2606414571,27,6.12799e7,13.8179309,SqEuclidean,closemixed,262330.301798,205,insample,none
cross_scenario,k_means,2821296471,27,6.28018e7,14.8330444,SqEuclidean,closemixed,303419.836024,188,insample,none
cross_scenario,k_means,3155655383,27,5.86238e7,13.1538019,SqEuclidean,closemixed,198463.204918,165,insample,none
cross_scenario,k_means,463779685,27,6.12799e7,19.3682291,SqEuclidean,closemixed,260965.600008,189,insample,none
cross_scenario,k_means,1113698075,29,6.22796e7,12.4968144,SqEuclidean,closemixed,287675.195503,179,insample,none
cross_scenario,k_means,1125327650,29,5.46057e7,12.6166612,SqEuclidean,closemixed,82002.094895,85,insample,none
cross_scenario,k_means,1398119942,29,6.617e7,15.4348882,SqEuclidean,closemixed,391951.408047,272,insample,none
cross_scenario,k_means,1669407957,29,6.09639e7,17.1058189,SqEuclidean,closemixed,251536.290018,196,insample,none
cross_scenario,k_means,1792506398,29,5.64147e7,15.3777246,SqEuclidean,closemixed,139310.414833,100,insample,none
cross_scenario,k_means,2439649745,29,6.74122e7,15.9084286,SqEuclidean,closemixed,425423.866777,313,insample,none
cross_scenario,k_means,2730667678,29,6.17447e7,16.1277875,SqEuclidean,closemixed,268801.574093,226,insample,none
cross_scenario,k_means,2843080965,29,5.56867e7,17.2855681,SqEuclidean,closemixed,118030.769295,100,insample,none
cross_scenario,k_means,3434031776,29,7.00303e7,16.6172198,SqEuclidean,closemixed,497683.55816,355,insample,none
cross_scenario,k_means,950202798,29,6.1282e7,11.9680984,SqEuclidean,closemixed,267177.810205,204,insample,none
cross_scenario,k_means,1042382051,3,1.19448e9,0.5912417,SqEuclidean,closemixed,2.9328448448914e7,6751,insample,none
cross_scenario,k_means,1617230705,3,9.84469e7,0.578383,SqEuclidean,closemixed,1.239362728772e6,734,insample,none
cross_scenario,k_means,1690918982,3,9.84469e7,0.6074214,SqEuclidean,closemixed,1.239362728772e6,734,insample,none
cross_scenario,k_means,2011904635,3,9.99225e7,0.877206,SqEuclidean,closemixed,1.277144878655e6,764,insample,none
cross_scenario,k_means,208019063,3,9.84469e7,0.6045078,SqEuclidean,closemixed,1.239362728772e6,734,insample,none
cross_scenario,k_means,2175589206,3,9.97762e7,0.9616864,SqEuclidean,closemixed,1.273414710176e6,763,insample,none
cross_scenario,k_means,2331872192,3,1.19934e9,0.6397941,SqEuclidean,closemixed,2.9452019780332e7,6805,insample,none
cross_scenario,k_means,2859914000,3,9.96694e7,0.5915332,SqEuclidean,closemixed,1.27069568754e6,761,insample,none
cross_scenario,k_means,3409952330,3,9.96694e7,0.596745,SqEuclidean,closemixed,1.27069568754e6,761,insample,none
cross_scenario,k_means,488813374,3,1.20871e9,0.5888676,SqEuclidean,closemixed,2.9691232267386e7,6775,insample,none
cross_scenario,k_means,1349996306,31,5.44235e7,16.6520722,SqEuclidean,closemixed,76920.91863,72,insample,none
cross_scenario,k_means,1462714024,31,6.52209e7,16.9293182,SqEuclidean,closemixed,359658.468938,242,insample,none
cross_scenario,k_means,1579127763,31,6.13411e7,13.1625501,SqEuclidean,closemixed,262463.104327,171,insample,none
cross_scenario,k_means,1648351254,31,6.10359e7,15.0845996,SqEuclidean,closemixed,261121.055509,204,insample,none
cross_scenario,k_means,2030289235,31,5.91095e7,20.3818926,SqEuclidean,closemixed,205860.165886,166,insample,none
cross_scenario,k_means,2462588561,31,6.07049e7,17.1994815,SqEuclidean,closemixed,239966.604342,195,insample,none
cross_scenario,k_means,2929172095,31,6.4541e7,17.1337485,SqEuclidean,closemixed,344610.88337,269,insample,none
cross_scenario,k_means,2944528308,31,5.60039e7,16.40045,SqEuclidean,closemixed,118169.836703,97,insample,none
cross_scenario,k_means,295145311,31,8.33704e7,21.475705,SqEuclidean,closemixed,835376.167781,504,insample,none
cross_scenario,k_means,3899371692,31,6.39924e7,17.1195184,SqEuclidean,closemixed,335742.562652,268,insample,none
cross_scenario,k_means,1038419084,33,5.83792e7,19.4605267,SqEuclidean,closemixed,188680.976252,157,insample,none
cross_scenario,k_means,1109759726,33,5.43238e7,19.9549575,SqEuclidean,closemixed,74011.978826,69,insample,none
cross_scenario,k_means,1963882461,33,7.922e7,19.0381357,SqEuclidean,closemixed,712256.554552,451,insample,none
cross_scenario,k_means,1989163906,33,5.60511e7,15.6103906,SqEuclidean,closemixed,125785.76052,107,insample,none
cross_scenario,k_means,2479233904,33,5.80329e7,17.8506896,SqEuclidean,closemixed,179674.791012,149,insample,none
cross_scenario,k_means,2497612078,33,5.53311e7,15.4650388,SqEuclidean,closemixed,102415.277917,74,insample,none
cross_scenario,k_means,3214090957,33,6.02474e7,16.0326076,SqEuclidean,closemixed,241964.866839,206,insample,none
cross_scenario,k_means,3465092140,33,5.73502e7,24.2399281,SqEuclidean,closemixed,159665.524655,122,insample,none
cross_scenario,k_means,4061834237,33,6.76027e7,21.0079895,SqEuclidean,closemixed,425623.606465,338,insample,none
cross_scenario,k_means,52313467,33,6.21305e7,23.1726828,SqEuclidean,closemixed,295569.671655,236,insample,none
cross_scenario,k_means,1208640119,35,5.90815e7,19.8321029,SqEuclidean,closemixed,213518.195115,169,insample,none
cross_scenario,k_means,1428058240,35,5.99804e7,20.7523555,SqEuclidean,closemixed,233115.309407,183,insample,none
cross_scenario,k_means,15941194,35,5.80297e7,17.2371311,SqEuclidean,closemixed,172860.855349,135,insample,none
cross_scenario,k_means,2213813141,35,6.49481e7,28.803216,SqEuclidean,closemixed,351990.411616,260,insample,none
cross_scenario,k_means,2291375163,35,5.87781e7,18.7689539,SqEuclidean,closemixed,199155.808113,160,insample,none
cross_scenario,k_means,236500538,35,5.50849e7,15.7506578,SqEuclidean,closemixed,97764.569312,84,insample,none
cross_scenario,k_means,252145784,35,5.76884e7,16.5512395,SqEuclidean,closemixed,171608.952591,139,insample,none
cross_scenario,k_means,2544196106,35,6.60008e7,20.2436246,SqEuclidean,closemixed,378657.619735,234,insample,none
cross_scenario,k_means,2745802022,35,5.99481e7,23.0052787,SqEuclidean,closemixed,227733.495844,202,insample,none
cross_scenario,k_means,3596893902,35,5.62056e7,21.1501636,SqEuclidean,closemixed,132472.947701,104,insample,none
cross_scenario,k_means,1380354363,37,5.76157e7,17.4240718,SqEuclidean,closemixed,171311.800186,129,insample,none
cross_scenario,k_means,3048518942,37,6.7894e7,30.9473737,SqEuclidean,closemixed,436394.295071,298,insample,none
cross_scenario,k_means,3182806193,37,6.00798e7,22.7084205,SqEuclidean,closemixed,231413.509195,177,insample,none
cross_scenario,k_means,3244629827,37,5.75069e7,29.4273045,SqEuclidean,closemixed,169640.07112,140,insample,none
cross_scenario,k_means,3452769998,37,5.80176e7,20.8745033,SqEuclidean,closemixed,183037.316669,130,insample,none
cross_scenario,k_means,4262333788,37,5.97212e7,22.7272763,SqEuclidean,closemixed,217776.482503,174,insample,none
cross_scenario,k_means,45994245,37,5.40331e7,18.8638881,SqEuclidean,closemixed,64628.928304,71,insample,none
cross_scenario,k_means,67569244,37,6.50676e7,22.4002231,SqEuclidean,closemixed,372491.206604,275,insample,none
cross_scenario,k_means,814300562,37,5.76481e7,17.9540878,SqEuclidean,closemixed,164873.795312,125,insample,none
cross_scenario,k_means,870981686,37,5.39419e7,20.47936,SqEuclidean,closemixed,64931.656457,59,insample,none
cross_scenario,k_means,1129760376,39,5.88173e7,32.5188052,SqEuclidean,closemixed,203293.431017,166,insample,none
cross_scenario,k_means,148104383,39,6.47335e7,22.7084868,SqEuclidean,closemixed,349014.290939,248,insample,none
cross_scenario,k_means,1655289285,39,5.75997e7,22.4779524,SqEuclidean,closemixed,168303.436116,120,insample,none
cross_scenario,k_means,1845695973,39,5.34728e7,19.1284781,SqEuclidean,closemixed,45353.968905,47,insample,none
cross_scenario,k_means,2121257682,39,6.65045e7,25.6432264,SqEuclidean,closemixed,401357.36972,294,insample,none
cross_scenario,k_means,2943233938,39,6.14769e7,27.2681384,SqEuclidean,closemixed,262671.171116,184,insample,none
cross_scenario,k_means,3030918353,39,5.94614e7,28.2128699,SqEuclidean,closemixed,213535.811857,170,insample,none
cross_scenario,k_means,3096268031,39,5.99649e7,20.3599213,SqEuclidean,closemixed,230121.532138,154,insample,none
cross_scenario,k_means,3338611973,39,6.65959e7,29.6795604,SqEuclidean,closemixed,396166.339675,302,insample,none
cross_scenario,k_means,662283236,39,7.66544e7,26.4674231,SqEuclidean,closemixed,656237.610327,414,insample,none
cross_scenario,k_means,1005104349,41,6.42612e7,29.2899127,SqEuclidean,closemixed,336123.521363,237,insample,none
cross_scenario,k_means,1534696584,41,5.62753e7,26.2068121,SqEuclidean,closemixed,130263.580204,110,insample,none
cross_scenario,k_means,225016911,41,5.41517e7,21.9441308,SqEuclidean,closemixed,60800.715569,74,insample,none
cross_scenario,k_means,2317592996,41,5.82794e7,20.5123556,SqEuclidean,closemixed,175843.646873,126,insample,none
cross_scenario,k_means,2716090479,41,5.56066e7,24.3075493,SqEuclidean,closemixed,113247.937233,76,insample,none
cross_scenario,k_means,3258958499,41,5.77842e7,25.9796603,SqEuclidean,closemixed,162039.602162,140,insample,none
cross_scenario,k_means,329433595,41,5.79152e7,24.2227942,SqEuclidean,closemixed,169408.445872,134,insample,none
cross_scenario,k_means,3444774395,41,5.91561e7,28.0035424,SqEuclidean,closemixed,206145.46968,192,insample,none
cross_scenario,k_means,438234340,41,5.92236e7,21.3715607,SqEuclidean,closemixed,214352.121814,167,insample,none
cross_scenario,k_means,953901905,41,5.63431e7,26.8429844,SqEuclidean,closemixed,128853.649822,104,insample,none
cross_scenario,k_means,1660595499,5,9.94928e7,1.3967191,SqEuclidean,closemixed,1.266108674163e6,719,insample,none
cross_scenario,k_means,1714105051,5,1.01014e8,1.3942638,SqEuclidean,closemixed,1.304884690732e6,760,insample,none
cross_scenario,k_means,2169593505,5,6.83561e7,1.270336,SqEuclidean,closemixed,459790.442789,310,insample,none
cross_scenario,k_means,2538991366,5,8.50793e7,1.2657428,SqEuclidean,closemixed,894682.455514,548,insample,none
cross_scenario,k_means,2909674750,5,9.59589e7,1.4148666,SqEuclidean,closemixed,1.170450366801e6,663,insample,none
cross_scenario,k_means,3018546641,5,8.96774e7,1.521961,SqEuclidean,closemixed,1.011000848717e6,690,insample,none
cross_scenario,k_means,3634057553,5,9.99907e7,1.4811547,SqEuclidean,closemixed,1.278848881419e6,718,insample,none
cross_scenario,k_means,4139823947,5,9.73879e7,1.3434508,SqEuclidean,closemixed,1.210530825379e6,750,insample,none
cross_scenario,k_means,4197766176,5,9.89366e7,1.2776787,SqEuclidean,closemixed,1.251691042502e6,701,insample,none
cross_scenario,k_means,5947179,5,9.80283e7,1.644685,SqEuclidean,closemixed,1.226207686236e6,707,insample,none
cross_scenario,k_means,1006581332,7,8.69672e7,1.9259502,SqEuclidean,closemixed,943515.101365,593,insample,none
cross_scenario,k_means,1176932870,7,8.59046e7,1.8863049,SqEuclidean,closemixed,914836.900521,546,insample,none
cross_scenario,k_means,1821427372,7,9.2406e7,1.9988312,SqEuclidean,closemixed,1.082681806143e6,692,insample,none
cross_scenario,k_means,2689963385,7,9.57711e7,2.0375027,SqEuclidean,closemixed,1.166559166905e6,688,insample,none
cross_scenario,k_means,2751971336,7,8.65466e7,2.2114236,SqEuclidean,closemixed,928029.318863,627,insample,none
cross_scenario,k_means,3385142830,7,7.9571e7,2.7675335,SqEuclidean,closemixed,753979.211544,553,insample,none
cross_scenario,k_means,3409620994,7,1.01342e8,2.2066193,SqEuclidean,closemixed,1.313132935578e6,784,insample,none
cross_scenario,k_means,447101461,7,1.02026e8,2.1117437,SqEuclidean,closemixed,1.32964371074e6,797,insample,none
cross_scenario,k_means,468006976,7,7.83275e7,1.8892475,SqEuclidean,closemixed,719001.56635,445,insample,none
cross_scenario,k_means,880982686,7,8.02846e7,2.1808441,SqEuclidean,closemixed,764773.976787,475,insample,none
cross_scenario,k_means,1130292821,9,6.55916e7,2.6302249,SqEuclidean,closemixed,380026.636902,274,insample,none
cross_scenario,k_means,1392296365,9,9.29672e7,3.5197816,SqEuclidean,closemixed,1.089642345814e6,675,insample,none
cross_scenario,k_means,2814468992,9,9.55629e7,2.9972309,SqEuclidean,closemixed,1.162392106831e6,663,insample,none
cross_scenario,k_means,3044209910,9,7.06645e7,2.6841822,SqEuclidean,closemixed,518706.009883,321,insample,none
cross_scenario,k_means,3261319673,9,7.36878e7,2.7561213,SqEuclidean,closemixed,598747.941793,392,insample,none
cross_scenario,k_means,3543870990,9,9.05766e7,2.8506634,SqEuclidean,closemixed,1.035869769501e6,625,insample,none
cross_scenario,k_means,3602499071,9,7.72547e7,2.8820162,SqEuclidean,closemixed,682270.680906,438,insample,none
cross_scenario,k_means,3926221275,9,9.6683e7,2.675217,SqEuclidean,closemixed,1.185067799457e6,698,insample,none
cross_scenario,k_means,42413356,9,6.7887e7,2.6672544,SqEuclidean,closemixed,447096.483493,298,insample,none
cross_scenario,k_means,697383862,9,9.5077e7,2.8046336,SqEuclidean,closemixed,1.151043991474e6,675,insample,none
cross_scenario,conical_hull,0,11,6.78663e7,4.413493,SqEuclidean,closemixed,430429.243498,268,insample,none
cross_scenario,conical_hull,0,13,6.75355e7,5.0849756,SqEuclidean,closemixed,421701.450877,270,insample,none
cross_scenario,conical_hull,0,15,6.82357e7,7.1994761,SqEuclidean,closemixed,439655.370008,275,insample,none
cross_scenario,conical_hull,0,17,6.71987e7,8.7344875,SqEuclidean,closemixed,414798.708581,261,insample,none
cross_scenario,conical_hull,0,19,6.46397e7,10.4137137,SqEuclidean,closemixed,351460.187547,209,insample,none
cross_scenario,conical_hull,0,21,5.5323e7,9.5295884,SqEuclidean,closemixed,100127.470691,98,insample,none
cross_scenario,conical_hull,0,23,5.53118e7,9.9228909,SqEuclidean,closemixed,100176.997115,98,insample,none
cross_scenario,conical_hull,0,25,5.53016e7,10.9529934,SqEuclidean,closemixed,99894.068445,96,insample,none
cross_scenario,conical_hull,0,27,5.53079e7,12.8155043,SqEuclidean,closemixed,99735.428501,93,insample,none
cross_scenario,conical_hull,0,29,5.46285e7,14.0931755,SqEuclidean,closemixed,82210.957367,80,insample,none
cross_scenario,conical_hull,0,3,9.41347e7,0.5962583,SqEuclidean,closemixed,1.10120709066e6,445,insample,none
cross_scenario,conical_hull,0,31,5.47225e7,17.3672472,SqEuclidean,closemixed,84583.62891,80,insample,none
cross_scenario,conical_hull,0,33,5.4825e7,16.4946259,SqEuclidean,closemixed,87827.930008,82,insample,none
cross_scenario,conical_hull,0,35,5.45803e7,20.1782448,SqEuclidean,closemixed,80150.098588,76,insample,none
cross_scenario,conical_hull,0,37,5.30305e7,21.368933,SqEuclidean,closemixed,32916.851858,35,insample,none
cross_scenario,conical_hull,0,39,5.29581e7,22.739332,SqEuclidean,closemixed,30536.191463,31,insample,none
cross_scenario,conical_hull,0,41,5.31467e7,1384.6647017,SqEuclidean,closemixed,37776.723804,33,insample,none
cross_scenario,conical_hull,0,5,9.44474e7,1.4164102,SqEuclidean,closemixed,1.10921389944e6,408,insample,none
cross_scenario,conical_hull,0,7,9.65916e7,2.320782,SqEuclidean,closemixed,1.164015499847e6,467,insample,none
cross_scenario,conical_hull,0,9,9.62743e7,3.0666883,SqEuclidean,closemixed,1.155843993146e6,426,insample,none
cross_scenario,convex_hull,0,11,6.15765e7,6.0516783,CosineDist,closemixed,276633.216876,179,outsample,none
cross_scenario,convex_hull,0,13,6.24037e7,5.8303669,CosineDist,closemixed,296854.193352,240,outsample,none
cross_scenario,convex_hull,0,15,6.07711e7,5.5655711,CosineDist,closemixed,255324.947973,191,outsample,none
cross_scenario,convex_hull,0,17,6.07776e7,5.7151562,CosineDist,closemixed,255612.308725,196,outsample,none
cross_scenario,convex_hull,0,19,6.08125e7,6.9211473,CosineDist,closemixed,256556.552456,191,outsample,none
cross_scenario,convex_hull,0,21,5.90315e7,11.2830749,CosineDist,closemixed,207670.257648,173,outsample,none
cross_scenario,convex_hull,0,23,5.77329e7,5.5595595,CosineDist,closemixed,170428.900534,109,outsample,none
cross_scenario,convex_hull,0,25,5.78213e7,6.7018966,CosineDist,closemixed,173162.414624,108,outsample,none
cross_scenario,convex_hull,0,27,5.77412e7,6.1192221,CosineDist,closemixed,171101.574139,118,outsample,none
cross_scenario,convex_hull,0,29,5.77397e7,6.362535,CosineDist,closemixed,171112.098055,120,outsample,none
cross_scenario,convex_hull,0,3,1.11151e8,6.4719478,CosineDist,closemixed,1.571515080909e6,783,outsample,none
cross_scenario,convex_hull,0,31,5.8269e7,5.6302905,CosineDist,closemixed,185726.562953,138,outsample,none
cross_scenario,convex_hull,0,33,5.82541e7,6.0037767,CosineDist,closemixed,184780.682091,142,outsample,none
cross_scenario,convex_hull,0,35,5.82475e7,6.1435303,CosineDist,closemixed,184621.187913,138,outsample,none
cross_scenario,convex_hull,0,37,5.8325e7,5.5223611,CosineDist,closemixed,186586.251527,140,outsample,none
cross_scenario,convex_hull,0,39,5.69823e7,5.5924898,CosineDist,closemixed,144299.008715,121,outsample,none
cross_scenario,convex_hull,0,41,5.6131e7,5.5670684,CosineDist,closemixed,122842.490597,98,outsample,none
cross_scenario,convex_hull,0,5,9.93514e7,5.569735,CosineDist,closemixed,1.27188385368e6,673,outsample,none
cross_scenario,convex_hull,0,7,7.95623e7,5.8383527,CosineDist,closemixed,736389.799811,463,outsample,none
cross_scenario,convex_hull,0,9,7.97807e7,6.3983909,CosineDist,closemixed,748597.914656,491,outsample,none
cross_scenario,convex_hull,0,11,1.0566e8,6.2563937,SqEuclidean,closemixed,1.39040584322e6,559,outsample,none
cross_scenario,convex_hull,0,13,1.0897e8,6.2723061,SqEuclidean,closemixed,1.480540566118e6,593,outsample,none
cross_scenario,convex_hull,0,15,9.2925e7,7.263223,SqEuclidean,closemixed,1.079674385549e6,481,outsample,none
cross_scenario,convex_hull,0,17,9.29331e7,5.995205,SqEuclidean,closemixed,1.080291031167e6,449,outsample,none
cross_scenario,convex_hull,0,19,9.29816e7,6.1818178,SqEuclidean,closemixed,1.079533130297e6,483,outsample,none
cross_scenario,convex_hull,0,21,9.24667e7,6.8249385,SqEuclidean,closemixed,1.065784299493e6,464,outsample,none
cross_scenario,convex_hull,0,23,9.24664e7,6.8602475,SqEuclidean,closemixed,1.065481174315e6,478,outsample,none
cross_scenario,convex_hull,0,25,8.82784e7,6.6732031,SqEuclidean,closemixed,931212.278846,438,outsample,none
cross_scenario,convex_hull,0,27,8.93945e7,6.5500069,SqEuclidean,closemixed,972990.630615,418,outsample,none
cross_scenario,convex_hull,0,29,7.73079e7,6.2509006,SqEuclidean,closemixed,661860.779914,380,outsample,none
cross_scenario,convex_hull,0,3,1.09609e8,6.1128935,SqEuclidean,closemixed,1.500099467151e6,709,outsample,none
cross_scenario,convex_hull,0,31,7.73566e7,6.0905916,SqEuclidean,closemixed,662919.231029,378,outsample,none
cross_scenario,convex_hull,0,33,7.75327e7,6.1553811,SqEuclidean,closemixed,667387.409416,369,outsample,none
cross_scenario,convex_hull,0,35,5.52271e7,5.8583686,SqEuclidean,closemixed,74970.928397,93,outsample,none
cross_scenario,convex_hull,0,37,5.51282e7,6.5199433,SqEuclidean,closemixed,74950.101232,74,outsample,none
cross_scenario,convex_hull,0,39,5.50345e7,5.6443195,SqEuclidean,closemixed,74833.172663,85,outsample,none
cross_scenario,convex_hull,0,41,5.49066e7,5.8345203,SqEuclidean,closemixed,71595.451827,66,outsample,none
cross_scenario,convex_hull,0,5,9.75086e7,5.83654,SqEuclidean,closemixed,1.176728341972e6,579,outsample,none
cross_scenario,convex_hull,0,7,1.02311e8,6.7535693,SqEuclidean,closemixed,1.304622719723e6,534,outsample,none
cross_scenario,convex_hull,0,9,1.01929e8,6.7654269,SqEuclidean,closemixed,1.294558108649e6,547,outsample,none
cross_scenario,k_medoids,1355586937,11,7.3146e7,5.7928342,CosineDist,closemixed,576529.311186,414,outsample,none
cross_scenario,k_medoids,1768760743,11,7.13652e7,6.3932928,CosineDist,closemixed,530963.944244,399,outsample,none
cross_scenario,k_medoids,2652796558,11,7.71085e7,5.7035065,CosineDist,closemixed,682833.627741,457,outsample,none
cross_scenario,k_medoids,3000698040,11,8.56578e7,5.9553702,CosineDist,closemixed,893145.786122,630,outsample,none
cross_scenario,k_medoids,3160233726,11,6.16565e7,6.2503528,CosineDist,closemixed,281437.729989,219,outsample,none
cross_scenario,k_medoids,3479820580,11,7.27616e7,6.5774142,CosineDist,closemixed,568933.658781,433,outsample,none
cross_scenario,k_medoids,3649546841,11,6.0619e7,6.3138858,CosineDist,closemixed,250506.354406,198,outsample,none
cross_scenario,k_medoids,4031091536,11,7.56805e7,5.6688875,CosineDist,closemixed,649706.929562,413,outsample,none
cross_scenario,k_medoids,675182737,11,6.54855e7,6.6604028,CosineDist,closemixed,377848.547648,272,outsample,none
cross_scenario,k_medoids,722170199,11,6.21363e7,6.9574123,CosineDist,closemixed,291786.263845,222,outsample,none
cross_scenario,k_medoids,1020330993,13,6.26765e7,6.0418444,CosineDist,closemixed,308907.017153,217,outsample,none
cross_scenario,k_medoids,1241334511,13,6.27419e7,7.4128536,CosineDist,closemixed,303755.416594,228,outsample,none
cross_scenario,k_medoids,1561739573,13,6.04701e7,5.8862448,CosineDist,closemixed,237958.475181,151,outsample,none
cross_scenario,k_medoids,2082789969,13,7.29391e7,5.2624212,CosineDist,closemixed,578940.699106,378,outsample,none
cross_scenario,k_medoids,2422820678,13,6.51584e7,5.7550003,CosineDist,closemixed,373862.81123,278,outsample,none
cross_scenario,k_medoids,373102896,13,7.38673e7,5.2517566,CosineDist,closemixed,603635.170149,467,outsample,none
cross_scenario,k_medoids,3777256655,13,7.14247e7,6.6262351,CosineDist,closemixed,535429.77446,456,outsample,none
cross_scenario,k_medoids,4101453586,13,6.58986e7,7.1731615,CosineDist,closemixed,380954.819087,275,outsample,none
cross_scenario,k_medoids,419645993,13,7.18306e7,6.3704948,CosineDist,closemixed,542829.738695,394,outsample,none
cross_scenario,k_medoids,772616242,13,6.24168e7,6.8906174,CosineDist,closemixed,302176.076256,206,outsample,none
cross_scenario,k_medoids,1536731824,15,7.52819e7,6.558167,CosineDist,closemixed,627244.848898,469,outsample,none
cross_scenario,k_medoids,1944031661,15,8.42447e7,6.9184714,CosineDist,closemixed,855306.117088,576,outsample,none
cross_scenario,k_medoids,195370354,15,6.76252e7,7.0084444,CosineDist,closemixed,436490.63419,325,outsample,none
cross_scenario,k_medoids,2392820273,15,6.75392e7,6.8396607,CosineDist,closemixed,438099.381055,343,outsample,none
cross_scenario,k_medoids,2931326369,15,8.71623e7,6.4306479,CosineDist,closemixed,939569.719322,624,outsample,none
cross_scenario,k_medoids,3012361418,15,6.52832e7,7.128896,CosineDist,closemixed,378619.086901,274,outsample,none
cross_scenario,k_medoids,3763622817,15,7.54108e7,6.4655394,CosineDist,closemixed,639676.516739,434,outsample,none
cross_scenario,k_medoids,3796973136,15,5.73742e7,7.1484862,CosineDist,closemixed,153396.041616,100,outsample,none
cross_scenario,k_medoids,3815196410,15,5.94455e7,6.009594,CosineDist,closemixed,216140.543268,149,outsample,none
cross_scenario,k_medoids,604489562,15,5.93566e7,5.6161636,CosineDist,closemixed,206972.912341,155,outsample,none
cross_scenario,k_medoids,1587347134,17,6.86867e7,5.281979,CosineDist,closemixed,462174.543037,360,outsample,none
cross_scenario,k_medoids,186564236,17,6.81674e7,6.5667527,CosineDist,closemixed,431814.929544,354,outsample,none
cross_scenario,k_medoids,2166881926,17,5.69299e7,5.3868424,CosineDist,closemixed,148151.657566,114,outsample,none
cross_scenario,k_medoids,2186186592,17,7.74874e7,5.4440991,CosineDist,closemixed,683891.891957,515,outsample,none
cross_scenario,k_medoids,2238747886,17,5.83968e7,5.7705893,CosineDist,closemixed,191171.872421,147,outsample,none
cross_scenario,k_medoids,224585247,17,5.87344e7,5.8235723,CosineDist,closemixed,197515.471499,168,outsample,none
cross_scenario,k_medoids,2339120676,17,6.73418e7,5.7236765,CosineDist,closemixed,418579.141322,272,outsample,none
cross_scenario,k_medoids,3093014142,17,5.50991e7,5.8268146,CosineDist,closemixed,83729.266281,66,outsample,none
cross_scenario,k_medoids,3258302586,17,6.02338e7,5.4626992,CosineDist,closemixed,240915.255942,146,outsample,none
cross_scenario,k_medoids,3629043986,17,6.14857e7,5.9223962,CosineDist,closemixed,270023.179743,180,outsample,none
cross_scenario,k_medoids,1088367163,19,5.72297e7,5.1576256,CosineDist,closemixed,151187.647065,125,outsample,none
cross_scenario,k_medoids,1245540782,19,7.9929e7,5.4382148,CosineDist,closemixed,756320.008631,559,outsample,none
cross_scenario,k_medoids,2410109332,19,5.90243e7,5.7163385,CosineDist,closemixed,208076.382365,136,outsample,none
cross_scenario,k_medoids,2455416769,19,5.74522e7,5.8296485,CosineDist,closemixed,163019.005524,125,outsample,none
cross_scenario,k_medoids,2591120440,19,5.85871e7,5.6233213,CosineDist,closemixed,189281.486489,206,outsample,none
cross_scenario,k_medoids,2650271871,19,5.67784e7,7.2256782,CosineDist,closemixed,130003.537259,103,outsample,none
cross_scenario,k_medoids,2789252227,19,6.78876e7,5.7547983,CosineDist,closemixed,442544.778473,371,outsample,none
cross_scenario,k_medoids,3130995382,19,5.89545e7,6.1337018,CosineDist,closemixed,204650.486151,145,outsample,none
cross_scenario,k_medoids,3357853995,19,6.38523e7,6.7632927,CosineDist,closemixed,333895.065928,263,outsample,none
cross_scenario,k_medoids,824849990,19,6.2383e7,5.6483835,CosineDist,closemixed,303262.81277,218,outsample,none
cross_scenario,k_medoids,1244389436,21,5.72403e7,6.5462535,CosineDist,closemixed,155841.688631,159,outsample,none
cross_scenario,k_medoids,1393653782,21,5.72521e7,5.6554772,CosineDist,closemixed,140254.220606,125,outsample,none
cross_scenario,k_medoids,1761682951,21,5.95721e7,5.6689231,CosineDist,closemixed,218053.991849,186,outsample,none
cross_scenario,k_medoids,196162340,21,5.93454e7,6.4685598,CosineDist,closemixed,217069.217894,165,outsample,none
cross_scenario,k_medoids,1984034111,21,6.02584e7,6.2918841,CosineDist,closemixed,242177.711741,187,outsample,none
cross_scenario,k_medoids,2569047889,21,7.09278e7,5.7712842,CosineDist,closemixed,512281.680943,358,outsample,none
cross_scenario,k_medoids,3286463093,21,6.29659e7,5.989739,CosineDist,closemixed,306746.130764,230,outsample,none
cross_scenario,k_medoids,4196464565,21,5.93758e7,5.9894029,CosineDist,closemixed,211634.518584,169,outsample,none
cross_scenario,k_medoids,744301781,21,5.84979e7,6.7860218,CosineDist,closemixed,183795.466213,138,outsample,none
cross_scenario,k_medoids,760014603,21,6.84357e7,5.5632681,CosineDist,closemixed,448168.994461,340,outsample,none
cross_scenario,k_medoids,2193967569,23,5.90002e7,7.0032968,CosineDist,closemixed,190529.540659,166,outsample,none
cross_scenario,k_medoids,2546464051,23,7.0685e7,5.6591466,CosineDist,closemixed,517168.19329,385,outsample,none
cross_scenario,k_medoids,2938742229,23,5.98511e7,6.3813189,CosineDist,closemixed,225793.951609,146,outsample,none
cross_scenario,k_medoids,313447314,23,5.6055e7,6.4403871,CosineDist,closemixed,113653.180735,86,outsample,none
cross_scenario,k_medoids,3164855826,23,5.67263e7,6.2700018,CosineDist,closemixed,134897.503792,84,outsample,none
cross_scenario,k_medoids,3173192974,23,6.11688e7,6.210031,CosineDist,closemixed,267155.546387,192,outsample,none
cross_scenario,k_medoids,3527549645,23,5.84764e7,6.2997264,CosineDist,closemixed,183352.596833,171,outsample,none
cross_scenario,k_medoids,3913193451,23,6.70903e7,6.0453394,CosineDist,closemixed,409236.674678,278,outsample,none
cross_scenario,k_medoids,714332685,23,5.6901e7,7.2653505,CosineDist,closemixed,146554.01178,89,outsample,none
cross_scenario,k_medoids,890890131,23,5.68566e7,6.5129691,CosineDist,closemixed,138716.277421,124,outsample,none
cross_scenario,k_medoids,1134130444,25,5.62472e7,5.7217521,CosineDist,closemixed,123713.03572,101,outsample,none
cross_scenario,k_medoids,2658990538,25,5.92927e7,5.4772219,CosineDist,closemixed,207694.239199,206,outsample,none
cross_scenario,k_medoids,2726541456,25,5.79654e7,7.1048807,CosineDist,closemixed,174783.621399,127,outsample,none
cross_scenario,k_medoids,2894918851,25,6.18927e7,6.4795684,CosineDist,closemixed,282896.613959,228,outsample,none
cross_scenario,k_medoids,3351175237,25,6.34474e7,6.8626548,CosineDist,closemixed,326241.904811,239,outsample,none
cross_scenario,k_medoids,343301208,25,5.74809e7,6.1725411,CosineDist,closemixed,163916.553066,152,outsample,none
cross_scenario,k_medoids,4135971217,25,6.12132e7,5.9820951,CosineDist,closemixed,269848.581913,196,outsample,none
cross_scenario,k_medoids,4145110716,25,5.97552e7,6.3439648,CosineDist,closemixed,229331.548495,155,outsample,none
cross_scenario,k_medoids,448376330,25,6.15424e7,7.0072223,CosineDist,closemixed,269558.931676,220,outsample,none
cross_scenario,k_medoids,47449323,25,5.622e7,7.3002131,CosineDist,closemixed,117814.313109,102,outsample,none
cross_scenario,k_medoids,1161276258,27,7.01802e7,6.6715294,CosineDist,closemixed,485631.484459,384,outsample,none
cross_scenario,k_medoids,1233541653,27,7.20163e7,5.7620853,CosineDist,closemixed,535186.764618,416,outsample,none
cross_scenario,k_medoids,1267936167,27,5.9733e7,5.8468607,CosineDist,closemixed,227274.051387,196,outsample,none
cross_scenario,k_medoids,1653248667,27,5.78025e7,6.1310403,CosineDist,closemixed,169337.208119,147,outsample,none
cross_scenario,k_medoids,2437521778,27,5.71295e7,5.9861643,CosineDist,closemixed,147434.651929,89,outsample,none
cross_scenario,k_medoids,2524306086,27,5.92958e7,5.6287257,CosineDist,closemixed,204824.618649,184,outsample,none
cross_scenario,k_medoids,2606414571,27,5.54238e7,5.8146351,CosineDist,closemixed,90708.624883,81,outsample,none
cross_scenario,k_medoids,2821296471,27,6.9919e7,5.6558469,CosineDist,closemixed,489701.319524,297,outsample,none
cross_scenario,k_medoids,3155655383,27,5.50338e7,6.2800273,CosineDist,closemixed,82365.386137,64,outsample,none
cross_scenario,k_medoids,463779685,27,5.44724e7,6.3970722,CosineDist,closemixed,59416.187827,55,outsample,none
cross_scenario,k_medoids,1113698075,29,5.93933e7,6.2441661,CosineDist,closemixed,209069.620907,142,outsample,none
cross_scenario,k_medoids,1125327650,29,5.53242e7,6.6637642,CosineDist,closemixed,90533.60115,66,outsample,none
cross_scenario,k_medoids,1398119942,29,6.05722e7,6.5678115,CosineDist,closemixed,245750.023094,188,outsample,none
cross_scenario,k_medoids,1669407957,29,5.59491e7,6.0789681,CosineDist,closemixed,118484.273348,96,outsample,none
cross_scenario,k_medoids,1792506398,29,5.57145e7,6.270352,CosineDist,closemixed,105492.201771,79,outsample,none
cross_scenario,k_medoids,2439649745,29,5.67684e7,6.6388409,CosineDist,closemixed,142048.107667,95,outsample,none
cross_scenario,k_medoids,2730667678,29,5.5481e7,5.7780366,CosineDist,closemixed,100938.525118,73,outsample,none
cross_scenario,k_medoids,2843080965,29,5.78969e7,5.6745005,CosineDist,closemixed,173817.963467,120,outsample,none
cross_scenario,k_medoids,3434031776,29,5.64904e7,6.1940523,CosineDist,closemixed,127787.02824,82,outsample,none
cross_scenario,k_medoids,950202798,29,5.86442e7,6.3288377,CosineDist,closemixed,188699.992819,173,outsample,none
cross_scenario,k_medoids,1042382051,3,9.04156e7,5.8077643,CosineDist,closemixed,1.028857412742e6,676,outsample,none
cross_scenario,k_medoids,1617230705,3,8.97824e7,5.8396314,CosineDist,closemixed,1.012597971161e6,617,outsample,none
cross_scenario,k_medoids,1690918982,3,2.99246e8,5.6299843,CosineDist,closemixed,6.346770865852e6,2391,outsample,none
cross_scenario,k_medoids,2011904635,3,9.03974e7,5.8792122,CosineDist,closemixed,1.028405608196e6,663,outsample,none
cross_scenario,k_medoids,208019063,3,8.98261e7,6.1900076,CosineDist,closemixed,1.01369375869e6,636,outsample,none
cross_scenario,k_medoids,2175589206,3,8.95076e7,6.1045975,CosineDist,closemixed,1.005582248612e6,601,outsample,none
cross_scenario,k_medoids,2331872192,3,9.04156e7,6.155668,CosineDist,closemixed,1.028857412742e6,676,outsample,none
cross_scenario,k_medoids,2859914000,3,9.05558e7,6.1146311,CosineDist,closemixed,1.032383355854e6,670,outsample,none
cross_scenario,k_medoids,3409952330,3,9.05558e7,5.8645481,CosineDist,closemixed,1.032383355854e6,670,outsample,none
cross_scenario,k_medoids,488813374,3,9.05558e7,6.0426755,CosineDist,closemixed,1.032383355854e6,670,outsample,none
cross_scenario,k_medoids,1349996306,31,5.73527e7,5.9764991,CosineDist,closemixed,158672.403037,117,outsample,none
cross_scenario,k_medoids,1462714024,31,5.58712e7,6.0724266,CosineDist,closemixed,109847.790105,71,outsample,none
cross_scenario,k_medoids,1579127763,31,5.54912e7,6.151344,CosineDist,closemixed,92864.521026,83,outsample,none
cross_scenario,k_medoids,1648351254,31,6.11145e7,6.5263267,CosineDist,closemixed,247002.202961,224,outsample,none
cross_scenario,k_medoids,2030289235,31,5.74973e7,6.7108025,CosineDist,closemixed,164193.582833,146,outsample,none
cross_scenario,k_medoids,2462588561,31,5.49917e7,6.8243775,CosineDist,closemixed,85140.933289,71,outsample,none
cross_scenario,k_medoids,2929172095,31,5.42821e7,6.5147852,CosineDist,closemixed,53810.773745,43,outsample,none
cross_scenario,k_medoids,2944528308,31,5.97885e7,6.409518,CosineDist,closemixed,227332.30526,153,outsample,none
cross_scenario,k_medoids,295145311,31,5.56121e7,6.2595318,CosineDist,closemixed,108135.445722,78,outsample,none
cross_scenario,k_medoids,3899371692,31,6.24122e7,6.0496263,CosineDist,closemixed,291114.51131,227,outsample,none
cross_scenario,k_medoids,1038419084,33,5.56243e7,6.0210687,CosineDist,closemixed,100555.287965,65,outsample,none
cross_scenario,k_medoids,1109759726,33,5.65641e7,6.2716214,CosineDist,closemixed,128472.673179,79,outsample,none
cross_scenario,k_medoids,1963882461,33,5.56042e7,6.354774,CosineDist,closemixed,109475.350033,74,outsample,none
cross_scenario,k_medoids,1989163906,33,5.61998e7,6.4326493,CosineDist,closemixed,127627.355441,86,outsample,none
cross_scenario,k_medoids,2479233904,33,5.55121e7,6.1907846,CosineDist,closemixed,92542.988653,98,outsample,none
cross_scenario,k_medoids,2497612078,33,5.49484e7,6.3483493,CosineDist,closemixed,78881.174341,83,outsample,none
cross_scenario,k_medoids,3214090957,33,5.49814e7,6.1256245,CosineDist,closemixed,81055.596402,63,outsample,none
cross_scenario,k_medoids,3465092140,33,5.56154e7,5.8857993,CosineDist,closemixed,101214.444804,66,outsample,none
cross_scenario,k_medoids,4061834237,33,5.40754e7,5.965165,CosineDist,closemixed,48779.574492,38,outsample,none
cross_scenario,k_medoids,52313467,33,5.7917e7,6.1024659,CosineDist,closemixed,177720.993695,123,outsample,none
cross_scenario,k_medoids,1208640119,35,5.62784e7,6.1879603,CosineDist,closemixed,128619.991446,81,outsample,none
cross_scenario,k_medoids,1428058240,35,5.90876e7,6.0807749,CosineDist,closemixed,199265.059248,170,outsample,none
cross_scenario,k_medoids,15941194,35,5.70021e7,5.6775768,CosineDist,closemixed,148539.837485,109,outsample,none
cross_scenario,k_medoids,2213813141,35,5.50202e7,5.9731013,CosineDist,closemixed,80562.523443,62,outsample,none
cross_scenario,k_medoids,2291375163,35,5.48748e7,5.8493157,CosineDist,closemixed,78721.682586,55,outsample,none
cross_scenario,k_medoids,236500538,35,5.55029e7,6.2512216,CosineDist,closemixed,97551.996243,64,outsample,none
cross_scenario,k_medoids,252145784,35,5.80619e7,6.5694613,CosineDist,closemixed,180197.582699,158,outsample,none
cross_scenario,k_medoids,2544196106,35,5.5038e7,6.1144421,CosineDist,closemixed,83619.819794,85,outsample,none
cross_scenario,k_medoids,2745802022,35,5.56406e7,6.1596106,CosineDist,closemixed,108131.639538,89,outsample,none
cross_scenario,k_medoids,3596893902,35,5.6525e7,6.2925658,CosineDist,closemixed,134552.662264,111,outsample,none
cross_scenario,k_medoids,1380354363,37,5.5107e7,6.2083976,CosineDist,closemixed,93021.419664,76,outsample,none
cross_scenario,k_medoids,3048518942,37,6.66961e7,6.2453903,CosineDist,closemixed,398016.992206,317,outsample,none
cross_scenario,k_medoids,3182806193,37,5.49876e7,6.2164065,CosineDist,closemixed,87605.137344,90,outsample,none
cross_scenario,k_medoids,3244629827,37,5.69038e7,6.3373805,CosineDist,closemixed,147295.750801,110,outsample,none
cross_scenario,k_medoids,3452769998,37,5.72942e7,5.9259753,CosineDist,closemixed,153784.250624,117,outsample,none
cross_scenario,k_medoids,4262333788,37,5.63672e7,6.2260129,CosineDist,closemixed,131699.565543,80,outsample,none
cross_scenario,k_medoids,45994245,37,5.64712e7,6.2345234,CosineDist,closemixed,126586.712564,75,outsample,none
cross_scenario,k_medoids,67569244,37,5.70204e7,5.4258338,CosineDist,closemixed,145522.695337,117,outsample,none
cross_scenario,k_medoids,814300562,37,5.53661e7,6.1464365,CosineDist,closemixed,100094.816767,92,outsample,none
cross_scenario,k_medoids,870981686,37,5.75181e7,6.3972451,CosineDist,closemixed,164413.696113,139,outsample,none
cross_scenario,k_medoids,1129760376,39,5.48174e7,6.7302327,CosineDist,closemixed,80202.290965,60,outsample,none
cross_scenario,k_medoids,148104383,39,5.67316e7,7.0781392,CosineDist,closemixed,142388.667585,84,outsample,none
cross_scenario,k_medoids,1655289285,39,5.5947e7,7.0840883,CosineDist,closemixed,120100.489242,84,outsample,none
cross_scenario,k_medoids,1845695973,39,5.50969e7,6.4995061,CosineDist,closemixed,91145.752017,73,outsample,none
cross_scenario,k_medoids,2121257682,39,5.77706e7,6.3944682,CosineDist,closemixed,160229.157342,152,outsample,none
cross_scenario,k_medoids,2943233938,39,5.47803e7,5.9613956,CosineDist,closemixed,73686.330902,59,outsample,none
cross_scenario,k_medoids,3030918353,39,5.6298e7,5.939059,CosineDist,closemixed,123333.182179,72,outsample,none
cross_scenario,k_medoids,3096268031,39,5.57543e7,6.5086963,CosineDist,closemixed,112098.491621,79,outsample,none
cross_scenario,k_medoids,3338611973,39,5.50995e7,6.4269088,CosineDist,closemixed,91348.352515,74,outsample,none
cross_scenario,k_medoids,662283236,39,5.72029e7,6.3492919,CosineDist,closemixed,150713.358488,134,outsample,none
cross_scenario,k_medoids,1005104349,41,5.53892e7,6.9724387,CosineDist,closemixed,94604.406696,57,outsample,none
cross_scenario,k_medoids,1534696584,41,5.49931e7,6.722967,CosineDist,closemixed,80574.110763,52,outsample,none
cross_scenario,k_medoids,225016911,41,5.60212e7,6.3536871,CosineDist,closemixed,119046.114465,104,outsample,none
cross_scenario,k_medoids,2317592996,41,5.4637e7,5.8570558,CosineDist,closemixed,70746.710109,48,outsample,none
cross_scenario,k_medoids,2716090479,41,5.5556e7,6.2212115,CosineDist,closemixed,101358.338994,65,outsample,none
cross_scenario,k_medoids,3258958499,41,5.44445e7,6.2028504,CosineDist,closemixed,67774.005577,51,outsample,none
cross_scenario,k_medoids,329433595,41,5.46818e7,6.200086,CosineDist,closemixed,69937.758415,46,outsample,none
cross_scenario,k_medoids,3444774395,41,6.1744e7,5.5738861,CosineDist,closemixed,282762.711964,214,outsample,none
cross_scenario,k_medoids,438234340,41,5.4576e7,6.2138941,CosineDist,closemixed,68071.064735,48,outsample,none
cross_scenario,k_medoids,953901905,41,5.41831e7,6.1617172,CosineDist,closemixed,60678.462069,50,outsample,none
cross_scenario,k_medoids,1660595499,5,8.95925e7,5.9788115,CosineDist,closemixed,1.007691043718e6,679,outsample,none
cross_scenario,k_medoids,1714105051,5,9.10195e7,5.9266954,CosineDist,closemixed,1.044140879442e6,645,outsample,none
cross_scenario,k_medoids,2169593505,5,6.28731e7,6.5146332,CosineDist,closemixed,299182.575853,216,outsample,none
cross_scenario,k_medoids,2538991366,5,7.867e7,6.0665576,CosineDist,closemixed,727050.772542,520,outsample,none
cross_scenario,k_medoids,2909674750,5,9.24591e7,5.732619,CosineDist,closemixed,1.081049241244e6,695,outsample,none
cross_scenario,k_medoids,3018546641,5,7.34255e7,5.6581662,CosineDist,closemixed,591822.463944,476,outsample,none
cross_scenario,k_medoids,3634057553,5,8.56e7,5.7516843,CosineDist,closemixed,901159.050796,581,outsample,none
cross_scenario,k_medoids,4139823947,5,8.98239e7,6.4383454,CosineDist,closemixed,1.013590406779e6,598,outsample,none
cross_scenario,k_medoids,4197766176,5,9.06623e7,5.6401749,CosineDist,closemixed,1.034919783308e6,590,outsample,none
cross_scenario,k_medoids,5947179,5,8.94399e7,5.6976975,CosineDist,closemixed,1.003702156616e6,589,outsample,none
cross_scenario,k_medoids,1006581332,7,8.21481e7,5.8766202,CosineDist,closemixed,817477.783532,575,outsample,none
cross_scenario,k_medoids,1176932870,7,7.59006e7,5.8728472,CosineDist,closemixed,655454.132248,471,outsample,none
cross_scenario,k_medoids,1821427372,7,8.81826e7,5.9001054,CosineDist,closemixed,962792.828078,641,outsample,none
cross_scenario,k_medoids,2689963385,7,8.96864e7,6.1562844,CosineDist,closemixed,1.005580130218e6,659,outsample,none
cross_scenario,k_medoids,2751971336,7,7.34603e7,5.9074815,CosineDist,closemixed,588459.051717,375,outsample,none
cross_scenario,k_medoids,3385142830,7,6.81687e7,6.1775884,CosineDist,closemixed,450982.117961,311,outsample,none
cross_scenario,k_medoids,3409620994,7,7.52203e7,6.0005786,CosineDist,closemixed,632912.99229,409,outsample,none
cross_scenario,k_medoids,447101461,7,8.94156e7,5.9464305,CosineDist,closemixed,1.003016507539e6,600,outsample,none
cross_scenario,k_medoids,468006976,7,8.49769e7,5.5493066,CosineDist,closemixed,889882.282754,589,outsample,none
cross_scenario,k_medoids,880982686,7,7.75589e7,5.4129848,CosineDist,closemixed,699161.373162,511,outsample,none
cross_scenario,k_medoids,1130292821,9,7.66112e7,5.8301355,CosineDist,closemixed,674657.742885,499,outsample,none
cross_scenario,k_medoids,1392296365,9,7.85967e7,6.046302,CosineDist,closemixed,726361.235288,537,outsample,none
cross_scenario,k_medoids,2814468992,9,7.03136e7,6.2651111,CosineDist,closemixed,503342.001195,348,outsample,none
cross_scenario,k_medoids,3044209910,9,5.7572e7,6.0470301,CosineDist,closemixed,157523.186171,128,outsample,none
cross_scenario,k_medoids,3261319673,9,7.65738e7,5.8580004,CosineDist,closemixed,674053.793667,517,outsample,none
cross_scenario,k_medoids,3543870990,9,8.04434e7,5.9629494,CosineDist,closemixed,773944.651962,567,outsample,none
cross_scenario,k_medoids,3602499071,9,8.58891e7,6.9145325,CosineDist,closemixed,908602.935588,566,outsample,none
cross_scenario,k_medoids,3926221275,9,8.12523e7,6.7821756,CosineDist,closemixed,787654.165775,492,outsample,none
cross_scenario,k_medoids,42413356,9,7.72159e7,6.0392517,CosineDist,closemixed,688300.224276,515,outsample,none
cross_scenario,k_medoids,697383862,9,9.5994e7,5.6478233,CosineDist,closemixed,1.171289134565e6,825,outsample,none
cross_scenario,k_medoids,1355586937,11,7.45949e7,6.0983783,SqEuclidean,closemixed,617184.906145,414,outsample,none
cross_scenario,k_medoids,1768760743,11,7.36036e7,5.2125767,SqEuclidean,closemixed,588530.663772,469,outsample,none
cross_scenario,k_medoids,2652796558,11,8.43955e7,6.0030283,SqEuclidean,closemixed,869033.412495,617,outsample,none
cross_scenario,k_medoids,3000698040,11,9.01531e7,5.5983299,SqEuclidean,closemixed,1.021748554511e6,677,outsample,none
cross_scenario,k_medoids,3160233726,11,7.71065e7,5.788555,SqEuclidean,closemixed,685849.770629,468,outsample,none
cross_scenario,k_medoids,3479820580,11,8.17127e7,5.9644959,SqEuclidean,closemixed,804162.959064,491,outsample,none
cross_scenario,k_medoids,3649546841,11,9.16011e7,5.6803144,SqEuclidean,closemixed,1.058217185675e6,652,outsample,none
cross_scenario,k_medoids,4031091536,11,9.07114e7,5.8295521,SqEuclidean,closemixed,1.035467860264e6,693,outsample,none
cross_scenario,k_medoids,675182737,11,7.01563e7,6.2588597,SqEuclidean,closemixed,504919.326752,366,outsample,none
cross_scenario,k_medoids,722170199,11,7.31948e7,5.8313749,SqEuclidean,closemixed,586627.028849,446,outsample,none
cross_scenario,k_medoids,1020330993,13,6.24704e7,6.078352,SqEuclidean,closemixed,295898.440972,271,outsample,none
cross_scenario,k_medoids,1241334511,13,6.82711e7,6.1722675,SqEuclidean,closemixed,451395.93641,347,outsample,none
cross_scenario,k_medoids,1561739573,13,8.13457e7,5.9399236,SqEuclidean,closemixed,794866.972591,493,outsample,none
cross_scenario,k_medoids,2082789969,13,7.24189e7,5.8270282,SqEuclidean,closemixed,562315.818485,363,outsample,none
cross_scenario,k_medoids,2422820678,13,9.03285e7,5.7685808,SqEuclidean,closemixed,1.02633177172e6,687,outsample,none
cross_scenario,k_medoids,373102896,13,6.44844e7,6.6134148,SqEuclidean,closemixed,350746.410942,293,outsample,none
cross_scenario,k_medoids,3777256655,13,8.32038e7,5.7054447,SqEuclidean,closemixed,839386.902829,539,outsample,none
cross_scenario,k_medoids,4101453586,13,8.64359e7,5.7684507,SqEuclidean,closemixed,917458.15905,586,outsample,none
cross_scenario,k_medoids,419645993,13,6.87127e7,5.9271412,SqEuclidean,closemixed,462101.074251,358,outsample,none
cross_scenario,k_medoids,772616242,13,7.42493e7,5.7195714,SqEuclidean,closemixed,611530.561477,414,outsample,none
cross_scenario,k_medoids,1536731824,15,6.81194e7,6.2591873,SqEuclidean,closemixed,436343.40524,357,outsample,none
cross_scenario,k_medoids,1944031661,15,7.31742e7,5.7390793,SqEuclidean,closemixed,576613.269541,405,outsample,none
cross_scenario,k_medoids,195370354,15,7.64673e7,5.7858906,SqEuclidean,closemixed,666477.786835,499,outsample,none
cross_scenario,k_medoids,2392820273,15,7.53051e7,5.959666,SqEuclidean,closemixed,640258.110744,465,outsample,none
cross_scenario,k_medoids,2931326369,15,7.89036e7,5.4841593,SqEuclidean,closemixed,727821.224026,536,outsample,none
cross_scenario,k_medoids,3012361418,15,7.05138e7,6.6021799,SqEuclidean,closemixed,514598.18712,386,outsample,none
cross_scenario,k_medoids,3763622817,15,6.90369e7,5.9098623,SqEuclidean,closemixed,465218.994634,363,outsample,none
cross_scenario,k_medoids,3796973136,15,8.44941e7,6.3168504,SqEuclidean,closemixed,873220.361568,504,outsample,none
cross_scenario,k_medoids,3815196410,15,7.53193e7,6.1760435,SqEuclidean,closemixed,640314.765562,488,outsample,none
cross_scenario,k_medoids,604489562,15,7.94331e7,6.1285267,SqEuclidean,closemixed,741395.030753,557,outsample,none
cross_scenario,k_medoids,1587347134,17,7.02067e7,6.73656,SqEuclidean,closemixed,506531.053473,381,outsample,none
cross_scenario,k_medoids,186564236,17,6.93532e7,6.1476507,SqEuclidean,closemixed,469841.344763,342,outsample,none
cross_scenario,k_medoids,2166881926,17,6.51104e7,6.1328444,SqEuclidean,closemixed,371677.99523,269,outsample,none
cross_scenario,k_medoids,2186186592,17,7.75709e7,5.800287,SqEuclidean,closemixed,697936.89929,503,outsample,none
cross_scenario,k_medoids,2238747886,17,5.71811e7,6.3628149,SqEuclidean,closemixed,148754.266191,101,outsample,none
cross_scenario,k_medoids,224585247,17,7.35305e7,6.4204408,SqEuclidean,closemixed,588536.709051,422,outsample,none
cross_scenario,k_medoids,2339120676,17,8.07976e7,6.0974135,SqEuclidean,closemixed,775016.91172,549,outsample,none
cross_scenario,k_medoids,3093014142,17,7.54736e7,5.9642263,SqEuclidean,closemixed,630523.709436,513,outsample,none
cross_scenario,k_medoids,3258302586,17,5.77939e7,6.6441875,SqEuclidean,closemixed,169393.782283,145,outsample,none
cross_scenario,k_medoids,3629043986,17,6.42444e7,7.0470265,SqEuclidean,closemixed,338603.608576,215,outsample,none
cross_scenario,k_medoids,1088367163,19,6.45424e7,6.0509122,SqEuclidean,closemixed,343579.110593,340,outsample,none
cross_scenario,k_medoids,1245540782,19,7.54016e7,5.4138574,SqEuclidean,closemixed,643763.389913,414,outsample,none
cross_scenario,k_medoids,2410109332,19,7.57244e7,6.0702889,SqEuclidean,closemixed,644414.910623,431,outsample,none
cross_scenario,k_medoids,2455416769,19,8.93198e7,5.8284929,SqEuclidean,closemixed,997316.32378,613,outsample,none
cross_scenario,k_medoids,2591120440,19,7.04267e7,5.9025237,SqEuclidean,closemixed,509528.387719,448,outsample,none
cross_scenario,k_medoids,2650271871,19,6.67038e7,6.8829817,SqEuclidean,closemixed,411940.578653,307,outsample,none
cross_scenario,k_medoids,2789252227,19,6.77918e7,6.1348897,SqEuclidean,closemixed,440327.601459,372,outsample,none
cross_scenario,k_medoids,3130995382,19,6.55856e7,6.0866707,SqEuclidean,closemixed,384576.035477,270,outsample,none
cross_scenario,k_medoids,3357853995,19,5.83453e7,6.0065352,SqEuclidean,closemixed,173866.278638,151,outsample,none
cross_scenario,k_medoids,824849990,19,6.21997e7,6.6963755,SqEuclidean,closemixed,295485.201464,197,outsample,none
cross_scenario,k_medoids,1244389436,21,6.13841e7,5.7664475,SqEuclidean,closemixed,262749.318714,227,outsample,none
cross_scenario,k_medoids,1393653782,21,6.98657e7,6.4944073,SqEuclidean,closemixed,483996.295069,369,outsample,none
cross_scenario,k_medoids,1761682951,21,6.97084e7,6.2837265,SqEuclidean,closemixed,493594.793397,379,outsample,none
cross_scenario,k_medoids,196162340,21,5.99895e7,6.3969168,SqEuclidean,closemixed,236007.127287,189,outsample,none
cross_scenario,k_medoids,1984034111,21,7.87988e7,5.899335,SqEuclidean,closemixed,724567.494453,540,outsample,none
cross_scenario,k_medoids,2569047889,21,7.07468e7,5.956249,SqEuclidean,closemixed,510234.127173,337,outsample,none
cross_scenario,k_medoids,3286463093,21,7.91031e7,6.1029397,SqEuclidean,closemixed,732397.97549,478,outsample,none
cross_scenario,k_medoids,4196464565,21,6.23086e7,6.4503616,SqEuclidean,closemixed,291181.135433,213,outsample,none
cross_scenario,k_medoids,744301781,21,7.18448e7,5.7743923,SqEuclidean,closemixed,533904.60002,393,outsample,none
cross_scenario,k_medoids,760014603,21,6.9542e7,5.8743703,SqEuclidean,closemixed,480858.457297,392,outsample,none
cross_scenario,k_medoids,2193967569,23,6.92039e7,5.6393442,SqEuclidean,closemixed,464322.30534,396,outsample,none
cross_scenario,k_medoids,2546464051,23,6.10566e7,6.6637829,SqEuclidean,closemixed,252836.472545,174,outsample,none
cross_scenario,k_medoids,2938742229,23,6.22383e7,6.5823524,SqEuclidean,closemixed,294795.072065,225,outsample,none
cross_scenario,k_medoids,313447314,23,7.09531e7,5.8432091,SqEuclidean,closemixed,519511.070894,384,outsample,none
cross_scenario,k_medoids,3164855826,23,6.26309e7,5.488794,SqEuclidean,closemixed,307776.205821,248,outsample,none
cross_scenario,k_medoids,3173192974,23,8.48067e7,5.7778877,SqEuclidean,closemixed,878354.686479,626,outsample,none
cross_scenario,k_medoids,3527549645,23,6.40718e7,6.2431426,SqEuclidean,closemixed,332241.61853,326,outsample,none
cross_scenario,k_medoids,3913193451,23,7.04287e7,5.7278136,SqEuclidean,closemixed,506675.26629,326,outsample,none
cross_scenario,k_medoids,714332685,23,7.13089e7,5.5881197,SqEuclidean,closemixed,520751.240488,407,outsample,none
cross_scenario,k_medoids,890890131,23,6.1933e7,6.5967972,SqEuclidean,closemixed,280734.796845,185,outsample,none
cross_scenario,k_medoids,1134130444,25,5.76866e7,5.6820515,SqEuclidean,closemixed,170272.515032,127,outsample,none
cross_scenario,k_medoids,2658990538,25,6.96455e7,6.3551447,SqEuclidean,closemixed,482030.489783,300,outsample,none
cross_scenario,k_medoids,2726541456,25,7.20877e7,5.8975169,SqEuclidean,closemixed,550988.207216,334,outsample,none
cross_scenario,k_medoids,2894918851,25,5.76598e7,6.0925978,SqEuclidean,closemixed,156332.709524,128,outsample,none
cross_scenario,k_medoids,3351175237,25,6.61826e7,6.0031882,SqEuclidean,closemixed,392040.377551,365,outsample,none
cross_scenario,k_medoids,343301208,25,5.9957e7,5.8043591,SqEuclidean,closemixed,234530.178765,177,outsample,none
cross_scenario,k_medoids,4135971217,25,6.35669e7,6.1018359,SqEuclidean,closemixed,331731.975921,288,outsample,none
cross_scenario,k_medoids,4145110716,25,6.1041e7,6.0809268,SqEuclidean,closemixed,259856.909993,237,outsample,none
cross_scenario,k_medoids,448376330,25,7.92114e7,5.9858316,SqEuclidean,closemixed,732930.68518,482,outsample,none
cross_scenario,k_medoids,47449323,25,5.70179e7,6.0687493,SqEuclidean,closemixed,149798.401027,119,outsample,none
cross_scenario,k_medoids,1161276258,27,7.0526e7,5.7544936,SqEuclidean,closemixed,512150.733401,342,outsample,none
cross_scenario,k_medoids,1233541653,27,6.63035e7,6.0893169,SqEuclidean,closemixed,389155.827493,370,outsample,none
cross_scenario,k_medoids,1267936167,27,5.81934e7,5.6331495,SqEuclidean,closemixed,178964.098481,170,outsample,none
cross_scenario,k_medoids,1653248667,27,5.74703e7,6.444117,SqEuclidean,closemixed,155806.808786,93,outsample,none
cross_scenario,k_medoids,2437521778,27,5.98488e7,6.1796081,SqEuclidean,closemixed,214236.687316,187,outsample,none
cross_scenario,k_medoids,2524306086,27,5.64597e7,6.2257624,SqEuclidean,closemixed,128922.102092,105,outsample,none
cross_scenario,k_medoids,2606414571,27,7.10867e7,5.534293,SqEuclidean,closemixed,522911.069182,417,outsample,none
cross_scenario,k_medoids,2821296471,27,6.13931e7,5.9994718,SqEuclidean,closemixed,257837.875875,202,outsample,none
cross_scenario,k_medoids,3155655383,27,5.6258e7,6.1276814,SqEuclidean,closemixed,120719.342979,87,outsample,none
cross_scenario,k_medoids,463779685,27,5.90699e7,5.9682784,SqEuclidean,closemixed,202780.288659,168,outsample,none
cross_scenario,k_medoids,1113698075,29,5.69363e7,6.1552475,SqEuclidean,closemixed,134935.651723,101,outsample,none
cross_scenario,k_medoids,1125327650,29,5.47556e7,5.7789535,SqEuclidean,closemixed,72303.438699,60,outsample,none
cross_scenario,k_medoids,1398119942,29,7.00452e7,5.6259466,SqEuclidean,closemixed,497853.231726,310,outsample,none
cross_scenario,k_medoids,1669407957,29,5.95393e7,5.5795247,SqEuclidean,closemixed,209597.374147,178,outsample,none
cross_scenario,k_medoids,1792506398,29,5.79907e7,6.1820059,SqEuclidean,closemixed,178162.078044,114,outsample,none
cross_scenario,k_medoids,2439649745,29,6.46502e7,6.1796447,SqEuclidean,closemixed,342121.116623,225,outsample,none
cross_scenario,k_medoids,2730667678,29,6.27108e7,5.7537652,SqEuclidean,closemixed,296268.381148,288,outsample,none
cross_scenario,k_medoids,2843080965,29,5.99928e7,5.9841673,SqEuclidean,closemixed,236793.151382,152,outsample,none
cross_scenario,k_medoids,3434031776,29,6.02477e7,5.6498202,SqEuclidean,closemixed,229522.545746,225,outsample,none
cross_scenario,k_medoids,950202798,29,6.15554e7,6.0774739,SqEuclidean,closemixed,269325.873583,221,outsample,none
cross_scenario,k_medoids,1042382051,3,2.28403e9,5.5630482,SqEuclidean,closemixed,5.7178146772531e7,9424,outsample,none
cross_scenario,k_medoids,1617230705,3,8.97824e7,6.5302568,SqEuclidean,closemixed,1.012597971161e6,617,outsample,none
cross_scenario,k_medoids,1690918982,3,8.97824e7,5.9668367,SqEuclidean,closemixed,1.012597971161e6,617,outsample,none
cross_scenario,k_medoids,2011904635,3,9.03974e7,5.7441577,SqEuclidean,closemixed,1.028405608196e6,663,outsample,none
cross_scenario,k_medoids,208019063,3,8.98261e7,5.9344942,SqEuclidean,closemixed,1.01369375869e6,636,outsample,none
cross_scenario,k_medoids,2175589206,3,9.04156e7,6.1803116,SqEuclidean,closemixed,1.028857412742e6,676,outsample,none
cross_scenario,k_medoids,2331872192,3,2.28406e9,5.1711467,SqEuclidean,closemixed,5.7179055353582e7,9451,outsample,none
cross_scenario,k_medoids,2859914000,3,9.05558e7,6.0025973,SqEuclidean,closemixed,1.032383355854e6,670,outsample,none
cross_scenario,k_medoids,3409952330,3,9.05558e7,5.9616312,SqEuclidean,closemixed,1.032383355854e6,670,outsample,none
cross_scenario,k_medoids,488813374,3,2.28403e9,5.1325397,SqEuclidean,closemixed,5.7178146772531e7,9424,outsample,none
cross_scenario,k_medoids,1349996306,31,5.77235e7,6.0433604,SqEuclidean,closemixed,172412.500538,122,outsample,none
cross_scenario,k_medoids,1462714024,31,5.64835e7,6.3931352,SqEuclidean,closemixed,124536.740403,80,outsample,none
cross_scenario,k_medoids,1579127763,31,6.13136e7,6.5953739,SqEuclidean,closemixed,261027.140712,176,outsample,none
cross_scenario,k_medoids,1648351254,31,6.0309e7,5.8570559,SqEuclidean,closemixed,236486.236466,190,outsample,none
cross_scenario,k_medoids,2030289235,31,5.78616e7,6.2005494,SqEuclidean,closemixed,173510.954655,153,outsample,none
cross_scenario,k_medoids,2462588561,31,5.46948e7,5.9364892,SqEuclidean,closemixed,71132.776821,58,outsample,none
cross_scenario,k_medoids,2929172095,31,5.91809e7,6.6251302,SqEuclidean,closemixed,210720.409042,165,outsample,none
cross_scenario,k_medoids,2944528308,31,5.6983e7,6.5245836,SqEuclidean,closemixed,148403.022202,112,outsample,none
cross_scenario,k_medoids,295145311,31,7.00074e7,5.6348774,SqEuclidean,closemixed,499324.698267,411,outsample,none
cross_scenario,k_medoids,3899371692,31,7.07404e7,6.0769884,SqEuclidean,closemixed,518156.882048,377,outsample,none
cross_scenario,k_medoids,1038419084,33,5.88506e7,5.9920103,SqEuclidean,closemixed,199097.917221,162,outsample,none
cross_scenario,k_medoids,1109759726,33,5.57633e7,6.2783049,SqEuclidean,closemixed,103798.75562,64,outsample,none
cross_scenario,k_medoids,1963882461,33,5.9061e7,6.5184873,SqEuclidean,closemixed,199000.469033,171,outsample,none
cross_scenario,k_medoids,1989163906,33,5.74947e7,6.0951863,SqEuclidean,closemixed,168189.007784,130,outsample,none
cross_scenario,k_medoids,2479233904,33,5.6634e7,6.4087853,SqEuclidean,closemixed,131082.105566,82,outsample,none
cross_scenario,k_medoids,2497612078,33,5.49673e7,6.1112036,SqEuclidean,closemixed,83692.61842,66,outsample,none
cross_scenario,k_medoids,3214090957,33,5.52607e7,5.9851834,SqEuclidean,closemixed,85284.115797,77,outsample,none
cross_scenario,k_medoids,3465092140,33,5.81791e7,6.3741979,SqEuclidean,closemixed,182892.573007,136,outsample,none
cross_scenario,k_medoids,4061834237,33,6.3866e7,5.5044922,SqEuclidean,closemixed,322172.042228,237,outsample,none
cross_scenario,k_medoids,52313467,33,5.81608e7,5.963227,SqEuclidean,closemixed,174481.520955,115,outsample,none
cross_scenario,k_medoids,1208640119,35,5.85338e7,6.1001717,SqEuclidean,closemixed,192920.561633,153,outsample,none
cross_scenario,k_medoids,1428058240,35,5.9087e7,5.8757713,SqEuclidean,closemixed,198079.276055,170,outsample,none
cross_scenario,k_medoids,15941194,35,5.90105e7,6.3587587,SqEuclidean,closemixed,200500.927212,132,outsample,none
cross_scenario,k_medoids,2213813141,35,6.16152e7,5.8350571,SqEuclidean,closemixed,262081.951389,233,outsample,none
cross_scenario,k_medoids,2291375163,35,5.54697e7,5.9430607,SqEuclidean,closemixed,96709.150451,69,outsample,none
cross_scenario,k_medoids,236500538,35,5.50054e7,5.6867937,SqEuclidean,closemixed,80069.857361,54,outsample,none
cross_scenario,k_medoids,252145784,35,5.79864e7,6.1785247,SqEuclidean,closemixed,170903.306538,99,outsample,none
cross_scenario,k_medoids,2544196106,35,5.62716e7,6.2550236,SqEuclidean,closemixed,108752.237012,117,outsample,none
cross_scenario,k_medoids,2745802022,35,5.98817e7,6.1024713,SqEuclidean,closemixed,228717.163846,186,outsample,none
cross_scenario,k_medoids,3596893902,35,5.56316e7,6.2690045,SqEuclidean,closemixed,100899.105003,70,outsample,none
cross_scenario,k_medoids,1380354363,37,5.95313e7,6.0896353,SqEuclidean,closemixed,221057.675007,174,outsample,none
cross_scenario,k_medoids,3048518942,37,6.6614e7,6.0768837,SqEuclidean,closemixed,406044.615078,299,outsample,none
cross_scenario,k_medoids,3182806193,37,5.74931e7,5.9364806,SqEuclidean,closemixed,154588.407925,147,outsample,none
cross_scenario,k_medoids,3244629827,37,5.57198e7,6.2332223,SqEuclidean,closemixed,107317.748022,80,outsample,none
cross_scenario,k_medoids,3452769998,37,5.70844e7,5.8058998,SqEuclidean,closemixed,151221.331614,107,outsample,none
cross_scenario,k_medoids,4262333788,37,5.90743e7,5.83546,SqEuclidean,closemixed,199488.637078,183,outsample,none
cross_scenario,k_medoids,45994245,37,5.55783e7,6.0906908,SqEuclidean,closemixed,101977.288311,68,outsample,none
cross_scenario,k_medoids,67569244,37,5.78663e7,5.4870305,SqEuclidean,closemixed,167710.228526,184,outsample,none
cross_scenario,k_medoids,814300562,37,5.77576e7,6.0501823,SqEuclidean,closemixed,166743.865831,138,outsample,none
cross_scenario,k_medoids,870981686,37,5.80467e7,6.0305454,SqEuclidean,closemixed,176238.515749,138,outsample,none
cross_scenario,k_medoids,1129760376,39,5.68065e7,6.323192,SqEuclidean,closemixed,143832.732781,94,outsample,none
cross_scenario,k_medoids,148104383,39,5.75454e7,5.5606712,SqEuclidean,closemixed,160019.028526,171,outsample,none
cross_scenario,k_medoids,1655289285,39,5.48691e7,6.1990571,SqEuclidean,closemixed,85103.540692,83,outsample,none
cross_scenario,k_medoids,1845695973,39,5.66129e7,6.56049,SqEuclidean,closemixed,130407.226799,85,outsample,none
cross_scenario,k_medoids,2121257682,39,5.93631e7,5.7986044,SqEuclidean,closemixed,200664.663764,132,outsample,none
cross_scenario,k_medoids,2943233938,39,5.94123e7,6.0085709,SqEuclidean,closemixed,201297.811769,164,outsample,none
cross_scenario,k_medoids,3030918353,39,5.61848e7,6.0323701,SqEuclidean,closemixed,115163.218694,93,outsample,none
cross_scenario,k_medoids,3096268031,39,6.11568e7,6.2874639,SqEuclidean,closemixed,269489.542254,199,outsample,none
cross_scenario,k_medoids,3338611973,39,7.06208e7,5.7998294,SqEuclidean,closemixed,491968.903246,396,outsample,none
cross_scenario,k_medoids,662283236,39,7.28645e7,5.6092839,SqEuclidean,closemixed,559532.488497,379,outsample,none
cross_scenario,k_medoids,1005104349,41,5.52126e7,5.8469308,SqEuclidean,closemixed,85252.442571,70,outsample,none
cross_scenario,k_medoids,1534696584,41,5.66854e7,6.1175878,SqEuclidean,closemixed,142162.444315,120,outsample,none
cross_scenario,k_medoids,225016911,41,5.52037e7,6.1181561,SqEuclidean,closemixed,84770.577659,70,outsample,none
cross_scenario,k_medoids,2317592996,41,5.50687e7,5.5577707,SqEuclidean,closemixed,84127.628756,87,outsample,none
cross_scenario,k_medoids,2716090479,41,5.63872e7,5.9921668,SqEuclidean,closemixed,131781.967575,99,outsample,none
cross_scenario,k_medoids,3258958499,41,5.67756e7,5.706166,SqEuclidean,closemixed,137519.209582,137,outsample,none
cross_scenario,k_medoids,329433595,41,5.73618e7,6.0528725,SqEuclidean,closemixed,150287.801968,120,outsample,none
cross_scenario,k_medoids,3444774395,41,6.15979e7,6.1446391,SqEuclidean,closemixed,272960.442841,259,outsample,none
cross_scenario,k_medoids,438234340,41,5.58376e7,6.2487004,SqEuclidean,closemixed,109982.90382,96,outsample,none
cross_scenario,k_medoids,953901905,41,5.54601e7,5.9948852,SqEuclidean,closemixed,94119.414629,84,outsample,none
cross_scenario,k_medoids,1660595499,5,9.14379e7,6.2621391,SqEuclidean,closemixed,1.054739384914e6,693,outsample,none
cross_scenario,k_medoids,1714105051,5,9.17741e7,6.2468528,SqEuclidean,closemixed,1.063400701392e6,681,outsample,none
cross_scenario,k_medoids,2169593505,5,6.27143e7,6.6617513,SqEuclidean,closemixed,294995.791994,218,outsample,none
cross_scenario,k_medoids,2538991366,5,7.86963e7,6.0710028,SqEuclidean,closemixed,727724.886051,516,outsample,none
cross_scenario,k_medoids,2909674750,5,9.27175e7,5.9070791,SqEuclidean,closemixed,1.084967783141e6,609,outsample,none
cross_scenario,k_medoids,3018546641,5,8.67878e7,5.7497302,SqEuclidean,closemixed,935715.0562,626,outsample,none
cross_scenario,k_medoids,3634057553,5,9.14324e7,6.0895582,SqEuclidean,closemixed,1.0546722429e6,700,outsample,none
cross_scenario,k_medoids,4139823947,5,9.20689e7,6.1718613,SqEuclidean,closemixed,1.071021844805e6,615,outsample,none
cross_scenario,k_medoids,4197766176,5,9.16088e7,5.9970983,SqEuclidean,closemixed,1.059138464946e6,686,outsample,none
cross_scenario,k_medoids,5947179,5,8.58777e7,6.2945402,SqEuclidean,closemixed,907070.425465,584,outsample,none
cross_scenario,k_medoids,1006581332,7,8.97627e7,5.4727119,SqEuclidean,closemixed,1.011868711832e6,689,outsample,none
cross_scenario,k_medoids,1176932870,7,7.89053e7,5.6780123,SqEuclidean,closemixed,730705.40263,468,outsample,none
cross_scenario,k_medoids,1821427372,7,8.31257e7,5.9621953,SqEuclidean,closemixed,836762.122178,535,outsample,none
cross_scenario,k_medoids,2689963385,7,8.84416e7,5.8843587,SqEuclidean,closemixed,974673.447861,604,outsample,none
cross_scenario,k_medoids,2751971336,7,8.20647e7,5.7980261,SqEuclidean,closemixed,815469.171413,579,outsample,none
cross_scenario,k_medoids,3385142830,7,8.12371e7,5.7376246,SqEuclidean,closemixed,793721.594883,600,outsample,none
cross_scenario,k_medoids,3409620994,7,8.88924e7,6.3922501,SqEuclidean,closemixed,985384.115107,648,outsample,none
cross_scenario,k_medoids,447101461,7,9.09107e7,5.9548932,SqEuclidean,closemixed,1.041163385103e6,665,outsample,none
cross_scenario,k_medoids,468006976,7,6.92099e7,6.7548377,SqEuclidean,closemixed,475311.730877,332,outsample,none
cross_scenario,k_medoids,880982686,7,8.91653e7,5.9827214,SqEuclidean,closemixed,996670.271051,670,outsample,none
cross_scenario,k_medoids,1130292821,9,7.1911e7,6.2174445,SqEuclidean,closemixed,549953.752211,481,outsample,none
cross_scenario,k_medoids,1392296365,9,8.77924e7,6.1920907,SqEuclidean,closemixed,957146.824451,649,outsample,none
cross_scenario,k_medoids,2814468992,9,8.67184e7,6.0857469,SqEuclidean,closemixed,924417.796811,642,outsample,none
cross_scenario,k_medoids,3044209910,9,7.35897e7,5.9113498,SqEuclidean,closemixed,594303.62263,454,outsample,none
cross_scenario,k_medoids,3261319673,9,8.04924e7,6.0021245,SqEuclidean,closemixed,772605.097615,504,outsample,none
cross_scenario,k_medoids,3543870990,9,8.04997e7,6.0831584,SqEuclidean,closemixed,775417.05179,557,outsample,none
cross_scenario,k_medoids,3602499071,9,8.40872e7,6.4385467,SqEuclidean,closemixed,865231.819875,540,outsample,none
cross_scenario,k_medoids,3926221275,9,9.12069e7,5.9787413,SqEuclidean,closemixed,1.048553190165e6,671,outsample,none
cross_scenario,k_medoids,42413356,9,6.70992e7,6.1288767,SqEuclidean,closemixed,425353.17811,322,outsample,none
cross_scenario,k_medoids,697383862,9,9.32256e7,5.693606,SqEuclidean,closemixed,1.10063420833e6,737,outsample,none
cross_scenario,k_means,1355586937,11,8.07461e7,6.1314478,CosineDist,closemixed,775991.297485,505,outsample,none
cross_scenario,k_means,1768760743,11,8.8437e7,6.4461887,CosineDist,closemixed,979699.921442,665,outsample,none
cross_scenario,k_means,2652796558,11,8.35184e7,6.0983986,CosineDist,closemixed,849149.670351,605,outsample,none
cross_scenario,k_means,3000698040,11,8.63434e7,6.1378778,CosineDist,closemixed,921415.910259,652,outsample,none
cross_scenario,k_means,3160233726,11,7.38762e7,6.3478623,CosineDist,closemixed,599160.013768,434,outsample,none
cross_scenario,k_means,3479820580,11,7.738e7,5.5931094,CosineDist,closemixed,687471.825419,431,outsample,none
cross_scenario,k_means,3649546841,11,8.86649e7,5.9004308,CosineDist,closemixed,974631.967745,672,outsample,none
cross_scenario,k_means,4031091536,11,9.25791e7,5.989585,CosineDist,closemixed,1.086508502292e6,647,outsample,none
cross_scenario,k_means,675182737,11,7.37573e7,6.5554705,CosineDist,closemixed,596151.303285,402,outsample,none
cross_scenario,k_means,722170199,11,7.2797e7,6.3369388,CosineDist,closemixed,565119.748858,414,outsample,none
cross_scenario,k_means,1020330993,13,7.01504e7,6.4547072,CosineDist,closemixed,504021.002813,347,outsample,none
cross_scenario,k_means,1241334511,13,7.02316e7,5.8917703,CosineDist,closemixed,506064.751446,365,outsample,none
cross_scenario,k_means,1561739573,13,7.12879e7,6.1085218,CosineDist,closemixed,537254.042511,397,outsample,none
cross_scenario,k_means,2082789969,13,6.05497e7,6.2740245,CosineDist,closemixed,249468.371069,184,outsample,none
cross_scenario,k_means,2422820678,13,7.75007e7,6.2697547,CosineDist,closemixed,697077.971171,441,outsample,none
cross_scenario,k_means,373102896,13,6.31237e7,6.4113978,CosineDist,closemixed,311463.008063,265,outsample,none
cross_scenario,k_means,3777256655,13,7.4181e7,6.2986149,CosineDist,closemixed,609480.954226,402,outsample,none
cross_scenario,k_means,4101453586,13,8.81812e7,5.462689,CosineDist,closemixed,964931.385688,652,outsample,none
cross_scenario,k_means,419645993,13,7.87266e7,6.3158352,CosineDist,closemixed,728201.989801,488,outsample,none
cross_scenario,k_means,772616242,13,6.86085e7,5.9667633,CosineDist,closemixed,465276.855531,380,outsample,none
cross_scenario,k_means,1536731824,15,6.80525e7,6.0983982,CosineDist,closemixed,446129.398649,386,outsample,none
cross_scenario,k_means,1944031661,15,8.0618e7,6.0769962,CosineDist,closemixed,776173.381407,517,outsample,none
cross_scenario,k_means,195370354,15,7.14658e7,6.4172916,CosineDist,closemixed,539172.887006,378,outsample,none
cross_scenario,k_means,2392820273,15,6.57874e7,6.3166731,CosineDist,closemixed,391130.187849,295,outsample,none
cross_scenario,k_means,2931326369,15,7.90208e7,6.3646156,CosineDist,closemixed,729920.145741,507,outsample,none
cross_scenario,k_means,3012361418,15,6.77252e7,6.7565309,CosineDist,closemixed,440909.278366,313,outsample,none
cross_scenario,k_means,3763622817,15,7.73013e7,6.1181426,CosineDist,closemixed,682803.434103,461,outsample,none
cross_scenario,k_means,3796973136,15,7.29781e7,6.2368198,CosineDist,closemixed,567733.976471,398,outsample,none
cross_scenario,k_means,3815196410,15,6.87886e7,6.3116314,CosineDist,closemixed,468118.986244,359,outsample,none
cross_scenario,k_means,604489562,15,6.80009e7,6.2780851,CosineDist,closemixed,447781.434405,353,outsample,none
cross_scenario,k_means,1587347134,17,6.86245e7,6.2998064,CosineDist,closemixed,466021.413465,337,outsample,none
cross_scenario,k_means,186564236,17,6.57793e7,6.210419,CosineDist,closemixed,385064.566601,278,outsample,none
cross_scenario,k_means,2166881926,17,6.5255e7,6.0436969,CosineDist,closemixed,378095.50872,274,outsample,none
cross_scenario,k_means,2186186592,17,6.58048e7,6.6019184,CosineDist,closemixed,384695.734267,270,outsample,none
cross_scenario,k_means,2238747886,17,7.05469e7,6.6241867,CosineDist,closemixed,513731.464034,394,outsample,none
cross_scenario,k_means,224585247,17,7.28828e7,5.7555802,CosineDist,closemixed,565929.396318,421,outsample,none
cross_scenario,k_means,2339120676,17,7.83225e7,5.9946051,CosineDist,closemixed,714341.440379,510,outsample,none
cross_scenario,k_means,3093014142,17,7.20443e7,6.0658721,CosineDist,closemixed,544328.177825,459,outsample,none
cross_scenario,k_means,3258302586,17,5.78207e7,6.1829042,CosineDist,closemixed,171199.093037,150,outsample,none
cross_scenario,k_means,3629043986,17,6.36625e7,6.1738516,CosineDist,closemixed,331236.493811,246,outsample,none
cross_scenario,k_means,1088367163,19,6.80893e7,6.4786292,CosineDist,closemixed,449933.201574,340,outsample,none
cross_scenario,k_means,1245540782,19,7.48243e7,6.1221356,CosineDist,closemixed,629196.726405,477,outsample,none
cross_scenario,k_means,2410109332,19,6.85889e7,6.3052819,CosineDist,closemixed,462192.547012,298,outsample,none
cross_scenario,k_means,2455416769,19,7.61647e7,6.7374732,CosineDist,closemixed,652072.578687,426,outsample,none
cross_scenario,k_means,2591120440,19,6.87794e7,5.817755,CosineDist,closemixed,467969.281439,372,outsample,none
cross_scenario,k_means,2650271871,19,6.49417e7,6.1526905,CosineDist,closemixed,368068.205969,296,outsample,none
cross_scenario,k_means,2789252227,19,7.85453e7,6.2296587,CosineDist,closemixed,720121.202222,502,outsample,none
cross_scenario,k_means,3130995382,19,6.4427e7,6.281062,CosineDist,closemixed,345352.938179,263,outsample,none
cross_scenario,k_means,3357853995,19,7.53164e7,6.1238632,CosineDist,closemixed,630074.843995,484,outsample,none
cross_scenario,k_means,824849990,19,6.72177e7,6.2051905,CosineDist,closemixed,428955.52142,303,outsample,none
cross_scenario,k_means,1244389436,21,6.33154e7,5.8796806,CosineDist,closemixed,322104.615232,267,outsample,none
cross_scenario,k_means,1393653782,21,6.35094e7,6.4968598,CosineDist,closemixed,317065.501747,239,outsample,none
cross_scenario,k_means,1761682951,21,6.9523e7,5.9086948,CosineDist,closemixed,491619.690616,388,outsample,none
cross_scenario,k_means,196162340,21,5.95936e7,5.9405582,CosineDist,closemixed,225984.438868,156,outsample,none
cross_scenario,k_means,1984034111,21,7.21559e7,5.8212853,CosineDist,closemixed,552500.406682,437,outsample,none
cross_scenario,k_means,2569047889,21,7.38933e7,5.7042884,CosineDist,closemixed,591290.437191,423,outsample,none
cross_scenario,k_means,3286463093,21,6.4378e7,6.4153518,CosineDist,closemixed,352056.196851,298,outsample,none
cross_scenario,k_means,4196464565,21,6.24274e7,6.1639995,CosineDist,closemixed,295609.841612,249,outsample,none
cross_scenario,k_means,744301781,21,6.80454e7,5.9862563,CosineDist,closemixed,441764.394782,346,outsample,none
cross_scenario,k_means,760014603,21,6.97785e7,6.9839044,CosineDist,closemixed,493099.735481,373,outsample,none
cross_scenario,k_means,2193967569,23,6.55855e7,6.4175186,CosineDist,closemixed,372960.532832,274,outsample,none
cross_scenario,k_means,2546464051,23,6.53911e7,6.2068679,CosineDist,closemixed,371848.087812,249,outsample,none
cross_scenario,k_means,2938742229,23,6.07231e7,6.2179744,CosineDist,closemixed,252101.148865,184,outsample,none
cross_scenario,k_means,313447314,23,7.26358e7,6.1372302,CosineDist,closemixed,570376.574187,415,outsample,none
cross_scenario,k_means,3164855826,23,7.86083e7,5.6654675,CosineDist,closemixed,710147.4549,471,outsample,none
cross_scenario,k_means,3173192974,23,6.8427e7,6.2449004,CosineDist,closemixed,450411.541768,341,outsample,none
cross_scenario,k_means,3527549645,23,5.80953e7,6.505679,CosineDist,closemixed,172600.280644,169,outsample,none
cross_scenario,k_means,3913193451,23,6.29695e7,6.5957748,CosineDist,closemixed,312121.43511,259,outsample,none
cross_scenario,k_means,714332685,23,8.00083e7,6.0240547,CosineDist,closemixed,752392.770327,551,outsample,none
cross_scenario,k_means,890890131,23,7.05076e7,5.8727729,CosineDist,closemixed,508861.049257,400,outsample,none
cross_scenario,k_means,1134130444,25,5.84949e7,6.8370257,CosineDist,closemixed,194154.793283,122,outsample,none
cross_scenario,k_means,2658990538,25,6.18316e7,6.3661287,CosineDist,closemixed,283251.399363,206,outsample,none
cross_scenario,k_means,2726541456,25,6.58248e7,6.1328249,CosineDist,closemixed,385098.258183,308,outsample,none
cross_scenario,k_means,2894918851,25,5.92069e7,6.131701,CosineDist,closemixed,209524.644918,189,outsample,none
cross_scenario,k_means,3351175237,25,6.12316e7,6.4758502,CosineDist,closemixed,262285.614739,202,outsample,none
cross_scenario,k_means,343301208,25,6.01857e7,6.8462122,CosineDist,closemixed,235566.466223,180,outsample,none
cross_scenario,k_means,4135971217,25,6.86918e7,7.2623636,CosineDist,closemixed,465261.103589,310,outsample,none
cross_scenario,k_means,4145110716,25,6.38376e7,6.7811934,CosineDist,closemixed,333008.75811,283,outsample,none
cross_scenario,k_means,448376330,25,7.16194e7,5.6475761,CosineDist,closemixed,534621.984921,436,outsample,none
cross_scenario,k_means,47449323,25,5.87918e7,5.9701111,CosineDist,closemixed,193516.228729,178,outsample,none
cross_scenario,k_means,1161276258,27,6.4898e7,6.2146962,CosineDist,closemixed,357219.140469,286,outsample,none
cross_scenario,k_means,1233541653,27,6.48045e7,6.4632832,CosineDist,closemixed,356898.054118,263,outsample,none
cross_scenario,k_means,1267936167,27,6.74547e7,6.2287628,CosineDist,closemixed,431849.094045,350,outsample,none
cross_scenario,k_means,1653248667,27,6.10492e7,6.5131638,CosineDist,closemixed,265180.650342,194,outsample,none
cross_scenario,k_means,2437521778,27,6.34485e7,7.1829767,CosineDist,closemixed,321608.501331,276,outsample,none
cross_scenario,k_means,2524306086,27,5.92365e7,7.6685875,CosineDist,closemixed,212170.549682,149,outsample,none
cross_scenario,k_means,2606414571,27,6.18658e7,6.7723251,CosineDist,closemixed,278112.755938,220,outsample,none
cross_scenario,k_means,2821296471,27,6.21535e7,7.1445184,CosineDist,closemixed,287258.457797,197,outsample,none
cross_scenario,k_means,3155655383,27,6.0634e7,6.4722291,CosineDist,closemixed,249372.114799,206,outsample,none
cross_scenario,k_means,463779685,27,5.97726e7,7.5226916,CosineDist,closemixed,219860.445768,204,outsample,none
cross_scenario,k_means,1113698075,29,6.16501e7,6.8736464,CosineDist,closemixed,272476.27621,189,outsample,none
cross_scenario,k_means,1125327650,29,5.51275e7,7.1490826,CosineDist,closemixed,84298.116707,69,outsample,none
cross_scenario,k_means,1398119942,29,6.37793e7,7.5698195,CosineDist,closemixed,332898.995295,256,outsample,none
cross_scenario,k_means,1669407957,29,5.84759e7,7.2068003,CosineDist,closemixed,183579.314786,155,outsample,none
cross_scenario,k_means,1792506398,29,5.94111e7,6.477564,CosineDist,closemixed,217193.717368,166,outsample,none
cross_scenario,k_means,2439649745,29,6.28264e7,6.4958686,CosineDist,closemixed,300863.941534,256,outsample,none
cross_scenario,k_means,2730667678,29,6.05437e7,6.047444,CosineDist,closemixed,237539.581022,247,outsample,none
cross_scenario,k_means,2843080965,29,5.67521e7,6.0271812,CosineDist,closemixed,143864.081408,122,outsample,none
cross_scenario,k_means,3434031776,29,6.61487e7,5.2417265,CosineDist,closemixed,395463.635852,310,outsample,none
cross_scenario,k_means,950202798,29,5.90358e7,6.103247,CosineDist,closemixed,202074.606399,157,outsample,none
cross_scenario,k_means,1042382051,3,9.48126e7,5.7001629,CosineDist,closemixed,1.145017669033e6,748,outsample,none
cross_scenario,k_means,1617230705,3,9.33271e7,5.7580053,CosineDist,closemixed,1.106952116167e6,647,outsample,none
cross_scenario,k_means,1690918982,3,9.33271e7,5.8279729,CosineDist,closemixed,1.106952116167e6,647,outsample,none
cross_scenario,k_means,2011904635,3,9.48765e7,5.6236669,CosineDist,closemixed,1.146641181748e6,734,outsample,none
cross_scenario,k_means,208019063,3,9.33271e7,5.8515849,CosineDist,closemixed,1.106952116167e6,647,outsample,none
cross_scenario,k_means,2175589206,3,9.48126e7,5.7766737,CosineDist,closemixed,1.145017669033e6,748,outsample,none
cross_scenario,k_means,2331872192,3,1.19123e9,5.2000952,CosineDist,closemixed,2.9241776211341e7,6729,outsample,none
cross_scenario,k_means,2859914000,3,9.47512e7,5.5407786,CosineDist,closemixed,1.143447121461e6,750,outsample,none
cross_scenario,k_means,3409952330,3,9.47512e7,5.6145246,CosineDist,closemixed,1.143447121461e6,750,outsample,none
cross_scenario,k_means,488813374,3,9.47512e7,5.6265356,CosineDist,closemixed,1.143447121461e6,750,outsample,none
cross_scenario,k_means,1349996306,31,5.51272e7,5.7755154,CosineDist,closemixed,93413.778475,70,outsample,none
cross_scenario,k_means,1462714024,31,6.17113e7,5.7561784,CosineDist,closemixed,271183.730422,221,outsample,none
cross_scenario,k_means,1579127763,31,6.02404e7,6.1174283,CosineDist,closemixed,229083.92516,160,outsample,none
cross_scenario,k_means,1648351254,31,5.95642e7,6.4117016,CosineDist,closemixed,218441.454119,202,outsample,none
cross_scenario,k_means,2030289235,31,5.68117e7,6.1107044,CosineDist,closemixed,139923.158268,114,outsample,none
cross_scenario,k_means,2462588561,31,6.46962e7,5.7096947,CosineDist,closemixed,342187.773171,299,outsample,none
cross_scenario,k_means,2929172095,31,5.89323e7,6.2091867,CosineDist,closemixed,198727.53461,201,outsample,none
cross_scenario,k_means,2944528308,31,5.59227e7,5.8609845,CosineDist,closemixed,114825.110762,108,outsample,none
cross_scenario,k_means,295145311,31,7.2873e7,5.361711,CosineDist,closemixed,562648.228904,429,outsample,none
cross_scenario,k_means,3899371692,31,6.51648e7,5.7646201,CosineDist,closemixed,368121.131432,295,outsample,none
cross_scenario,k_means,1038419084,33,5.95368e7,5.5727601,CosineDist,closemixed,216682.024007,182,outsample,none
cross_scenario,k_means,1109759726,33,5.53665e7,5.9087549,CosineDist,closemixed,100691.404944,77,outsample,none
cross_scenario,k_means,1963882461,33,7.2115e7,5.4478327,CosineDist,closemixed,533611.76525,395,outsample,none
cross_scenario,k_means,1989163906,33,6.44415e7,5.8578541,CosineDist,closemixed,349436.508507,265,outsample,none
cross_scenario,k_means,2479233904,33,5.61646e7,7.0191316,CosineDist,closemixed,127046.18561,97,outsample,none
cross_scenario,k_means,2497612078,33,5.58958e7,5.8285314,CosineDist,closemixed,114363.992061,91,outsample,none
cross_scenario,k_means,3214090957,33,6.00338e7,5.8395322,CosineDist,closemixed,235169.381919,188,outsample,none
cross_scenario,k_means,3465092140,33,5.78094e7,5.4631245,CosineDist,closemixed,170176.272205,138,outsample,none
cross_scenario,k_means,4061834237,33,6.47892e7,5.4870362,CosineDist,closemixed,351670.64797,288,outsample,none
cross_scenario,k_means,52313467,33,6.23146e7,6.517303,CosineDist,closemixed,298633.962161,229,outsample,none
cross_scenario,k_means,1208640119,35,5.68477e7,5.461044,CosineDist,closemixed,138529.291349,142,outsample,none
cross_scenario,k_means,1428058240,35,5.97387e7,5.9305299,CosineDist,closemixed,227780.575903,189,outsample,none
cross_scenario,k_means,15941194,35,5.72677e7,6.196479,CosineDist,closemixed,151898.092519,132,outsample,none
cross_scenario,k_means,2213813141,35,6.20366e7,6.8979487,CosineDist,closemixed,275671.064345,241,outsample,none
cross_scenario,k_means,2291375163,35,5.85081e7,7.2208124,CosineDist,closemixed,191589.915398,175,outsample,none
cross_scenario,k_means,236500538,35,5.74446e7,6.632847,CosineDist,closemixed,159904.404795,108,outsample,none
cross_scenario,k_means,252145784,35,5.90691e7,6.5366378,CosineDist,closemixed,207142.479812,183,outsample,none
cross_scenario,k_means,2544196106,35,6.42272e7,6.967424,CosineDist,closemixed,331423.815569,253,outsample,none
cross_scenario,k_means,2745802022,35,5.97935e7,6.3359832,CosineDist,closemixed,224647.799783,193,outsample,none
cross_scenario,k_means,3596893902,35,5.61835e7,6.5133736,CosineDist,closemixed,126864.910906,95,outsample,none
cross_scenario,k_means,1380354363,37,5.60121e7,7.0008492,CosineDist,closemixed,123902.264384,96,outsample,none
cross_scenario,k_means,3048518942,37,6.64511e7,6.5344106,CosineDist,closemixed,399252.68221,298,outsample,none
cross_scenario,k_means,3182806193,37,5.77859e7,6.8273244,CosineDist,closemixed,170027.227534,165,outsample,none
cross_scenario,k_means,3244629827,37,6.20697e7,7.115731,CosineDist,closemixed,289125.615386,269,outsample,none
cross_scenario,k_means,3452769998,37,5.91337e7,6.5812245,CosineDist,closemixed,210220.217962,155,outsample,none
cross_scenario,k_means,4262333788,37,5.84865e7,6.7211528,CosineDist,closemixed,184458.705942,184,outsample,none
cross_scenario,k_means,45994245,37,5.59846e7,6.4901077,CosineDist,closemixed,113543.486956,77,outsample,none
cross_scenario,k_means,67569244,37,6.44633e7,6.9581576,CosineDist,closemixed,356008.695825,253,outsample,none
cross_scenario,k_means,814300562,37,5.66422e7,7.0951862,CosineDist,closemixed,136988.490409,118,outsample,none
cross_scenario,k_means,870981686,37,5.52195e7,6.6559409,CosineDist,closemixed,95973.595586,64,outsample,none
cross_scenario,k_means,1129760376,39,5.99786e7,6.4299937,CosineDist,closemixed,231271.019791,190,outsample,none
cross_scenario,k_means,148104383,39,6.32617e7,6.4388253,CosineDist,closemixed,310758.130936,262,outsample,none
cross_scenario,k_means,1655289285,39,5.68408e7,7.4514683,CosineDist,closemixed,141823.821115,130,outsample,none
cross_scenario,k_means,1845695973,39,5.53171e7,7.1674449,CosineDist,closemixed,91058.967983,63,outsample,none
cross_scenario,k_means,2121257682,39,6.06277e7,7.129226,CosineDist,closemixed,239462.250349,198,outsample,none
cross_scenario,k_means,2943233938,39,5.96321e7,6.3874512,CosineDist,closemixed,213961.729381,206,outsample,none
cross_scenario,k_means,3030918353,39,5.84459e7,6.5853327,CosineDist,closemixed,185335.071259,172,outsample,none
cross_scenario,k_means,3096268031,39,5.81994e7,6.7458603,CosineDist,closemixed,181130.732681,131,outsample,none
cross_scenario,k_means,3338611973,39,6.50464e7,6.8738818,CosineDist,closemixed,354155.20817,295,outsample,none
cross_scenario,k_means,662283236,39,7.24581e7,6.5598955,CosineDist,closemixed,547355.404575,353,outsample,none
cross_scenario,k_means,1005104349,41,6.16523e7,6.5934823,CosineDist,closemixed,267830.281777,228,outsample,none
cross_scenario,k_means,1534696584,41,5.71022e7,6.2377409,CosineDist,closemixed,150945.367435,133,outsample,none
cross_scenario,k_means,225016911,41,5.52825e7,6.4563016,CosineDist,closemixed,86813.32179,78,outsample,none
cross_scenario,k_means,2317592996,41,5.68477e7,7.160915,CosineDist,closemixed,140939.712356,116,outsample,none
cross_scenario,k_means,2716090479,41,5.65371e7,6.7191421,CosineDist,closemixed,135515.809225,103,outsample,none
cross_scenario,k_means,3258958499,41,5.68577e7,6.4617471,CosineDist,closemixed,136702.126908,143,outsample,none
cross_scenario,k_means,329433595,41,5.72045e7,7.0183044,CosineDist,closemixed,149692.141812,118,outsample,none
cross_scenario,k_means,3444774395,41,5.80179e7,6.3349728,CosineDist,closemixed,175353.112242,159,outsample,none
cross_scenario,k_means,438234340,41,5.89117e7,7.3950714,CosineDist,closemixed,205581.499528,141,outsample,none
cross_scenario,k_means,953901905,41,5.6091e7,7.0096565,CosineDist,closemixed,119723.541753,115,outsample,none
cross_scenario,k_means,1660595499,5,9.40498e7,6.8988572,CosineDist,closemixed,1.12513677315e6,700,outsample,none
cross_scenario,k_means,1714105051,5,9.55517e7,6.8260904,CosineDist,closemixed,1.163731260024e6,740,outsample,none
cross_scenario,k_means,2169593505,5,7.80665e7,7.1041572,CosineDist,closemixed,710551.761865,458,outsample,none
cross_scenario,k_means,2538991366,5,8.839e7,6.1778097,CosineDist,closemixed,979985.000746,690,outsample,none
cross_scenario,k_means,2909674750,5,9.33225e7,6.5537649,CosineDist,closemixed,1.10559347218e6,654,outsample,none
cross_scenario,k_means,3018546641,5,8.50681e7,6.7882071,CosineDist,closemixed,891700.462024,627,outsample,none
cross_scenario,k_means,3634057553,5,9.43382e7,7.2919376,CosineDist,closemixed,1.132507525214e6,673,outsample,none
cross_scenario,k_means,4139823947,5,9.34087e7,6.551902,CosineDist,closemixed,1.107238208711e6,704,outsample,none
cross_scenario,k_means,4197766176,5,9.39582e7,6.6708045,CosineDist,closemixed,1.122834576842e6,665,outsample,none
cross_scenario,k_means,5947179,5,9.27327e7,6.6189429,CosineDist,closemixed,1.09013577576e6,642,outsample,none
cross_scenario,k_means,1006581332,7,9.03486e7,7.2236818,CosineDist,closemixed,1.029255330639e6,696,outsample,none
cross_scenario,k_means,1176932870,7,8.09747e7,7.0954975,CosineDist,closemixed,784968.291683,526,outsample,none
cross_scenario,k_means,1821427372,7,8.6247e7,7.0861737,CosineDist,closemixed,922857.916492,639,outsample,none
cross_scenario,k_means,2689963385,7,9.30143e7,6.5197405,CosineDist,closemixed,1.095614064239e6,702,outsample,none
cross_scenario,k_means,2751971336,7,8.31807e7,6.5175257,CosineDist,closemixed,841984.85057,600,outsample,none
cross_scenario,k_means,3385142830,7,7.87452e7,6.2451071,CosineDist,closemixed,731160.543557,527,outsample,none
cross_scenario,k_means,3409620994,7,9.43203e7,7.0231235,CosineDist,closemixed,1.13211149922e6,687,outsample,none
cross_scenario,k_means,447101461,7,9.39036e7,6.5618406,CosineDist,closemixed,1.120348920975e6,687,outsample,none
cross_scenario,k_means,468006976,7,7.81093e7,6.8722826,CosineDist,closemixed,713254.355944,448,outsample,none
cross_scenario,k_means,880982686,7,7.89573e7,7.7999429,CosineDist,closemixed,729521.902099,502,outsample,none
cross_scenario,k_means,1130292821,9,6.39848e7,6.5463513,CosineDist,closemixed,331587.84112,268,outsample,none
cross_scenario,k_means,1392296365,9,8.73877e7,7.0005297,CosineDist,closemixed,949286.10133,647,outsample,none
cross_scenario,k_means,2814468992,9,9.06264e7,6.6337746,CosineDist,closemixed,1.034443361324e6,598,outsample,none
cross_scenario,k_means,3044209910,9,6.9799e7,7.142238,CosineDist,closemixed,495107.255921,338,outsample,none
cross_scenario,k_means,3261319673,9,7.14878e7,6.9014272,CosineDist,closemixed,541641.87464,359,outsample,none
cross_scenario,k_means,3543870990,9,8.19798e7,7.0206485,CosineDist,closemixed,814604.497207,603,outsample,none
cross_scenario,k_means,3602499071,9,7.40863e7,6.6636699,CosineDist,closemixed,599814.950036,427,outsample,none
cross_scenario,k_means,3926221275,9,9.15982e7,7.1689321,CosineDist,closemixed,1.051696073284e6,674,outsample,none
cross_scenario,k_means,42413356,9,6.66805e7,6.822859,CosineDist,closemixed,415316.362759,279,outsample,none
cross_scenario,k_means,697383862,9,8.89151e7,6.5997874,CosineDist,closemixed,992146.544693,666,outsample,none
cross_scenario,k_means,1355586937,11,8.07531e7,6.7521689,SqEuclidean,closemixed,776379.449781,501,outsample,none
cross_scenario,k_means,1768760743,11,8.79763e7,6.6946135,SqEuclidean,closemixed,967225.303167,649,outsample,none
cross_scenario,k_means,2652796558,11,8.43207e7,7.3843419,SqEuclidean,closemixed,869609.648372,593,outsample,none
cross_scenario,k_means,3000698040,11,8.97896e7,6.9164631,SqEuclidean,closemixed,1.009596081212e6,688,outsample,none
cross_scenario,k_means,3160233726,11,7.11631e7,6.9629144,SqEuclidean,closemixed,528673.711426,363,outsample,none
cross_scenario,k_means,3479820580,11,7.77096e7,6.7617256,SqEuclidean,closemixed,694245.44378,414,outsample,none
cross_scenario,k_means,3649546841,11,9.05097e7,6.8697523,SqEuclidean,closemixed,1.026967400173e6,671,outsample,none
cross_scenario,k_means,4031091536,11,9.33764e7,7.0420512,SqEuclidean,closemixed,1.105150733728e6,665,outsample,none
cross_scenario,k_means,675182737,11,7.54346e7,7.0923459,SqEuclidean,closemixed,640470.374588,454,outsample,none
cross_scenario,k_means,722170199,11,7.29621e7,6.943303,SqEuclidean,closemixed,576670.45655,402,outsample,none
cross_scenario,k_means,1020330993,13,7.03835e7,7.1988203,SqEuclidean,closemixed,509832.179117,351,outsample,none
cross_scenario,k_means,1241334511,13,6.90463e7,6.8994238,SqEuclidean,closemixed,474242.437765,309,outsample,none
cross_scenario,k_means,1561739573,13,7.35002e7,6.8993988,SqEuclidean,closemixed,594183.786914,418,outsample,none
cross_scenario,k_means,2082789969,13,6.30645e7,7.3465574,SqEuclidean,closemixed,314780.313999,236,outsample,none
cross_scenario,k_means,2422820678,13,7.55635e7,7.2081136,SqEuclidean,closemixed,645315.426022,392,outsample,none
cross_scenario,k_means,373102896,13,6.22029e7,6.5997839,SqEuclidean,closemixed,284484.668174,266,outsample,none
cross_scenario,k_means,3777256655,13,7.61976e7,6.8420537,SqEuclidean,closemixed,657487.663243,463,outsample,none
cross_scenario,k_means,4101453586,13,8.63976e7,6.7100937,SqEuclidean,closemixed,919190.551084,605,outsample,none
cross_scenario,k_means,419645993,13,7.74042e7,7.5331156,SqEuclidean,closemixed,692662.829326,492,outsample,none
cross_scenario,k_means,772616242,13,6.82108e7,6.8761479,SqEuclidean,closemixed,454077.83164,381,outsample,none
cross_scenario,k_means,1536731824,15,6.63004e7,6.9065674,SqEuclidean,closemixed,400263.131267,311,outsample,none
cross_scenario,k_means,1944031661,15,8.06913e7,6.5373502,SqEuclidean,closemixed,776790.769613,499,outsample,none
cross_scenario,k_means,195370354,15,7.00812e7,6.8711495,SqEuclidean,closemixed,503561.298824,343,outsample,none
cross_scenario,k_means,2392820273,15,6.95012e7,6.8383588,SqEuclidean,closemixed,486988.081016,328,outsample,none
cross_scenario,k_means,2931326369,15,7.816e7,7.5421735,SqEuclidean,closemixed,707431.182143,466,outsample,none
cross_scenario,k_means,3012361418,15,6.81416e7,7.287748,SqEuclidean,closemixed,451655.304221,325,outsample,none
cross_scenario,k_means,3763622817,15,8.07241e7,7.0921926,SqEuclidean,closemixed,774729.233259,522,outsample,none
cross_scenario,k_means,3796973136,15,7.78011e7,6.609898,SqEuclidean,closemixed,690440.308459,421,outsample,none
cross_scenario,k_means,3815196410,15,6.87694e7,7.1308489,SqEuclidean,closemixed,466700.473799,353,outsample,none
cross_scenario,k_means,604489562,15,7.08782e7,7.591622,SqEuclidean,closemixed,523080.929531,363,outsample,none
cross_scenario,k_means,1587347134,17,6.79593e7,7.1734406,SqEuclidean,closemixed,444938.575321,333,outsample,none
cross_scenario,k_means,186564236,17,6.84042e7,6.9088668,SqEuclidean,closemixed,457744.899198,320,outsample,none
cross_scenario,k_means,2166881926,17,6.62528e7,6.9887563,SqEuclidean,closemixed,404002.769524,306,outsample,none
cross_scenario,k_means,2186186592,17,6.86868e7,7.001927,SqEuclidean,closemixed,466299.112499,315,outsample,none
cross_scenario,k_means,2238747886,17,6.07949e7,7.0257942,SqEuclidean,closemixed,257095.481626,181,outsample,none
cross_scenario,k_means,224585247,17,7.29309e7,7.2063635,SqEuclidean,closemixed,567416.665402,423,outsample,none
cross_scenario,k_means,2339120676,17,7.8239e7,7.0773466,SqEuclidean,closemixed,713456.300422,474,outsample,none
cross_scenario,k_means,3093014142,17,6.79379e7,6.2659678,SqEuclidean,closemixed,434755.600334,361,outsample,none
cross_scenario,k_means,3258302586,17,5.77403e7,6.7941573,SqEuclidean,closemixed,169189.241164,154,outsample,none
cross_scenario,k_means,3629043986,17,6.37126e7,6.6082187,SqEuclidean,closemixed,332691.936328,221,outsample,none
cross_scenario,k_means,1088367163,19,6.97131e7,7.1764819,SqEuclidean,closemixed,491882.858468,423,outsample,none
cross_scenario,k_means,1245540782,19,7.49943e7,6.7983187,SqEuclidean,closemixed,633477.24594,472,outsample,none
cross_scenario,k_means,2410109332,19,6.84843e7,6.9827499,SqEuclidean,closemixed,459218.939085,292,outsample,none
cross_scenario,k_means,2455416769,19,7.98516e7,7.1653561,SqEuclidean,closemixed,748308.093224,503,outsample,none
cross_scenario,k_means,2591120440,19,6.49519e7,6.3623819,SqEuclidean,closemixed,368584.133062,300,outsample,none
cross_scenario,k_means,2650271871,19,6.38772e7,6.9619138,SqEuclidean,closemixed,340220.544134,273,outsample,none
cross_scenario,k_means,2789252227,19,7.91056e7,6.3319423,SqEuclidean,closemixed,733680.681053,492,outsample,none
cross_scenario,k_means,3130995382,19,6.60442e7,7.0225829,SqEuclidean,closemixed,387425.290166,263,outsample,none
cross_scenario,k_means,3357853995,19,7.07534e7,6.8134388,SqEuclidean,closemixed,515644.664675,385,outsample,none
cross_scenario,k_means,824849990,19,6.54118e7,7.041091,SqEuclidean,closemixed,374639.798565,301,outsample,none
cross_scenario,k_means,1244389436,21,6.28122e7,6.5615831,SqEuclidean,closemixed,307918.874421,269,outsample,none
cross_scenario,k_means,1393653782,21,6.16101e7,7.4217403,SqEuclidean,closemixed,269354.80795,231,outsample,none
cross_scenario,k_means,1761682951,21,6.96275e7,6.6347135,SqEuclidean,closemixed,494642.790916,380,outsample,none
cross_scenario,k_means,196162340,21,5.97631e7,6.8214979,SqEuclidean,closemixed,230766.168277,184,outsample,none
cross_scenario,k_means,1984034111,21,7.22758e7,6.3509526,SqEuclidean,closemixed,556067.111972,446,outsample,none
cross_scenario,k_means,2569047889,21,6.52198e7,6.6719122,SqEuclidean,closemixed,365642.83078,336,outsample,none
cross_scenario,k_means,3286463093,21,6.71639e7,6.7169873,SqEuclidean,closemixed,424241.762201,342,outsample,none
cross_scenario,k_means,4196464565,21,6.23583e7,7.1485671,SqEuclidean,closemixed,293911.404194,244,outsample,none
cross_scenario,k_means,744301781,21,6.76199e7,5.4089578,SqEuclidean,closemixed,428569.841637,343,outsample,none
cross_scenario,k_means,760014603,21,7.15731e7,5.7137677,SqEuclidean,closemixed,537232.243509,372,outsample,none
cross_scenario,k_means,2193967569,23,6.85276e7,5.6641906,SqEuclidean,closemixed,456819.040082,322,outsample,none
cross_scenario,k_means,2546464051,23,6.47662e7,5.7806454,SqEuclidean,closemixed,355087.021496,256,outsample,none
cross_scenario,k_means,2938742229,23,6.13507e7,5.4705281,SqEuclidean,closemixed,269373.242509,212,outsample,none
cross_scenario,k_means,313447314,23,6.71006e7,5.5605508,SqEuclidean,closemixed,416301.872206,339,outsample,none
cross_scenario,k_means,3164855826,23,7.773e7,5.7021622,SqEuclidean,closemixed,687717.816803,484,outsample,none
cross_scenario,k_means,3173192974,23,6.91958e7,5.917723,SqEuclidean,closemixed,470110.390646,366,outsample,none
cross_scenario,k_means,3527549645,23,5.9995e7,5.7162021,SqEuclidean,closemixed,222456.518102,206,outsample,none
cross_scenario,k_means,3913193451,23,6.31931e7,5.560663,SqEuclidean,closemixed,315711.541176,272,outsample,none
cross_scenario,k_means,714332685,23,8.03133e7,5.2596645,SqEuclidean,closemixed,760032.87286,540,outsample,none
cross_scenario,k_means,890890131,23,7.04668e7,5.0161835,SqEuclidean,closemixed,507838.3617,405,outsample,none
cross_scenario,k_means,1134130444,25,5.89544e7,5.8444359,SqEuclidean,closemixed,208251.017936,134,outsample,none
cross_scenario,k_means,2658990538,25,6.31064e7,5.832383,SqEuclidean,closemixed,316467.440503,237,outsample,none
cross_scenario,k_means,2726541456,25,6.42381e7,5.6850986,SqEuclidean,closemixed,347320.943396,259,outsample,none
cross_scenario,k_means,2894918851,25,6.25588e7,5.6924382,SqEuclidean,closemixed,297024.378799,239,outsample,none
cross_scenario,k_means,3351175237,25,6.18521e7,5.5760395,SqEuclidean,closemixed,279527.179805,233,outsample,none
cross_scenario,k_means,343301208,25,6.16589e7,5.4845321,SqEuclidean,closemixed,277190.954882,199,outsample,none
cross_scenario,k_means,4135971217,25,6.95115e7,4.7623206,SqEuclidean,closemixed,488987.626056,399,outsample,none
cross_scenario,k_means,4145110716,25,6.03897e7,5.6130142,SqEuclidean,closemixed,242947.488327,176,outsample,none
cross_scenario,k_means,448376330,25,7.06445e7,4.925555,SqEuclidean,closemixed,509626.934579,415,outsample,none
cross_scenario,k_means,47449323,25,5.89273e7,5.4531651,SqEuclidean,closemixed,197057.31587,181,outsample,none
cross_scenario,k_means,1161276258,27,6.5834e7,5.1370464,SqEuclidean,closemixed,387105.933763,278,outsample,none
cross_scenario,k_means,1233541653,27,6.53501e7,5.7931903,SqEuclidean,closemixed,371103.74489,282,outsample,none
cross_scenario,k_means,1267936167,27,6.41955e7,5.9466806,SqEuclidean,closemixed,344726.39226,315,outsample,none
cross_scenario,k_means,1653248667,27,6.19212e7,7.4241914,SqEuclidean,closemixed,289115.412279,211,outsample,none
cross_scenario,k_means,2437521778,27,6.25108e7,5.975897,SqEuclidean,closemixed,298582.350074,271,outsample,none
cross_scenario,k_means,2524306086,27,5.74357e7,7.3919842,SqEuclidean,closemixed,160812.954704,117,outsample,none
cross_scenario,k_means,2606414571,27,6.03604e7,6.957126,SqEuclidean,closemixed,237311.32143,200,outsample,none
cross_scenario,k_means,2821296471,27,6.18448e7,6.1316799,SqEuclidean,closemixed,277586.969019,198,outsample,none
cross_scenario,k_means,3155655383,27,5.93685e7,5.3864685,SqEuclidean,closemixed,216136.403054,177,outsample,none
cross_scenario,k_means,463779685,27,5.99669e7,5.6767445,SqEuclidean,closemixed,225433.25042,204,outsample,none
cross_scenario,k_means,1113698075,29,6.12205e7,5.610097,SqEuclidean,closemixed,259086.184653,186,outsample,none
cross_scenario,k_means,1125327650,29,5.71021e7,7.6055444,SqEuclidean,closemixed,144370.938417,96,outsample,none
cross_scenario,k_means,1398119942,29,6.36912e7,6.0514184,SqEuclidean,closemixed,327220.793904,276,outsample,none
cross_scenario,k_means,1669407957,29,5.98857e7,5.4508031,SqEuclidean,closemixed,221992.7072,197,outsample,none
cross_scenario,k_means,1792506398,29,5.75552e7,5.1868111,SqEuclidean,closemixed,167274.795649,119,outsample,none
cross_scenario,k_means,2439649745,29,6.46636e7,5.460388,SqEuclidean,closemixed,353579.663479,287,outsample,none
cross_scenario,k_means,2730667678,29,6.00881e7,5.3868439,SqEuclidean,closemixed,224641.083549,231,outsample,none
cross_scenario,k_means,2843080965,29,5.67157e7,5.9142756,SqEuclidean,closemixed,142985.261529,116,outsample,none
cross_scenario,k_means,3434031776,29,6.80208e7,5.5679136,SqEuclidean,closemixed,444928.837742,341,outsample,none
cross_scenario,k_means,950202798,29,6.10165e7,6.0171509,SqEuclidean,closemixed,259120.898241,194,outsample,none
cross_scenario,k_means,1042382051,3,1.1925e9,4.8678608,SqEuclidean,closemixed,2.9274942869723e7,6917,outsample,none
cross_scenario,k_means,1617230705,3,9.33271e7,5.3053296,SqEuclidean,closemixed,1.106952116167e6,647,outsample,none
cross_scenario,k_means,1690918982,3,9.33271e7,5.6278068,SqEuclidean,closemixed,1.106952116167e6,647,outsample,none
cross_scenario,k_means,2011904635,3,9.48765e7,5.4957671,SqEuclidean,closemixed,1.146641181748e6,734,outsample,none
cross_scenario,k_means,208019063,3,9.33271e7,5.9261852,SqEuclidean,closemixed,1.106952116167e6,647,outsample,none
cross_scenario,k_means,2175589206,3,9.48126e7,5.6056088,SqEuclidean,closemixed,1.145017669033e6,748,outsample,none
cross_scenario,k_means,2331872192,3,1.19747e9,5.2674461,SqEuclidean,closemixed,2.9401170905475e7,6697,outsample,none
cross_scenario,k_means,2859914000,3,9.47512e7,5.2406438,SqEuclidean,closemixed,1.143447121461e6,750,outsample,none
cross_scenario,k_means,3409952330,3,9.47512e7,5.4098024,SqEuclidean,closemixed,1.143447121461e6,750,outsample,none
cross_scenario,k_means,488813374,3,1.2064e9,4.9256695,SqEuclidean,closemixed,2.9629309034225e7,6782,outsample,none
cross_scenario,k_means,1349996306,31,5.5011e7,5.3204786,SqEuclidean,closemixed,90421.505248,66,outsample,none
cross_scenario,k_means,1462714024,31,6.27161e7,6.1285594,SqEuclidean,closemixed,293928.885128,234,outsample,none
cross_scenario,k_means,1579127763,31,6.08188e7,5.674543,SqEuclidean,closemixed,247765.078792,170,outsample,none
cross_scenario,k_means,1648351254,31,6.0375e7,5.7103047,SqEuclidean,closemixed,242716.328816,221,outsample,none
cross_scenario,k_means,2030289235,31,5.93161e7,5.53709,SqEuclidean,closemixed,209820.846118,184,outsample,none
cross_scenario,k_means,2462588561,31,5.88704e7,5.6530101,SqEuclidean,closemixed,191489.21837,201,outsample,none
cross_scenario,k_means,2929172095,31,6.2903e7,5.7691078,SqEuclidean,closemixed,300793.160195,260,outsample,none
cross_scenario,k_means,2944528308,31,5.56792e7,5.7203378,SqEuclidean,closemixed,108572.82927,101,outsample,none
cross_scenario,k_means,295145311,31,7.67964e7,5.255972,SqEuclidean,closemixed,665682.524622,483,outsample,none
cross_scenario,k_means,3899371692,31,6.37418e7,5.9176589,SqEuclidean,closemixed,327858.149617,265,outsample,none
cross_scenario,k_means,1038419084,33,5.93421e7,5.5276164,SqEuclidean,closemixed,211676.49879,176,outsample,none
cross_scenario,k_means,1109759726,33,5.51127e7,5.3756895,SqEuclidean,closemixed,92726.156663,67,outsample,none
cross_scenario,k_means,1963882461,33,7.15487e7,5.8618908,SqEuclidean,closemixed,514445.869066,387,outsample,none
cross_scenario,k_means,1989163906,33,5.70426e7,6.7887399,SqEuclidean,closemixed,149745.416703,115,outsample,none
cross_scenario,k_means,2479233904,33,5.78457e7,6.3675938,SqEuclidean,closemixed,173291.125482,144,outsample,none
cross_scenario,k_means,2497612078,33,5.55479e7,5.8168305,SqEuclidean,closemixed,106142.84675,79,outsample,none
cross_scenario,k_means,3214090957,33,6.00492e7,5.7653422,SqEuclidean,closemixed,235576.405733,188,outsample,none
cross_scenario,k_means,3465092140,33,5.78061e7,5.4089742,SqEuclidean,closemixed,170090.958645,137,outsample,none
cross_scenario,k_means,4061834237,33,6.51952e7,5.4846242,SqEuclidean,closemixed,362232.294148,292,outsample,none
cross_scenario,k_means,52313467,33,6.2231e7,5.9456321,SqEuclidean,closemixed,296496.125655,232,outsample,none
cross_scenario,k_means,1208640119,35,6.01467e7,5.5091753,SqEuclidean,closemixed,239706.608174,185,outsample,none
cross_scenario,k_means,1428058240,35,5.95892e7,5.521108,SqEuclidean,closemixed,221753.468602,173,outsample,none
cross_scenario,k_means,15941194,35,5.72406e7,5.6517433,SqEuclidean,closemixed,151251.078993,128,outsample,none
cross_scenario,k_means,2213813141,35,6.186e7,5.6606123,SqEuclidean,closemixed,271140.769274,255,outsample,none
cross_scenario,k_means,2291375163,35,5.8093e7,5.1824484,SqEuclidean,closemixed,179802.953035,143,outsample,none
cross_scenario,k_means,236500538,35,5.6788e7,5.8133586,SqEuclidean,closemixed,139771.616907,81,outsample,none
cross_scenario,k_means,252145784,35,5.78596e7,5.664704,SqEuclidean,closemixed,174494.876121,134,outsample,none
cross_scenario,k_means,2544196106,35,6.37166e7,5.660603,SqEuclidean,closemixed,318505.295443,240,outsample,none
cross_scenario,k_means,2745802022,35,5.94606e7,5.4291044,SqEuclidean,closemixed,213478.778382,202,outsample,none
cross_scenario,k_means,3596893902,35,5.71012e7,5.4269591,SqEuclidean,closemixed,153797.346462,112,outsample,none
cross_scenario,k_means,1380354363,37,5.70397e7,6.0370531,SqEuclidean,closemixed,155020.584884,120,outsample,none
cross_scenario,k_means,3048518942,37,6.63237e7,5.4072204,SqEuclidean,closemixed,394936.646118,290,outsample,none
cross_scenario,k_means,3182806193,37,6.05633e7,5.4237541,SqEuclidean,closemixed,242303.170174,228,outsample,none
cross_scenario,k_means,3244629827,37,5.8746e7,4.8179274,SqEuclidean,closemixed,200031.108362,142,outsample,none
cross_scenario,k_means,3452769998,37,5.91254e7,5.663698,SqEuclidean,closemixed,210022.144304,153,outsample,none
cross_scenario,k_means,4262333788,37,5.85037e7,5.529494,SqEuclidean,closemixed,184999.728316,187,outsample,none
cross_scenario,k_means,45994245,37,5.57666e7,5.2897485,SqEuclidean,closemixed,107164.992835,73,outsample,none
cross_scenario,k_means,67569244,37,6.39109e7,5.5292814,SqEuclidean,closemixed,341515.308233,251,outsample,none
cross_scenario,k_means,814300562,37,5.68919e7,5.6733007,SqEuclidean,closemixed,143635.245132,119,outsample,none
cross_scenario,k_means,870981686,37,5.52538e7,5.2103012,SqEuclidean,closemixed,96830.484366,66,outsample,none
cross_scenario,k_means,1129760376,39,5.9999e7,5.45425,SqEuclidean,closemixed,231886.712951,194,outsample,none
cross_scenario,k_means,148104383,39,6.23328e7,4.9920216,SqEuclidean,closemixed,285992.96464,238,outsample,none
cross_scenario,k_means,1655289285,39,5.73693e7,5.5308516,SqEuclidean,closemixed,160865.376018,137,outsample,none
cross_scenario,k_means,1845695973,39,5.52953e7,5.6670696,SqEuclidean,closemixed,90515.808597,62,outsample,none
cross_scenario,k_means,2121257682,39,6.38152e7,5.5003009,SqEuclidean,closemixed,330944.122068,266,outsample,none
cross_scenario,k_means,2943233938,39,5.97538e7,5.2324321,SqEuclidean,closemixed,216955.922261,207,outsample,none
cross_scenario,k_means,3030918353,39,5.83912e7,5.1377854,SqEuclidean,closemixed,184549.727034,170,outsample,none
cross_scenario,k_means,3096268031,39,5.91652e7,5.2938066,SqEuclidean,closemixed,208096.568236,153,outsample,none
cross_scenario,k_means,3338611973,39,6.37004e7,5.6695742,SqEuclidean,closemixed,320663.063161,267,outsample,none
cross_scenario,k_means,662283236,39,7.25069e7,4.9218435,SqEuclidean,closemixed,548665.139441,364,outsample,none
cross_scenario,k_means,1005104349,41,6.1753e7,5.6803354,SqEuclidean,closemixed,270423.219072,223,outsample,none
cross_scenario,k_means,1534696584,41,5.64885e7,4.7060398,SqEuclidean,closemixed,134027.059773,124,outsample,none
cross_scenario,k_means,225016911,41,5.53458e7,5.4380239,SqEuclidean,closemixed,89477.873756,77,outsample,none
cross_scenario,k_means,2317592996,41,5.67288e7,5.2913208,SqEuclidean,closemixed,134287.164471,107,outsample,none
cross_scenario,k_means,2716090479,41,5.65369e7,5.6419942,SqEuclidean,closemixed,135630.146508,105,outsample,none
cross_scenario,k_means,3258958499,41,5.68577e7,5.5174354,SqEuclidean,closemixed,136702.126908,143,outsample,none
cross_scenario,k_means,329433595,41,5.71932e7,5.8225768,SqEuclidean,closemixed,149467.229071,119,outsample,none
cross_scenario,k_means,3444774395,41,5.84238e7,5.072787,SqEuclidean,closemixed,185746.167955,190,outsample,none
cross_scenario,k_means,438234340,41,5.89477e7,5.477828,SqEuclidean,closemixed,205688.273161,139,outsample,none
cross_scenario,k_means,953901905,41,5.65048e7,5.7636188,SqEuclidean,closemixed,131179.570815,124,outsample,none
cross_scenario,k_means,1660595499,5,9.41348e7,5.6214354,SqEuclidean,closemixed,1.127557636991e6,660,outsample,none
cross_scenario,k_means,1714105051,5,9.55517e7,5.1317452,SqEuclidean,closemixed,1.163731260024e6,740,outsample,none
cross_scenario,k_means,2169593505,5,6.78544e7,5.7854596,SqEuclidean,closemixed,445559.058204,295,outsample,none
cross_scenario,k_means,2538991366,5,8.19265e7,5.3751607,SqEuclidean,closemixed,812492.796425,543,outsample,none
cross_scenario,k_means,2909674750,5,9.1306e7,5.5343309,SqEuclidean,closemixed,1.050117240052e6,640,outsample,none
cross_scenario,k_means,3018546641,5,8.50681e7,5.1205194,SqEuclidean,closemixed,891700.462024,627,outsample,none
cross_scenario,k_means,3634057553,5,9.46221e7,5.7014419,SqEuclidean,closemixed,1.139978569958e6,684,outsample,none
cross_scenario,k_means,4139823947,5,9.24899e7,5.5353807,SqEuclidean,closemixed,1.083825679735e6,704,outsample,none
cross_scenario,k_means,4197766176,5,9.39582e7,5.7067402,SqEuclidean,closemixed,1.122834576842e6,665,outsample,none
cross_scenario,k_means,5947179,5,9.26656e7,5.0706561,SqEuclidean,closemixed,1.087681292347e6,626,outsample,none
cross_scenario,k_means,1006581332,7,8.28292e7,5.6312831,SqEuclidean,closemixed,836036.117821,521,outsample,none
cross_scenario,k_means,1176932870,7,8.12068e7,5.7580134,SqEuclidean,closemixed,793266.79599,521,outsample,none
cross_scenario,k_means,1821427372,7,8.69153e7,5.4701275,SqEuclidean,closemixed,940653.410508,634,outsample,none
cross_scenario,k_means,2689963385,7,9.09208e7,5.609957,SqEuclidean,closemixed,1.041089556675e6,611,outsample,none
cross_scenario,k_means,2751971336,7,8.26068e7,5.8361458,SqEuclidean,closemixed,825939.645971,575,outsample,none
cross_scenario,k_means,3385142830,7,7.85423e7,6.2627426,SqEuclidean,closemixed,725951.073464,539,outsample,none
cross_scenario,k_means,3409620994,7,9.59597e7,5.2450138,SqEuclidean,closemixed,1.173994850687e6,766,outsample,none
cross_scenario,k_means,447101461,7,9.57155e7,5.9237377,SqEuclidean,closemixed,1.166843078177e6,764,outsample,none
cross_scenario,k_means,468006976,7,7.51882e7,5.3920629,SqEuclidean,closemixed,637250.310556,402,outsample,none
cross_scenario,k_means,880982686,7,7.76845e7,5.6700496,SqEuclidean,closemixed,696955.701835,453,outsample,none
cross_scenario,k_means,1130292821,9,6.45758e7,5.6676986,SqEuclidean,closemixed,352530.928533,269,outsample,none
cross_scenario,k_means,1392296365,9,8.75407e7,5.1560045,SqEuclidean,closemixed,949261.999162,643,outsample,none
cross_scenario,k_means,2814468992,9,9.1294e7,5.5890274,SqEuclidean,closemixed,1.051781735775e6,633,outsample,none
cross_scenario,k_means,3044209910,9,6.97704e7,5.6854037,SqEuclidean,closemixed,494485.803711,326,outsample,none
cross_scenario,k_means,3261319673,9,7.13213e7,5.8073587,SqEuclidean,closemixed,536848.071966,366,outsample,none
cross_scenario,k_means,3543870990,9,8.55006e7,5.5868697,SqEuclidean,closemixed,904661.446045,560,outsample,none
cross_scenario,k_means,3602499071,9,7.42717e7,5.4700537,SqEuclidean,closemixed,604723.30422,425,outsample,none
cross_scenario,k_means,3926221275,9,9.19693e7,5.7764815,SqEuclidean,closemixed,1.063186853484e6,672,outsample,none
cross_scenario,k_means,42413356,9,6.68344e7,5.8191833,SqEuclidean,closemixed,418784.528377,278,outsample,none
cross_scenario,k_means,697383862,9,8.98399e7,5.6502376,SqEuclidean,closemixed,1.01542850942e6,646,outsample,none
stochastic,stochastic,0,0,5.33112e7,82.0200926,N/A,closemixed,26339.537753,15,outsample,none
cross_scenario,conical_hull,0,11,6.7219e7,6.2796252,SqEuclidean,closemixed,412150.572957,279,outsample,none
cross_scenario,conical_hull,0,13,6.6925e7,6.1842446,SqEuclidean,closemixed,404281.632157,275,outsample,none
cross_scenario,conical_hull,0,15,6.75771e7,6.6554541,SqEuclidean,closemixed,421044.415958,287,outsample,none
cross_scenario,conical_hull,0,17,6.67711e7,6.8951149,SqEuclidean,closemixed,402582.628747,266,outsample,none
cross_scenario,conical_hull,0,19,6.47376e7,6.4194181,SqEuclidean,closemixed,352821.459867,216,outsample,none
cross_scenario,conical_hull,0,21,5.80516e7,6.4758407,SqEuclidean,closemixed,168846.454066,114,outsample,none
cross_scenario,conical_hull,0,23,5.80416e7,6.7823511,SqEuclidean,closemixed,168930.869584,114,outsample,none
cross_scenario,conical_hull,0,25,5.80385e7,1171.9671698,SqEuclidean,closemixed,168852.522849,113,outsample,none
cross_scenario,conical_hull,0,27,5.77188e7,13.4777919,SqEuclidean,closemixed,160411.430475,103,outsample,none
cross_scenario,conical_hull,0,29,5.74591e7,6.3991658,SqEuclidean,closemixed,153741.77953,95,outsample,none
cross_scenario,conical_hull,0,3,9.78732e7,6.5243195,SqEuclidean,closemixed,1.195035101215e6,512,outsample,none
cross_scenario,conical_hull,0,31,5.74828e7,6.7089249,SqEuclidean,closemixed,154335.321086,98,outsample,none
cross_scenario,conical_hull,0,33,5.75189e7,6.3756759,SqEuclidean,closemixed,155461.414442,101,outsample,none
cross_scenario,conical_hull,0,35,5.70925e7,6.1912935,SqEuclidean,closemixed,143175.798023,96,outsample,none
cross_scenario,conical_hull,0,37,5.502e7,6.3884618,SqEuclidean,closemixed,82385.325789,61,outsample,none
cross_scenario,conical_hull,0,39,5.48451e7,6.3425148,SqEuclidean,closemixed,77416.465749,55,outsample,none
cross_scenario,conical_hull,0,41,5.53659e7,6.3161949,SqEuclidean,closemixed,93285.800064,58,outsample,none
cross_scenario,conical_hull,0,5,9.74663e7,6.7392741,SqEuclidean,closemixed,1.184575826764e6,431,outsample,none
cross_scenario,conical_hull,0,7,9.99202e7,6.8093325,SqEuclidean,closemixed,1.247246507203e6,527,outsample,none
cross_scenario,conical_hull,0,9,9.90137e7,6.7876671,SqEuclidean,closemixed,1.223949550843e6,450,outsample,none
cross_scenario,convex_hull,0,11,5.75458e7,3.8672143,CosineDist,closemixed,0.0,0,insample,extreme1
cross_scenario,convex_hull,0,13,5.75219e7,5.0287834,CosineDist,closemixed,0.0,0,insample,extreme1
cross_scenario,convex_hull,0,15,5.72004e7,6.3313504,CosineDist,closemixed,0.0,0,insample,extreme1
cross_scenario,convex_hull,0,17,5.71942e7,7.2941846,CosineDist,closemixed,0.0,0,insample,extreme1
cross_scenario,convex_hull,0,19,5.71563e7,8.3665926,CosineDist,closemixed,0.0,0,insample,extreme1
cross_scenario,convex_hull,0,21,5.71459e7,9.5370522,CosineDist,closemixed,0.0,0,insample,extreme1
cross_scenario,convex_hull,0,23,5.71594e7,11.5482107,CosineDist,closemixed,0.0,0,insample,extreme1
cross_scenario,convex_hull,0,25,5.70877e7,12.8811107,CosineDist,closemixed,0.0,0,insample,extreme1
cross_scenario,convex_hull,0,27,5.70721e7,14.1028808,CosineDist,closemixed,0.0,0,insample,extreme1
cross_scenario,convex_hull,0,29,5.70514e7,14.7176219,CosineDist,closemixed,0.0,0,insample,extreme1
cross_scenario,convex_hull,0,3,6.08718e7,0.5788773,CosineDist,closemixed,0.0,0,insample,extreme1
cross_scenario,convex_hull,0,31,5.69457e7,16.1426984,CosineDist,closemixed,0.0,0,insample,extreme1
cross_scenario,convex_hull,0,33,5.68998e7,19.6306957,CosineDist,closemixed,0.0,0,insample,extreme1
cross_scenario,convex_hull,0,35,5.69022e7,18.014349,CosineDist,closemixed,0.0,0,insample,extreme1
cross_scenario,convex_hull,0,37,5.69049e7,23.5130106,CosineDist,closemixed,0.0,0,insample,extreme1
cross_scenario,convex_hull,0,39,5.64906e7,25.8390289,CosineDist,closemixed,0.0,0,insample,extreme1
cross_scenario,convex_hull,0,41,5.61562e7,27.4196451,CosineDist,closemixed,0.0,0,insample,extreme1
cross_scenario,convex_hull,0,5,5.87036e7,1.3133622,CosineDist,closemixed,0.0,0,insample,extreme1
cross_scenario,convex_hull,0,7,5.81208e7,2.1468231,CosineDist,closemixed,0.0,0,insample,extreme1
cross_scenario,convex_hull,0,9,5.76544e7,3.2540519,CosineDist,closemixed,0.0,0,insample,extreme1
cross_scenario,convex_hull,0,11,5.76129e7,3.7603737,SqEuclidean,closemixed,0.0,0,insample,extreme1
cross_scenario,convex_hull,0,13,5.75495e7,5.187189,SqEuclidean,closemixed,0.0,0,insample,extreme1
cross_scenario,convex_hull,0,15,5.72436e7,6.1795253,SqEuclidean,closemixed,0.0,0,insample,extreme1
cross_scenario,convex_hull,0,17,5.72219e7,7.2414993,SqEuclidean,closemixed,0.0,0,insample,extreme1
cross_scenario,convex_hull,0,19,5.72066e7,8.3938546,SqEuclidean,closemixed,0.0,0,insample,extreme1
cross_scenario,convex_hull,0,21,5.71842e7,10.1430625,SqEuclidean,closemixed,0.0,0,insample,extreme1
cross_scenario,convex_hull,0,23,5.71825e7,12.6293443,SqEuclidean,closemixed,0.0,0,insample,extreme1
cross_scenario,convex_hull,0,25,5.7083e7,14.9040573,SqEuclidean,closemixed,0.0,0,insample,extreme1
cross_scenario,convex_hull,0,27,5.70706e7,16.473378,SqEuclidean,closemixed,0.0,0,insample,extreme1
cross_scenario,convex_hull,0,29,5.70896e7,17.8038354,SqEuclidean,closemixed,0.0,0,insample,extreme1
cross_scenario,convex_hull,0,3,6.08233e7,0.6615794,SqEuclidean,closemixed,0.0,0,insample,extreme1
cross_scenario,convex_hull,0,31,5.69514e7,19.3547781,SqEuclidean,closemixed,0.0,0,insample,extreme1
cross_scenario,convex_hull,0,33,5.69553e7,19.4985208,SqEuclidean,closemixed,0.0,0,insample,extreme1
cross_scenario,convex_hull,0,35,5.7163e7,17.377348,SqEuclidean,closemixed,0.0,0,insample,extreme1
cross_scenario,convex_hull,0,37,5.71632e7,17.9119954,SqEuclidean,closemixed,0.0,0,insample,extreme1
cross_scenario,convex_hull,0,39,5.68128e7,20.8244471,SqEuclidean,closemixed,0.0,0,insample,extreme1
cross_scenario,convex_hull,0,41,5.64156e7,20.6085359,SqEuclidean,closemixed,0.0,0,insample,extreme1
cross_scenario,convex_hull,0,5,5.87994e7,1.3245348,SqEuclidean,closemixed,0.0,0,insample,extreme1
cross_scenario,convex_hull,0,7,5.79963e7,2.1408275,SqEuclidean,closemixed,0.0,0,insample,extreme1
cross_scenario,convex_hull,0,9,5.76893e7,2.5761636,SqEuclidean,closemixed,0.0,0,insample,extreme1
cross_scenario,k_medoids,1355586937,11,5.76019e7,4.2117094,CosineDist,closemixed,0.0,0,insample,extreme1
cross_scenario,k_medoids,1768760743,11,5.75798e7,4.2900658,CosineDist,closemixed,0.0,0,insample,extreme1
cross_scenario,k_medoids,2652796558,11,5.75866e7,4.0685848,CosineDist,closemixed,0.0,0,insample,extreme1
cross_scenario,k_medoids,3000698040,11,5.75892e7,4.3052115,CosineDist,closemixed,0.0,0,insample,extreme1
cross_scenario,k_medoids,3160233726,11,5.75833e7,3.9137443,CosineDist,closemixed,0.0,0,insample,extreme1
cross_scenario,k_medoids,3479820580,11,5.75823e7,4.6031261,CosineDist,closemixed,0.0,0,insample,extreme1
cross_scenario,k_medoids,3649546841,11,5.75916e7,4.3324822,CosineDist,closemixed,0.0,0,insample,extreme1
cross_scenario,k_medoids,4031091536,11,5.75972e7,4.2593203,CosineDist,closemixed,0.0,0,insample,extreme1
cross_scenario,k_medoids,675182737,11,5.7583e7,4.2424287,CosineDist,closemixed,0.0,0,insample,extreme1
cross_scenario,k_medoids,722170199,11,5.75904e7,5.0118369,CosineDist,closemixed,0.0,0,insample,extreme1
cross_scenario,k_medoids,1020330993,13,5.75588e7,5.4680141,CosineDist,closemixed,0.0,0,insample,extreme1
cross_scenario,k_medoids,1241334511,13,5.75302e7,5.1201945,CosineDist,closemixed,0.0,0,insample,extreme1
cross_scenario,k_medoids,1561739573,13,5.75342e7,5.1937615,CosineDist,closemixed,0.0,0,insample,extreme1
cross_scenario,k_medoids,2082789969,13,5.75292e7,5.4146048,CosineDist,closemixed,0.0,0,insample,extreme1
cross_scenario,k_medoids,2422820678,13,5.75455e7,5.2312688,CosineDist,closemixed,0.0,0,insample,extreme1
cross_scenario,k_medoids,373102896,13,5.75424e7,5.3091087,CosineDist,closemixed,0.0,0,insample,extreme1
cross_scenario,k_medoids,3777256655,13,5.75477e7,5.348109,CosineDist,closemixed,0.0,0,insample,extreme1
cross_scenario,k_medoids,4101453586,13,5.75757e7,5.1921885,CosineDist,closemixed,0.0,0,insample,extreme1
cross_scenario,k_medoids,419645993,13,5.7536e7,5.9532079,CosineDist,closemixed,0.0,0,insample,extreme1
cross_scenario,k_medoids,772616242,13,5.75397e7,5.9517718,CosineDist,closemixed,0.0,0,insample,extreme1
cross_scenario,k_medoids,1536731824,15,5.72361e7,6.1261589,CosineDist,closemixed,0.0,0,insample,extreme1
cross_scenario,k_medoids,1944031661,15,5.72374e7,5.7460732,CosineDist,closemixed,0.0,0,insample,extreme1
cross_scenario,k_medoids,195370354,15,5.72351e7,6.3035756,CosineDist,closemixed,0.0,0,insample,extreme1
cross_scenario,k_medoids,2392820273,15,5.72361e7,6.2065411,CosineDist,closemixed,0.0,0,insample,extreme1
cross_scenario,k_medoids,2931326369,15,5.72376e7,6.0616909,CosineDist,closemixed,0.0,0,insample,extreme1
cross_scenario,k_medoids,3012361418,15,5.7245e7,6.0205452,CosineDist,closemixed,0.0,0,insample,extreme1
cross_scenario,k_medoids,3763622817,15,5.72274e7,6.5342406,CosineDist,closemixed,0.0,0,insample,extreme1
cross_scenario,k_medoids,3796973136,15,5.7238e7,6.1580284,CosineDist,closemixed,0.0,0,insample,extreme1
cross_scenario,k_medoids,3815196410,15,5.72419e7,6.2705786,CosineDist,closemixed,0.0,0,insample,extreme1
cross_scenario,k_medoids,604489562,15,5.72423e7,6.4386713,CosineDist,closemixed,0.0,0,insample,extreme1
cross_scenario,k_medoids,1587347134,17,5.72262e7,7.09459,CosineDist,closemixed,0.0,0,insample,extreme1
cross_scenario,k_medoids,186564236,17,5.72299e7,6.881299,CosineDist,closemixed,0.0,0,insample,extreme1
cross_scenario,k_medoids,2166881926,17,5.72311e7,7.5314978,CosineDist,closemixed,0.0,0,insample,extreme1
cross_scenario,k_medoids,2186186592,17,5.72253e7,6.9933372,CosineDist,closemixed,0.0,0,insample,extreme1
cross_scenario,k_medoids,2238747886,17,5.72339e7,7.1414171,CosineDist,closemixed,0.0,0,insample,extreme1
cross_scenario,k_medoids,224585247,17,5.7208e7,7.4380174,CosineDist,closemixed,0.0,0,insample,extreme1
cross_scenario,k_medoids,2339120676,17,5.72275e7,7.7776346,CosineDist,closemixed,0.0,0,insample,extreme1
cross_scenario,k_medoids,3093014142,17,5.72173e7,8.8707502,CosineDist,closemixed,0.0,0,insample,extreme1
cross_scenario,k_medoids,3258302586,17,5.72206e7,7.7897922,CosineDist,closemixed,0.0,0,insample,extreme1
cross_scenario,k_medoids,3629043986,17,5.72286e7,7.0292736,CosineDist,closemixed,0.0,0,insample,extreme1
cross_scenario,k_medoids,1088367163,19,5.72227e7,8.8754057,CosineDist,closemixed,0.0,0,insample,extreme1
cross_scenario,k_medoids,1245540782,19,5.72241e7,8.9504188,CosineDist,closemixed,0.0,0,insample,extreme1
cross_scenario,k_medoids,2410109332,19,5.72162e7,8.0260403,CosineDist,closemixed,0.0,0,insample,extreme1
cross_scenario,k_medoids,2455416769,19,5.72075e7,9.0083076,CosineDist,closemixed,0.0,0,insample,extreme1
cross_scenario,k_medoids,2591120440,19,5.7192e7,9.4325119,CosineDist,closemixed,0.0,0,insample,extreme1
cross_scenario,k_medoids,2650271871,19,5.72155e7,9.0224293,CosineDist,closemixed,0.0,0,insample,extreme1
cross_scenario,k_medoids,2789252227,19,5.71984e7,8.4262876,CosineDist,closemixed,0.0,0,insample,extreme1
cross_scenario,k_medoids,3130995382,19,5.72112e7,8.3677204,CosineDist,closemixed,0.0,0,insample,extreme1
cross_scenario,k_medoids,3357853995,19,5.72085e7,8.4838174,CosineDist,closemixed,0.0,0,insample,extreme1
cross_scenario,k_medoids,824849990,19,5.7198e7,8.2337274,CosineDist,closemixed,0.0,0,insample,extreme1
cross_scenario,k_medoids,1244389436,21,5.71896e7,9.7293629,CosineDist,closemixed,0.0,0,insample,extreme1
cross_scenario,k_medoids,1393653782,21,5.72031e7,9.1624724,CosineDist,closemixed,0.0,0,insample,extreme1
cross_scenario,k_medoids,1761682951,21,5.71857e7,9.6670091,CosineDist,closemixed,0.0,0,insample,extreme1
cross_scenario,k_medoids,196162340,21,5.72163e7,10.6277165,CosineDist,closemixed,0.0,0,insample,extreme1
cross_scenario,k_medoids,1984034111,21,5.71997e7,9.4566587,CosineDist,closemixed,0.0,0,insample,extreme1
cross_scenario,k_medoids,2569047889,21,5.72131e7,10.0411717,CosineDist,closemixed,0.0,0,insample,extreme1
cross_scenario,k_medoids,3286463093,21,5.72051e7,9.7893353,CosineDist,closemixed,0.0,0,insample,extreme1
cross_scenario,k_medoids,4196464565,21,5.72031e7,10.723202,CosineDist,closemixed,0.0,0,insample,extreme1
cross_scenario,k_medoids,744301781,21,5.72016e7,9.6306987,CosineDist,closemixed,0.0,0,insample,extreme1
cross_scenario,k_medoids,760014603,21,5.71931e7,9.5804061,CosineDist,closemixed,0.0,0,insample,extreme1
cross_scenario,k_medoids,2193967569,23,5.71912e7,11.0941702,CosineDist,closemixed,0.0,0,insample,extreme1
cross_scenario,k_medoids,2546464051,23,5.71673e7,10.9249174,CosineDist,closemixed,0.0,0,insample,extreme1
cross_scenario,k_medoids,2938742229,23,5.71788e7,10.5783812,CosineDist,closemixed,0.0,0,insample,extreme1
cross_scenario,k_medoids,313447314,23,5.71913e7,10.827569,CosineDist,closemixed,0.0,0,insample,extreme1
cross_scenario,k_medoids,3164855826,23,5.71776e7,11.2184135,CosineDist,closemixed,0.0,0,insample,extreme1
cross_scenario,k_medoids,3173192974,23,5.71819e7,11.3827984,CosineDist,closemixed,0.0,0,insample,extreme1
cross_scenario,k_medoids,3527549645,23,5.71789e7,10.631199,CosineDist,closemixed,0.0,0,insample,extreme1
cross_scenario,k_medoids,3913193451,23,5.71799e7,11.5434228,CosineDist,closemixed,0.0,0,insample,extreme1
cross_scenario,k_medoids,714332685,23,5.71723e7,11.1014319,CosineDist,closemixed,0.0,0,insample,extreme1
cross_scenario,k_medoids,890890131,23,5.71903e7,11.4101674,CosineDist,closemixed,0.0,0,insample,extreme1
cross_scenario,k_medoids,1134130444,25,5.70653e7,13.0584591,CosineDist,closemixed,0.0,0,insample,extreme1
cross_scenario,k_medoids,2658990538,25,5.70816e7,13.9211212,CosineDist,closemixed,0.0,0,insample,extreme1
cross_scenario,k_medoids,2726541456,25,5.70463e7,12.3223005,CosineDist,closemixed,0.0,0,insample,extreme1
cross_scenario,k_medoids,2894918851,25,5.70492e7,12.5608708,CosineDist,closemixed,0.0,0,insample,extreme1
cross_scenario,k_medoids,3351175237,25,5.70595e7,12.4694513,CosineDist,closemixed,0.0,0,insample,extreme1
cross_scenario,k_medoids,343301208,25,5.70541e7,12.1102764,CosineDist,closemixed,0.0,0,insample,extreme1
cross_scenario,k_medoids,4135971217,25,5.70636e7,11.7556873,CosineDist,closemixed,0.0,0,insample,extreme1
cross_scenario,k_medoids,4145110716,25,5.70558e7,12.6844598,CosineDist,closemixed,0.0,0,insample,extreme1
cross_scenario,k_medoids,448376330,25,5.706e7,12.4011859,CosineDist,closemixed,0.0,0,insample,extreme1
cross_scenario,k_medoids,47449323,25,5.70874e7,13.2316479,CosineDist,closemixed,0.0,0,insample,extreme1
cross_scenario,k_medoids,1161276258,27,5.70369e7,13.9791914,CosineDist,closemixed,0.0,0,insample,extreme1
cross_scenario,k_medoids,1233541653,27,5.70664e7,15.7705823,CosineDist,closemixed,0.0,0,insample,extreme1
cross_scenario,k_medoids,1267936167,27,5.70478e7,13.2755372,CosineDist,closemixed,0.0,0,insample,extreme1
cross_scenario,k_medoids,1653248667,27,5.70657e7,14.8556227,CosineDist,closemixed,0.0,0,insample,extreme1
cross_scenario,k_medoids,2437521778,27,5.70709e7,13.949298,CosineDist,closemixed,0.0,0,insample,extreme1
cross_scenario,k_medoids,2524306086,27,5.7043e7,14.1694758,CosineDist,closemixed,0.0,0,insample,extreme1
cross_scenario,k_medoids,2606414571,27,5.70596e7,13.8761188,CosineDist,closemixed,0.0,0,insample,extreme1
cross_scenario,k_medoids,2821296471,27,5.70558e7,14.2163277,CosineDist,closemixed,0.0,0,insample,extreme1
cross_scenario,k_medoids,3155655383,27,5.70713e7,14.5679111,CosineDist,closemixed,0.0,0,insample,extreme1
cross_scenario,k_medoids,463779685,27,5.70425e7,15.1393257,CosineDist,closemixed,0.0,0,insample,extreme1
cross_scenario,k_medoids,1113698075,29,5.70663e7,15.070605,CosineDist,closemixed,0.0,0,insample,extreme1
cross_scenario,k_medoids,1125327650,29,5.70114e7,16.3195071,CosineDist,closemixed,0.0,0,insample,extreme1
cross_scenario,k_medoids,1398119942,29,5.70339e7,16.5344099,CosineDist,closemixed,0.0,0,insample,extreme1
cross_scenario,k_medoids,1669407957,29,5.70474e7,15.8969293,CosineDist,closemixed,0.0,0,insample,extreme1
cross_scenario,k_medoids,1792506398,29,5.70016e7,17.6239557,CosineDist,closemixed,0.0,0,insample,extreme1
cross_scenario,k_medoids,2439649745,29,5.70178e7,16.4446183,CosineDist,closemixed,0.0,0,insample,extreme1
cross_scenario,k_medoids,2730667678,29,5.70434e7,15.8977023,CosineDist,closemixed,0.0,0,insample,extreme1
cross_scenario,k_medoids,2843080965,29,5.70415e7,15.7261434,CosineDist,closemixed,0.0,0,insample,extreme1
cross_scenario,k_medoids,3434031776,29,5.70434e7,15.7015067,CosineDist,closemixed,0.0,0,insample,extreme1
cross_scenario,k_medoids,950202798,29,5.70239e7,15.31271,CosineDist,closemixed,0.0,0,insample,extreme1
cross_scenario,k_medoids,1042382051,3,5.9465e7,0.6562508,CosineDist,closemixed,0.0,0,insample,extreme1
cross_scenario,k_medoids,1617230705,3,6.05435e7,0.663713,CosineDist,closemixed,0.0,0,insample,extreme1
cross_scenario,k_medoids,1690918982,3,6.07748e7,0.6488472,CosineDist,closemixed,0.0,0,insample,extreme1
cross_scenario,k_medoids,2011904635,3,5.95067e7,1.0358502,CosineDist,closemixed,0.0,0,insample,extreme1
cross_scenario,k_medoids,208019063,3,6.05435e7,0.6454815,CosineDist,closemixed,0.0,0,insample,extreme1
cross_scenario,k_medoids,2175589206,3,6.07748e7,0.6221133,CosineDist,closemixed,0.0,0,insample,extreme1
cross_scenario,k_medoids,2331872192,3,6.05435e7,0.6758429,CosineDist,closemixed,0.0,0,insample,extreme1
cross_scenario,k_medoids,2859914000,3,6.0544e7,0.6895092,CosineDist,closemixed,0.0,0,insample,extreme1
cross_scenario,k_medoids,3409952330,3,6.0544e7,0.7594614,CosineDist,closemixed,0.0,0,insample,extreme1
cross_scenario,k_medoids,488813374,3,6.0544e7,1.1184305,CosineDist,closemixed,0.0,0,insample,extreme1
cross_scenario,k_medoids,1349996306,31,5.69039e7,16.5371732,CosineDist,closemixed,0.0,0,insample,extreme1
cross_scenario,k_medoids,1462714024,31,5.69123e7,15.9619316,CosineDist,closemixed,0.0,0,insample,extreme1
cross_scenario,k_medoids,1579127763,31,5.69325e7,16.4959218,CosineDist,closemixed,0.0,0,insample,extreme1
cross_scenario,k_medoids,1648351254,31,5.69134e7,17.7867084,CosineDist,closemixed,0.0,0,insample,extreme1
cross_scenario,k_medoids,2030289235,31,5.69233e7,17.692579,CosineDist,closemixed,0.0,0,insample,extreme1
cross_scenario,k_medoids,2462588561,31,5.6942e7,17.2763371,CosineDist,closemixed,0.0,0,insample,extreme1
cross_scenario,k_medoids,2929172095,31,5.69042e7,16.1653949,CosineDist,closemixed,0.0,0,insample,extreme1
cross_scenario,k_medoids,2944528308,31,5.69179e7,17.0385252,CosineDist,closemixed,0.0,0,insample,extreme1
cross_scenario,k_medoids,295145311,31,5.69478e7,17.4447455,CosineDist,closemixed,0.0,0,insample,extreme1
cross_scenario,k_medoids,3899371692,31,5.69146e7,17.6309409,CosineDist,closemixed,0.0,0,insample,extreme1
cross_scenario,k_medoids,1038419084,33,5.69272e7,19.0666002,CosineDist,closemixed,0.0,0,insample,extreme1
cross_scenario,k_medoids,1109759726,33,5.69e7,19.3163205,CosineDist,closemixed,0.0,0,insample,extreme1
cross_scenario,k_medoids,1963882461,33,5.69478e7,18.4034288,CosineDist,closemixed,0.0,0,insample,extreme1
cross_scenario,k_medoids,1989163906,33,5.69057e7,19.3793435,CosineDist,closemixed,0.0,0,insample,extreme1
cross_scenario,k_medoids,2479233904,33,5.69167e7,18.0894513,CosineDist,closemixed,0.0,0,insample,extreme1
cross_scenario,k_medoids,2497612078,33,5.6916e7,18.8888271,CosineDist,closemixed,0.0,0,insample,extreme1
cross_scenario,k_medoids,3214090957,33,5.69045e7,17.938142,CosineDist,closemixed,0.0,0,insample,extreme1
cross_scenario,k_medoids,3465092140,33,5.69029e7,18.9305267,CosineDist,closemixed,0.0,0,insample,extreme1
cross_scenario,k_medoids,4061834237,33,5.69113e7,18.3598438,CosineDist,closemixed,0.0,0,insample,extreme1
cross_scenario,k_medoids,52313467,33,5.6896e7,20.1804696,CosineDist,closemixed,0.0,0,insample,extreme1
cross_scenario,k_medoids,1208640119,35,5.69008e7,21.5317042,CosineDist,closemixed,0.0,0,insample,extreme1
cross_scenario,k_medoids,1428058240,35,5.68991e7,19.487145,CosineDist,closemixed,0.0,0,insample,extreme1
cross_scenario,k_medoids,15941194,35,5.69148e7,20.7364536,CosineDist,closemixed,0.0,0,insample,extreme1
cross_scenario,k_medoids,2213813141,35,5.69172e7,19.7478318,CosineDist,closemixed,0.0,0,insample,extreme1
cross_scenario,k_medoids,2291375163,35,5.69051e7,19.8828267,CosineDist,closemixed,0.0,0,insample,extreme1
cross_scenario,k_medoids,236500538,35,5.6905e7,20.1480627,CosineDist,closemixed,0.0,0,insample,extreme1
cross_scenario,k_medoids,252145784,35,5.69025e7,24.2976575,CosineDist,closemixed,0.0,0,insample,extreme1
cross_scenario,k_medoids,2544196106,35,5.68953e7,20.6964955,CosineDist,closemixed,0.0,0,insample,extreme1
cross_scenario,k_medoids,2745802022,35,5.68857e7,20.2655197,CosineDist,closemixed,0.0,0,insample,extreme1
cross_scenario,k_medoids,3596893902,35,5.69094e7,20.9437898,CosineDist,closemixed,0.0,0,insample,extreme1
cross_scenario,k_medoids,1380354363,37,5.68793e7,21.766652,CosineDist,closemixed,0.0,0,insample,extreme1
cross_scenario,k_medoids,3048518942,37,5.68913e7,23.1387069,CosineDist,closemixed,0.0,0,insample,extreme1
cross_scenario,k_medoids,3182806193,37,5.69003e7,22.4625287,CosineDist,closemixed,0.0,0,insample,extreme1
cross_scenario,k_medoids,3244629827,37,5.68988e7,19.1701844,CosineDist,closemixed,0.0,0,insample,extreme1
cross_scenario,k_medoids,3452769998,37,5.69008e7,24.7014282,CosineDist,closemixed,0.0,0,insample,extreme1
cross_scenario,k_medoids,4262333788,37,5.69074e7,24.0623974,CosineDist,closemixed,0.0,0,insample,extreme1
cross_scenario,k_medoids,45994245,37,5.69056e7,21.3408684,CosineDist,closemixed,0.0,0,insample,extreme1
cross_scenario,k_medoids,67569244,37,5.691e7,20.3894243,CosineDist,closemixed,0.0,0,insample,extreme1
cross_scenario,k_medoids,814300562,37,5.68952e7,21.6586004,CosineDist,closemixed,0.0,0,insample,extreme1
cross_scenario,k_medoids,870981686,37,5.69033e7,24.6790953,CosineDist,closemixed,0.0,0,insample,extreme1
cross_scenario,k_medoids,1129760376,39,5.65095e7,26.0028489,CosineDist,closemixed,0.0,0,insample,extreme1
cross_scenario,k_medoids,148104383,39,5.65079e7,23.7320028,CosineDist,closemixed,0.0,0,insample,extreme1
cross_scenario,k_medoids,1655289285,39,5.65177e7,23.9806754,CosineDist,closemixed,0.0,0,insample,extreme1
cross_scenario,k_medoids,1845695973,39,5.65161e7,25.046848,CosineDist,closemixed,0.0,0,insample,extreme1
cross_scenario,k_medoids,2121257682,39,5.65012e7,25.516906,CosineDist,closemixed,0.0,0,insample,extreme1
cross_scenario,k_medoids,2943233938,39,5.65031e7,25.6337269,CosineDist,closemixed,0.0,0,insample,extreme1
cross_scenario,k_medoids,3030918353,39,5.64984e7,25.3156485,CosineDist,closemixed,0.0,0,insample,extreme1
cross_scenario,k_medoids,3096268031,39,5.65084e7,26.3013936,CosineDist,closemixed,0.0,0,insample,extreme1
cross_scenario,k_medoids,3338611973,39,5.65052e7,23.3523177,CosineDist,closemixed,0.0,0,insample,extreme1
cross_scenario,k_medoids,662283236,39,5.65332e7,24.4969627,CosineDist,closemixed,0.0,0,insample,extreme1
cross_scenario,k_medoids,1005104349,41,5.61675e7,25.5968705,CosineDist,closemixed,0.0,0,insample,extreme1
cross_scenario,k_medoids,1534696584,41,5.6164e7,25.5114305,CosineDist,closemixed,0.0,0,insample,extreme1
cross_scenario,k_medoids,225016911,41,5.61668e7,26.2612544,CosineDist,closemixed,0.0,0,insample,extreme1
cross_scenario,k_medoids,2317592996,41,5.61656e7,28.5551698,CosineDist,closemixed,0.0,0,insample,extreme1
cross_scenario,k_medoids,2716090479,41,5.61612e7,25.5914416,CosineDist,closemixed,0.0,0,insample,extreme1
cross_scenario,k_medoids,3258958499,41,5.61716e7,26.4831354,CosineDist,closemixed,0.0,0,insample,extreme1
cross_scenario,k_medoids,329433595,41,5.61809e7,27.8320037,CosineDist,closemixed,0.0,0,insample,extreme1
cross_scenario,k_medoids,3444774395,41,5.61656e7,25.6040245,CosineDist,closemixed,0.0,0,insample,extreme1
cross_scenario,k_medoids,438234340,41,5.61696e7,26.5168385,CosineDist,closemixed,0.0,0,insample,extreme1
cross_scenario,k_medoids,953901905,41,5.61859e7,27.0110087,CosineDist,closemixed,0.0,0,insample,extreme1
cross_scenario,k_medoids,1660595499,5,5.861e7,1.4007351,CosineDist,closemixed,0.0,0,insample,extreme1
cross_scenario,k_medoids,1714105051,5,5.8617e7,1.3555977,CosineDist,closemixed,0.0,0,insample,extreme1
cross_scenario,k_medoids,2169593505,5,5.86152e7,1.685627,CosineDist,closemixed,0.0,0,insample,extreme1
cross_scenario,k_medoids,2538991366,5,5.86134e7,1.4360617,CosineDist,closemixed,0.0,0,insample,extreme1
cross_scenario,k_medoids,2909674750,5,5.861e7,1.8978298,CosineDist,closemixed,0.0,0,insample,extreme1
cross_scenario,k_medoids,3018546641,5,5.86175e7,1.317605,CosineDist,closemixed,0.0,0,insample,extreme1
cross_scenario,k_medoids,3634057553,5,5.86157e7,1.8982068,CosineDist,closemixed,0.0,0,insample,extreme1
cross_scenario,k_medoids,4139823947,5,5.86102e7,1.4625719,CosineDist,closemixed,0.0,0,insample,extreme1
cross_scenario,k_medoids,4197766176,5,5.86146e7,1.8467274,CosineDist,closemixed,0.0,0,insample,extreme1
cross_scenario,k_medoids,5947179,5,5.86101e7,1.5319182,CosineDist,closemixed,0.0,0,insample,extreme1
cross_scenario,k_medoids,1006581332,7,5.79808e7,2.3277214,CosineDist,closemixed,0.0,0,insample,extreme1
cross_scenario,k_medoids,1176932870,7,5.79795e7,2.9670737,CosineDist,closemixed,0.0,0,insample,extreme1
cross_scenario,k_medoids,1821427372,7,5.79821e7,2.7091349,CosineDist,closemixed,0.0,0,insample,extreme1
cross_scenario,k_medoids,2689963385,7,5.79779e7,2.7313446,CosineDist,closemixed,0.0,0,insample,extreme1
cross_scenario,k_medoids,2751971336,7,5.79791e7,2.2424444,CosineDist,closemixed,0.0,0,insample,extreme1
cross_scenario,k_medoids,3385142830,7,5.79809e7,2.5264358,CosineDist,closemixed,0.0,0,insample,extreme1
cross_scenario,k_medoids,3409620994,7,5.79809e7,2.8274783,CosineDist,closemixed,0.0,0,insample,extreme1
cross_scenario,k_medoids,447101461,7,5.79794e7,2.5546147,CosineDist,closemixed,0.0,0,insample,extreme1
cross_scenario,k_medoids,468006976,7,5.79791e7,2.6834553,CosineDist,closemixed,0.0,0,insample,extreme1
cross_scenario,k_medoids,880982686,7,5.79807e7,2.7252702,CosineDist,closemixed,0.0,0,insample,extreme1
cross_scenario,k_medoids,1130292821,9,5.76814e7,3.6771496,CosineDist,closemixed,0.0,0,insample,extreme1
cross_scenario,k_medoids,1392296365,9,5.76725e7,2.6486512,CosineDist,closemixed,0.0,0,insample,extreme1
cross_scenario,k_medoids,2814468992,9,5.76887e7,2.7258018,CosineDist,closemixed,0.0,0,insample,extreme1
cross_scenario,k_medoids,3044209910,9,5.76836e7,3.0837605,CosineDist,closemixed,0.0,0,insample,extreme1
cross_scenario,k_medoids,3261319673,9,5.76502e7,3.1476372,CosineDist,closemixed,0.0,0,insample,extreme1
cross_scenario,k_medoids,3543870990,9,5.76733e7,3.2969178,CosineDist,closemixed,0.0,0,insample,extreme1
cross_scenario,k_medoids,3602499071,9,5.76764e7,2.8069854,CosineDist,closemixed,0.0,0,insample,extreme1
cross_scenario,k_medoids,3926221275,9,5.76358e7,3.6407932,CosineDist,closemixed,0.0,0,insample,extreme1
cross_scenario,k_medoids,42413356,9,5.76543e7,3.6780248,CosineDist,closemixed,0.0,0,insample,extreme1
cross_scenario,k_medoids,697383862,9,5.76762e7,2.8679348,CosineDist,closemixed,0.0,0,insample,extreme1
cross_scenario,k_medoids,1355586937,11,5.75874e7,4.2231682,SqEuclidean,closemixed,0.0,0,insample,extreme1
cross_scenario,k_medoids,1768760743,11,5.75813e7,4.4281449,SqEuclidean,closemixed,0.0,0,insample,extreme1
cross_scenario,k_medoids,2652796558,11,5.75942e7,4.5239365,SqEuclidean,closemixed,0.0,0,insample,extreme1
cross_scenario,k_medoids,3000698040,11,5.75811e7,4.4645545,SqEuclidean,closemixed,0.0,0,insample,extreme1
cross_scenario,k_medoids,3160233726,11,5.75977e7,4.3718016,SqEuclidean,closemixed,0.0,0,insample,extreme1
cross_scenario,k_medoids,3479820580,11,5.75747e7,4.5598391,SqEuclidean,closemixed,0.0,0,insample,extreme1
cross_scenario,k_medoids,3649546841,11,5.75919e7,4.5333239,SqEuclidean,closemixed,0.0,0,insample,extreme1
cross_scenario,k_medoids,4031091536,11,5.75967e7,4.2489765,SqEuclidean,closemixed,0.0,0,insample,extreme1
cross_scenario,k_medoids,675182737,11,5.75843e7,4.7468264,SqEuclidean,closemixed,0.0,0,insample,extreme1
cross_scenario,k_medoids,722170199,11,5.75821e7,4.231254,SqEuclidean,closemixed,0.0,0,insample,extreme1
cross_scenario,k_medoids,1020330993,13,5.75524e7,5.164235,SqEuclidean,closemixed,0.0,0,insample,extreme1
cross_scenario,k_medoids,1241334511,13,5.75495e7,5.4103604,SqEuclidean,closemixed,0.0,0,insample,extreme1
cross_scenario,k_medoids,1561739573,13,5.75336e7,5.5963009,SqEuclidean,closemixed,0.0,0,insample,extreme1
cross_scenario,k_medoids,2082789969,13,5.7551e7,4.8707408,SqEuclidean,closemixed,0.0,0,insample,extreme1
cross_scenario,k_medoids,2422820678,13,5.75434e7,5.2517881,SqEuclidean,closemixed,0.0,0,insample,extreme1
cross_scenario,k_medoids,373102896,13,5.75621e7,5.3795691,SqEuclidean,closemixed,0.0,0,insample,extreme1
cross_scenario,k_medoids,3777256655,13,5.75463e7,5.4117571,SqEuclidean,closemixed,0.0,0,insample,extreme1
cross_scenario,k_medoids,4101453586,13,5.75241e7,5.6417528,SqEuclidean,closemixed,0.0,0,insample,extreme1
cross_scenario,k_medoids,419645993,13,5.75347e7,5.0479051,SqEuclidean,closemixed,0.0,0,insample,extreme1
cross_scenario,k_medoids,772616242,13,5.75475e7,5.4524708,SqEuclidean,closemixed,0.0,0,insample,extreme1
cross_scenario,k_medoids,1536731824,15,5.72335e7,6.333615,SqEuclidean,closemixed,0.0,0,insample,extreme1
cross_scenario,k_medoids,1944031661,15,5.72338e7,6.0813341,SqEuclidean,closemixed,0.0,0,insample,extreme1
cross_scenario,k_medoids,195370354,15,5.72366e7,6.3937058,SqEuclidean,closemixed,0.0,0,insample,extreme1
cross_scenario,k_medoids,2392820273,15,5.72203e7,6.8601761,SqEuclidean,closemixed,0.0,0,insample,extreme1
cross_scenario,k_medoids,2931326369,15,5.72335e7,6.9361847,SqEuclidean,closemixed,0.0,0,insample,extreme1
cross_scenario,k_medoids,3012361418,15,5.72431e7,6.4151699,SqEuclidean,closemixed,0.0,0,insample,extreme1
cross_scenario,k_medoids,3763622817,15,5.72322e7,5.8222974,SqEuclidean,closemixed,0.0,0,insample,extreme1
cross_scenario,k_medoids,3796973136,15,5.72426e7,6.2190237,SqEuclidean,closemixed,0.0,0,insample,extreme1
cross_scenario,k_medoids,3815196410,15,5.7239e7,6.6543558,SqEuclidean,closemixed,0.0,0,insample,extreme1
cross_scenario,k_medoids,604489562,15,5.72402e7,5.9067223,SqEuclidean,closemixed,0.0,0,insample,extreme1
cross_scenario,k_medoids,1587347134,17,5.72318e7,8.3510397,SqEuclidean,closemixed,0.0,0,insample,extreme1
cross_scenario,k_medoids,186564236,17,5.72296e7,8.0372786,SqEuclidean,closemixed,0.0,0,insample,extreme1
cross_scenario,k_medoids,2166881926,17,5.72264e7,8.7011871,SqEuclidean,closemixed,0.0,0,insample,extreme1
cross_scenario,k_medoids,2186186592,17,5.72213e7,7.4596098,SqEuclidean,closemixed,0.0,0,insample,extreme1
cross_scenario,k_medoids,2238747886,17,5.72269e7,7.7365508,SqEuclidean,closemixed,0.0,0,insample,extreme1
cross_scenario,k_medoids,224585247,17,5.72038e7,8.3137344,SqEuclidean,closemixed,0.0,0,insample,extreme1
cross_scenario,k_medoids,2339120676,17,5.72291e7,7.8536875,SqEuclidean,closemixed,0.0,0,insample,extreme1
cross_scenario,k_medoids,3093014142,17,5.72342e7,8.0038773,SqEuclidean,closemixed,0.0,0,insample,extreme1
cross_scenario,k_medoids,3258302586,17,5.72228e7,9.7225913,SqEuclidean,closemixed,0.0,0,insample,extreme1
cross_scenario,k_medoids,3629043986,17,5.7231e7,8.1193732,SqEuclidean,closemixed,0.0,0,insample,extreme1
cross_scenario,k_medoids,1088367163,19,5.72126e7,8.8739144,SqEuclidean,closemixed,0.0,0,insample,extreme1
cross_scenario,k_medoids,1245540782,19,5.72105e7,9.2350105,SqEuclidean,closemixed,0.0,0,insample,extreme1
cross_scenario,k_medoids,2410109332,19,5.72119e7,8.9461344,SqEuclidean,closemixed,0.0,0,insample,extreme1
cross_scenario,k_medoids,2455416769,19,5.72265e7,10.1382726,SqEuclidean,closemixed,0.0,0,insample,extreme1
cross_scenario,k_medoids,2591120440,19,5.72219e7,8.3985709,SqEuclidean,closemixed,0.0,0,insample,extreme1
cross_scenario,k_medoids,2650271871,19,5.72143e7,9.8850802,SqEuclidean,closemixed,0.0,0,insample,extreme1
cross_scenario,k_medoids,2789252227,19,5.72029e7,8.8465496,SqEuclidean,closemixed,0.0,0,insample,extreme1
cross_scenario,k_medoids,3130995382,19,5.72138e7,9.0407453,SqEuclidean,closemixed,0.0,0,insample,extreme1
cross_scenario,k_medoids,3357853995,19,5.72309e7,8.9004556,SqEuclidean,closemixed,0.0,0,insample,extreme1
cross_scenario,k_medoids,824849990,19,5.72099e7,8.5652704,SqEuclidean,closemixed,0.0,0,insample,extreme1
cross_scenario,k_medoids,1244389436,21,5.72002e7,9.8328227,SqEuclidean,closemixed,0.0,0,insample,extreme1
cross_scenario,k_medoids,1393653782,21,5.72038e7,9.4328342,SqEuclidean,closemixed,0.0,0,insample,extreme1
cross_scenario,k_medoids,1761682951,21,5.71949e7,9.9051874,SqEuclidean,closemixed,0.0,0,insample,extreme1
cross_scenario,k_medoids,196162340,21,5.71951e7,9.8929513,SqEuclidean,closemixed,0.0,0,insample,extreme1
cross_scenario,k_medoids,1984034111,21,5.71921e7,9.8560016,SqEuclidean,closemixed,0.0,0,insample,extreme1
cross_scenario,k_medoids,2569047889,21,5.72077e7,9.8501913,SqEuclidean,closemixed,0.0,0,insample,extreme1
cross_scenario,k_medoids,3286463093,21,5.71872e7,9.6993049,SqEuclidean,closemixed,0.0,0,insample,extreme1
cross_scenario,k_medoids,4196464565,21,5.72009e7,9.6302525,SqEuclidean,closemixed,0.0,0,insample,extreme1
cross_scenario,k_medoids,744301781,21,5.72043e7,9.9545071,SqEuclidean,closemixed,0.0,0,insample,extreme1
cross_scenario,k_medoids,760014603,21,5.72006e7,10.4227336,SqEuclidean,closemixed,0.0,0,insample,extreme1
cross_scenario,k_medoids,2193967569,23,5.72098e7,12.1074115,SqEuclidean,closemixed,0.0,0,insample,extreme1
cross_scenario,k_medoids,2546464051,23,5.71998e7,11.5382559,SqEuclidean,closemixed,0.0,0,insample,extreme1
cross_scenario,k_medoids,2938742229,23,5.71797e7,11.1718853,SqEuclidean,closemixed,0.0,0,insample,extreme1
cross_scenario,k_medoids,313447314,23,5.71743e7,12.076468,SqEuclidean,closemixed,0.0,0,insample,extreme1
cross_scenario,k_medoids,3164855826,23,5.72048e7,11.7332412,SqEuclidean,closemixed,0.0,0,insample,extreme1
cross_scenario,k_medoids,3173192974,23,5.71927e7,12.8734687,SqEuclidean,closemixed,0.0,0,insample,extreme1
cross_scenario,k_medoids,3527549645,23,5.72143e7,11.696167,SqEuclidean,closemixed,0.0,0,insample,extreme1
cross_scenario,k_medoids,3913193451,23,5.71997e7,11.7218829,SqEuclidean,closemixed,0.0,0,insample,extreme1
cross_scenario,k_medoids,714332685,23,5.71785e7,10.764932,SqEuclidean,closemixed,0.0,0,insample,extreme1
cross_scenario,k_medoids,890890131,23,5.71959e7,12.2836811,SqEuclidean,closemixed,0.0,0,insample,extreme1
cross_scenario,k_medoids,1134130444,25,5.70573e7,12.5977522,SqEuclidean,closemixed,0.0,0,insample,extreme1
cross_scenario,k_medoids,2658990538,25,5.70595e7,12.244087,SqEuclidean,closemixed,0.0,0,insample,extreme1
cross_scenario,k_medoids,2726541456,25,5.70568e7,13.6720412,SqEuclidean,closemixed,0.0,0,insample,extreme1
cross_scenario,k_medoids,2894918851,25,5.70555e7,13.3466851,SqEuclidean,closemixed,0.0,0,insample,extreme1
cross_scenario,k_medoids,3351175237,25,5.71046e7,12.8887529,SqEuclidean,closemixed,0.0,0,insample,extreme1
cross_scenario,k_medoids,343301208,25,5.70606e7,14.1135784,SqEuclidean,closemixed,0.0,0,insample,extreme1
cross_scenario,k_medoids,4135971217,25,5.70572e7,13.6456533,SqEuclidean,closemixed,0.0,0,insample,extreme1
cross_scenario,k_medoids,4145110716,25,5.70466e7,11.8481335,SqEuclidean,closemixed,0.0,0,insample,extreme1
cross_scenario,k_medoids,448376330,25,5.70646e7,13.3993366,SqEuclidean,closemixed,0.0,0,insample,extreme1
cross_scenario,k_medoids,47449323,25,5.70996e7,12.8352567,SqEuclidean,closemixed,0.0,0,insample,extreme1
cross_scenario,k_medoids,1161276258,27,5.70561e7,13.5860055,SqEuclidean,closemixed,0.0,0,insample,extreme1
cross_scenario,k_medoids,1233541653,27,5.70576e7,16.5621423,SqEuclidean,closemixed,0.0,0,insample,extreme1
cross_scenario,k_medoids,1267936167,27,5.70519e7,14.5873659,SqEuclidean,closemixed,0.0,0,insample,extreme1
cross_scenario,k_medoids,1653248667,27,5.70494e7,14.4429409,SqEuclidean,closemixed,0.0,0,insample,extreme1
cross_scenario,k_medoids,2437521778,27,5.70859e7,16.1911206,SqEuclidean,closemixed,0.0,0,insample,extreme1
cross_scenario,k_medoids,2524306086,27,5.70697e7,13.8854425,SqEuclidean,closemixed,0.0,0,insample,extreme1
cross_scenario,k_medoids,2606414571,27,5.70495e7,14.8510594,SqEuclidean,closemixed,0.0,0,insample,extreme1
cross_scenario,k_medoids,2821296471,27,5.70542e7,14.980928,SqEuclidean,closemixed,0.0,0,insample,extreme1
cross_scenario,k_medoids,3155655383,27,5.70551e7,15.1540568,SqEuclidean,closemixed,0.0,0,insample,extreme1
cross_scenario,k_medoids,463779685,27,5.70564e7,15.5151653,SqEuclidean,closemixed,0.0,0,insample,extreme1
cross_scenario,k_medoids,1113698075,29,5.70678e7,15.4495926,SqEuclidean,closemixed,0.0,0,insample,extreme1
cross_scenario,k_medoids,1125327650,29,5.70391e7,14.5560541,SqEuclidean,closemixed,0.0,0,insample,extreme1
cross_scenario,k_medoids,1398119942,29,5.70372e7,15.1842174,SqEuclidean,closemixed,0.0,0,insample,extreme1
cross_scenario,k_medoids,1669407957,29,5.70153e7,17.2237769,SqEuclidean,closemixed,0.0,0,insample,extreme1
cross_scenario,k_medoids,1792506398,29,5.70423e7,14.4506386,SqEuclidean,closemixed,0.0,0,insample,extreme1
cross_scenario,k_medoids,2439649745,29,5.70067e7,16.9142546,SqEuclidean,closemixed,0.0,0,insample,extreme1
cross_scenario,k_medoids,2730667678,29,5.7043e7,16.0389584,SqEuclidean,closemixed,0.0,0,insample,extreme1
cross_scenario,k_medoids,2843080965,29,5.70477e7,15.451305,SqEuclidean,closemixed,0.0,0,insample,extreme1
cross_scenario,k_medoids,3434031776,29,5.70483e7,17.6247166,SqEuclidean,closemixed,0.0,0,insample,extreme1
cross_scenario,k_medoids,950202798,29,5.70412e7,14.9791393,SqEuclidean,closemixed,0.0,0,insample,extreme1
cross_scenario,k_medoids,1042382051,3,5.95885e7,0.7544607,SqEuclidean,closemixed,0.0,0,insample,extreme1
cross_scenario,k_medoids,1617230705,3,5.95885e7,1.0446796,SqEuclidean,closemixed,0.0,0,insample,extreme1
cross_scenario,k_medoids,1690918982,3,6.07246e7,0.7000886,SqEuclidean,closemixed,0.0,0,insample,extreme1
cross_scenario,k_medoids,2011904635,3,5.95881e7,0.6622622,SqEuclidean,closemixed,0.0,0,insample,extreme1
cross_scenario,k_medoids,208019063,3,5.95885e7,0.7464555,SqEuclidean,closemixed,0.0,0,insample,extreme1
cross_scenario,k_medoids,2175589206,3,5.95885e7,0.706651,SqEuclidean,closemixed,0.0,0,insample,extreme1
cross_scenario,k_medoids,2331872192,3,5.95885e7,0.7403031,SqEuclidean,closemixed,0.0,0,insample,extreme1
cross_scenario,k_medoids,2859914000,3,5.95881e7,0.6799806,SqEuclidean,closemixed,0.0,0,insample,extreme1
cross_scenario,k_medoids,3409952330,3,5.95881e7,0.8226738,SqEuclidean,closemixed,0.0,0,insample,extreme1
cross_scenario,k_medoids,488813374,3,5.95881e7,0.9667877,SqEuclidean,closemixed,0.0,0,insample,extreme1
cross_scenario,k_medoids,1349996306,31,5.69172e7,17.7077407,SqEuclidean,closemixed,0.0,0,insample,extreme1
cross_scenario,k_medoids,1462714024,31,5.69184e7,17.9819983,SqEuclidean,closemixed,0.0,0,insample,extreme1
cross_scenario,k_medoids,1579127763,31,5.69169e7,19.2008182,SqEuclidean,closemixed,0.0,0,insample,extreme1
cross_scenario,k_medoids,1648351254,31,5.69205e7,19.3324884,SqEuclidean,closemixed,0.0,0,insample,extreme1
cross_scenario,k_medoids,2030289235,31,5.69237e7,20.3414129,SqEuclidean,closemixed,0.0,0,insample,extreme1
cross_scenario,k_medoids,2462588561,31,5.69116e7,17.121707,SqEuclidean,closemixed,0.0,0,insample,extreme1
cross_scenario,k_medoids,2929172095,31,5.69192e7,17.111355,SqEuclidean,closemixed,0.0,0,insample,extreme1
cross_scenario,k_medoids,2944528308,31,5.69207e7,17.1286295,SqEuclidean,closemixed,0.0,0,insample,extreme1
cross_scenario,k_medoids,295145311,31,5.69195e7,18.6043747,SqEuclidean,closemixed,0.0,0,insample,extreme1
cross_scenario,k_medoids,3899371692,31,5.69235e7,16.8231304,SqEuclidean,closemixed,0.0,0,insample,extreme1
cross_scenario,k_medoids,1038419084,33,5.69134e7,18.4132164,SqEuclidean,closemixed,0.0,0,insample,extreme1
cross_scenario,k_medoids,1109759726,33,5.69186e7,18.1692272,SqEuclidean,closemixed,0.0,0,insample,extreme1
cross_scenario,k_medoids,1963882461,33,5.69297e7,18.453034,SqEuclidean,closemixed,0.0,0,insample,extreme1
cross_scenario,k_medoids,1989163906,33,5.69171e7,17.4719548,SqEuclidean,closemixed,0.0,0,insample,extreme1
cross_scenario,k_medoids,2479233904,33,5.69155e7,19.5173422,SqEuclidean,closemixed,0.0,0,insample,extreme1
cross_scenario,k_medoids,2497612078,33,5.69184e7,17.4766631,SqEuclidean,closemixed,0.0,0,insample,extreme1
cross_scenario,k_medoids,3214090957,33,5.69174e7,18.697968,SqEuclidean,closemixed,0.0,0,insample,extreme1
cross_scenario,k_medoids,3465092140,33,5.69088e7,17.8305823,SqEuclidean,closemixed,0.0,0,insample,extreme1
cross_scenario,k_medoids,4061834237,33,5.68997e7,19.5805101,SqEuclidean,closemixed,0.0,0,insample,extreme1
cross_scenario,k_medoids,52313467,33,5.69184e7,19.9528489,SqEuclidean,closemixed,0.0,0,insample,extreme1
cross_scenario,k_medoids,1208640119,35,5.6891e7,19.6102408,SqEuclidean,closemixed,0.0,0,insample,extreme1
cross_scenario,k_medoids,1428058240,35,5.69124e7,21.9939162,SqEuclidean,closemixed,0.0,0,insample,extreme1
cross_scenario,k_medoids,15941194,35,5.69152e7,19.6921163,SqEuclidean,closemixed,0.0,0,insample,extreme1
cross_scenario,k_medoids,2213813141,35,5.69109e7,21.4926469,SqEuclidean,closemixed,0.0,0,insample,extreme1
cross_scenario,k_medoids,2291375163,35,5.69115e7,21.6547765,SqEuclidean,closemixed,0.0,0,insample,extreme1
cross_scenario,k_medoids,236500538,35,5.6906e7,21.1412454,SqEuclidean,closemixed,0.0,0,insample,extreme1
cross_scenario,k_medoids,252145784,35,5.69104e7,20.8944435,SqEuclidean,closemixed,0.0,0,insample,extreme1
cross_scenario,k_medoids,2544196106,35,5.6925e7,19.5681723,SqEuclidean,closemixed,0.0,0,insample,extreme1
cross_scenario,k_medoids,2745802022,35,5.69049e7,21.4258353,SqEuclidean,closemixed,0.0,0,insample,extreme1
cross_scenario,k_medoids,3596893902,35,5.69066e7,19.0003735,SqEuclidean,closemixed,0.0,0,insample,extreme1
cross_scenario,k_medoids,1380354363,37,5.69146e7,22.0535679,SqEuclidean,closemixed,0.0,0,insample,extreme1
cross_scenario,k_medoids,3048518942,37,5.69016e7,22.0352897,SqEuclidean,closemixed,0.0,0,insample,extreme1
cross_scenario,k_medoids,3182806193,37,5.69027e7,22.2008756,SqEuclidean,closemixed,0.0,0,insample,extreme1
cross_scenario,k_medoids,3244629827,37,5.69058e7,24.1171094,SqEuclidean,closemixed,0.0,0,insample,extreme1
cross_scenario,k_medoids,3452769998,37,5.68988e7,23.2728897,SqEuclidean,closemixed,0.0,0,insample,extreme1
cross_scenario,k_medoids,4262333788,37,5.69099e7,21.9700048,SqEuclidean,closemixed,0.0,0,insample,extreme1
cross_scenario,k_medoids,45994245,37,5.68934e7,23.2075281,SqEuclidean,closemixed,0.0,0,insample,extreme1
cross_scenario,k_medoids,67569244,37,5.69121e7,21.9392654,SqEuclidean,closemixed,0.0,0,insample,extreme1
cross_scenario,k_medoids,814300562,37,5.68807e7,23.5984581,SqEuclidean,closemixed,0.0,0,insample,extreme1
cross_scenario,k_medoids,870981686,37,5.68965e7,25.0042772,SqEuclidean,closemixed,0.0,0,insample,extreme1
cross_scenario,k_medoids,1129760376,39,5.65161e7,22.9497341,SqEuclidean,closemixed,0.0,0,insample,extreme1
cross_scenario,k_medoids,148104383,39,5.6517e7,24.7952519,SqEuclidean,closemixed,0.0,0,insample,extreme1
cross_scenario,k_medoids,1655289285,39,5.65117e7,24.8857106,SqEuclidean,closemixed,0.0,0,insample,extreme1
cross_scenario,k_medoids,1845695973,39,5.65104e7,24.4038833,SqEuclidean,closemixed,0.0,0,insample,extreme1
cross_scenario,k_medoids,2121257682,39,5.6506e7,25.3251243,SqEuclidean,closemixed,0.0,0,insample,extreme1
cross_scenario,k_medoids,2943233938,39,5.65228e7,25.3238803,SqEuclidean,closemixed,0.0,0,insample,extreme1
cross_scenario,k_medoids,3030918353,39,5.65062e7,25.5085989,SqEuclidean,closemixed,0.0,0,insample,extreme1
cross_scenario,k_medoids,3096268031,39,5.65065e7,24.7325192,SqEuclidean,closemixed,0.0,0,insample,extreme1
cross_scenario,k_medoids,3338611973,39,5.65133e7,25.8125649,SqEuclidean,closemixed,0.0,0,insample,extreme1
cross_scenario,k_medoids,662283236,39,5.65273e7,21.6285894,SqEuclidean,closemixed,0.0,0,insample,extreme1
cross_scenario,k_medoids,1005104349,41,5.61645e7,29.0044966,SqEuclidean,closemixed,0.0,0,insample,extreme1
cross_scenario,k_medoids,1534696584,41,5.61687e7,28.3785664,SqEuclidean,closemixed,0.0,0,insample,extreme1
cross_scenario,k_medoids,225016911,41,5.61681e7,25.2912795,SqEuclidean,closemixed,0.0,0,insample,extreme1
cross_scenario,k_medoids,2317592996,41,5.61712e7,27.9231895,SqEuclidean,closemixed,0.0,0,insample,extreme1
cross_scenario,k_medoids,2716090479,41,5.61635e7,25.3000571,SqEuclidean,closemixed,0.0,0,insample,extreme1
cross_scenario,k_medoids,3258958499,41,5.61603e7,26.6285579,SqEuclidean,closemixed,0.0,0,insample,extreme1
cross_scenario,k_medoids,329433595,41,5.61873e7,28.3357582,SqEuclidean,closemixed,0.0,0,insample,extreme1
cross_scenario,k_medoids,3444774395,41,5.61725e7,25.3954524,SqEuclidean,closemixed,0.0,0,insample,extreme1
cross_scenario,k_medoids,438234340,41,5.61712e7,27.1254346,SqEuclidean,closemixed,0.0,0,insample,extreme1
cross_scenario,k_medoids,953901905,41,5.6172e7,25.024365,SqEuclidean,closemixed,0.0,0,insample,extreme1
cross_scenario,k_medoids,1660595499,5,5.86156e7,1.4013077,SqEuclidean,closemixed,0.0,0,insample,extreme1
cross_scenario,k_medoids,1714105051,5,5.86157e7,1.7088077,SqEuclidean,closemixed,0.0,0,insample,extreme1
cross_scenario,k_medoids,2169593505,5,5.86157e7,1.9358944,SqEuclidean,closemixed,0.0,0,insample,extreme1
cross_scenario,k_medoids,2538991366,5,5.86134e7,1.3643135,SqEuclidean,closemixed,0.0,0,insample,extreme1
cross_scenario,k_medoids,2909674750,5,5.86088e7,1.5450076,SqEuclidean,closemixed,0.0,0,insample,extreme1
cross_scenario,k_medoids,3018546641,5,5.86063e7,1.3437374,SqEuclidean,closemixed,0.0,0,insample,extreme1
cross_scenario,k_medoids,3634057553,5,5.86089e7,1.3925383,SqEuclidean,closemixed,0.0,0,insample,extreme1
cross_scenario,k_medoids,4139823947,5,5.86102e7,1.4526251,SqEuclidean,closemixed,0.0,0,insample,extreme1
cross_scenario,k_medoids,4197766176,5,5.86146e7,1.4420482,SqEuclidean,closemixed,0.0,0,insample,extreme1
cross_scenario,k_medoids,5947179,5,5.86103e7,1.4657623,SqEuclidean,closemixed,0.0,0,insample,extreme1
cross_scenario,k_medoids,1006581332,7,5.79783e7,2.3615729,SqEuclidean,closemixed,0.0,0,insample,extreme1
cross_scenario,k_medoids,1176932870,7,5.79789e7,2.1957186,SqEuclidean,closemixed,0.0,0,insample,extreme1
cross_scenario,k_medoids,1821427372,7,5.79782e7,2.1247612,SqEuclidean,closemixed,0.0,0,insample,extreme1
cross_scenario,k_medoids,2689963385,7,5.79818e7,2.2146455,SqEuclidean,closemixed,0.0,0,insample,extreme1
cross_scenario,k_medoids,2751971336,7,5.79784e7,2.4669897,SqEuclidean,closemixed,0.0,0,insample,extreme1
cross_scenario,k_medoids,3385142830,7,5.7978e7,2.4393468,SqEuclidean,closemixed,0.0,0,insample,extreme1
cross_scenario,k_medoids,3409620994,7,5.79788e7,2.2873959,SqEuclidean,closemixed,0.0,0,insample,extreme1
cross_scenario,k_medoids,447101461,7,5.79817e7,2.0480309,SqEuclidean,closemixed,0.0,0,insample,extreme1
cross_scenario,k_medoids,468006976,7,5.7977e7,2.8057753,SqEuclidean,closemixed,0.0,0,insample,extreme1
cross_scenario,k_medoids,880982686,7,5.79775e7,2.3981251,SqEuclidean,closemixed,0.0,0,insample,extreme1
cross_scenario,k_medoids,1130292821,9,5.76761e7,3.0488642,SqEuclidean,closemixed,0.0,0,insample,extreme1
cross_scenario,k_medoids,1392296365,9,5.76815e7,3.3647074,SqEuclidean,closemixed,0.0,0,insample,extreme1
cross_scenario,k_medoids,2814468992,9,5.76599e7,3.0932808,SqEuclidean,closemixed,0.0,0,insample,extreme1
cross_scenario,k_medoids,3044209910,9,5.7649e7,2.8401112,SqEuclidean,closemixed,0.0,0,insample,extreme1
cross_scenario,k_medoids,3261319673,9,5.76629e7,2.73807,SqEuclidean,closemixed,0.0,0,insample,extreme1
cross_scenario,k_medoids,3543870990,9,5.76735e7,3.3636395,SqEuclidean,closemixed,0.0,0,insample,extreme1
cross_scenario,k_medoids,3602499071,9,5.7676e7,3.0360997,SqEuclidean,closemixed,0.0,0,insample,extreme1
cross_scenario,k_medoids,3926221275,9,5.76757e7,2.9632322,SqEuclidean,closemixed,0.0,0,insample,extreme1
cross_scenario,k_medoids,42413356,9,5.76821e7,3.3356261,SqEuclidean,closemixed,0.0,0,insample,extreme1
cross_scenario,k_medoids,697383862,9,5.76736e7,2.9688968,SqEuclidean,closemixed,0.0,0,insample,extreme1
cross_scenario,k_means,1355586937,11,5.75914e7,3.8949072,CosineDist,closemixed,0.0,0,insample,extreme1
cross_scenario,k_means,1768760743,11,5.75882e7,3.791472,CosineDist,closemixed,0.0,0,insample,extreme1
cross_scenario,k_means,2652796558,11,5.76057e7,3.7802924,CosineDist,closemixed,0.0,0,insample,extreme1
cross_scenario,k_means,3000698040,11,5.75926e7,3.4300588,CosineDist,closemixed,0.0,0,insample,extreme1
cross_scenario,k_means,3160233726,11,5.75893e7,3.6904372,CosineDist,closemixed,0.0,0,insample,extreme1
cross_scenario,k_means,3479820580,11,5.75892e7,3.9499969,CosineDist,closemixed,0.0,0,insample,extreme1
cross_scenario,k_means,3649546841,11,5.75818e7,3.6117106,CosineDist,closemixed,0.0,0,insample,extreme1
cross_scenario,k_means,4031091536,11,5.75942e7,3.8624799,CosineDist,closemixed,0.0,0,insample,extreme1
cross_scenario,k_means,675182737,11,5.75928e7,3.950135,CosineDist,closemixed,0.0,0,insample,extreme1
cross_scenario,k_means,722170199,11,5.75978e7,4.0922251,CosineDist,closemixed,0.0,0,insample,extreme1
cross_scenario,k_means,1020330993,13,5.75631e7,5.106991,CosineDist,closemixed,0.0,0,insample,extreme1
cross_scenario,k_means,1241334511,13,5.75506e7,4.3949379,CosineDist,closemixed,0.0,0,insample,extreme1
cross_scenario,k_means,1561739573,13,5.75353e7,5.1604285,CosineDist,closemixed,0.0,0,insample,extreme1
cross_scenario,k_means,2082789969,13,5.75742e7,4.5611578,CosineDist,closemixed,0.0,0,insample,extreme1
cross_scenario,k_means,2422820678,13,5.75693e7,4.8682224,CosineDist,closemixed,0.0,0,insample,extreme1
cross_scenario,k_means,373102896,13,5.75579e7,5.1366099,CosineDist,closemixed,0.0,0,insample,extreme1
cross_scenario,k_means,3777256655,13,5.75429e7,4.7746391,CosineDist,closemixed,0.0,0,insample,extreme1
cross_scenario,k_means,4101453586,13,5.75694e7,4.4062328,CosineDist,closemixed,0.0,0,insample,extreme1
cross_scenario,k_means,419645993,13,5.75775e7,4.5629739,CosineDist,closemixed,0.0,0,insample,extreme1
cross_scenario,k_means,772616242,13,5.75326e7,4.8987557,CosineDist,closemixed,0.0,0,insample,extreme1
cross_scenario,k_means,1536731824,15,5.72351e7,5.8875873,CosineDist,closemixed,0.0,0,insample,extreme1
cross_scenario,k_means,1944031661,15,5.72557e7,6.0085984,CosineDist,closemixed,0.0,0,insample,extreme1
cross_scenario,k_means,195370354,15,5.72617e7,5.5862027,CosineDist,closemixed,0.0,0,insample,extreme1
cross_scenario,k_means,2392820273,15,5.72452e7,5.8974108,CosineDist,closemixed,0.0,0,insample,extreme1
cross_scenario,k_means,2931326369,15,5.7256e7,5.806087,CosineDist,closemixed,0.0,0,insample,extreme1
cross_scenario,k_means,3012361418,15,5.72475e7,5.6336972,CosineDist,closemixed,0.0,0,insample,extreme1
cross_scenario,k_means,3763622817,15,5.72593e7,5.1654862,CosineDist,closemixed,0.0,0,insample,extreme1
cross_scenario,k_means,3796973136,15,5.72585e7,5.6181579,CosineDist,closemixed,0.0,0,insample,extreme1
cross_scenario,k_means,3815196410,15,5.72459e7,5.5861057,CosineDist,closemixed,0.0,0,insample,extreme1
cross_scenario,k_means,604489562,15,5.72153e7,5.4963915,CosineDist,closemixed,0.0,0,insample,extreme1
cross_scenario,k_means,1587347134,17,5.72346e7,6.9432787,CosineDist,closemixed,0.0,0,insample,extreme1
cross_scenario,k_means,186564236,17,5.72244e7,7.1687461,CosineDist,closemixed,0.0,0,insample,extreme1
cross_scenario,k_means,2166881926,17,5.72102e7,6.3599739,CosineDist,closemixed,0.0,0,insample,extreme1
cross_scenario,k_means,2186186592,17,5.72226e7,6.0132899,CosineDist,closemixed,0.0,0,insample,extreme1
cross_scenario,k_means,2238747886,17,5.72122e7,7.278956,CosineDist,closemixed,0.0,0,insample,extreme1
cross_scenario,k_means,224585247,17,5.72382e7,6.363988,CosineDist,closemixed,0.0,0,insample,extreme1
cross_scenario,k_means,2339120676,17,5.72329e7,6.5666346,CosineDist,closemixed,0.0,0,insample,extreme1
cross_scenario,k_means,3093014142,17,5.72263e7,6.8872212,CosineDist,closemixed,0.0,0,insample,extreme1
cross_scenario,k_means,3258302586,17,5.72232e7,7.2020364,CosineDist,closemixed,0.0,0,insample,extreme1
cross_scenario,k_means,3629043986,17,5.72304e7,5.8611944,CosineDist,closemixed,0.0,0,insample,extreme1
cross_scenario,k_means,1088367163,19,5.72184e7,8.1293918,CosineDist,closemixed,0.0,0,insample,extreme1
cross_scenario,k_means,1245540782,19,5.72135e7,7.7361006,CosineDist,closemixed,0.0,0,insample,extreme1
cross_scenario,k_means,2410109332,19,5.72001e7,8.2999238,CosineDist,closemixed,0.0,0,insample,extreme1
cross_scenario,k_means,2455416769,19,5.72298e7,7.8989071,CosineDist,closemixed,0.0,0,insample,extreme1
cross_scenario,k_means,2591120440,19,5.72039e7,7.8873213,CosineDist,closemixed,0.0,0,insample,extreme1
cross_scenario,k_means,2650271871,19,5.71957e7,8.6103445,CosineDist,closemixed,0.0,0,insample,extreme1
cross_scenario,k_means,2789252227,19,5.72194e7,8.2011757,CosineDist,closemixed,0.0,0,insample,extreme1
cross_scenario,k_means,3130995382,19,5.72297e7,8.5768282,CosineDist,closemixed,0.0,0,insample,extreme1
cross_scenario,k_means,3357853995,19,5.72066e7,8.7181894,CosineDist,closemixed,0.0,0,insample,extreme1
cross_scenario,k_means,824849990,19,5.7218e7,7.5350085,CosineDist,closemixed,0.0,0,insample,extreme1
cross_scenario,k_means,1244389436,21,5.72083e7,11.2492842,CosineDist,closemixed,0.0,0,insample,extreme1
cross_scenario,k_means,1393653782,21,5.71876e7,9.9759731,CosineDist,closemixed,0.0,0,insample,extreme1
cross_scenario,k_means,1761682951,21,5.71712e7,10.4118053,CosineDist,closemixed,0.0,0,insample,extreme1
cross_scenario,k_means,196162340,21,5.71795e7,10.3185353,CosineDist,closemixed,0.0,0,insample,extreme1
cross_scenario,k_means,1984034111,21,5.72161e7,10.284917,CosineDist,closemixed,0.0,0,insample,extreme1
cross_scenario,k_means,2569047889,21,5.72043e7,10.6562611,CosineDist,closemixed,0.0,0,insample,extreme1
cross_scenario,k_means,3286463093,21,5.72096e7,10.331983,CosineDist,closemixed,0.0,0,insample,extreme1
cross_scenario,k_means,4196464565,21,5.72214e7,10.0068239,CosineDist,closemixed,0.0,0,insample,extreme1
cross_scenario,k_means,744301781,21,5.71847e7,10.7252029,CosineDist,closemixed,0.0,0,insample,extreme1
cross_scenario,k_means,760014603,21,5.71996e7,10.8797569,CosineDist,closemixed,0.0,0,insample,extreme1
cross_scenario,k_means,2193967569,23,5.71815e7,13.847887,CosineDist,closemixed,0.0,0,insample,extreme1
cross_scenario,k_means,2546464051,23,5.71623e7,14.2626719,CosineDist,closemixed,0.0,0,insample,extreme1
cross_scenario,k_means,2938742229,23,5.71639e7,12.9231097,CosineDist,closemixed,0.0,0,insample,extreme1
cross_scenario,k_means,313447314,23,5.71815e7,10.8357025,CosineDist,closemixed,0.0,0,insample,extreme1
cross_scenario,k_means,3164855826,23,5.7205e7,12.6128596,CosineDist,closemixed,0.0,0,insample,extreme1
cross_scenario,k_means,3173192974,23,5.71783e7,12.2512513,CosineDist,closemixed,0.0,0,insample,extreme1
cross_scenario,k_means,3527549645,23,5.7164e7,13.0174322,CosineDist,closemixed,0.0,0,insample,extreme1
cross_scenario,k_means,3913193451,23,5.71671e7,12.7430789,CosineDist,closemixed,0.0,0,insample,extreme1
cross_scenario,k_means,714332685,23,5.71894e7,12.5897494,CosineDist,closemixed,0.0,0,insample,extreme1
cross_scenario,k_means,890890131,23,5.71505e7,11.4870505,CosineDist,closemixed,0.0,0,insample,extreme1
cross_scenario,k_means,1134130444,25,5.70554e7,12.6010905,CosineDist,closemixed,0.0,0,insample,extreme1
cross_scenario,k_means,2658990538,25,5.70668e7,12.3107273,CosineDist,closemixed,0.0,0,insample,extreme1
cross_scenario,k_means,2726541456,25,5.70573e7,13.6071414,CosineDist,closemixed,0.0,0,insample,extreme1
cross_scenario,k_means,2894918851,25,5.70541e7,12.6710502,CosineDist,closemixed,0.0,0,insample,extreme1
cross_scenario,k_means,3351175237,25,5.70655e7,13.9404264,CosineDist,closemixed,0.0,0,insample,extreme1
cross_scenario,k_means,343301208,25,5.70511e7,13.4801992,CosineDist,closemixed,0.0,0,insample,extreme1
cross_scenario,k_means,4135971217,25,5.70578e7,13.4285844,CosineDist,closemixed,0.0,0,insample,extreme1
cross_scenario,k_means,4145110716,25,5.70597e7,12.3424942,CosineDist,closemixed,0.0,0,insample,extreme1
cross_scenario,k_means,448376330,25,5.7058e7,15.1637654,CosineDist,closemixed,0.0,0,insample,extreme1
cross_scenario,k_means,47449323,25,5.70503e7,13.4470614,CosineDist,closemixed,0.0,0,insample,extreme1
cross_scenario,k_means,1161276258,27,5.70527e7,15.7754472,CosineDist,closemixed,0.0,0,insample,extreme1
cross_scenario,k_means,1233541653,27,5.70528e7,14.050333,CosineDist,closemixed,0.0,0,insample,extreme1
cross_scenario,k_means,1267936167,27,5.70635e7,13.3879846,CosineDist,closemixed,0.0,0,insample,extreme1
cross_scenario,k_means,1653248667,27,5.70507e7,15.0066936,CosineDist,closemixed,0.0,0,insample,extreme1
cross_scenario,k_means,2437521778,27,5.70579e7,14.3878226,CosineDist,closemixed,0.0,0,insample,extreme1
cross_scenario,k_means,2524306086,27,5.70616e7,14.0757337,CosineDist,closemixed,0.0,0,insample,extreme1
cross_scenario,k_means,2606414571,27,5.70619e7,14.8414353,CosineDist,closemixed,0.0,0,insample,extreme1
cross_scenario,k_means,2821296471,27,5.7065e7,14.4691529,CosineDist,closemixed,0.0,0,insample,extreme1
cross_scenario,k_means,3155655383,27,5.70539e7,13.7026286,CosineDist,closemixed,0.0,0,insample,extreme1
cross_scenario,k_means,463779685,27,5.70576e7,14.2251087,CosineDist,closemixed,0.0,0,insample,extreme1
cross_scenario,k_means,1113698075,29,5.70413e7,14.2793889,CosineDist,closemixed,0.0,0,insample,extreme1
cross_scenario,k_means,1125327650,29,5.70376e7,15.9060603,CosineDist,closemixed,0.0,0,insample,extreme1
cross_scenario,k_means,1398119942,29,5.7036e7,15.0717709,CosineDist,closemixed,0.0,0,insample,extreme1
cross_scenario,k_means,1669407957,29,5.70289e7,14.915304,CosineDist,closemixed,0.0,0,insample,extreme1
cross_scenario,k_means,1792506398,29,5.70255e7,14.331564,CosineDist,closemixed,0.0,0,insample,extreme1
cross_scenario,k_means,2439649745,29,5.7013e7,15.4106886,CosineDist,closemixed,0.0,0,insample,extreme1
cross_scenario,k_means,2730667678,29,5.70214e7,16.0310645,CosineDist,closemixed,0.0,0,insample,extreme1
cross_scenario,k_means,2843080965,29,5.70369e7,16.1640835,CosineDist,closemixed,0.0,0,insample,extreme1
cross_scenario,k_means,3434031776,29,5.70464e7,13.9329624,CosineDist,closemixed,0.0,0,insample,extreme1
cross_scenario,k_means,950202798,29,5.70342e7,16.3403718,CosineDist,closemixed,0.0,0,insample,extreme1
cross_scenario,k_means,1042382051,3,5.95028e7,0.5724023,CosineDist,closemixed,0.0,0,insample,extreme1
cross_scenario,k_means,1617230705,3,6.04913e7,0.5778312,CosineDist,closemixed,0.0,0,insample,extreme1
cross_scenario,k_means,1690918982,3,5.96105e7,0.6877093,CosineDist,closemixed,0.0,0,insample,extreme1
cross_scenario,k_means,2011904635,3,5.96105e7,0.6624516,CosineDist,closemixed,0.0,0,insample,extreme1
cross_scenario,k_means,208019063,3,5.95028e7,0.6055104,CosineDist,closemixed,0.0,0,insample,extreme1
cross_scenario,k_means,2175589206,3,5.95028e7,0.5642974,CosineDist,closemixed,0.0,0,insample,extreme1
cross_scenario,k_means,2331872192,3,5.95028e7,0.8862529,CosineDist,closemixed,0.0,0,insample,extreme1
cross_scenario,k_means,2859914000,3,5.95028e7,0.9601265,CosineDist,closemixed,0.0,0,insample,extreme1
cross_scenario,k_means,3409952330,3,5.95028e7,0.5566853,CosineDist,closemixed,0.0,0,insample,extreme1
cross_scenario,k_means,488813374,3,5.95028e7,0.6839402,CosineDist,closemixed,0.0,0,insample,extreme1
cross_scenario,k_means,1349996306,31,5.69313e7,15.7651396,CosineDist,closemixed,0.0,0,insample,extreme1
cross_scenario,k_means,1462714024,31,5.69177e7,17.0330255,CosineDist,closemixed,0.0,0,insample,extreme1
cross_scenario,k_means,1579127763,31,5.69287e7,16.7765614,CosineDist,closemixed,0.0,0,insample,extreme1
cross_scenario,k_means,1648351254,31,5.69185e7,15.7267884,CosineDist,closemixed,0.0,0,insample,extreme1
cross_scenario,k_means,2030289235,31,5.69193e7,17.0011449,CosineDist,closemixed,0.0,0,insample,extreme1
cross_scenario,k_means,2462588561,31,5.69249e7,17.8415464,CosineDist,closemixed,0.0,0,insample,extreme1
cross_scenario,k_means,2929172095,31,5.69234e7,16.7857578,CosineDist,closemixed,0.0,0,insample,extreme1
cross_scenario,k_means,2944528308,31,5.69284e7,16.3791494,CosineDist,closemixed,0.0,0,insample,extreme1
cross_scenario,k_means,295145311,31,5.6922e7,13.6950384,CosineDist,closemixed,0.0,0,insample,extreme1
cross_scenario,k_means,3899371692,31,5.69358e7,14.9630541,CosineDist,closemixed,0.0,0,insample,extreme1
cross_scenario,k_means,1038419084,33,5.69298e7,19.4321081,CosineDist,closemixed,0.0,0,insample,extreme1
cross_scenario,k_means,1109759726,33,5.69092e7,18.426936,CosineDist,closemixed,0.0,0,insample,extreme1
cross_scenario,k_means,1963882461,33,5.69246e7,18.6243194,CosineDist,closemixed,0.0,0,insample,extreme1
cross_scenario,k_means,1989163906,33,5.69152e7,18.7665004,CosineDist,closemixed,0.0,0,insample,extreme1
cross_scenario,k_means,2479233904,33,5.69195e7,18.8055312,CosineDist,closemixed,0.0,0,insample,extreme1
cross_scenario,k_means,2497612078,33,5.69111e7,17.2103985,CosineDist,closemixed,0.0,0,insample,extreme1
cross_scenario,k_means,3214090957,33,5.69276e7,17.5212993,CosineDist,closemixed,0.0,0,insample,extreme1
cross_scenario,k_means,3465092140,33,5.69231e7,18.8108441,CosineDist,closemixed,0.0,0,insample,extreme1
cross_scenario,k_means,4061834237,33,5.69161e7,18.5549543,CosineDist,closemixed,0.0,0,insample,extreme1
cross_scenario,k_means,52313467,33,5.6921e7,18.529743,CosineDist,closemixed,0.0,0,insample,extreme1
cross_scenario,k_means,1208640119,35,5.69115e7,20.7108442,CosineDist,closemixed,0.0,0,insample,extreme1
cross_scenario,k_means,1428058240,35,5.69091e7,20.5017106,CosineDist,closemixed,0.0,0,insample,extreme1
cross_scenario,k_means,15941194,35,5.69099e7,18.3049547,CosineDist,closemixed,0.0,0,insample,extreme1
cross_scenario,k_means,2213813141,35,5.69102e7,19.1841305,CosineDist,closemixed,0.0,0,insample,extreme1
cross_scenario,k_means,2291375163,35,5.69071e7,20.2061491,CosineDist,closemixed,0.0,0,insample,extreme1
cross_scenario,k_means,236500538,35,5.69039e7,19.3424801,CosineDist,closemixed,0.0,0,insample,extreme1
cross_scenario,k_means,252145784,35,5.69099e7,19.5542427,CosineDist,closemixed,0.0,0,insample,extreme1
cross_scenario,k_means,2544196106,35,5.69204e7,20.2511885,CosineDist,closemixed,0.0,0,insample,extreme1
cross_scenario,k_means,2745802022,35,5.69165e7,20.603709,CosineDist,closemixed,0.0,0,insample,extreme1
cross_scenario,k_means,3596893902,35,5.69096e7,18.4732302,CosineDist,closemixed,0.0,0,insample,extreme1
cross_scenario,k_means,1380354363,37,5.69133e7,18.945621,CosineDist,closemixed,0.0,0,insample,extreme1
cross_scenario,k_means,3048518942,37,5.69107e7,18.8635342,CosineDist,closemixed,0.0,0,insample,extreme1
cross_scenario,k_means,3182806193,37,5.69032e7,18.9237123,CosineDist,closemixed,0.0,0,insample,extreme1
cross_scenario,k_means,3244629827,37,5.69063e7,20.7824518,CosineDist,closemixed,0.0,0,insample,extreme1
cross_scenario,k_means,3452769998,37,5.69193e7,20.4242101,CosineDist,closemixed,0.0,0,insample,extreme1
cross_scenario,k_means,4262333788,37,5.69129e7,19.8443204,CosineDist,closemixed,0.0,0,insample,extreme1
cross_scenario,k_means,45994245,37,5.69125e7,20.8609276,CosineDist,closemixed,0.0,0,insample,extreme1
cross_scenario,k_means,67569244,37,5.69164e7,18.0630674,CosineDist,closemixed,0.0,0,insample,extreme1
cross_scenario,k_means,814300562,37,5.69137e7,19.0344465,CosineDist,closemixed,0.0,0,insample,extreme1
cross_scenario,k_means,870981686,37,5.68998e7,19.6981956,CosineDist,closemixed,0.0,0,insample,extreme1
cross_scenario,k_means,1129760376,39,5.65143e7,20.9608144,CosineDist,closemixed,0.0,0,insample,extreme1
cross_scenario,k_means,148104383,39,5.65115e7,25.0279727,CosineDist,closemixed,0.0,0,insample,extreme1
cross_scenario,k_means,1655289285,39,5.6509e7,21.5948216,CosineDist,closemixed,0.0,0,insample,extreme1
cross_scenario,k_means,1845695973,39,5.65106e7,23.8914799,CosineDist,closemixed,0.0,0,insample,extreme1
cross_scenario,k_means,2121257682,39,5.6506e7,28.0380929,CosineDist,closemixed,0.0,0,insample,extreme1
cross_scenario,k_means,2943233938,39,5.65236e7,25.2797211,CosineDist,closemixed,0.0,0,insample,extreme1
cross_scenario,k_means,3030918353,39,5.65107e7,22.783796,CosineDist,closemixed,0.0,0,insample,extreme1
cross_scenario,k_means,3096268031,39,5.65037e7,23.110387,CosineDist,closemixed,0.0,0,insample,extreme1
cross_scenario,k_means,3338611973,39,5.65125e7,23.4908591,CosineDist,closemixed,0.0,0,insample,extreme1
cross_scenario,k_means,662283236,39,5.65343e7,24.7564701,CosineDist,closemixed,0.0,0,insample,extreme1
cross_scenario,k_means,1005104349,41,5.61677e7,23.7028788,CosineDist,closemixed,0.0,0,insample,extreme1
cross_scenario,k_means,1534696584,41,5.61737e7,26.3294656,CosineDist,closemixed,0.0,0,insample,extreme1
cross_scenario,k_means,225016911,41,5.61807e7,25.3392219,CosineDist,closemixed,0.0,0,insample,extreme1
cross_scenario,k_means,2317592996,41,5.61676e7,25.9445705,CosineDist,closemixed,0.0,0,insample,extreme1
cross_scenario,k_means,2716090479,41,5.6167e7,26.9416565,CosineDist,closemixed,0.0,0,insample,extreme1
cross_scenario,k_means,3258958499,41,5.61751e7,24.8358136,CosineDist,closemixed,0.0,0,insample,extreme1
cross_scenario,k_means,329433595,41,5.61849e7,25.6560212,CosineDist,closemixed,0.0,0,insample,extreme1
cross_scenario,k_means,3444774395,41,5.61853e7,26.7713821,CosineDist,closemixed,0.0,0,insample,extreme1
cross_scenario,k_means,438234340,41,5.6178e7,26.2030712,CosineDist,closemixed,0.0,0,insample,extreme1
cross_scenario,k_means,953901905,41,5.61883e7,24.5305441,CosineDist,closemixed,0.0,0,insample,extreme1
cross_scenario,k_means,1660595499,5,5.85787e7,1.3651249,CosineDist,closemixed,0.0,0,insample,extreme1
cross_scenario,k_means,1714105051,5,5.85862e7,1.3729754,CosineDist,closemixed,0.0,0,insample,extreme1
cross_scenario,k_means,2169593505,5,5.85814e7,1.3102056,CosineDist,closemixed,0.0,0,insample,extreme1
cross_scenario,k_means,2538991366,5,5.85609e7,1.7533793,CosineDist,closemixed,0.0,0,insample,extreme1
cross_scenario,k_means,2909674750,5,5.85774e7,1.3438129,CosineDist,closemixed,0.0,0,insample,extreme1
cross_scenario,k_means,3018546641,5,5.86032e7,1.7219468,CosineDist,closemixed,0.0,0,insample,extreme1
cross_scenario,k_means,3634057553,5,5.8581e7,1.7720594,CosineDist,closemixed,0.0,0,insample,extreme1
cross_scenario,k_means,4139823947,5,5.8582e7,1.3978327,CosineDist,closemixed,0.0,0,insample,extreme1
cross_scenario,k_means,4197766176,5,5.85859e7,1.3870694,CosineDist,closemixed,0.0,0,insample,extreme1
cross_scenario,k_means,5947179,5,5.85863e7,1.3286325,CosineDist,closemixed,0.0,0,insample,extreme1
cross_scenario,k_means,1006581332,7,5.80026e7,2.1203644,CosineDist,closemixed,0.0,0,insample,extreme1
cross_scenario,k_means,1176932870,7,5.79735e7,2.168844,CosineDist,closemixed,0.0,0,insample,extreme1
cross_scenario,k_means,1821427372,7,5.80152e7,2.2375592,CosineDist,closemixed,0.0,0,insample,extreme1
cross_scenario,k_means,2689963385,7,5.7999e7,2.1892748,CosineDist,closemixed,0.0,0,insample,extreme1
cross_scenario,k_means,2751971336,7,5.80004e7,2.5677409,CosineDist,closemixed,0.0,0,insample,extreme1
cross_scenario,k_means,3385142830,7,5.80012e7,2.1660428,CosineDist,closemixed,0.0,0,insample,extreme1
cross_scenario,k_means,3409620994,7,5.80015e7,2.2225735,CosineDist,closemixed,0.0,0,insample,extreme1
cross_scenario,k_means,447101461,7,5.79998e7,2.1348892,CosineDist,closemixed,0.0,0,insample,extreme1
cross_scenario,k_means,468006976,7,5.79994e7,2.1496452,CosineDist,closemixed,0.0,0,insample,extreme1
cross_scenario,k_means,880982686,7,5.79858e7,2.4971079,CosineDist,closemixed,0.0,0,insample,extreme1
cross_scenario,k_means,1130292821,9,5.76945e7,2.9474883,CosineDist,closemixed,0.0,0,insample,extreme1
cross_scenario,k_means,1392296365,9,5.76645e7,2.7913418,CosineDist,closemixed,0.0,0,insample,extreme1
cross_scenario,k_means,2814468992,9,5.76875e7,3.3151982,CosineDist,closemixed,0.0,0,insample,extreme1
cross_scenario,k_means,3044209910,9,5.77126e7,2.8465796,CosineDist,closemixed,0.0,0,insample,extreme1
cross_scenario,k_means,3261319673,9,5.76941e7,2.9749577,CosineDist,closemixed,0.0,0,insample,extreme1
cross_scenario,k_means,3543870990,9,5.7659e7,2.8387985,CosineDist,closemixed,0.0,0,insample,extreme1
cross_scenario,k_means,3602499071,9,5.76592e7,3.1557219,CosineDist,closemixed,0.0,0,insample,extreme1
cross_scenario,k_means,3926221275,9,5.76876e7,2.9924281,CosineDist,closemixed,0.0,0,insample,extreme1
cross_scenario,k_means,42413356,9,5.77368e7,3.119895,CosineDist,closemixed,0.0,0,insample,extreme1
cross_scenario,k_means,697383862,9,5.76865e7,2.9938383,CosineDist,closemixed,0.0,0,insample,extreme1
cross_scenario,k_means,1355586937,11,5.7592e7,3.7211024,SqEuclidean,closemixed,0.0,0,insample,extreme1
cross_scenario,k_means,1768760743,11,5.75907e7,3.4473728,SqEuclidean,closemixed,0.0,0,insample,extreme1
cross_scenario,k_means,2652796558,11,5.76046e7,3.4349667,SqEuclidean,closemixed,0.0,0,insample,extreme1
cross_scenario,k_means,3000698040,11,5.76072e7,4.0486978,SqEuclidean,closemixed,0.0,0,insample,extreme1
cross_scenario,k_means,3160233726,11,5.76092e7,3.6477052,SqEuclidean,closemixed,0.0,0,insample,extreme1
cross_scenario,k_means,3479820580,11,5.75927e7,3.7003032,SqEuclidean,closemixed,0.0,0,insample,extreme1
cross_scenario,k_means,3649546841,11,5.7583e7,3.9900412,SqEuclidean,closemixed,0.0,0,insample,extreme1
cross_scenario,k_means,4031091536,11,5.75997e7,3.6520967,SqEuclidean,closemixed,0.0,0,insample,extreme1
cross_scenario,k_means,675182737,11,5.7577e7,3.3510528,SqEuclidean,closemixed,0.0,0,insample,extreme1
cross_scenario,k_means,722170199,11,5.75888e7,3.5641393,SqEuclidean,closemixed,0.0,0,insample,extreme1
cross_scenario,k_means,1020330993,13,5.75694e7,5.3513317,SqEuclidean,closemixed,0.0,0,insample,extreme1
cross_scenario,k_means,1241334511,13,5.75482e7,4.4975107,SqEuclidean,closemixed,0.0,0,insample,extreme1
cross_scenario,k_means,1561739573,13,5.75549e7,4.9425246,SqEuclidean,closemixed,0.0,0,insample,extreme1
cross_scenario,k_means,2082789969,13,5.75508e7,4.9117421,SqEuclidean,closemixed,0.0,0,insample,extreme1
cross_scenario,k_means,2422820678,13,5.75663e7,4.8135651,SqEuclidean,closemixed,0.0,0,insample,extreme1
cross_scenario,k_means,373102896,13,5.7545e7,5.2767131,SqEuclidean,closemixed,0.0,0,insample,extreme1
cross_scenario,k_means,3777256655,13,5.75597e7,5.0765995,SqEuclidean,closemixed,0.0,0,insample,extreme1
cross_scenario,k_means,4101453586,13,5.75626e7,4.5452733,SqEuclidean,closemixed,0.0,0,insample,extreme1
cross_scenario,k_means,419645993,13,5.75668e7,4.9176883,SqEuclidean,closemixed,0.0,0,insample,extreme1
cross_scenario,k_means,772616242,13,5.75322e7,5.4750205,SqEuclidean,closemixed,0.0,0,insample,extreme1
cross_scenario,k_means,1536731824,15,5.72365e7,6.077906,SqEuclidean,closemixed,0.0,0,insample,extreme1
cross_scenario,k_means,1944031661,15,5.7253e7,6.1836586,SqEuclidean,closemixed,0.0,0,insample,extreme1
cross_scenario,k_means,195370354,15,5.72497e7,5.9966042,SqEuclidean,closemixed,0.0,0,insample,extreme1
cross_scenario,k_means,2392820273,15,5.72511e7,6.5254492,SqEuclidean,closemixed,0.0,0,insample,extreme1
cross_scenario,k_means,2931326369,15,5.72547e7,6.1754818,SqEuclidean,closemixed,0.0,0,insample,extreme1
cross_scenario,k_means,3012361418,15,5.72525e7,6.2468069,SqEuclidean,closemixed,0.0,0,insample,extreme1
cross_scenario,k_means,3763622817,15,5.72716e7,5.6699646,SqEuclidean,closemixed,0.0,0,insample,extreme1
cross_scenario,k_means,3796973136,15,5.72633e7,6.3585896,SqEuclidean,closemixed,0.0,0,insample,extreme1
cross_scenario,k_means,3815196410,15,5.72522e7,6.6806678,SqEuclidean,closemixed,0.0,0,insample,extreme1
cross_scenario,k_means,604489562,15,5.72269e7,6.8513871,SqEuclidean,closemixed,0.0,0,insample,extreme1
cross_scenario,k_means,1587347134,17,5.72309e7,7.2715353,SqEuclidean,closemixed,0.0,0,insample,extreme1
cross_scenario,k_means,186564236,17,5.72243e7,7.383961,SqEuclidean,closemixed,0.0,0,insample,extreme1
cross_scenario,k_means,2166881926,17,5.72291e7,7.7954966,SqEuclidean,closemixed,0.0,0,insample,extreme1
cross_scenario,k_means,2186186592,17,5.72206e7,6.4800774,SqEuclidean,closemixed,0.0,0,insample,extreme1
cross_scenario,k_means,2238747886,17,5.72237e7,7.3818438,SqEuclidean,closemixed,0.0,0,insample,extreme1
cross_scenario,k_means,224585247,17,5.72378e7,7.2546562,SqEuclidean,closemixed,0.0,0,insample,extreme1
cross_scenario,k_means,2339120676,17,5.72325e7,6.9332744,SqEuclidean,closemixed,0.0,0,insample,extreme1
cross_scenario,k_means,3093014142,17,5.72227e7,7.2742367,SqEuclidean,closemixed,0.0,0,insample,extreme1
cross_scenario,k_means,3258302586,17,5.72247e7,6.7971403,SqEuclidean,closemixed,0.0,0,insample,extreme1
cross_scenario,k_means,3629043986,17,5.72239e7,6.4562804,SqEuclidean,closemixed,0.0,0,insample,extreme1
cross_scenario,k_means,1088367163,19,5.72217e7,7.9364414,SqEuclidean,closemixed,0.0,0,insample,extreme1
cross_scenario,k_means,1245540782,19,5.72155e7,9.3482852,SqEuclidean,closemixed,0.0,0,insample,extreme1
cross_scenario,k_means,2410109332,19,5.72125e7,9.3487557,SqEuclidean,closemixed,0.0,0,insample,extreme1
cross_scenario,k_means,2455416769,19,5.72411e7,9.1435109,SqEuclidean,closemixed,0.0,0,insample,extreme1
cross_scenario,k_means,2591120440,19,5.72226e7,9.4841639,SqEuclidean,closemixed,0.0,0,insample,extreme1
cross_scenario,k_means,2650271871,19,5.72036e7,9.1176691,SqEuclidean,closemixed,0.0,0,insample,extreme1
cross_scenario,k_means,2789252227,19,5.72198e7,10.20257,SqEuclidean,closemixed,0.0,0,insample,extreme1
cross_scenario,k_means,3130995382,19,5.72342e7,8.3596322,SqEuclidean,closemixed,0.0,0,insample,extreme1
cross_scenario,k_means,3357853995,19,5.72092e7,8.1154503,SqEuclidean,closemixed,0.0,0,insample,extreme1
cross_scenario,k_means,824849990,19,5.72217e7,9.0465727,SqEuclidean,closemixed,0.0,0,insample,extreme1
cross_scenario,k_means,1244389436,21,5.72058e7,10.0428956,SqEuclidean,closemixed,0.0,0,insample,extreme1
cross_scenario,k_means,1393653782,21,5.71997e7,11.6003349,SqEuclidean,closemixed,0.0,0,insample,extreme1
cross_scenario,k_means,1761682951,21,5.7172e7,10.7918154,SqEuclidean,closemixed,0.0,0,insample,extreme1
cross_scenario,k_means,196162340,21,5.71782e7,9.7747765,SqEuclidean,closemixed,0.0,0,insample,extreme1
cross_scenario,k_means,1984034111,21,5.72069e7,10.105217,SqEuclidean,closemixed,0.0,0,insample,extreme1
cross_scenario,k_means,2569047889,21,5.71887e7,9.8753673,SqEuclidean,closemixed,0.0,0,insample,extreme1
cross_scenario,k_means,3286463093,21,5.72112e7,10.1187706,SqEuclidean,closemixed,0.0,0,insample,extreme1
cross_scenario,k_means,4196464565,21,5.7221e7,10.7559567,SqEuclidean,closemixed,0.0,0,insample,extreme1
cross_scenario,k_means,744301781,21,5.71772e7,11.3608369,SqEuclidean,closemixed,0.0,0,insample,extreme1
cross_scenario,k_means,760014603,21,5.72127e7,10.2641173,SqEuclidean,closemixed,0.0,0,insample,extreme1
cross_scenario,k_means,2193967569,23,5.71629e7,11.6846809,SqEuclidean,closemixed,0.0,0,insample,extreme1
cross_scenario,k_means,2546464051,23,5.71614e7,11.5247302,SqEuclidean,closemixed,0.0,0,insample,extreme1
cross_scenario,k_means,2938742229,23,5.71538e7,10.7145149,SqEuclidean,closemixed,0.0,0,insample,extreme1
cross_scenario,k_means,313447314,23,5.71844e7,10.7109908,SqEuclidean,closemixed,0.0,0,insample,extreme1
cross_scenario,k_means,3164855826,23,5.7205e7,10.4767462,SqEuclidean,closemixed,0.0,0,insample,extreme1
cross_scenario,k_means,3173192974,23,5.71788e7,10.5971935,SqEuclidean,closemixed,0.0,0,insample,extreme1
cross_scenario,k_means,3527549645,23,5.71644e7,11.9548526,SqEuclidean,closemixed,0.0,0,insample,extreme1
cross_scenario,k_means,3913193451,23,5.71578e7,9.6474377,SqEuclidean,closemixed,0.0,0,insample,extreme1
cross_scenario,k_means,714332685,23,5.71818e7,10.7412912,SqEuclidean,closemixed,0.0,0,insample,extreme1
cross_scenario,k_means,890890131,23,5.71498e7,9.5103167,SqEuclidean,closemixed,0.0,0,insample,extreme1
cross_scenario,k_means,1134130444,25,5.7054e7,13.842608,SqEuclidean,closemixed,0.0,0,insample,extreme1
cross_scenario,k_means,2658990538,25,5.7066e7,11.7558016,SqEuclidean,closemixed,0.0,0,insample,extreme1
cross_scenario,k_means,2726541456,25,5.70558e7,12.0498787,SqEuclidean,closemixed,0.0,0,insample,extreme1
cross_scenario,k_means,2894918851,25,5.70547e7,11.1713821,SqEuclidean,closemixed,0.0,0,insample,extreme1
cross_scenario,k_means,3351175237,25,5.70577e7,12.3424842,SqEuclidean,closemixed,0.0,0,insample,extreme1
cross_scenario,k_means,343301208,25,5.70612e7,11.3137073,SqEuclidean,closemixed,0.0,0,insample,extreme1
cross_scenario,k_means,4135971217,25,5.7056e7,11.9137887,SqEuclidean,closemixed,0.0,0,insample,extreme1
cross_scenario,k_means,4145110716,25,5.70571e7,12.0088904,SqEuclidean,closemixed,0.0,0,insample,extreme1
cross_scenario,k_means,448376330,25,5.70564e7,10.838429,SqEuclidean,closemixed,0.0,0,insample,extreme1
cross_scenario,k_means,47449323,25,5.70504e7,12.6505439,SqEuclidean,closemixed,0.0,0,insample,extreme1
cross_scenario,k_means,1161276258,27,5.70499e7,13.4902352,SqEuclidean,closemixed,0.0,0,insample,extreme1
cross_scenario,k_means,1233541653,27,5.70542e7,11.8257249,SqEuclidean,closemixed,0.0,0,insample,extreme1
cross_scenario,k_means,1267936167,27,5.70689e7,13.3242247,SqEuclidean,closemixed,0.0,0,insample,extreme1
cross_scenario,k_means,1653248667,27,5.70518e7,13.3611271,SqEuclidean,closemixed,0.0,0,insample,extreme1
cross_scenario,k_means,2437521778,27,5.70647e7,13.2446897,SqEuclidean,closemixed,0.0,0,insample,extreme1
cross_scenario,k_means,2524306086,27,5.70604e7,11.3262096,SqEuclidean,closemixed,0.0,0,insample,extreme1
cross_scenario,k_means,2606414571,27,5.70698e7,12.9814398,SqEuclidean,closemixed,0.0,0,insample,extreme1
cross_scenario,k_means,2821296471,27,5.70654e7,12.4680131,SqEuclidean,closemixed,0.0,0,insample,extreme1
cross_scenario,k_means,3155655383,27,5.70522e7,11.9627809,SqEuclidean,closemixed,0.0,0,insample,extreme1
cross_scenario,k_means,463779685,27,5.70568e7,11.6646345,SqEuclidean,closemixed,0.0,0,insample,extreme1
cross_scenario,k_means,1113698075,29,5.70269e7,13.3102906,SqEuclidean,closemixed,0.0,0,insample,extreme1
cross_scenario,k_means,1125327650,29,5.7044e7,16.4342704,SqEuclidean,closemixed,0.0,0,insample,extreme1
cross_scenario,k_means,1398119942,29,5.70338e7,14.5129922,SqEuclidean,closemixed,0.0,0,insample,extreme1
cross_scenario,k_means,1669407957,29,5.70255e7,16.243268,SqEuclidean,closemixed,0.0,0,insample,extreme1
cross_scenario,k_means,1792506398,29,5.7024e7,14.4903371,SqEuclidean,closemixed,0.0,0,insample,extreme1
cross_scenario,k_means,2439649745,29,5.70235e7,14.59225,SqEuclidean,closemixed,0.0,0,insample,extreme1
cross_scenario,k_means,2730667678,29,5.70372e7,13.621568,SqEuclidean,closemixed,0.0,0,insample,extreme1
cross_scenario,k_means,2843080965,29,5.70161e7,16.2545844,SqEuclidean,closemixed,0.0,0,insample,extreme1
cross_scenario,k_means,3434031776,29,5.70489e7,13.7980352,SqEuclidean,closemixed,0.0,0,insample,extreme1
cross_scenario,k_means,950202798,29,5.70087e7,13.8440564,SqEuclidean,closemixed,0.0,0,insample,extreme1
cross_scenario,k_means,1042382051,3,5.95028e7,0.6799784,SqEuclidean,closemixed,0.0,0,insample,extreme1
cross_scenario,k_means,1617230705,3,6.04913e7,0.6259841,SqEuclidean,closemixed,0.0,0,insample,extreme1
cross_scenario,k_means,1690918982,3,5.96105e7,0.6967419,SqEuclidean,closemixed,0.0,0,insample,extreme1
cross_scenario,k_means,2011904635,3,5.95028e7,0.9015417,SqEuclidean,closemixed,0.0,0,insample,extreme1
cross_scenario,k_means,208019063,3,5.95028e7,0.5684726,SqEuclidean,closemixed,0.0,0,insample,extreme1
cross_scenario,k_means,2175589206,3,5.95028e7,4.7324985,SqEuclidean,closemixed,0.0,0,insample,extreme1
cross_scenario,k_means,2331872192,3,5.95028e7,0.9145098,SqEuclidean,closemixed,0.0,0,insample,extreme1
cross_scenario,k_means,2859914000,3,5.95028e7,0.8762212,SqEuclidean,closemixed,0.0,0,insample,extreme1
cross_scenario,k_means,3409952330,3,5.95028e7,0.5951775,SqEuclidean,closemixed,0.0,0,insample,extreme1
cross_scenario,k_means,488813374,3,5.95028e7,0.9418698,SqEuclidean,closemixed,0.0,0,insample,extreme1
cross_scenario,k_means,1349996306,31,5.69245e7,14.9673216,SqEuclidean,closemixed,0.0,0,insample,extreme1
cross_scenario,k_means,1462714024,31,5.6911e7,16.2291948,SqEuclidean,closemixed,0.0,0,insample,extreme1
cross_scenario,k_means,1579127763,31,5.69298e7,18.0033283,SqEuclidean,closemixed,0.0,0,insample,extreme1
cross_scenario,k_means,1648351254,31,5.69192e7,15.4092445,SqEuclidean,closemixed,0.0,0,insample,extreme1
cross_scenario,k_means,2030289235,31,5.69277e7,15.6513667,SqEuclidean,closemixed,0.0,0,insample,extreme1
cross_scenario,k_means,2462588561,31,5.69199e7,16.8158424,SqEuclidean,closemixed,0.0,0,insample,extreme1
cross_scenario,k_means,2929172095,31,5.69237e7,16.6911994,SqEuclidean,closemixed,0.0,0,insample,extreme1
cross_scenario,k_means,2944528308,31,5.69287e7,17.3426777,SqEuclidean,closemixed,0.0,0,insample,extreme1
cross_scenario,k_means,295145311,31,5.69308e7,13.9528253,SqEuclidean,closemixed,0.0,0,insample,extreme1
cross_scenario,k_means,3899371692,31,5.69393e7,15.9067683,SqEuclidean,closemixed,0.0,0,insample,extreme1
cross_scenario,k_means,1038419084,33,5.69291e7,19.1843985,SqEuclidean,closemixed,0.0,0,insample,extreme1
cross_scenario,k_means,1109759726,33,5.69147e7,18.5422371,SqEuclidean,closemixed,0.0,0,insample,extreme1
cross_scenario,k_means,1963882461,33,5.69244e7,20.3807721,SqEuclidean,closemixed,0.0,0,insample,extreme1
cross_scenario,k_means,1989163906,33,5.69248e7,17.703986,SqEuclidean,closemixed,0.0,0,insample,extreme1
cross_scenario,k_means,2479233904,33,5.69201e7,17.60985,SqEuclidean,closemixed,0.0,0,insample,extreme1
cross_scenario,k_means,2497612078,33,5.69126e7,18.8474971,SqEuclidean,closemixed,0.0,0,insample,extreme1
cross_scenario,k_means,3214090957,33,5.69147e7,15.9965788,SqEuclidean,closemixed,0.0,0,insample,extreme1
cross_scenario,k_means,3465092140,33,5.69235e7,18.0141416,SqEuclidean,closemixed,0.0,0,insample,extreme1
cross_scenario,k_means,4061834237,33,5.69145e7,17.6864041,SqEuclidean,closemixed,0.0,0,insample,extreme1
cross_scenario,k_means,52313467,33,5.69196e7,17.444598,SqEuclidean,closemixed,0.0,0,insample,extreme1
cross_scenario,k_means,1208640119,35,5.69111e7,21.104214,SqEuclidean,closemixed,0.0,0,insample,extreme1
cross_scenario,k_means,1428058240,35,5.6908e7,19.20498,SqEuclidean,closemixed,0.0,0,insample,extreme1
cross_scenario,k_means,15941194,35,5.69085e7,19.4844151,SqEuclidean,closemixed,0.0,0,insample,extreme1
cross_scenario,k_means,2213813141,35,5.69092e7,17.7265036,SqEuclidean,closemixed,0.0,0,insample,extreme1
cross_scenario,k_means,2291375163,35,5.69037e7,18.854812,SqEuclidean,closemixed,0.0,0,insample,extreme1
cross_scenario,k_means,236500538,35,5.69041e7,19.7287532,SqEuclidean,closemixed,0.0,0,insample,extreme1
cross_scenario,k_means,252145784,35,5.69117e7,18.8010673,SqEuclidean,closemixed,0.0,0,insample,extreme1
cross_scenario,k_means,2544196106,35,5.69183e7,19.0861564,SqEuclidean,closemixed,0.0,0,insample,extreme1
cross_scenario,k_means,2745802022,35,5.69219e7,19.2948708,SqEuclidean,closemixed,0.0,0,insample,extreme1
cross_scenario,k_means,3596893902,35,5.691e7,18.7170652,SqEuclidean,closemixed,0.0,0,insample,extreme1
cross_scenario,k_means,1380354363,37,5.69201e7,22.8069783,SqEuclidean,closemixed,0.0,0,insample,extreme1
cross_scenario,k_means,3048518942,37,5.69119e7,20.7004072,SqEuclidean,closemixed,0.0,0,insample,extreme1
cross_scenario,k_means,3182806193,37,5.69076e7,20.3010927,SqEuclidean,closemixed,0.0,0,insample,extreme1
cross_scenario,k_means,3244629827,37,5.69188e7,22.7908907,SqEuclidean,closemixed,0.0,0,insample,extreme1
cross_scenario,k_means,3452769998,37,5.69182e7,21.1115799,SqEuclidean,closemixed,0.0,0,insample,extreme1
cross_scenario,k_means,4262333788,37,5.69205e7,22.5813203,SqEuclidean,closemixed,0.0,0,insample,extreme1
cross_scenario,k_means,45994245,37,5.69118e7,22.0820612,SqEuclidean,closemixed,0.0,0,insample,extreme1
cross_scenario,k_means,67569244,37,5.69167e7,19.9849853,SqEuclidean,closemixed,0.0,0,insample,extreme1
cross_scenario,k_means,814300562,37,5.69136e7,23.6816854,SqEuclidean,closemixed,0.0,0,insample,extreme1
cross_scenario,k_means,870981686,37,5.69016e7,20.778724,SqEuclidean,closemixed,0.0,0,insample,extreme1
cross_scenario,k_means,1129760376,39,5.65151e7,24.7251372,SqEuclidean,closemixed,0.0,0,insample,extreme1
cross_scenario,k_means,148104383,39,5.65178e7,23.2584166,SqEuclidean,closemixed,0.0,0,insample,extreme1
cross_scenario,k_means,1655289285,39,5.65059e7,23.4333927,SqEuclidean,closemixed,0.0,0,insample,extreme1
cross_scenario,k_means,1845695973,39,5.65117e7,23.4637931,SqEuclidean,closemixed,0.0,0,insample,extreme1
cross_scenario,k_means,2121257682,39,5.65073e7,24.0827628,SqEuclidean,closemixed,0.0,0,insample,extreme1
cross_scenario,k_means,2943233938,39,5.65196e7,24.5353661,SqEuclidean,closemixed,0.0,0,insample,extreme1
cross_scenario,k_means,3030918353,39,5.65078e7,25.011154,SqEuclidean,closemixed,0.0,0,insample,extreme1
cross_scenario,k_means,3096268031,39,5.65032e7,23.8670541,SqEuclidean,closemixed,0.0,0,insample,extreme1
cross_scenario,k_means,3338611973,39,5.65226e7,23.5981922,SqEuclidean,closemixed,0.0,0,insample,extreme1
cross_scenario,k_means,662283236,39,5.65356e7,22.4891464,SqEuclidean,closemixed,0.0,0,insample,extreme1
cross_scenario,k_means,1005104349,41,5.61676e7,25.3823962,SqEuclidean,closemixed,0.0,0,insample,extreme1
cross_scenario,k_means,1534696584,41,5.61719e7,23.6371007,SqEuclidean,closemixed,0.0,0,insample,extreme1
cross_scenario,k_means,225016911,41,5.61808e7,24.1140833,SqEuclidean,closemixed,0.0,0,insample,extreme1
cross_scenario,k_means,2317592996,41,5.61685e7,26.0704181,SqEuclidean,closemixed,0.0,0,insample,extreme1
cross_scenario,k_means,2716090479,41,5.61702e7,26.4626125,SqEuclidean,closemixed,0.0,0,insample,extreme1
cross_scenario,k_means,3258958499,41,5.61721e7,28.135189,SqEuclidean,closemixed,0.0,0,insample,extreme1
cross_scenario,k_means,329433595,41,5.61843e7,26.1368297,SqEuclidean,closemixed,0.0,0,insample,extreme1
cross_scenario,k_means,3444774395,41,5.61827e7,24.7231552,SqEuclidean,closemixed,0.0,0,insample,extreme1
cross_scenario,k_means,438234340,41,5.61777e7,23.6244445,SqEuclidean,closemixed,0.0,0,insample,extreme1
cross_scenario,k_means,953901905,41,5.61784e7,24.6163377,SqEuclidean,closemixed,0.0,0,insample,extreme1
cross_scenario,k_means,1660595499,5,5.85787e7,1.5468028,SqEuclidean,closemixed,0.0,0,insample,extreme1
cross_scenario,k_means,1714105051,5,5.85862e7,1.5844912,SqEuclidean,closemixed,0.0,0,insample,extreme1
cross_scenario,k_means,2169593505,5,5.85829e7,1.7179595,SqEuclidean,closemixed,0.0,0,insample,extreme1
cross_scenario,k_means,2538991366,5,5.85751e7,1.2907196,SqEuclidean,closemixed,0.0,0,insample,extreme1
cross_scenario,k_means,2909674750,5,5.85837e7,1.6156527,SqEuclidean,closemixed,0.0,0,insample,extreme1
cross_scenario,k_means,3018546641,5,5.86032e7,1.6367496,SqEuclidean,closemixed,0.0,0,insample,extreme1
cross_scenario,k_means,3634057553,5,5.85828e7,1.559131,SqEuclidean,closemixed,0.0,0,insample,extreme1
cross_scenario,k_means,4139823947,5,5.8582e7,1.4394178,SqEuclidean,closemixed,0.0,0,insample,extreme1
cross_scenario,k_means,4197766176,5,5.85859e7,1.359714,SqEuclidean,closemixed,0.0,0,insample,extreme1
cross_scenario,k_means,5947179,5,5.85876e7,1.6430251,SqEuclidean,closemixed,0.0,0,insample,extreme1
cross_scenario,k_means,1006581332,7,5.80043e7,2.206646,SqEuclidean,closemixed,0.0,0,insample,extreme1
cross_scenario,k_means,1176932870,7,5.79922e7,2.4487374,SqEuclidean,closemixed,0.0,0,insample,extreme1
cross_scenario,k_means,1821427372,7,5.80152e7,2.3979384,SqEuclidean,closemixed,0.0,0,insample,extreme1
cross_scenario,k_means,2689963385,7,5.8001e7,2.1834278,SqEuclidean,closemixed,0.0,0,insample,extreme1
cross_scenario,k_means,2751971336,7,5.79966e7,2.2826141,SqEuclidean,closemixed,0.0,0,insample,extreme1
cross_scenario,k_means,3385142830,7,5.80024e7,2.1608915,SqEuclidean,closemixed,0.0,0,insample,extreme1
cross_scenario,k_means,3409620994,7,5.80018e7,2.4402644,SqEuclidean,closemixed,0.0,0,insample,extreme1
cross_scenario,k_means,447101461,7,5.80041e7,2.1781114,SqEuclidean,closemixed,0.0,0,insample,extreme1
cross_scenario,k_means,468006976,7,5.79875e7,2.3722992,SqEuclidean,closemixed,0.0,0,insample,extreme1
cross_scenario,k_means,880982686,7,5.79852e7,7.5206641,SqEuclidean,closemixed,0.0,0,insample,extreme1
cross_scenario,k_means,1130292821,9,5.76951e7,2.9904333,SqEuclidean,closemixed,0.0,0,insample,extreme1
cross_scenario,k_means,1392296365,9,5.76582e7,2.9448851,SqEuclidean,closemixed,0.0,0,insample,extreme1
cross_scenario,k_means,2814468992,9,5.76879e7,3.5137044,SqEuclidean,closemixed,0.0,0,insample,extreme1
cross_scenario,k_means,3044209910,9,5.77339e7,3.0835567,SqEuclidean,closemixed,0.0,0,insample,extreme1
cross_scenario,k_means,3261319673,9,5.77017e7,3.0072208,SqEuclidean,closemixed,0.0,0,insample,extreme1
cross_scenario,k_means,3543870990,9,5.76888e7,2.969515,SqEuclidean,closemixed,0.0,0,insample,extreme1
cross_scenario,k_means,3602499071,9,5.76992e7,3.1008806,SqEuclidean,closemixed,0.0,0,insample,extreme1
cross_scenario,k_means,3926221275,9,5.76866e7,3.1853358,SqEuclidean,closemixed,0.0,0,insample,extreme1
cross_scenario,k_means,42413356,9,5.77417e7,3.2276036,SqEuclidean,closemixed,0.0,0,insample,extreme1
cross_scenario,k_means,697383862,9,5.76836e7,3.3445374,SqEuclidean,closemixed,0.0,0,insample,extreme1
cross_scenario,convex_hull,0,11,8.43917e7,6.726476,CosineDist,closemixed,867144.596703,516,insample,extreme4
cross_scenario,convex_hull,0,13,5.99167e7,7.9160318,CosineDist,closemixed,236479.818295,187,insample,extreme4
cross_scenario,convex_hull,0,15,6.0785e7,9.9343588,CosineDist,closemixed,257842.546607,182,insample,extreme4
cross_scenario,convex_hull,0,17,6.00018e7,11.0069991,CosineDist,closemixed,238556.039617,194,insample,extreme4
cross_scenario,convex_hull,0,19,5.99092e7,12.5625661,CosineDist,closemixed,236293.028002,193,insample,extreme4
cross_scenario,convex_hull,0,21,5.83216e7,16.3063425,CosineDist,closemixed,191065.900628,153,insample,extreme4
cross_scenario,convex_hull,0,23,5.83996e7,18.1127005,CosineDist,closemixed,193148.41342,153,insample,extreme4
cross_scenario,convex_hull,0,25,5.62295e7,19.1381714,CosineDist,closemixed,134749.726085,102,insample,extreme4
cross_scenario,convex_hull,0,27,5.63514e7,24.7913357,CosineDist,closemixed,137039.111291,107,insample,extreme4
cross_scenario,convex_hull,0,29,5.64865e7,27.3584627,CosineDist,closemixed,140474.732842,106,insample,extreme4
cross_scenario,convex_hull,0,31,5.65086e7,28.0233379,CosineDist,closemixed,140874.929943,110,insample,extreme4
cross_scenario,convex_hull,0,33,5.69226e7,32.1258242,CosineDist,closemixed,151906.695667,116,insample,extreme4
cross_scenario,convex_hull,0,35,5.69318e7,32.8415446,CosineDist,closemixed,152203.931898,118,insample,extreme4
cross_scenario,convex_hull,0,37,5.69232e7,38.1977304,CosineDist,closemixed,152135.0465,118,insample,extreme4
cross_scenario,convex_hull,0,39,5.63454e7,50.3603556,CosineDist,closemixed,129496.996847,96,insample,extreme4
cross_scenario,convex_hull,0,41,5.6337e7,57.3739294,CosineDist,closemixed,129284.757311,95,insample,extreme4
cross_scenario,convex_hull,0,5,1.032e8,2.5520469,CosineDist,closemixed,1.370274011138e6,675,insample,extreme4
cross_scenario,convex_hull,0,7,8.52365e7,3.5797925,CosineDist,closemixed,882688.760087,460,insample,extreme4
cross_scenario,convex_hull,0,9,8.55291e7,5.7334396,CosineDist,closemixed,893348.169961,486,insample,extreme4
cross_scenario,convex_hull,0,11,1.1134e8,4.0300693,SqEuclidean,closemixed,1.538167463827e6,682,insample,extreme4
cross_scenario,convex_hull,0,13,1.27227e8,4.8505897,SqEuclidean,closemixed,1.952342676695e6,581,insample,extreme4
cross_scenario,convex_hull,0,15,1.25885e8,5.8032723,SqEuclidean,closemixed,1.925535504794e6,592,insample,extreme4
cross_scenario,convex_hull,0,17,9.95831e7,10.3269399,SqEuclidean,closemixed,1.254738393729e6,484,insample,extreme4
cross_scenario,convex_hull,0,19,9.83289e7,11.1603988,SqEuclidean,closemixed,1.218503278324e6,451,insample,extreme4
cross_scenario,convex_hull,0,21,1.00366e8,13.5884367,SqEuclidean,closemixed,1.270524213695e6,455,insample,extreme4
cross_scenario,convex_hull,0,23,9.95549e7,18.2061613,SqEuclidean,closemixed,1.24949029024e6,496,insample,extreme4
cross_scenario,convex_hull,0,25,9.90115e7,17.126449,SqEuclidean,closemixed,1.208952795521e6,442,insample,extreme4
cross_scenario,convex_hull,0,27,9.81084e7,22.3246865,SqEuclidean,closemixed,1.199179711412e6,411,insample,extreme4
cross_scenario,convex_hull,0,29,9.7405e7,23.8032111,SqEuclidean,closemixed,1.181117100702e6,428,insample,extreme4
cross_scenario,convex_hull,0,31,8.2386e7,22.8630592,SqEuclidean,closemixed,795330.990827,409,insample,extreme4
cross_scenario,convex_hull,0,33,8.24154e7,26.8214384,SqEuclidean,closemixed,795907.114256,409,insample,extreme4
cross_scenario,convex_hull,0,35,5.43851e7,19.6808528,SqEuclidean,closemixed,57752.476976,63,insample,extreme4
cross_scenario,convex_hull,0,37,5.43984e7,20.1310091,SqEuclidean,closemixed,58080.341475,73,insample,extreme4
cross_scenario,convex_hull,0,39,5.4463e7,24.2095075,SqEuclidean,closemixed,60918.545737,72,insample,extreme4
cross_scenario,convex_hull,0,41,5.4259e7,23.7157438,SqEuclidean,closemixed,56504.509481,64,insample,extreme4
cross_scenario,convex_hull,0,5,1.11136e8,1.3002924,SqEuclidean,closemixed,1.542948292673e6,662,insample,extreme4
cross_scenario,convex_hull,0,7,1.1702e8,2.4146216,SqEuclidean,closemixed,1.679244864022e6,638,insample,extreme4
cross_scenario,convex_hull,0,9,1.15878e8,2.790388,SqEuclidean,closemixed,1.65416671961e6,590,insample,extreme4
cross_scenario,k_medoids,1355586937,11,7.62772e7,4.0151969,CosineDist,closemixed,659296.172291,400,insample,extreme4
cross_scenario,k_medoids,1768760743,11,7.38213e7,3.7057781,CosineDist,closemixed,599520.500196,434,insample,extreme4
cross_scenario,k_medoids,2652796558,11,8.11002e7,3.5869703,CosineDist,closemixed,787705.061677,498,insample,extreme4
cross_scenario,k_medoids,3000698040,11,9.66566e7,3.6533862,CosineDist,closemixed,1.182150407395e6,650,insample,extreme4
cross_scenario,k_medoids,3160233726,11,5.9289e7,3.3955941,CosineDist,closemixed,208362.110888,205,insample,extreme4
cross_scenario,k_medoids,3479820580,11,7.56125e7,4.1318259,CosineDist,closemixed,642846.397574,433,insample,extreme4
cross_scenario,k_medoids,3649546841,11,6.08676e7,3.8756739,CosineDist,closemixed,257886.183248,233,insample,extreme4
cross_scenario,k_medoids,4031091536,11,9.14738e7,3.492194,CosineDist,closemixed,1.055062338494e6,592,insample,extreme4
cross_scenario,k_medoids,675182737,11,9.54459e7,3.5229033,CosineDist,closemixed,1.158631973058e6,660,insample,extreme4
cross_scenario,k_medoids,722170199,11,6.3605e7,3.8445753,CosineDist,closemixed,330275.607474,234,insample,extreme4
cross_scenario,k_medoids,1020330993,13,6.36803e7,4.512892,CosineDist,closemixed,335580.662102,231,insample,extreme4
cross_scenario,k_medoids,1241334511,13,6.31725e7,4.8449763,CosineDist,closemixed,318980.590362,226,insample,extreme4
cross_scenario,k_medoids,1561739573,13,5.51252e7,3.9590938,CosineDist,closemixed,96096.81066,91,insample,extreme4
cross_scenario,k_medoids,2082789969,13,7.72393e7,5.3936208,CosineDist,closemixed,689535.255248,448,insample,extreme4
cross_scenario,k_medoids,2422820678,13,7.80546e7,7.5233358,CosineDist,closemixed,712663.867661,494,insample,extreme4
cross_scenario,k_medoids,373102896,13,6.44338e7,4.192083,CosineDist,closemixed,353805.201815,262,insample,extreme4
cross_scenario,k_medoids,3777256655,13,6.64434e7,5.0779692,CosineDist,closemixed,409562.793998,310,insample,extreme4
cross_scenario,k_medoids,4101453586,13,6.99146e7,4.7856358,CosineDist,closemixed,485081.508379,273,insample,extreme4
cross_scenario,k_medoids,419645993,13,7.6626e7,5.7158431,CosineDist,closemixed,667817.689987,414,insample,extreme4
cross_scenario,k_medoids,772616242,13,6.23437e7,4.7287114,CosineDist,closemixed,301217.476607,228,insample,extreme4
cross_scenario,k_medoids,1536731824,15,8.15057e7,6.5300871,CosineDist,closemixed,797058.289884,569,insample,extreme4
cross_scenario,k_medoids,1944031661,15,9.44038e7,7.309144,CosineDist,closemixed,1.116037496306e6,665,insample,extreme4
cross_scenario,k_medoids,195370354,15,6.8761e7,6.132042,CosineDist,closemixed,466101.493068,372,insample,extreme4
cross_scenario,k_medoids,2392820273,15,6.74087e7,6.0546531,CosineDist,closemixed,435808.886862,322,insample,extreme4
cross_scenario,k_medoids,2931326369,15,9.36885e7,6.358461,CosineDist,closemixed,1.107520573059e6,645,insample,extreme4
cross_scenario,k_medoids,3012361418,15,6.48498e7,6.7876516,CosineDist,closemixed,368128.186763,277,insample,extreme4
cross_scenario,k_medoids,3763622817,15,7.92352e7,6.9979559,CosineDist,closemixed,738906.759892,474,insample,extreme4
cross_scenario,k_medoids,3796973136,15,5.53477e7,5.0293451,CosineDist,closemixed,103299.563272,97,insample,extreme4
cross_scenario,k_medoids,3815196410,15,8.51241e7,7.4976585,CosineDist,closemixed,884940.892033,514,insample,extreme4
cross_scenario,k_medoids,604489562,15,5.66669e7,5.1159666,CosineDist,closemixed,139403.300856,149,insample,extreme4
cross_scenario,k_medoids,1587347134,17,7.02795e7,8.8397588,CosineDist,closemixed,505671.263601,369,insample,extreme4
cross_scenario,k_medoids,186564236,17,6.89289e7,8.3922931,CosineDist,closemixed,451984.178835,325,insample,extreme4
cross_scenario,k_medoids,2166881926,17,5.58157e7,6.0646899,CosineDist,closemixed,120725.185806,93,insample,extreme4
cross_scenario,k_medoids,2186186592,17,8.30206e7,11.298724,CosineDist,closemixed,829843.550111,571,insample,extreme4
cross_scenario,k_medoids,2238747886,17,5.93351e7,6.8381724,CosineDist,closemixed,216932.794206,175,insample,extreme4
cross_scenario,k_medoids,224585247,17,5.93743e7,6.8489144,CosineDist,closemixed,216295.131047,146,insample,extreme4
cross_scenario,k_medoids,2339120676,17,7.02496e7,7.3286914,CosineDist,closemixed,496462.751111,294,insample,extreme4
cross_scenario,k_medoids,3093014142,17,5.44043e7,6.2974947,CosineDist,closemixed,71358.055673,75,insample,extreme4
cross_scenario,k_medoids,3258302586,17,6.14047e7,8.140558,CosineDist,closemixed,276177.041912,216,insample,extreme4
cross_scenario,k_medoids,3629043986,17,6.38125e7,6.1946993,CosineDist,closemixed,333486.324014,242,insample,extreme4
cross_scenario,k_medoids,1088367163,19,5.89732e7,7.9452271,CosineDist,closemixed,207456.350347,149,insample,extreme4
cross_scenario,k_medoids,1245540782,19,8.08418e7,11.0451928,CosineDist,closemixed,781263.583071,550,insample,extreme4
cross_scenario,k_medoids,2410109332,19,5.84448e7,9.5785329,CosineDist,closemixed,194406.551725,141,insample,extreme4
cross_scenario,k_medoids,2455416769,19,5.63186e7,8.4677553,CosineDist,closemixed,135369.468761,94,insample,extreme4
cross_scenario,k_medoids,2591120440,19,5.8693e7,8.136663,CosineDist,closemixed,195008.626293,164,insample,extreme4
cross_scenario,k_medoids,2650271871,19,5.57184e7,7.0742691,CosineDist,closemixed,107042.698855,113,insample,extreme4
cross_scenario,k_medoids,2789252227,19,7.0959e7,11.8854441,CosineDist,closemixed,522539.261429,368,insample,extreme4
cross_scenario,k_medoids,3130995382,19,5.81681e7,11.185862,CosineDist,closemixed,187187.05946,135,insample,extreme4
cross_scenario,k_medoids,3357853995,19,6.50873e7,8.5549486,CosineDist,closemixed,366772.95557,243,insample,extreme4
cross_scenario,k_medoids,824849990,19,6.18977e7,8.4912429,CosineDist,closemixed,287820.394371,215,insample,extreme4
cross_scenario,k_medoids,1244389436,21,5.66748e7,11.6734243,CosineDist,closemixed,143489.944105,116,insample,extreme4
cross_scenario,k_medoids,1393653782,21,5.52687e7,9.2800348,CosineDist,closemixed,90967.227367,104,insample,extreme4
cross_scenario,k_medoids,1761682951,21,6.15243e7,10.1831405,CosineDist,closemixed,269666.031699,197,insample,extreme4
cross_scenario,k_medoids,196162340,21,5.81079e7,10.9300006,CosineDist,closemixed,186708.953956,160,insample,extreme4
cross_scenario,k_medoids,1984034111,21,6.15517e7,11.8366955,CosineDist,closemixed,276784.64122,213,insample,extreme4
cross_scenario,k_medoids,2569047889,21,7.46496e7,12.3784572,CosineDist,closemixed,609003.332581,362,insample,extreme4
cross_scenario,k_medoids,3286463093,21,5.87865e7,14.3730064,CosineDist,closemixed,201342.416527,191,insample,extreme4
cross_scenario,k_medoids,4196464565,21,5.99912e7,9.9228527,CosineDist,closemixed,229151.918044,157,insample,extreme4
cross_scenario,k_medoids,744301781,21,5.89351e7,9.9955611,CosineDist,closemixed,196253.138715,142,insample,extreme4
cross_scenario,k_medoids,760014603,21,7.01858e7,12.4189764,CosineDist,closemixed,503137.159361,388,insample,extreme4
cross_scenario,k_medoids,2193967569,23,6.12251e7,13.0320343,CosineDist,closemixed,249163.841957,158,insample,extreme4
cross_scenario,k_medoids,2546464051,23,7.19257e7,17.1940767,CosineDist,closemixed,550718.139605,418,insample,extreme4
cross_scenario,k_medoids,2938742229,23,5.90258e7,10.9860776,CosineDist,closemixed,205575.716417,117,insample,extreme4
cross_scenario,k_medoids,313447314,23,5.45636e7,10.804681,CosineDist,closemixed,79335.329429,81,insample,extreme4
cross_scenario,k_medoids,3164855826,23,5.48018e7,11.3542797,CosineDist,closemixed,89089.926639,85,insample,extreme4
cross_scenario,k_medoids,3173192974,23,6.1013e7,14.287112,CosineDist,closemixed,265145.464375,199,insample,extreme4
cross_scenario,k_medoids,3527549645,23,5.79016e7,14.071185,CosineDist,closemixed,171444.09354,144,insample,extreme4
cross_scenario,k_medoids,3913193451,23,7.22311e7,16.3634018,CosineDist,closemixed,552992.515992,338,insample,extreme4
cross_scenario,k_medoids,714332685,23,5.58697e7,11.2613455,CosineDist,closemixed,121919.392961,85,insample,extreme4
cross_scenario,k_medoids,890890131,23,5.83811e7,12.5662217,CosineDist,closemixed,179451.437962,123,insample,extreme4
cross_scenario,k_medoids,1134130444,25,5.62234e7,14.9295744,CosineDist,closemixed,132871.013471,89,insample,extreme4
cross_scenario,k_medoids,2658990538,25,5.98449e7,14.2056305,CosineDist,closemixed,226494.044051,161,insample,extreme4
cross_scenario,k_medoids,2726541456,25,7.2037e7,17.9181499,CosineDist,closemixed,541461.536715,359,insample,extreme4
cross_scenario,k_medoids,2894918851,25,6.34689e7,15.5140984,CosineDist,closemixed,325288.756912,218,insample,extreme4
cross_scenario,k_medoids,3351175237,25,6.64822e7,13.7649391,CosineDist,closemixed,410441.280419,271,insample,extreme4
cross_scenario,k_medoids,343301208,25,8.02292e7,16.2039371,CosineDist,closemixed,756009.068113,429,insample,extreme4
cross_scenario,k_medoids,4135971217,25,6.09469e7,16.9626414,CosineDist,closemixed,265206.429517,214,insample,extreme4
cross_scenario,k_medoids,4145110716,25,5.79688e7,12.6787159,CosineDist,closemixed,185091.182128,147,insample,extreme4
cross_scenario,k_medoids,448376330,25,6.37958e7,13.9317898,CosineDist,closemixed,328516.153312,193,insample,extreme4
cross_scenario,k_medoids,47449323,25,5.74055e7,14.2346038,CosineDist,closemixed,152836.091611,122,insample,extreme4
cross_scenario,k_medoids,1161276258,27,7.72132e7,18.4092251,CosineDist,closemixed,668136.216725,450,insample,extreme4
cross_scenario,k_medoids,1233541653,27,7.68581e7,23.1831824,CosineDist,closemixed,661761.513546,486,insample,extreme4
cross_scenario,k_medoids,1267936167,27,5.93531e7,17.9570563,CosineDist,closemixed,218734.575178,177,insample,extreme4
cross_scenario,k_medoids,1653248667,27,5.69724e7,15.0667827,CosineDist,closemixed,149519.753224,119,insample,extreme4
cross_scenario,k_medoids,2437521778,27,5.5475e7,14.0662625,CosineDist,closemixed,106046.819865,118,insample,extreme4
cross_scenario,k_medoids,2524306086,27,6.87206e7,16.3732731,CosineDist,closemixed,452030.951162,308,insample,extreme4
cross_scenario,k_medoids,2606414571,27,5.42903e7,12.8622328,CosineDist,closemixed,63328.911245,66,insample,extreme4
cross_scenario,k_medoids,2821296471,27,7.53401e7,19.91102,CosineDist,closemixed,629845.145073,345,insample,extreme4
cross_scenario,k_medoids,3155655383,27,5.34819e7,13.3016807,CosineDist,closemixed,44243.903427,48,insample,extreme4
cross_scenario,k_medoids,463779685,27,5.36869e7,13.3541257,CosineDist,closemixed,43488.420719,50,insample,extreme4
cross_scenario,k_medoids,1113698075,29,5.6221e7,13.3015387,CosineDist,closemixed,128894.204458,142,insample,extreme4
cross_scenario,k_medoids,1125327650,29,5.6107e7,18.687755,CosineDist,closemixed,116502.933829,87,insample,extreme4
cross_scenario,k_medoids,1398119942,29,6.04882e7,14.6256184,CosineDist,closemixed,245535.310185,190,insample,extreme4
cross_scenario,k_medoids,1669407957,29,5.67851e7,16.7069668,CosineDist,closemixed,152868.850701,121,insample,extreme4
cross_scenario,k_medoids,1792506398,29,5.63839e7,16.188269,CosineDist,closemixed,127166.288952,86,insample,extreme4
cross_scenario,k_medoids,2439649745,29,5.52948e7,13.7398507,CosineDist,closemixed,105658.002363,78,insample,extreme4
cross_scenario,k_medoids,2730667678,29,5.62556e7,17.5241006,CosineDist,closemixed,125379.666229,82,insample,extreme4
cross_scenario,k_medoids,2843080965,29,5.52136e7,15.8522432,CosineDist,closemixed,102730.359901,82,insample,extreme4
cross_scenario,k_medoids,3434031776,29,5.46945e7,14.2187211,CosineDist,closemixed,83440.742766,91,insample,extreme4
cross_scenario,k_medoids,950202798,29,5.85009e7,14.4454794,CosineDist,closemixed,180084.510137,122,insample,extreme4
cross_scenario,k_medoids,1349996306,31,5.7001e7,23.5464807,CosineDist,closemixed,153448.264469,105,insample,extreme4
cross_scenario,k_medoids,1462714024,31,5.35757e7,14.6424416,CosineDist,closemixed,52629.591298,51,insample,extreme4
cross_scenario,k_medoids,1579127763,31,5.51846e7,14.5944527,CosineDist,closemixed,87648.795166,101,insample,extreme4
cross_scenario,k_medoids,1648351254,31,6.30622e7,21.2425417,CosineDist,closemixed,298491.938878,188,insample,extreme4
cross_scenario,k_medoids,2030289235,31,5.74195e7,16.185745,CosineDist,closemixed,163827.133849,135,insample,extreme4
cross_scenario,k_medoids,2462588561,31,5.44783e7,17.2896898,CosineDist,closemixed,76666.46916,53,insample,extreme4
cross_scenario,k_medoids,2929172095,31,5.31897e7,16.2716601,CosineDist,closemixed,30494.443528,35,insample,extreme4
cross_scenario,k_medoids,2944528308,31,6.00619e7,16.6509931,CosineDist,closemixed,235880.309866,173,insample,extreme4
cross_scenario,k_medoids,295145311,31,5.47448e7,16.034966,CosineDist,closemixed,91852.229415,68,insample,extreme4
cross_scenario,k_medoids,3899371692,31,6.48754e7,16.3794633,CosineDist,closemixed,355896.538504,239,insample,extreme4
cross_scenario,k_medoids,1038419084,33,5.3359e7,16.2711652,CosineDist,closemixed,45018.207606,45,insample,extreme4
cross_scenario,k_medoids,1109759726,33,5.42646e7,16.3514766,CosineDist,closemixed,71112.500063,66,insample,extreme4
cross_scenario,k_medoids,1963882461,33,5.41319e7,19.5796694,CosineDist,closemixed,73169.942263,60,insample,extreme4
cross_scenario,k_medoids,1989163906,33,5.54482e7,19.9715202,CosineDist,closemixed,109924.144248,86,insample,extreme4
cross_scenario,k_medoids,2479233904,33,5.60279e7,22.9760335,CosineDist,closemixed,111459.071594,92,insample,extreme4
cross_scenario,k_medoids,2497612078,33,5.53998e7,19.4166977,CosineDist,closemixed,92643.364037,69,insample,extreme4
cross_scenario,k_medoids,3214090957,33,5.37098e7,15.7471588,CosineDist,closemixed,50074.489472,59,insample,extreme4
cross_scenario,k_medoids,3465092140,33,5.34418e7,16.5928907,CosineDist,closemixed,46850.120646,48,insample,extreme4
cross_scenario,k_medoids,4061834237,33,5.30278e7,17.3308185,CosineDist,closemixed,26313.199913,33,insample,extreme4
cross_scenario,k_medoids,52313467,33,5.66714e7,19.625461,CosineDist,closemixed,147167.457209,107,insample,extreme4
cross_scenario,k_medoids,1208640119,35,5.48487e7,18.1347693,CosineDist,closemixed,93323.283129,65,insample,extreme4
cross_scenario,k_medoids,1428058240,35,6.1599e7,21.055191,CosineDist,closemixed,265368.110463,189,insample,extreme4
cross_scenario,k_medoids,15941194,35,5.61795e7,29.3312875,CosineDist,closemixed,128922.080616,103,insample,extreme4
cross_scenario,k_medoids,2213813141,35,5.40727e7,19.4344652,CosineDist,closemixed,60558.912854,62,insample,extreme4
cross_scenario,k_medoids,2291375163,35,5.3119e7,18.9515145,CosineDist,closemixed,35721.165612,42,insample,extreme4
cross_scenario,k_medoids,236500538,35,5.35454e7,17.2473554,CosineDist,closemixed,49418.918816,51,insample,extreme4
cross_scenario,k_medoids,252145784,35,5.7488e7,24.1240442,CosineDist,closemixed,166812.359948,131,insample,extreme4
cross_scenario,k_medoids,2544196106,35,5.50439e7,26.321226,CosineDist,closemixed,89004.684023,64,insample,extreme4
cross_scenario,k_medoids,2745802022,35,5.65705e7,18.9609614,CosineDist,closemixed,134548.621394,102,insample,extreme4
cross_scenario,k_medoids,3596893902,35,5.73043e7,22.0219323,CosineDist,closemixed,156075.730271,120,insample,extreme4
cross_scenario,k_medoids,1380354363,37,5.55008e7,21.1618201,CosineDist,closemixed,114753.425536,92,insample,extreme4
cross_scenario,k_medoids,3048518942,37,7.21123e7,24.4156365,CosineDist,closemixed,541257.399079,337,insample,extreme4
cross_scenario,k_medoids,3182806193,37,5.51354e7,22.7736589,CosineDist,closemixed,94964.92338,78,insample,extreme4
cross_scenario,k_medoids,3244629827,37,5.66201e7,28.031803,CosineDist,closemixed,146856.318301,115,insample,extreme4
cross_scenario,k_medoids,3452769998,37,5.65314e7,25.5567208,CosineDist,closemixed,135722.091589,99,insample,extreme4
cross_scenario,k_medoids,4262333788,37,5.50308e7,20.4164074,CosineDist,closemixed,99078.069248,76,insample,extreme4
cross_scenario,k_medoids,45994245,37,5.39555e7,19.187244,CosineDist,closemixed,64897.124539,62,insample,extreme4
cross_scenario,k_medoids,67569244,37,5.67238e7,29.5425383,CosineDist,closemixed,139502.32956,105,insample,extreme4
cross_scenario,k_medoids,814300562,37,5.438e7,23.5583051,CosineDist,closemixed,76699.610405,59,insample,extreme4
cross_scenario,k_medoids,870981686,37,5.93821e7,23.094221,CosineDist,closemixed,214390.468713,143,insample,extreme4
cross_scenario,k_medoids,1129760376,39,5.44134e7,21.6862007,CosineDist,closemixed,73614.312613,60,insample,extreme4
cross_scenario,k_medoids,148104383,39,5.51016e7,19.8375026,CosineDist,closemixed,102533.975163,81,insample,extreme4
cross_scenario,k_medoids,1655289285,39,5.52596e7,24.7739691,CosineDist,closemixed,104599.440786,77,insample,extreme4
cross_scenario,k_medoids,1845695973,39,5.28222e7,21.603329,CosineDist,closemixed,24303.220254,28,insample,extreme4
cross_scenario,k_medoids,2121257682,39,5.7312e7,36.4797713,CosineDist,closemixed,150571.014942,119,insample,extreme4
cross_scenario,k_medoids,2943233938,39,5.34045e7,21.5397244,CosineDist,closemixed,42882.638996,47,insample,extreme4
cross_scenario,k_medoids,3030918353,39,5.38065e7,20.9150562,CosineDist,closemixed,61400.34535,60,insample,extreme4
cross_scenario,k_medoids,3096268031,39,5.80385e7,28.8019576,CosineDist,closemixed,179849.92896,142,insample,extreme4
cross_scenario,k_medoids,3338611973,39,5.52221e7,22.2839052,CosineDist,closemixed,96502.153407,69,insample,extreme4
cross_scenario,k_medoids,662283236,39,5.68658e7,28.7242015,CosineDist,closemixed,143763.130652,118,insample,extreme4
cross_scenario,k_medoids,1005104349,41,5.31443e7,33.2117651,CosineDist,closemixed,38644.739765,37,insample,extreme4
cross_scenario,k_medoids,1534696584,41,5.29882e7,25.9086682,CosineDist,closemixed,31176.114586,31,insample,extreme4
cross_scenario,k_medoids,225016911,41,5.54879e7,43.3825245,CosineDist,closemixed,108379.652518,81,insample,extreme4
cross_scenario,k_medoids,2317592996,41,5.30517e7,32.1360867,CosineDist,closemixed,32118.966013,40,insample,extreme4
cross_scenario,k_medoids,2716090479,41,5.36288e7,33.91436,CosineDist,closemixed,54110.112795,57,insample,extreme4
cross_scenario,k_medoids,3258958499,41,5.40187e7,26.3509028,CosineDist,closemixed,59126.176804,41,insample,extreme4
cross_scenario,k_medoids,329433595,41,5.28327e7,33.5488103,CosineDist,closemixed,24320.792355,29,insample,extreme4
cross_scenario,k_medoids,3444774395,41,6.09094e7,31.5319696,CosineDist,closemixed,262833.13167,209,insample,extreme4
cross_scenario,k_medoids,438234340,41,5.3012e7,22.090545,CosineDist,closemixed,29456.659021,32,insample,extreme4
cross_scenario,k_medoids,953901905,41,5.48599e7,25.3298318,CosineDist,closemixed,79905.255588,56,insample,extreme4
cross_scenario,k_medoids,1660595499,5,9.64077e7,1.7645041,CosineDist,closemixed,1.181493283393e6,636,insample,extreme4
cross_scenario,k_medoids,1714105051,5,9.7171e7,1.5645587,CosineDist,closemixed,1.20109289385e6,622,insample,extreme4
cross_scenario,k_medoids,2169593505,5,9.89952e7,1.5369282,CosineDist,closemixed,1.247574441893e6,642,insample,extreme4
cross_scenario,k_medoids,2538991366,5,7.79702e7,1.2070093,CosineDist,closemixed,707395.753785,429,insample,extreme4
cross_scenario,k_medoids,2909674750,5,9.58427e7,1.2355203,CosineDist,closemixed,1.166986032954e6,577,insample,extreme4
cross_scenario,k_medoids,3018546641,5,9.0184e7,1.3508539,CosineDist,closemixed,1.02075547587e6,581,insample,extreme4
cross_scenario,k_medoids,3634057553,5,1.03703e8,1.2376374,CosineDist,closemixed,1.366130885409e6,656,insample,extreme4
cross_scenario,k_medoids,4139823947,5,9.58225e7,1.1646072,CosineDist,closemixed,1.166486744151e6,617,insample,extreme4
cross_scenario,k_medoids,4197766176,5,9.66342e7,1.1634913,CosineDist,closemixed,1.187210986551e6,585,insample,extreme4
cross_scenario,k_medoids,5947179,5,9.352e7,1.8700361,CosineDist,closemixed,1.107506518855e6,557,insample,extreme4
cross_scenario,k_medoids,1006581332,7,9.62832e7,2.0114459,CosineDist,closemixed,1.178783551264e6,638,insample,extreme4
cross_scenario,k_medoids,1176932870,7,8.06485e7,2.3560356,CosineDist,closemixed,777745.5171,530,insample,extreme4
cross_scenario,k_medoids,1821427372,7,9.50771e7,1.8703398,CosineDist,closemixed,1.139519191131e6,622,insample,extreme4
cross_scenario,k_medoids,2689963385,7,9.70939e7,1.9947483,CosineDist,closemixed,1.198894816615e6,654,insample,extreme4
cross_scenario,k_medoids,2751971336,7,7.72932e7,2.0200821,CosineDist,closemixed,689629.201719,429,insample,extreme4
cross_scenario,k_medoids,3385142830,7,7.98357e7,2.0312297,CosineDist,closemixed,756778.918914,508,insample,extreme4
cross_scenario,k_medoids,3409620994,7,8.18166e7,2.1906827,CosineDist,closemixed,803339.926235,517,insample,extreme4
cross_scenario,k_medoids,447101461,7,9.5457e7,1.8873088,CosineDist,closemixed,1.157723078176e6,657,insample,extreme4
cross_scenario,k_medoids,468006976,7,9.18507e7,2.0882954,CosineDist,closemixed,1.065610378323e6,648,insample,extreme4
cross_scenario,k_medoids,880982686,7,8.07936e7,2.1872841,CosineDist,closemixed,780992.729895,517,insample,extreme4
cross_scenario,k_medoids,1130292821,9,7.76669e7,2.8559044,CosineDist,closemixed,701790.756015,495,insample,extreme4
cross_scenario,k_medoids,1392296365,9,8.33184e7,2.664903,CosineDist,closemixed,848440.210632,564,insample,extreme4
cross_scenario,k_medoids,2814468992,9,7.11861e7,2.8059524,CosineDist,closemixed,526160.791069,336,insample,extreme4
cross_scenario,k_medoids,3044209910,9,5.76022e7,2.4030965,CosineDist,closemixed,159191.637712,158,insample,extreme4
cross_scenario,k_medoids,3261319673,9,8.22245e7,3.3307045,CosineDist,closemixed,820276.553699,601,insample,extreme4
cross_scenario,k_medoids,3543870990,9,8.3625e7,3.3654422,CosineDist,closemixed,856156.677055,582,insample,extreme4
cross_scenario,k_medoids,3602499071,9,9.87508e7,2.8945909,CosineDist,closemixed,1.242270400179e6,657,insample,extreme4
cross_scenario,k_medoids,3926221275,9,9.79184e7,3.1053331,CosineDist,closemixed,1.216838657622e6,741,insample,extreme4
cross_scenario,k_medoids,42413356,9,7.9962e7,3.2552847,CosineDist,closemixed,760385.002498,501,insample,extreme4
cross_scenario,k_medoids,697383862,9,9.48848e7,2.7817404,CosineDist,closemixed,1.144069171717e6,679,insample,extreme4
cross_scenario,k_medoids,1355586937,11,7.2531e7,4.4643763,SqEuclidean,closemixed,564833.479585,371,insample,extreme4
cross_scenario,k_medoids,1768760743,11,7.54962e7,4.4091568,SqEuclidean,closemixed,641700.927991,458,insample,extreme4
cross_scenario,k_medoids,2652796558,11,9.5929e7,4.9886714,SqEuclidean,closemixed,1.16748499624e6,674,insample,extreme4
cross_scenario,k_medoids,3000698040,11,9.8941e7,4.1961601,SqEuclidean,closemixed,1.247824664519e6,655,insample,extreme4
cross_scenario,k_medoids,3160233726,11,8.05825e7,5.6724671,SqEuclidean,closemixed,776238.526641,513,insample,extreme4
cross_scenario,k_medoids,3479820580,11,9.01701e7,5.1052694,SqEuclidean,closemixed,1.021977264891e6,558,insample,extreme4
cross_scenario,k_medoids,3649546841,11,9.7476e7,4.2755071,SqEuclidean,closemixed,1.210336927201e6,653,insample,extreme4
cross_scenario,k_medoids,4031091536,11,1.01354e8,4.1710411,SqEuclidean,closemixed,1.309220216087e6,726,insample,extreme4
cross_scenario,k_medoids,675182737,11,9.00772e7,5.4355616,SqEuclidean,closemixed,1.019340966989e6,659,insample,extreme4
cross_scenario,k_medoids,722170199,11,7.85799e7,4.8038595,SqEuclidean,closemixed,724618.038703,518,insample,extreme4
cross_scenario,k_medoids,1020330993,13,6.51322e7,6.0749589,SqEuclidean,closemixed,369337.579846,273,insample,extreme4
cross_scenario,k_medoids,1241334511,13,6.89593e7,4.4797577,SqEuclidean,closemixed,470097.71322,338,insample,extreme4
cross_scenario,k_medoids,1561739573,13,8.87889e7,7.6661092,SqEuclidean,closemixed,987271.995905,597,insample,extreme4
cross_scenario,k_medoids,2082789969,13,7.86792e7,5.5302218,SqEuclidean,closemixed,724733.659225,461,insample,extreme4
cross_scenario,k_medoids,2422820678,13,9.87063e7,5.228126,SqEuclidean,closemixed,1.242116070239e6,711,insample,extreme4
cross_scenario,k_medoids,373102896,13,6.81406e7,5.5475687,SqEuclidean,closemixed,451887.710059,299,insample,extreme4
cross_scenario,k_medoids,3777256655,13,9.30247e7,6.251963,SqEuclidean,closemixed,1.090798869941e6,663,insample,extreme4
cross_scenario,k_medoids,4101453586,13,9.45313e7,5.4756645,SqEuclidean,closemixed,1.127398660949e6,659,insample,extreme4
cross_scenario,k_medoids,419645993,13,7.67151e7,8.5582923,SqEuclidean,closemixed,677311.100323,460,insample,extreme4
cross_scenario,k_medoids,772616242,13,7.75272e7,6.8000795,SqEuclidean,closemixed,695992.055402,462,insample,extreme4
cross_scenario,k_medoids,1536731824,15,6.8954e7,6.1962699,SqEuclidean,closemixed,460128.091561,326,insample,extreme4
cross_scenario,k_medoids,1944031661,15,8.32049e7,9.7678246,SqEuclidean,closemixed,835273.645106,528,insample,extreme4
cross_scenario,k_medoids,195370354,15,8.0358e7,6.1135212,SqEuclidean,closemixed,769174.846082,516,insample,extreme4
cross_scenario,k_medoids,2392820273,15,7.6933e7,8.4909946,SqEuclidean,closemixed,683924.018686,448,insample,extreme4
cross_scenario,k_medoids,2931326369,15,8.31868e7,7.7175558,SqEuclidean,closemixed,838368.672022,530,insample,extreme4
cross_scenario,k_medoids,3012361418,15,7.10871e7,6.7028044,SqEuclidean,closemixed,530256.888979,411,insample,extreme4
cross_scenario,k_medoids,3763622817,15,7.31599e7,9.3319101,SqEuclidean,closemixed,572229.454591,367,insample,extreme4
cross_scenario,k_medoids,3796973136,15,9.38449e7,9.5118251,SqEuclidean,closemixed,1.114776089749e6,586,insample,extreme4
cross_scenario,k_medoids,3815196410,15,7.86859e7,7.6195217,SqEuclidean,closemixed,727697.36945,505,insample,extreme4
cross_scenario,k_medoids,604489562,15,8.3965e7,7.1845403,SqEuclidean,closemixed,858050.862331,553,insample,extreme4
cross_scenario,k_medoids,1587347134,17,6.95652e7,8.1358842,SqEuclidean,closemixed,490907.195268,353,insample,extreme4
cross_scenario,k_medoids,186564236,17,7.1402e7,9.0779556,SqEuclidean,closemixed,525468.397766,354,insample,extreme4
cross_scenario,k_medoids,2166881926,17,7.82393e7,9.7628025,SqEuclidean,closemixed,715141.358526,486,insample,extreme4
cross_scenario,k_medoids,2186186592,17,8.22171e7,7.7482855,SqEuclidean,closemixed,818666.121508,541,insample,extreme4
cross_scenario,k_medoids,2238747886,17,5.48061e7,6.4297701,SqEuclidean,closemixed,89338.913897,85,insample,extreme4
cross_scenario,k_medoids,224585247,17,7.63387e7,9.3540981,SqEuclidean,closemixed,662550.377321,396,insample,extreme4
cross_scenario,k_medoids,2339120676,17,8.65514e7,9.5129881,SqEuclidean,closemixed,923362.552554,625,insample,extreme4
cross_scenario,k_medoids,3093014142,17,6.45272e7,7.9620421,SqEuclidean,closemixed,343046.686359,299,insample,extreme4
cross_scenario,k_medoids,3258302586,17,5.83796e7,9.133931,SqEuclidean,closemixed,190782.688497,157,insample,extreme4
cross_scenario,k_medoids,3629043986,17,6.60396e7,6.3123021,SqEuclidean,closemixed,384838.782138,205,insample,extreme4
cross_scenario,k_medoids,1088367163,19,8.39145e7,10.8225281,SqEuclidean,closemixed,846056.014053,529,insample,extreme4
cross_scenario,k_medoids,1245540782,19,7.99126e7,11.6298362,SqEuclidean,closemixed,760473.514781,465,insample,extreme4
cross_scenario,k_medoids,2410109332,19,7.7095e7,12.0929586,SqEuclidean,closemixed,680239.190241,426,insample,extreme4
cross_scenario,k_medoids,2455416769,19,1.01467e8,11.3368452,SqEuclidean,closemixed,1.309583749935e6,739,insample,extreme4
cross_scenario,k_medoids,2591120440,19,7.71509e7,13.410832,SqEuclidean,closemixed,682962.012238,514,insample,extreme4
cross_scenario,k_medoids,2650271871,19,6.71684e7,9.3075242,SqEuclidean,closemixed,425930.125898,323,insample,extreme4
cross_scenario,k_medoids,2789252227,19,7.60819e7,14.0205065,SqEuclidean,closemixed,654277.368613,492,insample,extreme4
cross_scenario,k_medoids,3130995382,19,6.69534e7,9.5964125,SqEuclidean,closemixed,416513.287713,259,insample,extreme4
cross_scenario,k_medoids,3357853995,19,5.724e7,8.4508427,SqEuclidean,closemixed,148861.06328,149,insample,extreme4
cross_scenario,k_medoids,824849990,19,6.0925e7,10.1491606,SqEuclidean,closemixed,264525.666676,206,insample,extreme4
cross_scenario,k_medoids,1244389436,21,6.1584e7,11.5300238,SqEuclidean,closemixed,278018.929741,206,insample,extreme4
cross_scenario,k_medoids,1393653782,21,7.17662e7,14.2787779,SqEuclidean,closemixed,533342.185769,344,insample,extreme4
cross_scenario,k_medoids,1761682951,21,7.10715e7,11.0332636,SqEuclidean,closemixed,529158.574028,421,insample,extreme4
cross_scenario,k_medoids,196162340,21,6.10557e7,11.1116014,SqEuclidean,closemixed,268985.924846,188,insample,extreme4
cross_scenario,k_medoids,1984034111,21,8.34738e7,12.7233778,SqEuclidean,closemixed,846253.684914,556,insample,extreme4
cross_scenario,k_medoids,2569047889,21,7.48271e7,12.4486051,SqEuclidean,closemixed,617160.484594,417,insample,extreme4
cross_scenario,k_medoids,3286463093,21,8.50827e7,18.7243222,SqEuclidean,closemixed,887226.181901,509,insample,extreme4
cross_scenario,k_medoids,4196464565,21,6.169e7,10.4068173,SqEuclidean,closemixed,276919.18637,197,insample,extreme4
cross_scenario,k_medoids,744301781,21,8.68391e7,13.7342784,SqEuclidean,closemixed,919858.972164,570,insample,extreme4
cross_scenario,k_medoids,760014603,21,7.13278e7,12.1768884,SqEuclidean,closemixed,529542.311814,375,insample,extreme4
cross_scenario,k_medoids,2193967569,23,7.42168e7,13.2502596,SqEuclidean,closemixed,593933.188493,357,insample,extreme4
cross_scenario,k_medoids,2546464051,23,5.56807e7,11.6055643,SqEuclidean,closemixed,111099.375133,121,insample,extreme4
cross_scenario,k_medoids,2938742229,23,6.42377e7,11.7286421,SqEuclidean,closemixed,346636.48307,235,insample,extreme4
cross_scenario,k_medoids,313447314,23,7.5026e7,15.897189,SqEuclidean,closemixed,624589.923755,387,insample,extreme4
cross_scenario,k_medoids,3164855826,23,6.12504e7,14.1496641,SqEuclidean,closemixed,273731.497282,228,insample,extreme4
cross_scenario,k_medoids,3173192974,23,9.07397e7,11.2239569,SqEuclidean,closemixed,1.033359015112e6,696,insample,extreme4
cross_scenario,k_medoids,3527549645,23,6.65781e7,14.4161111,SqEuclidean,closemixed,397580.822507,291,insample,extreme4
cross_scenario,k_medoids,3913193451,23,7.80392e7,15.690032,SqEuclidean,closemixed,706383.964418,446,insample,extreme4
cross_scenario,k_medoids,714332685,23,7.5937e7,22.2925222,SqEuclidean,closemixed,640909.160252,413,insample,extreme4
cross_scenario,k_medoids,890890131,23,6.53102e7,12.2450402,SqEuclidean,closemixed,368572.697847,258,insample,extreme4
cross_scenario,k_medoids,1134130444,25,5.75418e7,14.9248627,SqEuclidean,closemixed,168014.789765,114,insample,extreme4
cross_scenario,k_medoids,2658990538,25,7.2417e7,16.7889047,SqEuclidean,closemixed,554823.347284,351,insample,extreme4
cross_scenario,k_medoids,2726541456,25,7.80218e7,17.7352025,SqEuclidean,closemixed,705016.116907,430,insample,extreme4
cross_scenario,k_medoids,2894918851,25,5.55876e7,11.6622487,SqEuclidean,closemixed,104520.405389,114,insample,extreme4
cross_scenario,k_medoids,3351175237,25,6.83613e7,14.5720362,SqEuclidean,closemixed,449721.707366,348,insample,extreme4
cross_scenario,k_medoids,343301208,25,7.83081e7,21.8418247,SqEuclidean,closemixed,712591.311729,402,insample,extreme4
cross_scenario,k_medoids,4135971217,25,6.31307e7,17.3552292,SqEuclidean,closemixed,321563.311514,246,insample,extreme4
cross_scenario,k_medoids,4145110716,25,6.23676e7,15.1669443,SqEuclidean,closemixed,295391.712618,217,insample,extreme4
cross_scenario,k_medoids,448376330,25,8.48363e7,20.3245383,SqEuclidean,closemixed,878574.981573,458,insample,extreme4
cross_scenario,k_medoids,47449323,25,5.67887e7,13.2567948,SqEuclidean,closemixed,147189.362896,125,insample,extreme4
cross_scenario,k_medoids,1161276258,27,7.17484e7,16.7847622,SqEuclidean,closemixed,545171.252729,376,insample,extreme4
cross_scenario,k_medoids,1233541653,27,6.64702e7,15.3706028,SqEuclidean,closemixed,396288.990083,294,insample,extreme4
cross_scenario,k_medoids,1267936167,27,5.90038e7,15.6708568,SqEuclidean,closemixed,200920.330822,157,insample,extreme4
cross_scenario,k_medoids,1653248667,27,5.57642e7,15.8200565,SqEuclidean,closemixed,115840.848231,114,insample,extreme4
cross_scenario,k_medoids,2437521778,27,6.62369e7,18.7685773,SqEuclidean,closemixed,379720.979684,242,insample,extreme4
cross_scenario,k_medoids,2524306086,27,5.64469e7,13.7982126,SqEuclidean,closemixed,132009.091986,89,insample,extreme4
cross_scenario,k_medoids,2606414571,27,7.5124e7,19.5204029,SqEuclidean,closemixed,627520.211605,436,insample,extreme4
cross_scenario,k_medoids,2821296471,27,6.34778e7,15.9667761,SqEuclidean,closemixed,317489.55457,190,insample,extreme4
cross_scenario,k_medoids,3155655383,27,5.44002e7,13.0013457,SqEuclidean,closemixed,74726.512133,89,insample,extreme4
cross_scenario,k_medoids,463779685,27,7.24863e7,19.8912119,SqEuclidean,closemixed,553905.129429,363,insample,extreme4
cross_scenario,k_medoids,1113698075,29,5.42066e7,13.9109398,SqEuclidean,closemixed,66694.776786,77,insample,extreme4
cross_scenario,k_medoids,1125327650,29,5.34788e7,17.4329599,SqEuclidean,closemixed,41076.489389,53,insample,extreme4
cross_scenario,k_medoids,1398119942,29,7.61317e7,20.3472098,SqEuclidean,closemixed,661972.471994,427,insample,extreme4
cross_scenario,k_medoids,1669407957,29,6.1683e7,18.6817272,SqEuclidean,closemixed,265937.55985,178,insample,extreme4
cross_scenario,k_medoids,1792506398,29,5.66787e7,22.1962275,SqEuclidean,closemixed,147507.566531,118,insample,extreme4
cross_scenario,k_medoids,2439649745,29,6.65097e7,19.1963662,SqEuclidean,closemixed,393899.753614,260,insample,extreme4
cross_scenario,k_medoids,2730667678,29,6.66742e7,21.190076,SqEuclidean,closemixed,403868.426802,317,insample,extreme4
cross_scenario,k_medoids,2843080965,29,5.86948e7,16.7969617,SqEuclidean,closemixed,204584.383749,162,insample,extreme4
cross_scenario,k_medoids,3434031776,29,6.06649e7,23.5727062,SqEuclidean,closemixed,241556.591642,193,insample,extreme4
cross_scenario,k_medoids,950202798,29,6.35476e7,15.6202116,SqEuclidean,closemixed,324274.046742,235,insample,extreme4
cross_scenario,k_medoids,1349996306,31,5.7462e7,17.2087731,SqEuclidean,closemixed,166576.88887,122,insample,extreme4
cross_scenario,k_medoids,1462714024,31,5.43273e7,16.2111651,SqEuclidean,closemixed,71761.461796,70,insample,extreme4
cross_scenario,k_medoids,1579127763,31,6.18732e7,17.4756952,SqEuclidean,closemixed,276863.592119,165,insample,extreme4
cross_scenario,k_medoids,1648351254,31,6.36818e7,19.4362751,SqEuclidean,closemixed,330432.888832,229,insample,extreme4
cross_scenario,k_medoids,2030289235,31,5.73051e7,23.4648852,SqEuclidean,closemixed,161068.112049,137,insample,extreme4
cross_scenario,k_medoids,2462588561,31,5.66136e7,19.7753036,SqEuclidean,closemixed,132818.507142,114,insample,extreme4
cross_scenario,k_medoids,2929172095,31,5.85733e7,17.9105585,SqEuclidean,closemixed,196734.58901,157,insample,extreme4
cross_scenario,k_medoids,2944528308,31,5.59476e7,19.3957945,SqEuclidean,closemixed,123746.058204,100,insample,extreme4
cross_scenario,k_medoids,295145311,31,7.26436e7,20.6936881,SqEuclidean,closemixed,568402.943493,447,insample,extreme4
cross_scenario,k_medoids,3899371692,31,7.37392e7,21.9609808,SqEuclidean,closemixed,595711.039553,405,insample,extreme4
cross_scenario,k_medoids,1038419084,33,5.81e7,22.4087906,SqEuclidean,closemixed,182284.080069,156,insample,extreme4
cross_scenario,k_medoids,1109759726,33,5.32432e7,17.5885178,SqEuclidean,closemixed,40681.871825,41,insample,extreme4
cross_scenario,k_medoids,1963882461,33,5.93014e7,21.7854694,SqEuclidean,closemixed,206766.895882,164,insample,extreme4
cross_scenario,k_medoids,1989163906,33,5.76055e7,21.9642351,SqEuclidean,closemixed,172085.124635,144,insample,extreme4
cross_scenario,k_medoids,2479233904,33,5.86774e7,25.3811391,SqEuclidean,closemixed,199867.921869,158,insample,extreme4
cross_scenario,k_medoids,2497612078,33,5.5879e7,18.0439304,SqEuclidean,closemixed,109386.876036,70,insample,extreme4
cross_scenario,k_medoids,3214090957,33,6.43157e7,18.3001429,SqEuclidean,closemixed,329263.227402,176,insample,extreme4
cross_scenario,k_medoids,3465092140,33,5.7123e7,20.2269656,SqEuclidean,closemixed,156794.827712,112,insample,extreme4
cross_scenario,k_medoids,4061834237,33,6.81491e7,22.8061218,SqEuclidean,closemixed,433560.107957,257,insample,extreme4
cross_scenario,k_medoids,52313467,33,5.53705e7,20.2881784,SqEuclidean,closemixed,104602.478014,105,insample,extreme4
cross_scenario,k_medoids,1208640119,35,5.86584e7,26.2949657,SqEuclidean,closemixed,204900.908603,171,insample,extreme4
cross_scenario,k_medoids,1428058240,35,6.17403e7,19.2434119,SqEuclidean,closemixed,268001.977836,188,insample,extreme4
cross_scenario,k_medoids,15941194,35,8.08439e7,33.3595492,SqEuclidean,closemixed,768979.692823,438,insample,extreme4
cross_scenario,k_medoids,2213813141,35,6.39796e7,27.1137687,SqEuclidean,closemixed,325710.847118,217,insample,extreme4
cross_scenario,k_medoids,2291375163,35,5.35863e7,20.6884593,SqEuclidean,closemixed,50495.782856,52,insample,extreme4
cross_scenario,k_medoids,236500538,35,5.32197e7,20.6358981,SqEuclidean,closemixed,36524.569686,38,insample,extreme4
cross_scenario,k_medoids,252145784,35,5.47745e7,18.9832781,SqEuclidean,closemixed,90308.177639,86,insample,extreme4
cross_scenario,k_medoids,2544196106,35,5.46599e7,19.840325,SqEuclidean,closemixed,69168.786167,84,insample,extreme4
cross_scenario,k_medoids,2745802022,35,6.07687e7,23.348349,SqEuclidean,closemixed,253455.320838,183,insample,extreme4
cross_scenario,k_medoids,3596893902,35,5.38311e7,19.8244261,SqEuclidean,closemixed,56321.942293,58,insample,extreme4
cross_scenario,k_medoids,1380354363,37,6.02035e7,28.841353,SqEuclidean,closemixed,239534.028364,158,insample,extreme4
cross_scenario,k_medoids,3048518942,37,7.36663e7,29.2227463,SqEuclidean,closemixed,587696.920745,390,insample,extreme4
cross_scenario,k_medoids,3182806193,37,5.76625e7,30.0303533,SqEuclidean,closemixed,160537.740252,129,insample,extreme4
cross_scenario,k_medoids,3244629827,37,5.59392e7,28.3845654,SqEuclidean,closemixed,114367.186013,78,insample,extreme4
cross_scenario,k_medoids,3452769998,37,5.72331e7,29.9557616,SqEuclidean,closemixed,157148.71078,114,insample,extreme4
cross_scenario,k_medoids,4262333788,37,5.99164e7,36.9334262,SqEuclidean,closemixed,223593.892961,167,insample,extreme4
cross_scenario,k_medoids,45994245,37,5.3717e7,20.3581778,SqEuclidean,closemixed,56304.137496,61,insample,extreme4
cross_scenario,k_medoids,67569244,37,5.77053e7,30.2806971,SqEuclidean,closemixed,165148.301286,163,insample,extreme4
cross_scenario,k_medoids,814300562,37,5.81136e7,26.7053464,SqEuclidean,closemixed,177686.199152,144,insample,extreme4
cross_scenario,k_medoids,870981686,37,5.71235e7,33.7837072,SqEuclidean,closemixed,153824.32652,115,insample,extreme4
cross_scenario,k_medoids,1129760376,39,5.60166e7,21.4748388,SqEuclidean,closemixed,125472.191329,92,insample,extreme4
cross_scenario,k_medoids,148104383,39,6.38548e7,29.0863882,SqEuclidean,closemixed,325254.235714,250,insample,extreme4
cross_scenario,k_medoids,1655289285,39,5.39502e7,24.8147796,SqEuclidean,closemixed,63443.825472,54,insample,extreme4
cross_scenario,k_medoids,1845695973,39,5.41165e7,21.8897728,SqEuclidean,closemixed,67799.995856,64,insample,extreme4
cross_scenario,k_medoids,2121257682,39,6.14721e7,20.9000514,SqEuclidean,closemixed,256275.766479,140,insample,extreme4
cross_scenario,k_medoids,2943233938,39,6.10834e7,24.5448711,SqEuclidean,closemixed,249518.218668,160,insample,extreme4
cross_scenario,k_medoids,3030918353,39,5.44998e7,22.0257655,SqEuclidean,closemixed,73438.529143,84,insample,extreme4
cross_scenario,k_medoids,3096268031,39,5.9419e7,30.7789389,SqEuclidean,closemixed,226793.405596,180,insample,extreme4
cross_scenario,k_medoids,3338611973,39,7.67233e7,35.3831817,SqEuclidean,closemixed,650171.561142,467,insample,extreme4
cross_scenario,k_medoids,662283236,39,7.70625e7,31.6727922,SqEuclidean,closemixed,669782.298921,391,insample,extreme4
cross_scenario,k_medoids,1005104349,41,5.39357e7,24.8417031,SqEuclidean,closemixed,54239.280829,62,insample,extreme4
cross_scenario,k_medoids,1534696584,41,5.59287e7,27.7703632,SqEuclidean,closemixed,125559.831295,97,insample,extreme4
cross_scenario,k_medoids,225016911,41,5.3882e7,25.7175802,SqEuclidean,closemixed,52894.262699,61,insample,extreme4
cross_scenario,k_medoids,2317592996,41,5.51544e7,37.9066988,SqEuclidean,closemixed,92063.625315,67,insample,extreme4
cross_scenario,k_medoids,2716090479,41,5.56146e7,35.5136949,SqEuclidean,closemixed,113677.224875,80,insample,extreme4
cross_scenario,k_medoids,3258958499,41,5.64259e7,35.1167832,SqEuclidean,closemixed,130766.617491,111,insample,extreme4
cross_scenario,k_medoids,329433595,41,5.84836e7,24.8204807,SqEuclidean,closemixed,177653.032199,138,insample,extreme4
cross_scenario,k_medoids,3444774395,41,6.27448e7,30.4729143,SqEuclidean,closemixed,303586.702628,256,insample,extreme4
cross_scenario,k_medoids,438234340,41,5.66552e7,27.4313208,SqEuclidean,closemixed,132803.053691,92,insample,extreme4
cross_scenario,k_medoids,953901905,41,5.63278e7,33.8787509,SqEuclidean,closemixed,122277.612491,90,insample,extreme4
cross_scenario,k_medoids,1660595499,5,9.69775e7,1.9582086,SqEuclidean,closemixed,1.195923320913e6,626,insample,extreme4
cross_scenario,k_medoids,1714105051,5,9.6566e7,1.6958465,SqEuclidean,closemixed,1.185437989937e6,649,insample,extreme4
cross_scenario,k_medoids,2169593505,5,9.69243e7,1.3727339,SqEuclidean,closemixed,1.194578713322e6,651,insample,extreme4
cross_scenario,k_medoids,2538991366,5,7.79702e7,1.4034663,SqEuclidean,closemixed,707395.753785,429,insample,extreme4
cross_scenario,k_medoids,2909674750,5,9.64882e7,1.8229384,SqEuclidean,closemixed,1.183495296537e6,654,insample,extreme4
cross_scenario,k_medoids,3018546641,5,9.22838e7,1.4323136,SqEuclidean,closemixed,1.075970315516e6,604,insample,extreme4
cross_scenario,k_medoids,3634057553,5,9.56155e7,1.4092784,SqEuclidean,closemixed,1.161145568181e6,631,insample,extreme4
cross_scenario,k_medoids,4139823947,5,9.58225e7,1.3771608,SqEuclidean,closemixed,1.166486744151e6,617,insample,extreme4
cross_scenario,k_medoids,4197766176,5,9.66342e7,1.347594,SqEuclidean,closemixed,1.187210986551e6,585,insample,extreme4
cross_scenario,k_medoids,5947179,5,9.39521e7,1.333778,SqEuclidean,closemixed,1.117212361799e6,546,insample,extreme4
cross_scenario,k_medoids,1006581332,7,9.82299e7,2.1268126,SqEuclidean,closemixed,1.228681819799e6,684,insample,extreme4
cross_scenario,k_medoids,1176932870,7,8.94987e7,2.513645,SqEuclidean,closemixed,1.00408434468e6,568,insample,extreme4
cross_scenario,k_medoids,1821427372,7,9.3712e7,2.3823096,SqEuclidean,closemixed,1.11282261298e6,628,insample,extreme4
cross_scenario,k_medoids,2689963385,7,1.00631e8,2.1085019,SqEuclidean,closemixed,1.289833279232e6,662,insample,extreme4
cross_scenario,k_medoids,2751971336,7,9.62638e7,2.1594471,SqEuclidean,closemixed,1.178181619981e6,630,insample,extreme4
cross_scenario,k_medoids,3385142830,7,9.86566e7,2.2738481,SqEuclidean,closemixed,1.239495990975e6,666,insample,extreme4
cross_scenario,k_medoids,3409620994,7,9.69255e7,2.1262746,SqEuclidean,closemixed,1.194587029647e6,631,insample,extreme4
cross_scenario,k_medoids,447101461,7,9.88668e7,2.0233207,SqEuclidean,closemixed,1.245041559668e6,658,insample,extreme4
cross_scenario,k_medoids,468006976,7,7.01505e7,2.255717,SqEuclidean,closemixed,499857.86141,320,insample,extreme4
cross_scenario,k_medoids,880982686,7,9.83114e7,2.3680973,SqEuclidean,closemixed,1.231049115782e6,679,insample,extreme4
cross_scenario,k_medoids,1130292821,9,7.05689e7,2.9566032,SqEuclidean,closemixed,516642.159591,362,insample,extreme4
cross_scenario,k_medoids,1392296365,9,9.59147e7,2.9810939,SqEuclidean,closemixed,1.169559288921e6,616,insample,extreme4
cross_scenario,k_medoids,2814468992,9,9.29119e7,3.2905981,SqEuclidean,closemixed,1.086145832242e6,592,insample,extreme4
cross_scenario,k_medoids,3044209910,9,8.16426e7,3.905152,SqEuclidean,closemixed,802621.511473,569,insample,extreme4
cross_scenario,k_medoids,3261319673,9,8.33322e7,3.6504652,SqEuclidean,closemixed,846133.400524,538,insample,extreme4
cross_scenario,k_medoids,3543870990,9,8.34442e7,3.5620103,SqEuclidean,closemixed,851461.844988,584,insample,extreme4
cross_scenario,k_medoids,3602499071,9,9.36197e7,4.0956704,SqEuclidean,closemixed,1.110532956285e6,594,insample,extreme4
cross_scenario,k_medoids,3926221275,9,9.82399e7,3.0414266,SqEuclidean,closemixed,1.229259409037e6,667,insample,extreme4
cross_scenario,k_medoids,42413356,9,6.78486e7,3.0344696,SqEuclidean,closemixed,445354.17202,346,insample,extreme4
cross_scenario,k_medoids,697383862,9,9.55925e7,3.2577653,SqEuclidean,closemixed,1.162227976478e6,663,insample,extreme4
cross_scenario,k_means,1355586937,11,8.65465e7,5.3145694,CosineDist,closemixed,928748.925753,545,insample,extreme4
cross_scenario,k_means,1768760743,11,9.5824e7,3.6265815,CosineDist,closemixed,1.170302989749e6,700,insample,extreme4
cross_scenario,k_means,2652796558,11,8.78898e7,4.1805056,CosineDist,closemixed,962394.854408,536,insample,extreme4
cross_scenario,k_means,3000698040,11,9.18549e7,3.9818361,CosineDist,closemixed,1.064184384769e6,622,insample,extreme4
cross_scenario,k_means,3160233726,11,7.63691e7,3.8142946,CosineDist,closemixed,664270.017103,414,insample,extreme4
cross_scenario,k_means,3479820580,11,8.61849e7,4.3493408,CosineDist,closemixed,918166.820977,506,insample,extreme4
cross_scenario,k_means,3649546841,11,9.42516e7,4.3762388,CosineDist,closemixed,1.127346901622e6,598,insample,extreme4
cross_scenario,k_means,4031091536,11,1.02337e8,4.4393312,CosineDist,closemixed,1.337199941811e6,698,insample,extreme4
cross_scenario,k_means,675182737,11,8.23255e7,3.4828021,CosineDist,closemixed,820865.121915,541,insample,extreme4
cross_scenario,k_means,722170199,11,8.05326e7,3.5658826,CosineDist,closemixed,769420.418457,461,insample,extreme4
cross_scenario,k_means,1020330993,13,7.57184e7,4.7076037,CosineDist,closemixed,649841.288485,406,insample,extreme4
cross_scenario,k_means,1241334511,13,7.24756e7,4.5058824,CosineDist,closemixed,564541.512362,385,insample,extreme4
cross_scenario,k_means,1561739573,13,7.42783e7,4.8800007,CosineDist,closemixed,615157.350069,412,insample,extreme4
cross_scenario,k_means,2082789969,13,6.32846e7,4.4996924,CosineDist,closemixed,323342.368563,244,insample,extreme4
cross_scenario,k_means,2422820678,13,8.13315e7,4.6237467,CosineDist,closemixed,794207.688032,463,insample,extreme4
cross_scenario,k_means,373102896,13,6.79283e7,4.6987932,CosineDist,closemixed,450002.693029,328,insample,extreme4
cross_scenario,k_means,3777256655,13,7.67398e7,4.4766867,CosineDist,closemixed,676076.651476,440,insample,extreme4
cross_scenario,k_means,4101453586,13,9.36512e7,5.4910748,CosineDist,closemixed,1.10819680768e6,654,insample,extreme4
cross_scenario,k_means,419645993,13,8.29921e7,5.135383,CosineDist,closemixed,839619.355513,521,insample,extreme4
cross_scenario,k_means,772616242,13,7.00598e7,5.8051388,CosineDist,closemixed,504817.613663,394,insample,extreme4
cross_scenario,k_means,1536731824,15,6.75418e7,7.2654442,CosineDist,closemixed,434634.013285,312,insample,extreme4
cross_scenario,k_means,1944031661,15,8.75545e7,7.1606486,CosineDist,closemixed,955035.20152,609,insample,extreme4
cross_scenario,k_means,195370354,15,7.28282e7,5.34299,CosineDist,closemixed,575306.139113,372,insample,extreme4
cross_scenario,k_means,2392820273,15,6.94414e7,5.3900534,CosineDist,closemixed,486884.213319,321,insample,extreme4
cross_scenario,k_means,2931326369,15,8.69091e7,5.8857347,CosineDist,closemixed,933515.986488,521,insample,extreme4
cross_scenario,k_means,3012361418,15,6.92468e7,5.8302619,CosineDist,closemixed,481034.187732,324,insample,extreme4
cross_scenario,k_means,3763622817,15,8.7438e7,5.7304907,CosineDist,closemixed,948939.445472,558,insample,extreme4
cross_scenario,k_means,3796973136,15,8.12145e7,6.1741819,CosineDist,closemixed,787304.425361,489,insample,extreme4
cross_scenario,k_means,3815196410,15,7.15867e7,5.6712874,CosineDist,closemixed,542787.241924,355,insample,extreme4
cross_scenario,k_means,604489562,15,6.79801e7,6.148056,CosineDist,closemixed,448820.60164,335,insample,extreme4
cross_scenario,k_means,1587347134,17,6.8153e7,6.7952778,CosineDist,closemixed,453449.593722,341,insample,extreme4
cross_scenario,k_means,186564236,17,6.66624e7,5.9347681,CosineDist,closemixed,409138.393631,300,insample,extreme4
cross_scenario,k_means,2166881926,17,6.82027e7,5.3423504,CosineDist,closemixed,456234.568397,311,insample,extreme4
cross_scenario,k_means,2186186592,17,6.8243e7,5.6990561,CosineDist,closemixed,449292.621993,307,insample,extreme4
cross_scenario,k_means,2238747886,17,7.27336e7,6.0372112,CosineDist,closemixed,570971.669561,373,insample,extreme4
cross_scenario,k_means,224585247,17,7.68076e7,9.8624231,CosineDist,closemixed,670163.627413,428,insample,extreme4
cross_scenario,k_means,2339120676,17,8.55033e7,6.4454597,CosineDist,closemixed,902310.129003,555,insample,extreme4
cross_scenario,k_means,3093014142,17,6.78349e7,7.0964752,CosineDist,closemixed,435606.197346,336,insample,extreme4
cross_scenario,k_means,3258302586,17,5.82592e7,7.5310562,CosineDist,closemixed,185157.67043,152,insample,extreme4
cross_scenario,k_means,3629043986,17,6.65117e7,5.4434359,CosineDist,closemixed,405827.69787,273,insample,extreme4
cross_scenario,k_means,1088367163,19,7.84364e7,7.7643335,CosineDist,closemixed,718404.246807,423,insample,extreme4
cross_scenario,k_means,1245540782,19,7.60494e7,8.439877,CosineDist,closemixed,662284.36411,454,insample,extreme4
cross_scenario,k_means,2410109332,19,7.06931e7,8.3462264,CosineDist,closemixed,519311.423686,369,insample,extreme4
cross_scenario,k_means,2455416769,19,7.80485e7,8.2829998,CosineDist,closemixed,702091.61048,408,insample,extreme4
cross_scenario,k_means,2591120440,19,7.17334e7,9.77982,CosineDist,closemixed,545385.485033,409,insample,extreme4
cross_scenario,k_means,2650271871,19,6.57763e7,7.8162691,CosineDist,closemixed,390695.565582,305,insample,extreme4
cross_scenario,k_means,2789252227,19,8.23317e7,8.8552847,CosineDist,closemixed,818243.639441,516,insample,extreme4
cross_scenario,k_means,3130995382,19,7.45323e7,7.9055808,CosineDist,closemixed,609464.29785,348,insample,extreme4
cross_scenario,k_means,3357853995,19,7.78816e7,7.1578999,CosineDist,closemixed,697485.902681,450,insample,extreme4
cross_scenario,k_means,824849990,19,6.91097e7,7.5081671,CosineDist,closemixed,479235.19476,337,insample,extreme4
cross_scenario,k_means,1244389436,21,6.12546e7,10.7751361,CosineDist,closemixed,265241.889641,197,insample,extreme4
cross_scenario,k_means,1393653782,21,6.41065e7,9.2854843,CosineDist,closemixed,333606.836662,239,insample,extreme4
cross_scenario,k_means,1761682951,21,7.27233e7,11.9832756,CosineDist,closemixed,575185.084432,414,insample,extreme4
cross_scenario,k_means,196162340,21,5.99246e7,8.8820711,CosineDist,closemixed,237397.372811,168,insample,extreme4
cross_scenario,k_means,1984034111,21,7.62727e7,10.3346426,CosineDist,closemixed,662820.931874,469,insample,extreme4
cross_scenario,k_means,2569047889,21,8.47575e7,10.0271273,CosineDist,closemixed,872375.207359,523,insample,extreme4
cross_scenario,k_means,3286463093,21,6.67153e7,9.3555175,CosineDist,closemixed,414232.181039,294,insample,extreme4
cross_scenario,k_means,4196464565,21,6.09776e7,9.5475983,CosineDist,closemixed,260402.291712,198,insample,extreme4
cross_scenario,k_means,744301781,21,8.09272e7,9.5787533,CosineDist,closemixed,774390.618367,480,insample,extreme4
cross_scenario,k_means,760014603,21,7.1101e7,8.3424884,CosineDist,closemixed,528312.226364,334,insample,extreme4
cross_scenario,k_means,2193967569,23,6.73239e7,8.4056363,CosineDist,closemixed,419118.575468,269,insample,extreme4
cross_scenario,k_means,2546464051,23,6.85234e7,9.3400903,CosineDist,closemixed,459139.788189,310,insample,extreme4
cross_scenario,k_means,2938742229,23,6.12406e7,8.4361427,CosineDist,closemixed,266718.601625,187,insample,extreme4
cross_scenario,k_means,313447314,23,7.71422e7,12.5805602,CosineDist,closemixed,687525.934092,456,insample,extreme4
cross_scenario,k_means,3164855826,23,8.78544e7,12.7950137,CosineDist,closemixed,948481.266189,610,insample,extreme4
cross_scenario,k_means,3173192974,23,6.93852e7,8.9059054,CosineDist,closemixed,476936.915084,327,insample,extreme4
cross_scenario,k_means,3527549645,23,6.02658e7,9.1513265,CosineDist,closemixed,234304.537842,210,insample,extreme4
cross_scenario,k_means,3913193451,23,6.4052e7,10.4020827,CosineDist,closemixed,341103.569559,258,insample,extreme4
cross_scenario,k_means,714332685,23,8.4703e7,8.7326594,CosineDist,closemixed,877283.006146,533,insample,extreme4
cross_scenario,k_means,890890131,23,7.51674e7,12.2389172,CosineDist,closemixed,629790.178549,437,insample,extreme4
cross_scenario,k_means,1134130444,25,5.72168e7,9.9961285,CosineDist,closemixed,162911.950316,147,insample,extreme4
cross_scenario,k_means,2658990538,25,6.81768e7,11.8952092,CosineDist,closemixed,448797.926796,304,insample,extreme4
cross_scenario,k_means,2726541456,25,6.82959e7,14.7164029,CosineDist,closemixed,449988.001217,350,insample,extreme4
cross_scenario,k_means,2894918851,25,5.96111e7,9.9739327,CosineDist,closemixed,221120.548951,169,insample,extreme4
cross_scenario,k_means,3351175237,25,6.21207e7,8.4934646,CosineDist,closemixed,288311.96371,199,insample,extreme4
cross_scenario,k_means,343301208,25,6.81199e7,10.4234233,CosineDist,closemixed,450942.07827,302,insample,extreme4
cross_scenario,k_means,4135971217,25,7.06487e7,12.9686563,CosineDist,closemixed,519652.650863,326,insample,extreme4
cross_scenario,k_means,4145110716,25,6.45785e7,9.7502267,CosineDist,closemixed,353415.406009,248,insample,extreme4
cross_scenario,k_means,448376330,25,7.69756e7,15.3130856,CosineDist,closemixed,672892.656027,461,insample,extreme4
cross_scenario,k_means,47449323,25,5.93993e7,10.5206171,CosineDist,closemixed,212431.397849,202,insample,extreme4
cross_scenario,k_means,1161276258,27,6.7342e7,10.0383197,CosineDist,closemixed,421058.635488,257,insample,extreme4
cross_scenario,k_means,1233541653,27,6.66068e7,11.003216,CosineDist,closemixed,404475.765077,245,insample,extreme4
cross_scenario,k_means,1267936167,27,6.95868e7,13.9215989,CosineDist,closemixed,487141.390855,364,insample,extreme4
cross_scenario,k_means,1653248667,27,6.24904e7,13.2256743,CosineDist,closemixed,305196.140765,226,insample,extreme4
cross_scenario,k_means,2437521778,27,7.04313e7,14.8318616,CosineDist,closemixed,502224.591816,372,insample,extreme4
cross_scenario,k_means,2524306086,27,5.946e7,10.4085341,CosineDist,closemixed,221759.121969,178,insample,extreme4
cross_scenario,k_means,2606414571,27,6.25729e7,14.9743462,CosineDist,closemixed,297662.183815,202,insample,extreme4
cross_scenario,k_means,2821296471,27,6.29273e7,11.8919102,CosineDist,closemixed,308914.731534,187,insample,extreme4
cross_scenario,k_means,3155655383,27,6.15905e7,16.0605514,CosineDist,closemixed,275049.174672,199,insample,extreme4
cross_scenario,k_means,463779685,27,6.4598e7,12.8863239,CosineDist,closemixed,347219.04218,238,insample,extreme4
cross_scenario,k_means,1113698075,29,6.30002e7,13.2278724,CosineDist,closemixed,308400.800954,203,insample,extreme4
cross_scenario,k_means,1125327650,29,5.41909e7,13.7865353,CosineDist,closemixed,61663.59433,70,insample,extreme4
cross_scenario,k_means,1398119942,29,6.70771e7,16.0600939,CosineDist,closemixed,415296.115025,273,insample,extreme4
cross_scenario,k_means,1669407957,29,5.95039e7,15.7132316,CosineDist,closemixed,211835.088716,164,insample,extreme4
cross_scenario,k_means,1792506398,29,5.7993e7,19.475066,CosineDist,closemixed,182529.026778,147,insample,extreme4
cross_scenario,k_means,2439649745,29,6.37906e7,16.2064557,CosineDist,closemixed,328791.110314,250,insample,extreme4
cross_scenario,k_means,2730667678,29,6.1258e7,14.5637029,CosineDist,closemixed,262425.676943,204,insample,extreme4
cross_scenario,k_means,2843080965,29,5.57226e7,13.470321,CosineDist,closemixed,119052.267995,95,insample,extreme4
cross_scenario,k_means,3434031776,29,6.92634e7,13.9884142,CosineDist,closemixed,476557.561589,324,insample,extreme4
cross_scenario,k_means,950202798,29,5.89777e7,11.6763522,CosineDist,closemixed,201878.820909,143,insample,extreme4
cross_scenario,k_means,1349996306,31,5.45652e7,15.5172045,CosineDist,closemixed,80516.032717,70,insample,extreme4
cross_scenario,k_means,1462714024,31,6.48065e7,15.0942451,CosineDist,closemixed,351236.092479,226,insample,extreme4
cross_scenario,k_means,1579127763,31,6.14799e7,14.8610443,CosineDist,closemixed,262352.671279,157,insample,extreme4
cross_scenario,k_means,1648351254,31,6.05104e7,14.9992148,CosineDist,closemixed,243437.962651,178,insample,extreme4
cross_scenario,k_means,2030289235,31,5.64326e7,15.5810119,CosineDist,closemixed,132421.303135,126,insample,extreme4
cross_scenario,k_means,2462588561,31,6.77282e7,14.9423129,CosineDist,closemixed,424044.192413,288,insample,extreme4
cross_scenario,k_means,2929172095,31,6.2178e7,16.60499,CosineDist,closemixed,283680.523938,235,insample,extreme4
cross_scenario,k_means,2944528308,31,5.58467e7,15.8479071,CosineDist,closemixed,118143.742592,100,insample,extreme4
cross_scenario,k_means,295145311,31,7.78144e7,16.0829485,CosineDist,closemixed,690245.058427,460,insample,extreme4
cross_scenario,k_means,3899371692,31,7.0007e7,17.6458956,CosineDist,closemixed,495234.600085,349,insample,extreme4
cross_scenario,k_means,1038419084,33,5.99396e7,17.7057681,CosineDist,closemixed,228940.353262,195,insample,extreme4
cross_scenario,k_means,1109759726,33,5.47421e7,15.2974586,CosineDist,closemixed,86113.338505,73,insample,extreme4
cross_scenario,k_means,1963882461,33,7.85617e7,26.0776649,CosineDist,closemixed,700266.876333,448,insample,extreme4
cross_scenario,k_means,1989163906,33,6.52353e7,16.109649,CosineDist,closemixed,371784.237894,281,insample,extreme4
cross_scenario,k_means,2479233904,33,6.062e7,17.7728073,CosineDist,closemixed,247277.994668,171,insample,extreme4
cross_scenario,k_means,2497612078,33,5.57105e7,15.8767701,CosineDist,closemixed,110112.431669,78,insample,extreme4
cross_scenario,k_means,3214090957,33,6.44409e7,16.0392309,CosineDist,closemixed,350998.014219,233,insample,extreme4
cross_scenario,k_means,3465092140,33,5.70626e7,18.469686,CosineDist,closemixed,152793.387554,119,insample,extreme4
cross_scenario,k_means,4061834237,33,6.77311e7,22.1007669,CosineDist,closemixed,429083.615558,324,insample,extreme4
cross_scenario,k_means,52313467,33,6.17592e7,21.2212566,CosineDist,closemixed,286558.51212,237,insample,extreme4
cross_scenario,k_means,1208640119,35,5.72591e7,20.775558,CosineDist,closemixed,157501.919674,130,insample,extreme4
cross_scenario,k_means,1428058240,35,5.95501e7,19.8103794,CosineDist,closemixed,224473.555819,175,insample,extreme4
cross_scenario,k_means,15941194,35,6.53128e7,18.09968,CosineDist,closemixed,364921.884117,258,insample,extreme4
cross_scenario,k_means,2213813141,35,6.4626e7,19.3799546,CosineDist,closemixed,343774.923219,243,insample,extreme4
cross_scenario,k_means,2291375163,35,5.8838e7,18.280198,CosineDist,closemixed,202106.715985,157,insample,extreme4
cross_scenario,k_means,236500538,35,5.6785e7,20.3266134,CosineDist,closemixed,144763.285768,107,insample,extreme4
cross_scenario,k_means,252145784,35,5.90667e7,22.0191461,CosineDist,closemixed,209304.558547,166,insample,extreme4
cross_scenario,k_means,2544196106,35,6.62504e7,17.6628955,CosineDist,closemixed,385851.801674,247,insample,extreme4
cross_scenario,k_means,2745802022,35,6.03234e7,18.4493319,CosineDist,closemixed,240606.46731,186,insample,extreme4
cross_scenario,k_means,3596893902,35,5.59834e7,18.4401619,CosineDist,closemixed,123210.589209,103,insample,extreme4
cross_scenario,k_means,1380354363,37,5.57956e7,16.8598851,CosineDist,closemixed,119931.154217,97,insample,extreme4
cross_scenario,k_means,3048518942,37,7.26131e7,32.1920477,CosineDist,closemixed,558898.467409,333,insample,extreme4
cross_scenario,k_means,3182806193,37,5.76728e7,25.1329853,CosineDist,closemixed,168718.005132,138,insample,extreme4
cross_scenario,k_means,3244629827,37,6.15977e7,25.5401628,CosineDist,closemixed,278414.046349,237,insample,extreme4
cross_scenario,k_means,3452769998,37,5.80927e7,21.8831528,CosineDist,closemixed,185408.906775,127,insample,extreme4
cross_scenario,k_means,4262333788,37,6.23421e7,27.217913,CosineDist,closemixed,286578.281678,226,insample,extreme4
cross_scenario,k_means,45994245,37,5.41452e7,17.734958,CosineDist,closemixed,69152.628275,70,insample,extreme4
cross_scenario,k_means,67569244,37,6.55921e7,25.2855247,CosineDist,closemixed,386607.069592,271,insample,extreme4
cross_scenario,k_means,814300562,37,5.70818e7,19.4050319,CosineDist,closemixed,151550.003471,124,insample,extreme4
cross_scenario,k_means,870981686,37,5.4888e7,19.3199817,CosineDist,closemixed,91273.787924,83,insample,extreme4
cross_scenario,k_means,1129760376,39,5.85869e7,32.9711079,CosineDist,closemixed,197380.585356,169,insample,extreme4
cross_scenario,k_means,148104383,39,6.48957e7,25.6875749,CosineDist,closemixed,353935.241618,279,insample,extreme4
cross_scenario,k_means,1655289285,39,5.74979e7,26.7439882,CosineDist,closemixed,160315.904552,113,insample,extreme4
cross_scenario,k_means,1845695973,39,5.79607e7,27.6119034,CosineDist,closemixed,173140.133288,126,insample,extreme4
cross_scenario,k_means,2121257682,39,6.2061e7,20.5544309,CosineDist,closemixed,283208.134063,198,insample,extreme4
cross_scenario,k_means,2943233938,39,6.12851e7,26.2548445,CosineDist,closemixed,259682.27478,186,insample,extreme4
cross_scenario,k_means,3030918353,39,5.95623e7,27.9504087,CosineDist,closemixed,215440.76293,184,insample,extreme4
cross_scenario,k_means,3096268031,39,5.86385e7,19.8255074,CosineDist,closemixed,195275.777695,143,insample,extreme4
cross_scenario,k_means,3338611973,39,6.98373e7,22.1479795,CosineDist,closemixed,478810.425657,328,insample,extreme4
cross_scenario,k_means,662283236,39,7.6018e7,24.7498565,CosineDist,closemixed,640086.76042,376,insample,extreme4
cross_scenario,k_means,1005104349,41,6.40913e7,23.7673472,CosineDist,closemixed,331778.323609,234,insample,extreme4
cross_scenario,k_means,1534696584,41,5.7798e7,29.3319872,CosineDist,closemixed,171291.382227,133,insample,extreme4
cross_scenario,k_means,225016911,41,5.42605e7,20.3019331,CosineDist,closemixed,63899.18814,77,insample,extreme4
cross_scenario,k_means,2317592996,41,5.75002e7,22.7097746,CosineDist,closemixed,160366.965309,132,insample,extreme4
cross_scenario,k_means,2716090479,41,5.56604e7,25.9901014,CosineDist,closemixed,114550.244103,78,insample,extreme4
cross_scenario,k_means,3258958499,41,7.22015e7,26.6443028,CosineDist,closemixed,534850.398182,407,insample,extreme4
cross_scenario,k_means,329433595,41,5.83776e7,25.194754,CosineDist,closemixed,188199.020202,141,insample,extreme4
cross_scenario,k_means,3444774395,41,5.9056e7,31.5381341,CosineDist,closemixed,203594.755555,186,insample,extreme4
cross_scenario,k_means,438234340,41,5.9327e7,24.6497502,CosineDist,closemixed,218740.425599,178,insample,extreme4
cross_scenario,k_means,953901905,41,5.63788e7,26.405534,CosineDist,closemixed,130331.849148,110,insample,extreme4
cross_scenario,k_means,1660595499,5,9.92513e7,1.5903118,CosineDist,closemixed,1.258361212187e6,669,insample,extreme4
cross_scenario,k_means,1714105051,5,1.0233e8,2.0365439,CosineDist,closemixed,1.337337731627e6,706,insample,extreme4
cross_scenario,k_means,2169593505,5,1.01386e8,1.9497673,CosineDist,closemixed,1.313072066672e6,691,insample,extreme4
cross_scenario,k_means,2538991366,5,8.90454e7,1.7790064,CosineDist,closemixed,996681.243714,607,insample,extreme4
cross_scenario,k_means,2909674750,5,8.81514e7,1.7064422,CosineDist,closemixed,971307.278812,567,insample,extreme4
cross_scenario,k_means,3018546641,5,9.34879e7,1.4732287,CosineDist,closemixed,1.109918129752e6,636,insample,extreme4
cross_scenario,k_means,3634057553,5,1.03352e8,1.6098337,CosineDist,closemixed,1.36342047483e6,714,insample,extreme4
cross_scenario,k_means,4139823947,5,9.72543e7,1.4709183,CosineDist,closemixed,1.205378972357e6,610,insample,extreme4
cross_scenario,k_means,4197766176,5,9.38462e7,1.5973109,CosineDist,closemixed,1.119899419288e6,653,insample,extreme4
cross_scenario,k_means,5947179,5,9.89814e7,1.8939458,CosineDist,closemixed,1.24966741378e6,655,insample,extreme4
cross_scenario,k_means,1006581332,7,1.01251e8,2.2198682,CosineDist,closemixed,1.310216098898e6,715,insample,extreme4
cross_scenario,k_means,1176932870,7,8.40365e7,2.0478661,CosineDist,closemixed,864890.067033,470,insample,extreme4
cross_scenario,k_means,1821427372,7,9.2375e7,2.079356,CosineDist,closemixed,1.080673381586e6,584,insample,extreme4
cross_scenario,k_means,2689963385,7,9.86142e7,2.3883616,CosineDist,closemixed,1.239436242322e6,688,insample,extreme4
cross_scenario,k_means,2751971336,7,9.72846e7,2.3199658,CosineDist,closemixed,1.206324572912e6,652,insample,extreme4
cross_scenario,k_means,3385142830,7,1.0108e8,2.0786357,CosineDist,closemixed,1.3058758761e6,713,insample,extreme4
cross_scenario,k_means,3409620994,7,1.02834e8,2.0784812,CosineDist,closemixed,1.350719505413e6,717,insample,extreme4
cross_scenario,k_means,447101461,7,1.03624e8,2.2156762,CosineDist,closemixed,1.369815880529e6,729,insample,extreme4
cross_scenario,k_means,468006976,7,8.12515e7,2.0838553,CosineDist,closemixed,793868.298455,458,insample,extreme4
cross_scenario,k_means,880982686,7,8.05034e7,2.0556023,CosineDist,closemixed,769489.803902,470,insample,extreme4
cross_scenario,k_means,1130292821,9,6.47841e7,3.0889453,CosineDist,closemixed,355355.312683,246,insample,extreme4
cross_scenario,k_means,1392296365,9,9.38687e7,3.3459505,CosineDist,closemixed,1.119223271191e6,627,insample,extreme4
cross_scenario,k_means,2814468992,9,9.56612e7,2.8860764,CosineDist,closemixed,1.164665091366e6,662,insample,extreme4
cross_scenario,k_means,3044209910,9,7.3247e7,2.8072133,CosineDist,closemixed,586060.548004,360,insample,extreme4
cross_scenario,k_means,3261319673,9,7.37261e7,2.9177879,CosineDist,closemixed,599979.002227,400,insample,extreme4
cross_scenario,k_means,3543870990,9,8.93894e7,3.2478647,CosineDist,closemixed,1.005086240358e6,565,insample,extreme4
cross_scenario,k_means,3602499071,9,7.94942e7,3.1057403,CosineDist,closemixed,748783.920042,461,insample,extreme4
cross_scenario,k_means,3926221275,9,9.68968e7,3.4633877,CosineDist,closemixed,1.188098816624e6,636,insample,extreme4
cross_scenario,k_means,42413356,9,6.69906e7,3.2030195,CosineDist,closemixed,423918.697821,295,insample,extreme4
cross_scenario,k_means,697383862,9,9.21611e7,2.908469,CosineDist,closemixed,1.076436348142e6,613,insample,extreme4
cross_scenario,k_means,1355586937,11,9.0517e7,5.7752075,SqEuclidean,closemixed,1.028572573811e6,595,insample,extreme4
cross_scenario,k_means,1768760743,11,9.56979e7,3.8621814,SqEuclidean,closemixed,1.166231672746e6,648,insample,extreme4
cross_scenario,k_means,2652796558,11,8.58224e7,8.1399657,SqEuclidean,closemixed,909386.721698,515,insample,extreme4
cross_scenario,k_means,3000698040,11,9.55547e7,4.1441506,SqEuclidean,closemixed,1.158483187579e6,627,insample,extreme4
cross_scenario,k_means,3160233726,11,7.31976e7,3.1982646,SqEuclidean,closemixed,581748.849034,369,insample,extreme4
cross_scenario,k_means,3479820580,11,8.79546e7,4.5330592,SqEuclidean,closemixed,962600.662488,509,insample,extreme4
cross_scenario,k_means,3649546841,11,9.14564e7,4.3738998,SqEuclidean,closemixed,1.055787886881e6,610,insample,extreme4
cross_scenario,k_means,4031091536,11,1.00988e8,4.2746264,SqEuclidean,closemixed,1.302048932819e6,731,insample,extreme4
cross_scenario,k_means,675182737,11,8.40565e7,3.7734881,SqEuclidean,closemixed,865301.597437,537,insample,extreme4
cross_scenario,k_means,722170199,11,8.24171e7,3.2025616,SqEuclidean,closemixed,822158.887608,483,insample,extreme4
cross_scenario,k_means,1020330993,13,7.36597e7,4.1004565,SqEuclidean,closemixed,594670.357265,434,insample,extreme4
cross_scenario,k_means,1241334511,13,6.90993e7,3.9047378,SqEuclidean,closemixed,476565.523384,318,insample,extreme4
cross_scenario,k_means,1561739573,13,7.52155e7,4.0827619,SqEuclidean,closemixed,639194.397585,404,insample,extreme4
cross_scenario,k_means,2082789969,13,6.50391e7,3.4393174,SqEuclidean,closemixed,366470.531304,245,insample,extreme4
cross_scenario,k_means,2422820678,13,8.15563e7,4.1505075,SqEuclidean,closemixed,801552.384228,483,insample,extreme4
cross_scenario,k_means,373102896,13,6.49374e7,4.3575828,SqEuclidean,closemixed,368041.783313,269,insample,extreme4
cross_scenario,k_means,3777256655,13,8.09718e7,4.3045589,SqEuclidean,closemixed,784652.965763,467,insample,extreme4
cross_scenario,k_means,4101453586,13,9.17107e7,4.494233,SqEuclidean,closemixed,1.058205464805e6,633,insample,extreme4
cross_scenario,k_means,419645993,13,8.05876e7,4.0280488,SqEuclidean,closemixed,774513.588393,463,insample,extreme4
cross_scenario,k_means,772616242,13,6.95e7,6.1539416,SqEuclidean,closemixed,489441.776354,352,insample,extreme4
cross_scenario,k_means,1536731824,15,6.65879e7,5.8495553,SqEuclidean,closemixed,410215.243503,293,insample,extreme4
cross_scenario,k_means,1944031661,15,8.66239e7,7.0967437,SqEuclidean,closemixed,930107.229657,570,insample,extreme4
cross_scenario,k_means,195370354,15,7.22778e7,4.8357261,SqEuclidean,closemixed,561063.456572,375,insample,extreme4
cross_scenario,k_means,2392820273,15,7.12969e7,4.5675904,SqEuclidean,closemixed,534751.175932,342,insample,extreme4
cross_scenario,k_means,2931326369,15,8.10733e7,4.8643158,SqEuclidean,closemixed,783600.946411,465,insample,extreme4
cross_scenario,k_means,3012361418,15,6.89399e7,5.0608443,SqEuclidean,closemixed,473298.696874,319,insample,extreme4
cross_scenario,k_means,3763622817,15,8.59293e7,5.1630825,SqEuclidean,closemixed,910251.856931,554,insample,extreme4
cross_scenario,k_means,3796973136,15,8.71327e7,5.2580164,SqEuclidean,closemixed,940529.009919,484,insample,extreme4
cross_scenario,k_means,3815196410,15,7.1526e7,4.6089475,SqEuclidean,closemixed,542794.942232,362,insample,extreme4
cross_scenario,k_means,604489562,15,7.26773e7,5.4200877,SqEuclidean,closemixed,570606.958647,377,insample,extreme4
cross_scenario,k_means,1587347134,17,6.7835e7,9.2050016,SqEuclidean,closemixed,441606.881595,364,insample,extreme4
cross_scenario,k_means,186564236,17,6.88734e7,7.2720071,SqEuclidean,closemixed,471190.053508,341,insample,extreme4
cross_scenario,k_means,2166881926,17,7.12932e7,6.5584912,SqEuclidean,closemixed,536274.349173,354,insample,extreme4
cross_scenario,k_means,2186186592,17,7.15863e7,7.1369256,SqEuclidean,closemixed,541584.692954,349,insample,extreme4
cross_scenario,k_means,2238747886,17,6.004e7,7.8148842,SqEuclidean,closemixed,239023.696416,212,insample,extreme4
cross_scenario,k_means,224585247,17,7.62255e7,10.7451948,SqEuclidean,closemixed,655412.16601,414,insample,extreme4
cross_scenario,k_means,2339120676,17,8.48443e7,7.2184422,SqEuclidean,closemixed,883880.240838,554,insample,extreme4
cross_scenario,k_means,3093014142,17,6.77507e7,7.6615614,SqEuclidean,closemixed,433979.022139,364,insample,extreme4
cross_scenario,k_means,3258302586,17,5.81591e7,6.9664625,SqEuclidean,closemixed,182593.140329,149,insample,extreme4
cross_scenario,k_means,3629043986,17,6.94356e7,6.2090998,SqEuclidean,closemixed,482513.503168,307,insample,extreme4
cross_scenario,k_means,1088367163,19,7.66725e7,8.065698,SqEuclidean,closemixed,673737.859769,425,insample,extreme4
cross_scenario,k_means,1245540782,19,7.54831e7,8.4425495,SqEuclidean,closemixed,647828.609995,453,insample,extreme4
cross_scenario,k_means,2410109332,19,7.02535e7,8.7212323,SqEuclidean,closemixed,506185.20023,348,insample,extreme4
cross_scenario,k_means,2455416769,19,8.49775e7,12.3816318,SqEuclidean,closemixed,881531.49284,491,insample,extreme4
cross_scenario,k_means,2591120440,19,6.49789e7,8.4035156,SqEuclidean,closemixed,370183.951615,273,insample,extreme4
cross_scenario,k_means,2650271871,19,6.41547e7,8.5322891,SqEuclidean,closemixed,348605.719607,267,insample,extreme4
cross_scenario,k_means,2789252227,19,8.22909e7,14.8224855,SqEuclidean,closemixed,817346.484899,564,insample,extreme4
cross_scenario,k_means,3130995382,19,7.73913e7,15.0526221,SqEuclidean,closemixed,682827.043274,410,insample,extreme4
cross_scenario,k_means,3357853995,19,7.18567e7,7.8855409,SqEuclidean,closemixed,545789.074833,368,insample,extreme4
cross_scenario,k_means,824849990,19,6.69699e7,8.6964947,SqEuclidean,closemixed,415979.951161,295,insample,extreme4
cross_scenario,k_means,1244389436,21,6.15266e7,17.4569214,SqEuclidean,closemixed,269948.506196,191,insample,extreme4
cross_scenario,k_means,1393653782,21,6.46848e7,14.6761081,SqEuclidean,closemixed,348797.881137,222,insample,extreme4
cross_scenario,k_means,1761682951,21,7.25056e7,16.8442984,SqEuclidean,closemixed,569961.425848,406,insample,extreme4
cross_scenario,k_means,196162340,21,5.99522e7,14.9698213,SqEuclidean,closemixed,239210.007379,177,insample,extreme4
cross_scenario,k_means,1984034111,21,7.68594e7,19.5247523,SqEuclidean,closemixed,675984.702295,508,insample,extreme4
cross_scenario,k_means,2569047889,21,7.37244e7,16.7131763,SqEuclidean,closemixed,587354.189584,414,insample,extreme4
cross_scenario,k_means,3286463093,21,6.84766e7,15.8275426,SqEuclidean,closemixed,459311.899865,319,insample,extreme4
cross_scenario,k_means,4196464565,21,6.11469e7,16.2580153,SqEuclidean,closemixed,264747.917817,204,insample,extreme4
cross_scenario,k_means,744301781,21,7.13858e7,15.3318477,SqEuclidean,closemixed,525796.324476,335,insample,extreme4
cross_scenario,k_means,760014603,21,7.49006e7,14.3256624,SqEuclidean,closemixed,625205.45259,387,insample,extreme4
cross_scenario,k_means,2193967569,23,7.25636e7,15.4760978,SqEuclidean,closemixed,561399.144854,334,insample,extreme4
cross_scenario,k_means,2546464051,23,6.81542e7,15.7444669,SqEuclidean,closemixed,446189.811573,302,insample,extreme4
cross_scenario,k_means,2938742229,23,6.19323e7,16.5625279,SqEuclidean,closemixed,285644.24569,201,insample,extreme4
cross_scenario,k_means,313447314,23,7.58433e7,21.7112122,SqEuclidean,closemixed,643506.745903,457,insample,extreme4
cross_scenario,k_means,3164855826,23,8.81204e7,22.629894,SqEuclidean,closemixed,955338.622616,563,insample,extreme4
cross_scenario,k_means,3173192974,23,6.96125e7,11.0796954,SqEuclidean,closemixed,482788.938407,332,insample,extreme4
cross_scenario,k_means,3527549645,23,5.96239e7,17.1261135,SqEuclidean,closemixed,217886.192219,191,insample,extreme4
cross_scenario,k_means,3913193451,23,6.47595e7,17.6249738,SqEuclidean,closemixed,358214.726215,268,insample,extreme4
cross_scenario,k_means,714332685,23,8.50221e7,18.0094126,SqEuclidean,closemixed,885059.776706,534,insample,extreme4
cross_scenario,k_means,890890131,23,7.48666e7,23.1491762,SqEuclidean,closemixed,622086.276828,418,insample,extreme4
cross_scenario,k_means,1134130444,25,5.80276e7,13.1986647,SqEuclidean,closemixed,186007.500843,161,insample,extreme4
cross_scenario,k_means,2658990538,25,6.65898e7,13.6810387,SqEuclidean,closemixed,407024.206515,286,insample,extreme4
cross_scenario,k_means,2726541456,25,6.50138e7,12.6942441,SqEuclidean,closemixed,368591.828201,265,insample,extreme4
cross_scenario,k_means,2894918851,25,6.4225e7,13.5477321,SqEuclidean,closemixed,340804.605207,237,insample,extreme4
cross_scenario,k_means,3351175237,25,6.31467e7,11.5489069,SqEuclidean,closemixed,316154.912924,219,insample,extreme4
cross_scenario,k_means,343301208,25,7.24669e7,12.0985845,SqEuclidean,closemixed,566183.803968,378,insample,extreme4
cross_scenario,k_means,4135971217,25,7.24972e7,14.8927167,SqEuclidean,closemixed,566823.505869,412,insample,extreme4
cross_scenario,k_means,4145110716,25,6.00658e7,12.3453287,SqEuclidean,closemixed,235868.269098,184,insample,extreme4
cross_scenario,k_means,448376330,25,7.65227e7,13.661448,SqEuclidean,closemixed,661403.173219,385,insample,extreme4
cross_scenario,k_means,47449323,25,5.9405e7,13.5926882,SqEuclidean,closemixed,212846.730146,201,insample,extreme4
cross_scenario,k_means,1161276258,27,6.91384e7,13.9117045,SqEuclidean,closemixed,472869.294368,302,insample,extreme4
cross_scenario,k_means,1233541653,27,6.6351e7,13.1918844,SqEuclidean,closemixed,398284.309709,264,insample,extreme4
cross_scenario,k_means,1267936167,27,6.6124e7,16.7771924,SqEuclidean,closemixed,395022.328123,305,insample,extreme4
cross_scenario,k_means,1653248667,27,6.22623e7,17.6300492,SqEuclidean,closemixed,299211.154692,228,insample,extreme4
cross_scenario,k_means,2437521778,27,6.79582e7,23.3243592,SqEuclidean,closemixed,439770.529492,367,insample,extreme4
cross_scenario,k_means,2524306086,27,5.95205e7,13.3173393,SqEuclidean,closemixed,223737.680602,179,insample,extreme4
cross_scenario,k_means,2606414571,27,6.11613e7,14.887483,SqEuclidean,closemixed,259223.358048,203,insample,extreme4
cross_scenario,k_means,2821296471,27,6.28498e7,15.2295636,SqEuclidean,closemixed,304719.831659,184,insample,extreme4
cross_scenario,k_means,3155655383,27,5.84617e7,15.6810335,SqEuclidean,closemixed,194254.34002,155,insample,extreme4
cross_scenario,k_means,463779685,27,6.66315e7,22.1595497,SqEuclidean,closemixed,401235.693533,280,insample,extreme4
cross_scenario,k_means,1113698075,29,6.16482e7,14.5975989,SqEuclidean,closemixed,271496.881167,182,insample,extreme4
cross_scenario,k_means,1125327650,29,5.50574e7,18.3002479,SqEuclidean,closemixed,93434.604515,96,insample,extreme4
cross_scenario,k_means,1398119942,29,6.67419e7,18.0528221,SqEuclidean,closemixed,408209.596129,261,insample,extreme4
cross_scenario,k_means,1669407957,29,6.04511e7,19.8525555,SqEuclidean,closemixed,238384.281007,197,insample,extreme4
cross_scenario,k_means,1792506398,29,5.65547e7,18.4893312,SqEuclidean,closemixed,144409.992456,109,insample,extreme4
cross_scenario,k_means,2439649745,29,6.62091e7,23.9579164,SqEuclidean,closemixed,396027.133635,296,insample,extreme4
cross_scenario,k_means,2730667678,29,6.13831e7,15.6458203,SqEuclidean,closemixed,265877.762443,184,insample,extreme4
cross_scenario,k_means,2843080965,29,5.57088e7,16.483332,SqEuclidean,closemixed,118651.272043,96,insample,extreme4
cross_scenario,k_means,3434031776,29,7.05813e7,17.3113593,SqEuclidean,closemixed,511919.751506,330,insample,extreme4
cross_scenario,k_means,950202798,29,6.12726e7,14.4395188,SqEuclidean,closemixed,267856.101408,204,insample,extreme4
cross_scenario,k_means,1349996306,31,5.45931e7,19.2367754,SqEuclidean,closemixed,81232.457174,75,insample,extreme4
cross_scenario,k_means,1462714024,31,6.51837e7,17.3590104,SqEuclidean,closemixed,358703.886327,230,insample,extreme4
cross_scenario,k_means,1579127763,31,6.16958e7,16.1269589,SqEuclidean,closemixed,271604.49493,168,insample,extreme4
cross_scenario,k_means,1648351254,31,6.10733e7,21.425519,SqEuclidean,closemixed,259424.314997,196,insample,extreme4
cross_scenario,k_means,2030289235,31,5.98015e7,20.0078402,SqEuclidean,closemixed,224936.543874,184,insample,extreme4
cross_scenario,k_means,2462588561,31,6.24627e7,16.8471296,SqEuclidean,closemixed,288098.704589,204,insample,extreme4
cross_scenario,k_means,2929172095,31,6.41558e7,18.7184495,SqEuclidean,closemixed,335733.196182,248,insample,extreme4
cross_scenario,k_means,2944528308,31,5.57728e7,19.8658475,SqEuclidean,closemixed,116328.174794,102,insample,extreme4
cross_scenario,k_means,295145311,31,8.2827e7,26.1225898,SqEuclidean,closemixed,821436.485339,518,insample,extreme4
cross_scenario,k_means,3899371692,31,6.75118e7,22.4287275,SqEuclidean,closemixed,430009.926203,298,insample,extreme4
cross_scenario,k_means,1038419084,33,5.94242e7,19.8544618,SqEuclidean,closemixed,215730.941332,180,insample,extreme4
cross_scenario,k_means,1109759726,33,5.43103e7,18.1513944,SqEuclidean,closemixed,73929.562378,64,insample,extreme4
cross_scenario,k_means,1963882461,33,7.88664e7,25.4791748,SqEuclidean,closemixed,703290.005697,441,insample,extreme4
cross_scenario,k_means,1989163906,33,5.98189e7,18.8428593,SqEuclidean,closemixed,228173.379389,172,insample,extreme4
cross_scenario,k_means,2479233904,33,6.0884e7,20.2313654,SqEuclidean,closemixed,254011.121623,190,insample,extreme4
cross_scenario,k_means,2497612078,33,5.58585e7,18.857481,SqEuclidean,closemixed,118008.572947,90,insample,extreme4
cross_scenario,k_means,3214090957,33,6.73966e7,17.5825227,SqEuclidean,closemixed,428339.589533,268,insample,extreme4
cross_scenario,k_means,3465092140,33,5.69865e7,22.6493069,SqEuclidean,closemixed,152198.120965,119,insample,extreme4
cross_scenario,k_means,4061834237,33,6.76079e7,22.7577544,SqEuclidean,closemixed,425946.600978,313,insample,extreme4
cross_scenario,k_means,52313467,33,6.21616e7,31.9112095,SqEuclidean,closemixed,296361.072269,237,insample,extreme4
cross_scenario,k_means,1208640119,35,5.80208e7,25.0328076,SqEuclidean,closemixed,180177.962802,136,insample,extreme4
cross_scenario,k_means,1428058240,35,6.00549e7,20.3167331,SqEuclidean,closemixed,235580.892108,174,insample,extreme4
cross_scenario,k_means,15941194,35,6.50465e7,24.8896715,SqEuclidean,closemixed,358120.010685,256,insample,extreme4
cross_scenario,k_means,2213813141,35,6.52082e7,24.1751696,SqEuclidean,closemixed,358638.968503,264,insample,extreme4
cross_scenario,k_means,2291375163,35,5.87919e7,19.8328868,SqEuclidean,closemixed,200059.85776,157,insample,extreme4
cross_scenario,k_means,236500538,35,5.47231e7,19.78141,SqEuclidean,closemixed,88759.7805,82,insample,extreme4
cross_scenario,k_means,252145784,35,5.7831e7,18.2400271,SqEuclidean,closemixed,175912.201718,142,insample,extreme4
cross_scenario,k_means,2544196106,35,6.68534e7,20.1611682,SqEuclidean,closemixed,401462.78896,258,insample,extreme4
cross_scenario,k_means,2745802022,35,5.91775e7,22.8300578,SqEuclidean,closemixed,207994.930046,155,insample,extreme4
cross_scenario,k_means,3596893902,35,5.59984e7,22.7463634,SqEuclidean,closemixed,127142.770299,107,insample,extreme4
cross_scenario,k_means,1380354363,37,5.77747e7,19.5022334,SqEuclidean,closemixed,175361.314218,137,insample,extreme4
cross_scenario,k_means,3048518942,37,7.25521e7,34.0072671,SqEuclidean,closemixed,555694.564709,345,insample,extreme4
cross_scenario,k_means,3182806193,37,6.04889e7,29.7447471,SqEuclidean,closemixed,241922.294238,189,insample,extreme4
cross_scenario,k_means,3244629827,37,5.79447e7,41.70324,SqEuclidean,closemixed,181983.486418,150,insample,extreme4
cross_scenario,k_means,3452769998,37,5.81062e7,25.3967534,SqEuclidean,closemixed,185785.682658,130,insample,extreme4
cross_scenario,k_means,4262333788,37,6.16097e7,27.4474897,SqEuclidean,closemixed,267897.430178,215,insample,extreme4
cross_scenario,k_means,45994245,37,5.4098e7,20.1254228,SqEuclidean,closemixed,68864.034467,71,insample,extreme4
cross_scenario,k_means,67569244,37,6.50813e7,27.3268345,SqEuclidean,closemixed,372884.539775,274,insample,extreme4
cross_scenario,k_means,814300562,37,5.75151e7,20.7453099,SqEuclidean,closemixed,162652.272538,130,insample,extreme4
cross_scenario,k_means,870981686,37,5.48824e7,21.0467316,SqEuclidean,closemixed,91178.613621,88,insample,extreme4
cross_scenario,k_means,1129760376,39,5.87796e7,33.4438696,SqEuclidean,closemixed,202381.824146,164,insample,extreme4
cross_scenario,k_means,148104383,39,5.94237e7,23.8214237,SqEuclidean,closemixed,209627.001564,164,insample,extreme4
cross_scenario,k_means,1655289285,39,5.75866e7,32.4995467,SqEuclidean,closemixed,168438.598382,124,insample,extreme4
cross_scenario,k_means,1845695973,39,5.77976e7,35.7432455,SqEuclidean,closemixed,169073.042174,127,insample,extreme4
cross_scenario,k_means,2121257682,39,6.61734e7,40.3094839,SqEuclidean,closemixed,393070.760331,291,insample,extreme4
cross_scenario,k_means,2943233938,39,6.12775e7,28.9471374,SqEuclidean,closemixed,260214.688047,186,insample,extreme4
cross_scenario,k_means,3030918353,39,5.93868e7,29.2883569,SqEuclidean,closemixed,211615.549729,181,insample,extreme4
cross_scenario,k_means,3096268031,39,5.96113e7,23.4063864,SqEuclidean,closemixed,221044.761866,146,insample,extreme4
cross_scenario,k_means,3338611973,39,6.73949e7,25.588186,SqEuclidean,closemixed,418390.474337,290,insample,extreme4
cross_scenario,k_means,662283236,39,7.65246e7,27.0462372,SqEuclidean,closemixed,653048.429457,374,insample,extreme4
cross_scenario,k_means,1005104349,41,6.41027e7,27.8447739,SqEuclidean,closemixed,332061.406729,220,insample,extreme4
cross_scenario,k_means,1534696584,41,5.79928e7,32.5221433,SqEuclidean,closemixed,176374.594265,140,insample,extreme4
cross_scenario,k_means,225016911,41,5.41824e7,22.5787389,SqEuclidean,closemixed,61917.792537,76,insample,extreme4
cross_scenario,k_means,2317592996,41,5.88663e7,24.7154725,SqEuclidean,closemixed,195251.813961,139,insample,extreme4
cross_scenario,k_means,2716090479,41,5.56786e7,31.2861767,SqEuclidean,closemixed,115192.521832,77,insample,extreme4
cross_scenario,k_means,3258958499,41,7.16359e7,27.4024017,SqEuclidean,closemixed,520681.985487,410,insample,extreme4
cross_scenario,k_means,329433595,41,5.88922e7,28.9660955,SqEuclidean,closemixed,201393.010061,149,insample,extreme4
cross_scenario,k_means,3444774395,41,5.89905e7,37.0803523,SqEuclidean,closemixed,201890.976968,170,insample,extreme4
cross_scenario,k_means,438234340,41,5.90764e7,23.4097974,SqEuclidean,closemixed,210475.332866,159,insample,extreme4
cross_scenario,k_means,953901905,41,5.65109e7,29.6821003,SqEuclidean,closemixed,134904.701236,106,insample,extreme4
cross_scenario,k_means,1660595499,5,9.92513e7,1.3343161,SqEuclidean,closemixed,1.258361212187e6,669,insample,extreme4
cross_scenario,k_means,1714105051,5,1.0233e8,1.6020287,SqEuclidean,closemixed,1.337337731627e6,706,insample,extreme4
cross_scenario,k_means,2169593505,5,1.00215e8,1.6629192,SqEuclidean,closemixed,1.282944338217e6,689,insample,extreme4
cross_scenario,k_means,2538991366,5,8.68033e7,1.3936744,SqEuclidean,closemixed,936942.05944,542,insample,extreme4
cross_scenario,k_means,2909674750,5,9.96634e7,1.7976714,SqEuclidean,closemixed,1.268931970812e6,662,insample,extreme4
cross_scenario,k_means,3018546641,5,9.34879e7,2.9778951,SqEuclidean,closemixed,1.109918129752e6,636,insample,extreme4
cross_scenario,k_means,3634057553,5,1.011e8,1.6712595,SqEuclidean,closemixed,1.305664393445e6,659,insample,extreme4
cross_scenario,k_means,4139823947,5,9.72543e7,1.3270082,SqEuclidean,closemixed,1.205378972357e6,610,insample,extreme4
cross_scenario,k_means,4197766176,5,9.38462e7,2.6020306,SqEuclidean,closemixed,1.119899419288e6,653,insample,extreme4
cross_scenario,k_means,5947179,5,9.57559e7,1.187385,SqEuclidean,closemixed,1.166368421136e6,621,insample,extreme4
cross_scenario,k_means,1006581332,7,1.01834e8,2.426158,SqEuclidean,closemixed,1.325175987527e6,725,insample,extreme4
cross_scenario,k_means,1176932870,7,8.45817e7,1.8717663,SqEuclidean,closemixed,880019.704922,500,insample,extreme4
cross_scenario,k_means,1821427372,7,9.10027e7,1.9703419,SqEuclidean,closemixed,1.046783257392e6,626,insample,extreme4
cross_scenario,k_means,2689963385,7,9.74307e7,2.2591028,SqEuclidean,closemixed,1.208161527608e6,664,insample,extreme4
cross_scenario,k_means,2751971336,7,1.00052e8,2.6331632,SqEuclidean,closemixed,1.273568850348e6,675,insample,extreme4
cross_scenario,k_means,3385142830,7,1.00409e8,2.2208237,SqEuclidean,closemixed,1.288663134001e6,703,insample,extreme4
cross_scenario,k_means,3409620994,7,1.0289e8,2.1369347,SqEuclidean,closemixed,1.352052506238e6,731,insample,extreme4
cross_scenario,k_means,447101461,7,1.01174e8,2.2831495,SqEuclidean,closemixed,1.307059155198e6,725,insample,extreme4
cross_scenario,k_means,468006976,7,7.91735e7,2.1053225,SqEuclidean,closemixed,739583.601782,430,insample,extreme4
cross_scenario,k_means,880982686,7,8.13331e7,2.6212526,SqEuclidean,closemixed,790657.489987,474,insample,extreme4
cross_scenario,k_means,1130292821,9,6.60283e7,2.8326457,SqEuclidean,closemixed,394514.283383,278,insample,extreme4
cross_scenario,k_means,1392296365,9,9.02499e7,3.0597654,SqEuclidean,closemixed,1.019901956356e6,590,insample,extreme4
cross_scenario,k_means,2814468992,9,9.83704e7,3.5419013,SqEuclidean,closemixed,1.234198839385e6,689,insample,extreme4
cross_scenario,k_means,3044209910,9,7.27226e7,2.6330451,SqEuclidean,closemixed,572584.06018,396,insample,extreme4
cross_scenario,k_means,3261319673,9,7.34393e7,3.3142916,SqEuclidean,closemixed,592075.675645,383,insample,extreme4
cross_scenario,k_means,3543870990,9,9.21007e7,3.1357643,SqEuclidean,closemixed,1.074530358418e6,609,insample,extreme4
cross_scenario,k_means,3602499071,9,7.8311e7,3.0076751,SqEuclidean,closemixed,715084.691107,443,insample,extreme4
cross_scenario,k_means,3926221275,9,1.00572e8,3.5315194,SqEuclidean,closemixed,1.284812825873e6,677,insample,extreme4
cross_scenario,k_means,42413356,9,6.80025e7,2.9947805,SqEuclidean,closemixed,450447.841655,297,insample,extreme4
cross_scenario,k_means,697383862,9,9.84142e7,3.1200881,SqEuclidean,closemixed,1.236373402725e6,642,insample,extreme4
cross_scenario,convex_hull,0,11,7.98025e7,10.2836293,CosineDist,closemixed,748054.103931,492,outsample,extreme4
cross_scenario,convex_hull,0,13,6.10724e7,5.3513801,CosineDist,closemixed,264247.710989,181,outsample,extreme4
cross_scenario,convex_hull,0,15,6.09701e7,5.5347751,CosineDist,closemixed,261014.456776,174,outsample,extreme4
cross_scenario,convex_hull,0,17,6.07403e7,5.275153,CosineDist,closemixed,255754.924101,187,outsample,extreme4
cross_scenario,convex_hull,0,19,6.0676e7,5.6839061,CosineDist,closemixed,254332.738623,186,outsample,extreme4
cross_scenario,convex_hull,0,21,5.88944e7,5.756575,CosineDist,closemixed,204137.132942,163,outsample,extreme4
cross_scenario,convex_hull,0,23,5.89633e7,5.5498846,CosineDist,closemixed,206148.29048,169,outsample,extreme4
cross_scenario,convex_hull,0,25,5.75184e7,6.1534811,CosineDist,closemixed,166197.242143,96,outsample,extreme4
cross_scenario,convex_hull,0,27,5.74958e7,5.9794942,CosineDist,closemixed,164944.445052,107,outsample,extreme4
cross_scenario,convex_hull,0,29,5.76782e7,6.4048172,CosineDist,closemixed,169757.324083,107,outsample,extreme4
cross_scenario,convex_hull,0,31,5.77333e7,5.3340938,CosineDist,closemixed,171046.8008,111,outsample,extreme4
cross_scenario,convex_hull,0,33,5.82478e7,5.5838928,CosineDist,closemixed,184651.02283,137,outsample,extreme4
cross_scenario,convex_hull,0,35,5.83064e7,5.5323233,CosineDist,closemixed,186154.576262,140,outsample,extreme4
cross_scenario,convex_hull,0,37,5.83717e7,5.5164225,CosineDist,closemixed,187897.222738,137,outsample,extreme4
cross_scenario,convex_hull,0,39,5.69554e7,5.408127,CosineDist,closemixed,143734.533702,122,outsample,extreme4
cross_scenario,convex_hull,0,41,5.6945e7,5.432232,CosineDist,closemixed,143442.827024,120,outsample,extreme4
cross_scenario,convex_hull,0,5,9.89024e7,5.4178503,CosineDist,closemixed,1.258452631431e6,645,outsample,extreme4
cross_scenario,convex_hull,0,7,8.07041e7,5.4594333,CosineDist,closemixed,765640.467604,475,outsample,extreme4
cross_scenario,convex_hull,0,9,8.14028e7,5.1273168,CosineDist,closemixed,786755.095981,486,outsample,extreme4
cross_scenario,convex_hull,0,11,1.05327e8,5.1310905,SqEuclidean,closemixed,1.382943217722e6,659,outsample,extreme4
cross_scenario,convex_hull,0,13,1.19123e8,5.658618,SqEuclidean,closemixed,1.743370245822e6,653,outsample,extreme4
cross_scenario,convex_hull,0,15,1.17644e8,5.5012577,SqEuclidean,closemixed,1.713258686143e6,606,outsample,extreme4
cross_scenario,convex_hull,0,17,9.33069e7,5.2123595,SqEuclidean,closemixed,1.092754963785e6,471,outsample,extreme4
cross_scenario,convex_hull,0,19,9.19716e7,5.4777571,SqEuclidean,closemixed,1.054562338074e6,474,outsample,extreme4
cross_scenario,convex_hull,0,21,9.37027e7,4.9685927,SqEuclidean,closemixed,1.098640211796e6,482,outsample,extreme4
cross_scenario,convex_hull,0,23,9.28444e7,5.1886763,SqEuclidean,closemixed,1.076353462179e6,476,outsample,extreme4
cross_scenario,convex_hull,0,25,9.21527e7,5.4219444,SqEuclidean,closemixed,1.03155037432e6,450,outsample,extreme4
cross_scenario,convex_hull,0,27,9.17799e7,4.8622778,SqEuclidean,closemixed,1.035146028313e6,440,outsample,extreme4
cross_scenario,convex_hull,0,29,9.10876e7,5.1075393,SqEuclidean,closemixed,1.017469268111e6,435,outsample,extreme4
cross_scenario,convex_hull,0,31,7.82091e7,5.5718612,SqEuclidean,closemixed,685587.972601,444,outsample,extreme4
cross_scenario,convex_hull,0,33,7.82574e7,5.1193655,SqEuclidean,closemixed,686599.564827,404,outsample,extreme4
cross_scenario,convex_hull,0,35,5.48052e7,5.3143247,SqEuclidean,closemixed,67095.871893,60,outsample,extreme4
cross_scenario,convex_hull,0,37,5.51163e7,5.2080607,SqEuclidean,closemixed,75049.093106,89,outsample,extreme4
cross_scenario,convex_hull,0,39,5.50181e7,5.0916089,SqEuclidean,closemixed,73841.807344,71,outsample,extreme4
cross_scenario,convex_hull,0,41,5.47935e7,5.0531481,SqEuclidean,closemixed,68877.602206,58,outsample,extreme4
cross_scenario,convex_hull,0,5,1.03909e8,5.2451627,SqEuclidean,closemixed,1.357563914946e6,607,outsample,extreme4
cross_scenario,convex_hull,0,7,1.08363e8,5.4313318,SqEuclidean,closemixed,1.456738025923e6,640,outsample,extreme4
cross_scenario,convex_hull,0,9,1.08879e8,5.2301927,SqEuclidean,closemixed,1.473824733836e6,692,outsample,extreme4
cross_scenario,k_medoids,1355586937,11,7.36129e7,5.462767,CosineDist,closemixed,589936.643379,401,outsample,extreme4
cross_scenario,k_medoids,1768760743,11,7.34142e7,5.3828333,CosineDist,closemixed,588549.715865,423,outsample,extreme4
cross_scenario,k_medoids,2652796558,11,7.62682e7,5.425278,CosineDist,closemixed,663007.398143,442,outsample,extreme4
cross_scenario,k_medoids,3000698040,11,8.88792e7,5.5261418,CosineDist,closemixed,982111.388472,651,outsample,extreme4
cross_scenario,k_medoids,3160233726,11,6.19686e7,5.2211473,CosineDist,closemixed,275790.022511,203,outsample,extreme4
cross_scenario,k_medoids,3479820580,11,7.23193e7,5.4177804,CosineDist,closemixed,557562.067143,388,outsample,extreme4
cross_scenario,k_medoids,3649546841,11,6.13218e7,5.8721195,CosineDist,closemixed,268638.678912,235,outsample,extreme4
cross_scenario,k_medoids,4031091536,11,8.54027e7,5.6897814,CosineDist,closemixed,898797.811399,556,outsample,extreme4
cross_scenario,k_medoids,675182737,11,8.91648e7,6.0220641,CosineDist,closemixed,996971.265568,623,outsample,extreme4
cross_scenario,k_medoids,722170199,11,6.2138e7,5.8435644,CosineDist,closemixed,291855.84019,223,outsample,extreme4
cross_scenario,k_medoids,1020330993,13,6.37995e7,6.2317198,CosineDist,closemixed,337813.186849,225,outsample,extreme4
cross_scenario,k_medoids,1241334511,13,6.2603e7,5.9154411,CosineDist,closemixed,303349.116642,221,outsample,extreme4
cross_scenario,k_medoids,1561739573,13,5.67525e7,5.9131999,CosineDist,closemixed,136706.866598,100,outsample,extreme4
cross_scenario,k_medoids,2082789969,13,7.26948e7,5.4927985,CosineDist,closemixed,572526.738687,390,outsample,extreme4
cross_scenario,k_medoids,2422820678,13,7.65054e7,5.6610697,CosineDist,closemixed,672008.74098,487,outsample,extreme4
cross_scenario,k_medoids,373102896,13,6.3875e7,5.9229914,CosineDist,closemixed,338619.81049,247,outsample,extreme4
cross_scenario,k_medoids,3777256655,13,6.7042e7,5.9220301,CosineDist,closemixed,424078.440452,301,outsample,extreme4
cross_scenario,k_medoids,4101453586,13,6.68794e7,6.2264932,CosineDist,closemixed,406071.332827,284,outsample,extreme4
cross_scenario,k_medoids,419645993,13,7.31891e7,5.5299377,CosineDist,closemixed,578464.6636,414,outsample,extreme4
cross_scenario,k_medoids,772616242,13,6.25151e7,5.7663832,CosineDist,closemixed,304934.374926,215,outsample,extreme4
cross_scenario,k_medoids,1536731824,15,7.8647e7,5.7654788,CosineDist,closemixed,722807.952059,550,outsample,extreme4
cross_scenario,k_medoids,1944031661,15,8.55258e7,5.6654518,CosineDist,closemixed,887594.371407,609,outsample,extreme4
cross_scenario,k_medoids,195370354,15,6.8643e7,5.3376107,CosineDist,closemixed,462336.225055,344,outsample,extreme4
cross_scenario,k_medoids,2392820273,15,6.7141e7,5.9358122,CosineDist,closemixed,428189.491367,311,outsample,extreme4
cross_scenario,k_medoids,2931326369,15,8.65419e7,5.7536636,CosineDist,closemixed,923461.611126,605,outsample,extreme4
cross_scenario,k_medoids,3012361418,15,6.53303e7,5.8570496,CosineDist,closemixed,379648.216109,264,outsample,extreme4
cross_scenario,k_medoids,3763622817,15,7.60351e7,6.0246246,CosineDist,closemixed,655716.063318,428,outsample,extreme4
cross_scenario,k_medoids,3796973136,15,5.7718e7,6.294165,CosineDist,closemixed,162601.088796,109,outsample,extreme4
cross_scenario,k_medoids,3815196410,15,7.98188e7,6.0220628,CosineDist,closemixed,747989.935648,467,outsample,extreme4
cross_scenario,k_medoids,604489562,15,5.93578e7,6.0358352,CosineDist,closemixed,207180.683864,149,outsample,extreme4
cross_scenario,k_medoids,1587347134,17,6.99095e7,5.8892037,CosineDist,closemixed,495329.61349,385,outsample,extreme4
cross_scenario,k_medoids,186564236,17,6.4887e7,5.6410982,CosineDist,closemixed,347577.455906,308,outsample,extreme4
cross_scenario,k_medoids,2166881926,17,5.6774e7,5.9889499,CosineDist,closemixed,144411.200842,103,outsample,extreme4
cross_scenario,k_medoids,2186186592,17,7.76158e7,5.9916729,CosineDist,closemixed,690549.422617,519,outsample,extreme4
cross_scenario,k_medoids,2238747886,17,5.9033e7,5.7745596,CosineDist,closemixed,208248.743493,164,outsample,extreme4
cross_scenario,k_medoids,224585247,17,5.9006e7,6.4741412,CosineDist,closemixed,205429.055543,146,outsample,extreme4
cross_scenario,k_medoids,2339120676,17,6.72586e7,6.1405283,CosineDist,closemixed,418608.071661,257,outsample,extreme4
cross_scenario,k_medoids,3093014142,17,5.58923e7,5.813717,CosineDist,closemixed,107954.77029,84,outsample,extreme4
cross_scenario,k_medoids,3258302586,17,6.25593e7,6.0687081,CosineDist,closemixed,304276.339998,219,outsample,extreme4
cross_scenario,k_medoids,3629043986,17,6.4125e7,5.9536694,CosineDist,closemixed,340424.790143,248,outsample,extreme4
cross_scenario,k_medoids,1088367163,19,5.91403e7,5.895728,CosineDist,closemixed,210505.62844,156,outsample,extreme4
cross_scenario,k_medoids,1245540782,19,7.85118e7,5.386747,CosineDist,closemixed,720511.709086,540,outsample,extreme4
cross_scenario,k_medoids,2410109332,19,5.91664e7,5.8471929,CosineDist,closemixed,211951.606325,143,outsample,extreme4
cross_scenario,k_medoids,2455416769,19,5.72632e7,5.897964,CosineDist,closemixed,158659.751535,115,outsample,extreme4
cross_scenario,k_medoids,2591120440,19,5.85371e7,5.6349968,CosineDist,closemixed,189756.970155,193,outsample,extreme4
cross_scenario,k_medoids,2650271871,19,5.78525e7,6.3394674,CosineDist,closemixed,160206.03023,128,outsample,extreme4
cross_scenario,k_medoids,2789252227,19,6.8292e7,5.4597495,CosineDist,closemixed,453017.310704,345,outsample,extreme4
cross_scenario,k_medoids,3130995382,19,5.88789e7,6.1820993,CosineDist,closemixed,204300.047052,140,outsample,extreme4
cross_scenario,k_medoids,3357853995,19,6.43786e7,5.5949036,CosineDist,closemixed,347555.266067,251,outsample,extreme4
cross_scenario,k_medoids,824849990,19,6.17394e7,6.3760875,CosineDist,closemixed,282516.636296,201,outsample,extreme4
cross_scenario,k_medoids,1244389436,21,5.68323e7,5.9997059,CosineDist,closemixed,146059.196471,119,outsample,extreme4
cross_scenario,k_medoids,1393653782,21,5.67186e7,5.8671628,CosineDist,closemixed,126456.321047,115,outsample,extreme4
cross_scenario,k_medoids,1761682951,21,5.97325e7,5.9977947,CosineDist,closemixed,223059.295786,178,outsample,extreme4
cross_scenario,k_medoids,196162340,21,5.91027e7,5.8454817,CosineDist,closemixed,210993.963936,135,outsample,extreme4
cross_scenario,k_medoids,1984034111,21,6.15778e7,6.3140865,CosineDist,closemixed,276487.657391,206,outsample,extreme4
cross_scenario,k_medoids,2569047889,21,6.97119e7,5.7770818,CosineDist,closemixed,481456.101178,331,outsample,extreme4
cross_scenario,k_medoids,3286463093,21,6.03917e7,6.0523177,CosineDist,closemixed,241247.18577,191,outsample,extreme4
cross_scenario,k_medoids,4196464565,21,5.91609e7,5.9489503,CosineDist,closemixed,206461.463013,169,outsample,extreme4
cross_scenario,k_medoids,744301781,21,5.77541e7,6.4678884,CosineDist,closemixed,164735.601321,128,outsample,extreme4
cross_scenario,k_medoids,760014603,21,6.85532e7,5.2250767,CosineDist,closemixed,460453.055548,350,outsample,extreme4
cross_scenario,k_medoids,2193967569,23,5.98911e7,6.2898528,CosineDist,closemixed,213385.548512,201,outsample,extreme4
cross_scenario,k_medoids,2546464051,23,7.05131e7,6.0495868,CosineDist,closemixed,513167.526916,383,outsample,extreme4
cross_scenario,k_medoids,2938742229,23,5.96363e7,5.2979533,CosineDist,closemixed,220257.863813,143,outsample,extreme4
cross_scenario,k_medoids,313447314,23,5.62673e7,5.6159528,CosineDist,closemixed,121593.027763,89,outsample,extreme4
cross_scenario,k_medoids,3164855826,23,5.74411e7,5.5328142,CosineDist,closemixed,155383.094669,99,outsample,extreme4
cross_scenario,k_medoids,3173192974,23,6.11997e7,5.2333001,CosineDist,closemixed,268942.924058,195,outsample,extreme4
cross_scenario,k_medoids,3527549645,23,5.84426e7,5.468888,CosineDist,closemixed,183685.8898,165,outsample,extreme4
cross_scenario,k_medoids,3913193451,23,6.86287e7,5.3152608,CosineDist,closemixed,459299.315139,296,outsample,extreme4
cross_scenario,k_medoids,714332685,23,5.68586e7,5.5107205,CosineDist,closemixed,146006.893452,94,outsample,extreme4
cross_scenario,k_medoids,890890131,23,5.69805e7,5.9077447,CosineDist,closemixed,141938.255371,124,outsample,extreme4
cross_scenario,k_medoids,1134130444,25,5.68367e7,5.5169821,CosineDist,closemixed,147289.153022,95,outsample,extreme4
cross_scenario,k_medoids,2658990538,25,5.90294e7,5.5066314,CosineDist,closemixed,204375.50259,180,outsample,extreme4
cross_scenario,k_medoids,2726541456,25,6.78373e7,4.8518541,CosineDist,closemixed,432536.833058,334,outsample,extreme4
cross_scenario,k_medoids,2894918851,25,6.22357e7,5.6063303,CosineDist,closemixed,292332.779688,236,outsample,extreme4
cross_scenario,k_medoids,3351175237,25,6.60211e7,5.6252623,CosineDist,closemixed,397844.60563,272,outsample,extreme4
cross_scenario,k_medoids,343301208,25,7.43918e7,4.9918898,CosineDist,closemixed,605178.572155,376,outsample,extreme4
cross_scenario,k_medoids,4135971217,25,6.16544e7,5.1895639,CosineDist,closemixed,282520.276625,195,outsample,extreme4
cross_scenario,k_medoids,4145110716,25,5.95457e7,5.3563493,CosineDist,closemixed,224438.77415,135,outsample,extreme4
cross_scenario,k_medoids,448376330,25,6.22364e7,5.7430415,CosineDist,closemixed,287347.454676,196,outsample,extreme4
cross_scenario,k_medoids,47449323,25,5.66915e7,5.5771487,CosineDist,closemixed,132873.6288,116,outsample,extreme4
cross_scenario,k_medoids,1161276258,27,7.07394e7,5.4578932,CosineDist,closemixed,501043.9833,382,outsample,extreme4
cross_scenario,k_medoids,1233541653,27,7.18241e7,5.1252198,CosineDist,closemixed,531082.404514,400,outsample,extreme4
cross_scenario,k_medoids,1267936167,27,5.93392e7,5.5724458,CosineDist,closemixed,217112.635556,176,outsample,extreme4
cross_scenario,k_medoids,1653248667,27,5.7262e7,5.4707716,CosineDist,closemixed,155382.347521,132,outsample,extreme4
cross_scenario,k_medoids,2437521778,27,5.7935e7,5.615335,CosineDist,closemixed,167900.318513,122,outsample,extreme4
cross_scenario,k_medoids,2524306086,27,6.45645e7,5.5403384,CosineDist,closemixed,344420.85569,292,outsample,extreme4
cross_scenario,k_medoids,2606414571,27,5.54127e7,5.2379147,CosineDist,closemixed,90798.205181,82,outsample,extreme4
cross_scenario,k_medoids,2821296471,27,7.0941e7,5.2138178,CosineDist,closemixed,515993.706542,336,outsample,extreme4
cross_scenario,k_medoids,3155655383,27,5.50341e7,5.5940533,CosineDist,closemixed,82537.755662,64,outsample,extreme4
cross_scenario,k_medoids,463779685,27,5.46509e7,5.4481754,CosineDist,closemixed,66517.730257,60,outsample,extreme4
cross_scenario,k_medoids,1113698075,29,5.94552e7,5.1537699,CosineDist,closemixed,210514.157557,142,outsample,extreme4
cross_scenario,k_medoids,1125327650,29,5.56732e7,5.3557086,CosineDist,closemixed,103725.583897,75,outsample,extreme4
cross_scenario,k_medoids,1398119942,29,6.06377e7,5.658776,CosineDist,closemixed,248045.036843,196,outsample,extreme4
cross_scenario,k_medoids,1669407957,29,5.84618e7,5.7779912,CosineDist,closemixed,194497.130996,133,outsample,extreme4
cross_scenario,k_medoids,1792506398,29,5.622e7,5.5155609,CosineDist,closemixed,121320.352665,89,outsample,extreme4
cross_scenario,k_medoids,2439649745,29,5.65743e7,5.5486385,CosineDist,closemixed,137312.370859,88,outsample,extreme4
cross_scenario,k_medoids,2730667678,29,5.60867e7,4.7645151,CosineDist,closemixed,120017.906352,86,outsample,extreme4
cross_scenario,k_medoids,2843080965,29,5.62444e7,5.8415443,CosineDist,closemixed,128000.490028,102,outsample,extreme4
cross_scenario,k_medoids,3434031776,29,5.7186e7,5.4936827,CosineDist,closemixed,145933.694165,113,outsample,extreme4
cross_scenario,k_medoids,950202798,29,5.875e7,5.6129443,CosineDist,closemixed,185015.544838,148,outsample,extreme4
cross_scenario,k_medoids,1349996306,31,5.7699e7,5.2122677,CosineDist,closemixed,170294.3021,130,outsample,extreme4
cross_scenario,k_medoids,1462714024,31,5.58646e7,5.485402,CosineDist,closemixed,109843.675964,71,outsample,extreme4
cross_scenario,k_medoids,1579127763,31,5.67727e7,5.6565161,CosineDist,closemixed,126984.468375,117,outsample,extreme4
cross_scenario,k_medoids,1648351254,31,6.07658e7,5.0778107,CosineDist,closemixed,238091.043281,183,outsample,extreme4
cross_scenario,k_medoids,2030289235,31,5.73584e7,5.6487912,CosineDist,closemixed,160854.175225,123,outsample,extreme4
cross_scenario,k_medoids,2462588561,31,5.50361e7,5.682983,CosineDist,closemixed,89697.143539,67,outsample,extreme4
cross_scenario,k_medoids,2929172095,31,5.446e7,5.4750196,CosineDist,closemixed,61205.072363,47,outsample,extreme4
cross_scenario,k_medoids,2944528308,31,5.99381e7,5.6007184,CosineDist,closemixed,231368.459381,146,outsample,extreme4
cross_scenario,k_medoids,295145311,31,5.64341e7,5.4627936,CosineDist,closemixed,134038.060804,81,outsample,extreme4
cross_scenario,k_medoids,3899371692,31,6.28217e7,4.9483072,CosineDist,closemixed,302164.154259,235,outsample,extreme4
cross_scenario,k_medoids,1038419084,33,5.57333e7,5.456346,CosineDist,closemixed,104591.373389,65,outsample,extreme4
cross_scenario,k_medoids,1109759726,33,5.66325e7,5.4005479,CosineDist,closemixed,130290.729077,81,outsample,extreme4
cross_scenario,k_medoids,1963882461,33,5.56733e7,5.6632044,CosineDist,closemixed,111540.487027,89,outsample,extreme4
cross_scenario,k_medoids,1989163906,33,5.61927e7,5.5159135,CosineDist,closemixed,127814.345951,88,outsample,extreme4
cross_scenario,k_medoids,2479233904,33,5.65077e7,5.4716825,CosineDist,closemixed,122041.023997,119,outsample,extreme4
cross_scenario,k_medoids,2497612078,33,5.47686e7,5.3152907,CosineDist,closemixed,74697.030163,67,outsample,extreme4
cross_scenario,k_medoids,3214090957,33,5.52689e7,5.1982564,CosineDist,closemixed,88560.30384,72,outsample,extreme4
cross_scenario,k_medoids,3465092140,33,5.5598e7,5.6047975,CosineDist,closemixed,100796.047333,65,outsample,extreme4
cross_scenario,k_medoids,4061834237,33,5.42785e7,5.5417187,CosineDist,closemixed,56590.357139,42,outsample,extreme4
cross_scenario,k_medoids,52313467,33,5.78755e7,5.4957234,CosineDist,closemixed,176698.238366,128,outsample,extreme4
cross_scenario,k_medoids,1208640119,35,5.63312e7,5.8630601,CosineDist,closemixed,130207.099751,81,outsample,extreme4
cross_scenario,k_medoids,1428058240,35,5.91208e7,5.0588639,CosineDist,closemixed,200815.748453,181,outsample,extreme4
cross_scenario,k_medoids,15941194,35,5.68952e7,5.3462461,CosineDist,closemixed,145935.386605,105,outsample,extreme4
cross_scenario,k_medoids,2213813141,35,5.54997e7,5.2133252,CosineDist,closemixed,95374.466706,74,outsample,extreme4
cross_scenario,k_medoids,2291375163,35,5.48974e7,5.4928393,CosineDist,closemixed,79557.483856,55,outsample,extreme4
cross_scenario,k_medoids,236500538,35,5.5599e7,5.4672623,CosineDist,closemixed,100735.781515,68,outsample,extreme4
cross_scenario,k_medoids,252145784,35,5.80436e7,5.415974,CosineDist,closemixed,179761.038742,156,outsample,extreme4
cross_scenario,k_medoids,2544196106,35,5.52962e7,5.032725,CosineDist,closemixed,93990.016165,98,outsample,extreme4
cross_scenario,k_medoids,2745802022,35,5.62784e7,5.3651364,CosineDist,closemixed,125843.495452,106,outsample,extreme4
cross_scenario,k_medoids,3596893902,35,5.64154e7,5.0442384,CosineDist,closemixed,131816.554832,104,outsample,extreme4
cross_scenario,k_medoids,1380354363,37,5.696e7,5.2857215,CosineDist,closemixed,150762.029856,94,outsample,extreme4
cross_scenario,k_medoids,3048518942,37,6.85932e7,5.3348362,CosineDist,closemixed,450022.208354,312,outsample,extreme4
cross_scenario,k_medoids,3182806193,37,5.52405e7,5.2539987,CosineDist,closemixed,96440.153421,91,outsample,extreme4
cross_scenario,k_medoids,3244629827,37,5.83947e7,5.5158163,CosineDist,closemixed,191143.544272,138,outsample,extreme4
cross_scenario,k_medoids,3452769998,37,5.7202e7,5.6638036,CosineDist,closemixed,151532.930796,114,outsample,extreme4
cross_scenario,k_medoids,4262333788,37,5.63241e7,5.8951463,CosineDist,closemixed,131128.895343,82,outsample,extreme4
cross_scenario,k_medoids,45994245,37,5.65523e7,5.451003,CosineDist,closemixed,130038.347512,78,outsample,extreme4
cross_scenario,k_medoids,67569244,37,5.69641e7,4.7984217,CosineDist,closemixed,144323.289153,110,outsample,extreme4
cross_scenario,k_medoids,814300562,37,5.53439e7,5.2658841,CosineDist,closemixed,99632.561379,89,outsample,extreme4
cross_scenario,k_medoids,870981686,37,5.86578e7,5.3154798,CosineDist,closemixed,194433.946236,164,outsample,extreme4
cross_scenario,k_medoids,1129760376,39,5.49051e7,5.3056639,CosineDist,closemixed,84404.888305,64,outsample,extreme4
cross_scenario,k_medoids,148104383,39,5.67337e7,5.5459649,CosineDist,closemixed,143226.947587,85,outsample,extreme4
cross_scenario,k_medoids,1655289285,39,5.59672e7,5.097075,CosineDist,closemixed,121248.049876,80,outsample,extreme4
cross_scenario,k_medoids,1845695973,39,5.4673e7,5.4199444,CosineDist,closemixed,69937.758415,46,outsample,extreme4
cross_scenario,k_medoids,2121257682,39,5.77116e7,5.1261442,CosineDist,closemixed,159210.109686,156,outsample,extreme4
cross_scenario,k_medoids,2943233938,39,5.50725e7,5.5332898,CosineDist,closemixed,84039.884054,66,outsample,extreme4
cross_scenario,k_medoids,3030918353,39,5.64528e7,5.0646053,CosineDist,closemixed,127784.244102,75,outsample,extreme4
cross_scenario,k_medoids,3096268031,39,5.81134e7,5.1524716,CosineDist,closemixed,180531.170554,142,outsample,extreme4
cross_scenario,k_medoids,3338611973,39,5.51216e7,5.5891409,CosineDist,closemixed,92363.616515,72,outsample,extreme4
cross_scenario,k_medoids,662283236,39,5.70666e7,5.1120041,CosineDist,closemixed,147226.798808,132,outsample,extreme4
cross_scenario,k_medoids,1005104349,41,5.53849e7,5.3573846,CosineDist,closemixed,94604.406696,57,outsample,extreme4
cross_scenario,k_medoids,1534696584,41,5.49903e7,5.1448818,CosineDist,closemixed,80574.110763,52,outsample,extreme4
cross_scenario,k_medoids,225016911,41,5.6236e7,4.8927731,CosineDist,closemixed,126125.693529,106,outsample,extreme4
cross_scenario,k_medoids,2317592996,41,5.46872e7,5.149728,CosineDist,closemixed,72411.138308,51,outsample,extreme4
cross_scenario,k_medoids,2716090479,41,5.57379e7,5.2899699,CosineDist,closemixed,106464.951745,71,outsample,extreme4
cross_scenario,k_medoids,3258958499,41,5.45184e7,5.3064472,CosineDist,closemixed,70194.909426,60,outsample,extreme4
cross_scenario,k_medoids,329433595,41,5.46819e7,4.9980731,CosineDist,closemixed,69937.758415,46,outsample,extreme4
cross_scenario,k_medoids,3444774395,41,6.1461e7,5.4555757,CosineDist,closemixed,275500.1031,203,outsample,extreme4
cross_scenario,k_medoids,438234340,41,5.45942e7,5.2555905,CosineDist,closemixed,68567.335717,50,outsample,extreme4
cross_scenario,k_medoids,953901905,41,5.44043e7,5.4197086,CosineDist,closemixed,66480.30957,53,outsample,extreme4
cross_scenario,k_medoids,1660595499,5,8.96577e7,5.6188086,CosineDist,closemixed,1.008147893885e6,585,outsample,extreme4
cross_scenario,k_medoids,1714105051,5,8.99061e7,5.3338741,CosineDist,closemixed,1.014541405682e6,559,outsample,extreme4
cross_scenario,k_medoids,2169593505,5,9.19009e7,5.5642695,CosineDist,closemixed,1.065413720892e6,654,outsample,extreme4
cross_scenario,k_medoids,2538991366,5,7.56261e7,5.665005,CosineDist,closemixed,647007.868525,425,outsample,extreme4
cross_scenario,k_medoids,2909674750,5,8.93927e7,5.462412,CosineDist,closemixed,1.001328809298e6,550,outsample,extreme4
cross_scenario,k_medoids,3018546641,5,8.33395e7,5.1139286,CosineDist,closemixed,844773.959932,514,outsample,extreme4
cross_scenario,k_medoids,3634057553,5,9.62234e7,5.557196,CosineDist,closemixed,1.173918368294e6,633,outsample,extreme4
cross_scenario,k_medoids,4139823947,5,8.88233e7,5.8367145,CosineDist,closemixed,986777.246763,554,outsample,extreme4
cross_scenario,k_medoids,4197766176,5,9.03058e7,5.6558586,CosineDist,closemixed,1.0246738083e6,562,outsample,extreme4
cross_scenario,k_medoids,5947179,5,8.84634e7,5.4834384,CosineDist,closemixed,977525.329148,548,outsample,extreme4
cross_scenario,k_medoids,1006581332,7,8.94552e7,5.654172,CosineDist,closemixed,1.003468247107e6,599,outsample,extreme4
cross_scenario,k_medoids,1176932870,7,7.69742e7,5.5536083,CosineDist,closemixed,682470.146479,493,outsample,extreme4
cross_scenario,k_medoids,1821427372,7,8.72999e7,5.6137132,CosineDist,closemixed,939700.087793,566,outsample,extreme4
cross_scenario,k_medoids,2689963385,7,9.00241e7,5.4350257,CosineDist,closemixed,1.017306422025e6,590,outsample,extreme4
cross_scenario,k_medoids,2751971336,7,7.36193e7,5.3987635,CosineDist,closemixed,594821.99169,399,outsample,extreme4
cross_scenario,k_medoids,3385142830,7,7.73523e7,5.2846608,CosineDist,closemixed,692366.458495,483,outsample,extreme4
cross_scenario,k_medoids,3409620994,7,7.63205e7,5.5786848,CosineDist,closemixed,661844.860204,454,outsample,extreme4
cross_scenario,k_medoids,447101461,7,8.89368e7,5.3338836,CosineDist,closemixed,990263.662577,575,outsample,extreme4
cross_scenario,k_medoids,468006976,7,8.50242e7,5.5114285,CosineDist,closemixed,890328.800441,582,outsample,extreme4
cross_scenario,k_medoids,880982686,7,7.85175e7,5.2909594,CosineDist,closemixed,721593.534738,530,outsample,extreme4
cross_scenario,k_medoids,1130292821,9,7.58117e7,5.4274057,CosineDist,closemixed,653556.365803,462,outsample,extreme4
cross_scenario,k_medoids,1392296365,9,8.10626e7,5.2832355,CosineDist,closemixed,789802.21531,573,outsample,extreme4
cross_scenario,k_medoids,2814468992,9,7.08107e7,5.3821505,CosineDist,closemixed,515827.255787,343,outsample,extreme4
cross_scenario,k_medoids,3044209910,9,5.91375e7,5.5110466,CosineDist,closemixed,197736.203242,166,outsample,extreme4
cross_scenario,k_medoids,3261319673,9,7.99585e7,4.8373154,CosineDist,closemixed,761502.493749,568,outsample,extreme4
cross_scenario,k_medoids,3543870990,9,8.11222e7,5.2055452,CosineDist,closemixed,791186.433464,566,outsample,extreme4
cross_scenario,k_medoids,3602499071,9,9.11911e7,5.3415014,CosineDist,closemixed,1.048056230679e6,624,outsample,extreme4
cross_scenario,k_medoids,3926221275,9,8.86464e7,5.3346286,CosineDist,closemixed,978672.408973,638,outsample,extreme4
cross_scenario,k_medoids,42413356,9,7.7623e7,5.5167933,CosineDist,closemixed,699484.653315,477,outsample,extreme4
cross_scenario,k_medoids,697383862,9,8.88551e7,5.2519297,CosineDist,closemixed,988875.440554,621,outsample,extreme4
cross_scenario,k_medoids,1355586937,11,7.05222e7,5.5721951,SqEuclidean,closemixed,512420.335076,363,outsample,extreme4
cross_scenario,k_medoids,1768760743,11,7.32212e7,5.8890664,SqEuclidean,closemixed,582587.73773,457,outsample,extreme4
cross_scenario,k_medoids,2652796558,11,8.67876e7,5.4300095,SqEuclidean,closemixed,932551.688105,622,outsample,extreme4
cross_scenario,k_medoids,3000698040,11,9.15456e7,5.2491982,SqEuclidean,closemixed,1.057630441084e6,630,outsample,extreme4
cross_scenario,k_medoids,3160233726,11,7.77403e7,5.0311479,SqEuclidean,closemixed,702101.715923,492,outsample,extreme4
cross_scenario,k_medoids,3479820580,11,8.45981e7,5.2086093,SqEuclidean,closemixed,878027.954459,543,outsample,extreme4
cross_scenario,k_medoids,3649546841,11,9.02464e7,5.2927749,SqEuclidean,closemixed,1.024367134777e6,601,outsample,extreme4
cross_scenario,k_medoids,4031091536,11,9.34931e7,5.1980866,SqEuclidean,closemixed,1.106766960137e6,667,outsample,extreme4
cross_scenario,k_medoids,675182737,11,8.31729e7,5.1819777,SqEuclidean,closemixed,841524.108226,601,outsample,extreme4
cross_scenario,k_medoids,722170199,11,7.45453e7,4.8098502,SqEuclidean,closemixed,620643.742763,457,outsample,extreme4
cross_scenario,k_medoids,1020330993,13,6.48257e7,5.5648674,SqEuclidean,closemixed,360708.041878,258,outsample,extreme4
cross_scenario,k_medoids,1241334511,13,6.86754e7,5.4212603,SqEuclidean,closemixed,462165.76065,351,outsample,extreme4
cross_scenario,k_medoids,1561739573,13,8.31244e7,4.7495111,SqEuclidean,closemixed,840791.639372,509,outsample,extreme4
cross_scenario,k_medoids,2082789969,13,7.2785e7,5.7603072,SqEuclidean,closemixed,573104.723463,379,outsample,extreme4
cross_scenario,k_medoids,2422820678,13,9.0717e7,5.302074,SqEuclidean,closemixed,1.036394615932e6,686,outsample,extreme4
cross_scenario,k_medoids,373102896,13,6.71066e7,5.185219,SqEuclidean,closemixed,424054.193167,291,outsample,extreme4
cross_scenario,k_medoids,3777256655,13,8.53951e7,5.122293,SqEuclidean,closemixed,894486.383755,600,outsample,extreme4
cross_scenario,k_medoids,4101453586,13,8.72773e7,5.1077461,SqEuclidean,closemixed,940468.475837,578,outsample,extreme4
cross_scenario,k_medoids,419645993,13,7.43725e7,4.6487372,SqEuclidean,closemixed,615908.46693,464,outsample,extreme4
cross_scenario,k_medoids,772616242,13,7.35665e7,5.0731788,SqEuclidean,closemixed,593993.997252,393,outsample,extreme4
cross_scenario,k_medoids,1536731824,15,6.75282e7,5.1566238,SqEuclidean,closemixed,422253.329906,347,outsample,extreme4
cross_scenario,k_medoids,1944031661,15,7.65308e7,4.9834851,SqEuclidean,closemixed,663551.755622,448,outsample,extreme4
cross_scenario,k_medoids,195370354,15,7.60625e7,5.4479547,SqEuclidean,closemixed,658418.721872,494,outsample,extreme4
cross_scenario,k_medoids,2392820273,15,7.57208e7,4.8755885,SqEuclidean,closemixed,651567.248627,475,outsample,extreme4
cross_scenario,k_medoids,2931326369,15,7.75724e7,5.4856614,SqEuclidean,closemixed,693697.766123,450,outsample,extreme4
cross_scenario,k_medoids,3012361418,15,7.09676e7,5.3784649,SqEuclidean,closemixed,526456.576082,388,outsample,extreme4
cross_scenario,k_medoids,3763622817,15,6.95352e7,5.0879024,SqEuclidean,closemixed,478170.226816,384,outsample,extreme4
cross_scenario,k_medoids,3796973136,15,8.79876e7,5.0873731,SqEuclidean,closemixed,963354.116289,533,outsample,extreme4
cross_scenario,k_medoids,3815196410,15,7.65787e7,4.8456455,SqEuclidean,closemixed,672671.349077,505,outsample,extreme4
cross_scenario,k_medoids,604489562,15,7.814e7,5.7585585,SqEuclidean,closemixed,708139.26106,487,outsample,extreme4
cross_scenario,k_medoids,1587347134,17,6.95665e7,5.3591417,SqEuclidean,closemixed,490194.068017,344,outsample,extreme4
cross_scenario,k_medoids,186564236,17,6.97747e7,5.1661806,SqEuclidean,closemixed,482670.399228,354,outsample,extreme4
cross_scenario,k_medoids,2166881926,17,7.69809e7,5.1887648,SqEuclidean,closemixed,681636.209729,482,outsample,extreme4
cross_scenario,k_medoids,2186186592,17,7.94219e7,4.7992604,SqEuclidean,closemixed,746185.299265,518,outsample,extreme4
cross_scenario,k_medoids,2238747886,17,5.72126e7,5.3877236,SqEuclidean,closemixed,149729.666544,102,outsample,extreme4
cross_scenario,k_medoids,224585247,17,7.36727e7,5.5830848,SqEuclidean,closemixed,592910.842374,397,outsample,extreme4
cross_scenario,k_medoids,2339120676,17,8.03578e7,5.2609954,SqEuclidean,closemixed,763733.155246,569,outsample,extreme4
cross_scenario,k_medoids,3093014142,17,6.20756e7,5.3724217,SqEuclidean,closemixed,278903.438397,294,outsample,extreme4
cross_scenario,k_medoids,3258302586,17,5.8574e7,5.3356907,SqEuclidean,closemixed,194458.382478,159,outsample,extreme4
cross_scenario,k_medoids,3629043986,17,6.51885e7,5.4028068,SqEuclidean,closemixed,361971.962933,226,outsample,extreme4
cross_scenario,k_medoids,1088367163,19,7.88309e7,4.6629614,SqEuclidean,closemixed,714429.613821,487,outsample,extreme4
cross_scenario,k_medoids,1245540782,19,7.68197e7,4.8416806,SqEuclidean,closemixed,680332.444328,429,outsample,extreme4
cross_scenario,k_medoids,2410109332,19,7.36286e7,5.1115164,SqEuclidean,closemixed,590631.722453,395,outsample,extreme4
cross_scenario,k_medoids,2455416769,19,9.33828e7,5.0575219,SqEuclidean,closemixed,1.101532870794e6,694,outsample,extreme4
cross_scenario,k_medoids,2591120440,19,7.30819e7,4.7291496,SqEuclidean,closemixed,577656.523455,484,outsample,extreme4
cross_scenario,k_medoids,2650271871,19,6.66403e7,5.1797241,SqEuclidean,closemixed,411548.41743,289,outsample,extreme4
cross_scenario,k_medoids,2789252227,19,7.17116e7,4.6478011,SqEuclidean,closemixed,541271.064417,435,outsample,extreme4
cross_scenario,k_medoids,3130995382,19,6.60602e7,5.6599552,SqEuclidean,closemixed,392238.351968,261,outsample,extreme4
cross_scenario,k_medoids,3357853995,19,5.90642e7,5.2642559,SqEuclidean,closemixed,194406.114699,160,outsample,extreme4
cross_scenario,k_medoids,824849990,19,6.22219e7,5.324273,SqEuclidean,closemixed,296687.246519,198,outsample,extreme4
cross_scenario,k_medoids,1244389436,21,6.10376e7,5.1881473,SqEuclidean,closemixed,262658.775738,216,outsample,extreme4
cross_scenario,k_medoids,1393653782,21,6.90374e7,5.1415531,SqEuclidean,closemixed,462760.666817,347,outsample,extreme4
cross_scenario,k_medoids,1761682951,21,6.96834e7,5.3212226,SqEuclidean,closemixed,493074.90417,388,outsample,extreme4
cross_scenario,k_medoids,196162340,21,6.12135e7,5.2323134,SqEuclidean,closemixed,272308.174341,182,outsample,extreme4
cross_scenario,k_medoids,1984034111,21,7.80896e7,5.4464374,SqEuclidean,closemixed,707523.982223,486,outsample,extreme4
cross_scenario,k_medoids,2569047889,21,7.13097e7,4.8639497,SqEuclidean,closemixed,526202.685382,409,outsample,extreme4
cross_scenario,k_medoids,3286463093,21,8.07178e7,4.9655771,SqEuclidean,closemixed,774024.480486,468,outsample,extreme4
cross_scenario,k_medoids,4196464565,21,6.19009e7,5.4620426,SqEuclidean,closemixed,281217.115093,215,outsample,extreme4
cross_scenario,k_medoids,744301781,21,7.80144e7,4.8122464,SqEuclidean,closemixed,692924.97196,523,outsample,extreme4
cross_scenario,k_medoids,760014603,21,6.88516e7,5.4123719,SqEuclidean,closemixed,464711.84499,347,outsample,extreme4
cross_scenario,k_medoids,2193967569,23,7.00428e7,4.844427,SqEuclidean,closemixed,485772.284446,381,outsample,extreme4
cross_scenario,k_medoids,2546464051,23,5.73133e7,5.2390905,SqEuclidean,closemixed,151532.480539,125,outsample,extreme4
cross_scenario,k_medoids,2938742229,23,6.25725e7,5.2974588,SqEuclidean,closemixed,303227.096608,228,outsample,extreme4
cross_scenario,k_medoids,313447314,23,7.14916e7,5.3878682,SqEuclidean,closemixed,533188.21167,378,outsample,extreme4
cross_scenario,k_medoids,3164855826,23,6.2172e7,4.8171907,SqEuclidean,closemixed,296169.910895,234,outsample,extreme4
cross_scenario,k_medoids,3173192974,23,8.49827e7,5.3558306,SqEuclidean,closemixed,884762.766466,635,outsample,extreme4
cross_scenario,k_medoids,3527549645,23,6.41987e7,4.9725671,SqEuclidean,closemixed,335464.313962,302,outsample,extreme4
cross_scenario,k_medoids,3913193451,23,7.24192e7,4.8426067,SqEuclidean,closemixed,561189.795588,348,outsample,extreme4
cross_scenario,k_medoids,714332685,23,7.17576e7,4.8279158,SqEuclidean,closemixed,532686.92008,430,outsample,extreme4
cross_scenario,k_medoids,890890131,23,6.5009e7,5.470951,SqEuclidean,closemixed,359648.399217,303,outsample,extreme4
cross_scenario,k_medoids,1134130444,25,5.75994e7,5.2932036,SqEuclidean,closemixed,168043.068599,124,outsample,extreme4
cross_scenario,k_medoids,2658990538,25,7.08951e7,5.5270879,SqEuclidean,closemixed,514550.559929,372,outsample,extreme4
cross_scenario,k_medoids,2726541456,25,7.30725e7,4.8675285,SqEuclidean,closemixed,576945.636601,357,outsample,extreme4
cross_scenario,k_medoids,2894918851,25,5.75731e7,5.3879222,SqEuclidean,closemixed,154264.961885,127,outsample,extreme4
cross_scenario,k_medoids,3351175237,25,6.60538e7,5.2960211,SqEuclidean,closemixed,389480.442345,330,outsample,extreme4
cross_scenario,k_medoids,343301208,25,7.48566e7,5.1553329,SqEuclidean,closemixed,622846.741441,377,outsample,extreme4
cross_scenario,k_medoids,4135971217,25,6.35225e7,5.2381874,SqEuclidean,closemixed,330858.57721,282,outsample,extreme4
cross_scenario,k_medoids,4145110716,25,6.19412e7,5.704565,SqEuclidean,closemixed,283554.322552,229,outsample,extreme4
cross_scenario,k_medoids,448376330,25,8.07947e7,5.1952216,SqEuclidean,closemixed,773605.571379,491,outsample,extreme4
cross_scenario,k_medoids,47449323,25,5.69746e7,5.4733823,SqEuclidean,closemixed,150573.214128,114,outsample,extreme4
cross_scenario,k_medoids,1161276258,27,6.99354e7,5.3293433,SqEuclidean,closemixed,497603.542238,348,outsample,extreme4
cross_scenario,k_medoids,1233541653,27,6.53071e7,5.3095806,SqEuclidean,closemixed,364821.688309,305,outsample,extreme4
cross_scenario,k_medoids,1267936167,27,5.79891e7,5.0919309,SqEuclidean,closemixed,173798.444204,170,outsample,extreme4
cross_scenario,k_medoids,1653248667,27,5.87711e7,5.4066141,SqEuclidean,closemixed,191379.166971,115,outsample,extreme4
cross_scenario,k_medoids,2437521778,27,6.44321e7,5.2423642,SqEuclidean,closemixed,331766.53073,263,outsample,extreme4
cross_scenario,k_medoids,2524306086,27,5.60524e7,5.1903228,SqEuclidean,closemixed,120150.391899,86,outsample,extreme4
cross_scenario,k_medoids,2606414571,27,7.24162e7,4.7902829,SqEuclidean,closemixed,557034.208619,425,outsample,extreme4
cross_scenario,k_medoids,2821296471,27,6.15564e7,5.49582,SqEuclidean,closemixed,266652.449644,201,outsample,extreme4
cross_scenario,k_medoids,3155655383,27,5.64369e7,5.3002477,SqEuclidean,closemixed,125801.719673,96,outsample,extreme4
cross_scenario,k_medoids,463779685,27,6.91041e7,4.8947267,SqEuclidean,closemixed,466170.698269,302,outsample,extreme4
cross_scenario,k_medoids,1113698075,29,5.67947e7,5.2248369,SqEuclidean,closemixed,131855.539799,96,outsample,extreme4
cross_scenario,k_medoids,1125327650,29,5.49281e7,5.0487889,SqEuclidean,closemixed,76632.673464,66,outsample,extreme4
cross_scenario,k_medoids,1398119942,29,7.28604e7,4.7693758,SqEuclidean,closemixed,577006.625525,372,outsample,extreme4
cross_scenario,k_medoids,1669407957,29,5.9285e7,5.1300406,SqEuclidean,closemixed,203020.127392,179,outsample,extreme4
cross_scenario,k_medoids,1792506398,29,5.81739e7,5.2051469,SqEuclidean,closemixed,184619.316636,120,outsample,extreme4
cross_scenario,k_medoids,2439649745,29,6.45594e7,5.2692865,SqEuclidean,closemixed,342336.598044,240,outsample,extreme4
cross_scenario,k_medoids,2730667678,29,6.47491e7,5.3621959,SqEuclidean,closemixed,353439.460443,316,outsample,extreme4
cross_scenario,k_medoids,2843080965,29,5.98909e7,5.7832513,SqEuclidean,closemixed,234253.518038,144,outsample,extreme4
cross_scenario,k_medoids,3434031776,29,6.0605e7,5.2411401,SqEuclidean,closemixed,238719.673336,229,outsample,extreme4
cross_scenario,k_medoids,950202798,29,6.40359e7,5.5090868,SqEuclidean,closemixed,335819.781264,261,outsample,extreme4
cross_scenario,k_medoids,1349996306,31,5.77054e7,5.7275888,SqEuclidean,closemixed,171937.424162,121,outsample,extreme4
cross_scenario,k_medoids,1462714024,31,5.66119e7,5.2560666,SqEuclidean,closemixed,128868.127595,85,outsample,extreme4
cross_scenario,k_medoids,1579127763,31,6.12576e7,5.4674892,SqEuclidean,closemixed,259888.002334,173,outsample,extreme4
cross_scenario,k_medoids,1648351254,31,6.198e7,4.9907587,SqEuclidean,closemixed,285862.414203,220,outsample,extreme4
cross_scenario,k_medoids,2030289235,31,5.78658e7,4.9865584,SqEuclidean,closemixed,174127.726676,144,outsample,extreme4
cross_scenario,k_medoids,2462588561,31,5.63725e7,5.144356,SqEuclidean,closemixed,125466.493004,116,outsample,extreme4
cross_scenario,k_medoids,2929172095,31,5.87097e7,5.1822817,SqEuclidean,closemixed,198854.059135,160,outsample,extreme4
cross_scenario,k_medoids,2944528308,31,5.68149e7,5.3366309,SqEuclidean,closemixed,144748.731131,104,outsample,extreme4
cross_scenario,k_medoids,295145311,31,7.06485e7,4.9219951,SqEuclidean,closemixed,516304.584821,406,outsample,extreme4
cross_scenario,k_medoids,3899371692,31,7.00556e7,5.0991785,SqEuclidean,closemixed,500402.66615,350,outsample,extreme4
cross_scenario,k_medoids,1038419084,33,5.89353e7,5.1452822,SqEuclidean,closemixed,202333.361122,154,outsample,extreme4
cross_scenario,k_medoids,1109759726,33,5.57518e7,5.321134,SqEuclidean,closemixed,103810.97297,64,outsample,extreme4
cross_scenario,k_medoids,1963882461,33,5.94758e7,5.5763251,SqEuclidean,closemixed,210138.937383,208,outsample,extreme4
cross_scenario,k_medoids,1989163906,33,5.75833e7,5.8568119,SqEuclidean,closemixed,170542.531021,147,outsample,extreme4
cross_scenario,k_medoids,2479233904,33,5.82689e7,5.3569121,SqEuclidean,closemixed,188051.069859,147,outsample,extreme4
cross_scenario,k_medoids,2497612078,33,5.54895e7,5.197651,SqEuclidean,closemixed,97509.425633,78,outsample,extreme4
cross_scenario,k_medoids,3214090957,33,6.18135e7,5.384382,SqEuclidean,closemixed,263518.849301,171,outsample,extreme4
cross_scenario,k_medoids,3465092140,33,5.78477e7,5.2250001,SqEuclidean,closemixed,174390.854989,129,outsample,extreme4
cross_scenario,k_medoids,4061834237,33,6.42372e7,5.514278,SqEuclidean,closemixed,331710.757942,241,outsample,extreme4
cross_scenario,k_medoids,52313467,33,5.81374e7,5.469285,SqEuclidean,closemixed,174045.39022,114,outsample,extreme4
cross_scenario,k_medoids,1208640119,35,6.04502e7,5.0089977,SqEuclidean,closemixed,249467.599633,179,outsample,extreme4
cross_scenario,k_medoids,1428058240,35,5.88916e7,4.9263512,SqEuclidean,closemixed,193926.302528,176,outsample,extreme4
cross_scenario,k_medoids,15941194,35,7.61741e7,5.2101591,SqEuclidean,closemixed,648180.766384,435,outsample,extreme4
cross_scenario,k_medoids,2213813141,35,6.14886e7,4.9573094,SqEuclidean,closemixed,260517.788375,232,outsample,extreme4
cross_scenario,k_medoids,2291375163,35,5.54637e7,5.1447598,SqEuclidean,closemixed,96709.150451,69,outsample,extreme4
cross_scenario,k_medoids,236500538,35,5.49719e7,5.1317379,SqEuclidean,closemixed,79600.364865,54,outsample,extreme4
cross_scenario,k_medoids,252145784,35,5.79817e7,5.4041399,SqEuclidean,closemixed,170903.306538,99,outsample,extreme4
cross_scenario,k_medoids,2544196106,35,5.63202e7,5.0639991,SqEuclidean,closemixed,110095.981991,99,outsample,extreme4
cross_scenario,k_medoids,2745802022,35,5.97351e7,5.2550438,SqEuclidean,closemixed,225782.717971,185,outsample,extreme4
cross_scenario,k_medoids,3596893902,35,5.56844e7,5.2008443,SqEuclidean,closemixed,102382.838394,72,outsample,extreme4
cross_scenario,k_medoids,1380354363,37,5.96831e7,5.1038631,SqEuclidean,closemixed,224965.959966,174,outsample,extreme4
cross_scenario,k_medoids,3048518942,37,7.11262e7,5.1085725,SqEuclidean,closemixed,521205.317403,376,outsample,extreme4
cross_scenario,k_medoids,3182806193,37,5.75361e7,4.6073666,SqEuclidean,closemixed,155910.88384,149,outsample,extreme4
cross_scenario,k_medoids,3244629827,37,5.58402e7,5.1163903,SqEuclidean,closemixed,110649.591585,82,outsample,extreme4
cross_scenario,k_medoids,3452769998,37,5.71547e7,5.2070482,SqEuclidean,closemixed,153767.766348,116,outsample,extreme4
cross_scenario,k_medoids,4262333788,37,5.88563e7,4.9152829,SqEuclidean,closemixed,195067.868632,171,outsample,extreme4
cross_scenario,k_medoids,45994245,37,5.56332e7,5.4109506,SqEuclidean,closemixed,103769.805663,67,outsample,extreme4
cross_scenario,k_medoids,67569244,37,5.80444e7,4.6790124,SqEuclidean,closemixed,172456.594577,184,outsample,extreme4
cross_scenario,k_medoids,814300562,37,5.77365e7,5.4508725,SqEuclidean,closemixed,166299.112504,129,outsample,extreme4
cross_scenario,k_medoids,870981686,37,5.80239e7,5.2774808,SqEuclidean,closemixed,175554.352912,139,outsample,extreme4
cross_scenario,k_medoids,1129760376,39,5.6848e7,5.4359423,SqEuclidean,closemixed,145279.704116,98,outsample,extreme4
cross_scenario,k_medoids,148104383,39,6.09881e7,4.8462756,SqEuclidean,closemixed,250549.393255,209,outsample,extreme4
cross_scenario,k_medoids,1655289285,39,5.48501e7,5.3276577,SqEuclidean,closemixed,84992.821451,82,outsample,extreme4
cross_scenario,k_medoids,1845695973,39,5.67056e7,5.7134764,SqEuclidean,closemixed,132735.760215,88,outsample,extreme4
cross_scenario,k_medoids,2121257682,39,5.97331e7,5.3608006,SqEuclidean,closemixed,210164.864322,139,outsample,extreme4
cross_scenario,k_medoids,2943233938,39,5.98177e7,5.2324787,SqEuclidean,closemixed,215478.64455,174,outsample,extreme4
cross_scenario,k_medoids,3030918353,39,5.62364e7,5.2537843,SqEuclidean,closemixed,116547.833361,98,outsample,extreme4
cross_scenario,k_medoids,3096268031,39,6.08562e7,5.4737254,SqEuclidean,closemixed,262437.047703,183,outsample,extreme4
cross_scenario,k_medoids,3338611973,39,7.11568e7,4.9894798,SqEuclidean,closemixed,506027.357041,410,outsample,extreme4
cross_scenario,k_medoids,662283236,39,7.27635e7,5.032185,SqEuclidean,closemixed,558419.894785,368,outsample,extreme4
cross_scenario,k_medoids,1005104349,41,5.52099e7,5.1995878,SqEuclidean,closemixed,85252.442571,70,outsample,extreme4
cross_scenario,k_medoids,1534696584,41,5.67851e7,5.4442572,SqEuclidean,closemixed,145754.993021,116,outsample,extreme4
cross_scenario,k_medoids,225016911,41,5.51899e7,5.1549919,SqEuclidean,closemixed,84483.948242,70,outsample,extreme4
cross_scenario,k_medoids,2317592996,41,5.53399e7,4.8595997,SqEuclidean,closemixed,95325.625929,83,outsample,extreme4
cross_scenario,k_medoids,2716090479,41,5.6381e7,5.1461776,SqEuclidean,closemixed,132044.087011,106,outsample,extreme4
cross_scenario,k_medoids,3258958499,41,5.70457e7,5.4106794,SqEuclidean,closemixed,145254.963504,140,outsample,extreme4
cross_scenario,k_medoids,329433595,41,5.69436e7,5.5350033,SqEuclidean,closemixed,136380.28872,113,outsample,extreme4
cross_scenario,k_medoids,3444774395,41,6.16234e7,5.3277273,SqEuclidean,closemixed,273843.407798,257,outsample,extreme4
cross_scenario,k_medoids,438234340,41,5.57518e7,5.4235649,SqEuclidean,closemixed,107912.310541,98,outsample,extreme4
cross_scenario,k_medoids,953901905,41,5.55945e7,5.4413004,SqEuclidean,closemixed,101780.036327,86,outsample,extreme4
cross_scenario,k_medoids,1660595499,5,9.01245e7,5.8920617,SqEuclidean,closemixed,1.019955518474e6,568,outsample,extreme4
cross_scenario,k_medoids,1714105051,5,8.98507e7,6.0975964,SqEuclidean,closemixed,1.012994959455e6,568,outsample,extreme4
cross_scenario,k_medoids,2169593505,5,8.99989e7,6.0999699,SqEuclidean,closemixed,1.016761505278e6,592,outsample,extreme4
cross_scenario,k_medoids,2538991366,5,7.56261e7,6.0545439,SqEuclidean,closemixed,647007.868525,425,outsample,extreme4
cross_scenario,k_medoids,2909674750,5,8.98589e7,6.0615724,SqEuclidean,closemixed,1.01324162268e6,589,outsample,extreme4
cross_scenario,k_medoids,3018546641,5,8.54486e7,5.6967348,SqEuclidean,closemixed,900565.089064,525,outsample,extreme4
cross_scenario,k_medoids,3634057553,5,8.93404e7,5.5572847,SqEuclidean,closemixed,999967.251355,562,outsample,extreme4
cross_scenario,k_medoids,4139823947,5,8.88233e7,5.5915937,SqEuclidean,closemixed,986777.246763,554,outsample,extreme4
cross_scenario,k_medoids,4197766176,5,9.03058e7,5.6099901,SqEuclidean,closemixed,1.0246738083e6,562,outsample,extreme4
cross_scenario,k_medoids,5947179,5,8.75156e7,5.6147197,SqEuclidean,closemixed,951951.340929,530,outsample,extreme4
cross_scenario,k_medoids,1006581332,7,9.10204e7,5.7395879,SqEuclidean,closemixed,1.043520016655e6,601,outsample,extreme4
cross_scenario,k_medoids,1176932870,7,8.32918e7,5.4472411,SqEuclidean,closemixed,844087.892164,519,outsample,extreme4
cross_scenario,k_medoids,1821427372,7,8.79336e7,5.7908384,SqEuclidean,closemixed,964205.048871,588,outsample,extreme4
cross_scenario,k_medoids,2689963385,7,9.25586e7,5.9743487,SqEuclidean,closemixed,1.082566812456e6,622,outsample,extreme4
cross_scenario,k_medoids,2751971336,7,8.97409e7,5.55276,SqEuclidean,closemixed,1.010646535521e6,582,outsample,extreme4
cross_scenario,k_medoids,3385142830,7,9.09166e7,5.3619209,SqEuclidean,closemixed,1.040807769999e6,603,outsample,extreme4
cross_scenario,k_medoids,3409620994,7,9.01399e7,5.2273375,SqEuclidean,closemixed,1.020275350976e6,585,outsample,extreme4
cross_scenario,k_medoids,447101461,7,9.10527e7,5.6906448,SqEuclidean,closemixed,1.044467340167e6,580,outsample,extreme4
cross_scenario,k_medoids,468006976,7,6.9916e7,5.7751603,SqEuclidean,closemixed,493092.092371,341,outsample,extreme4
cross_scenario,k_medoids,880982686,7,9.06728e7,5.2976849,SqEuclidean,closemixed,1.034439023633e6,614,outsample,extreme4
cross_scenario,k_medoids,1130292821,9,7.05835e7,5.330847,SqEuclidean,closemixed,516263.008148,386,outsample,extreme4
cross_scenario,k_medoids,1392296365,9,8.88631e7,5.6028498,SqEuclidean,closemixed,988285.712157,582,outsample,extreme4
cross_scenario,k_medoids,2814468992,9,8.66301e7,5.3181901,SqEuclidean,closemixed,924255.89066,552,outsample,extreme4
cross_scenario,k_medoids,3044209910,9,7.76394e7,5.4130233,SqEuclidean,closemixed,699014.251609,524,outsample,extreme4
cross_scenario,k_medoids,3261319673,9,7.89704e7,4.7988362,SqEuclidean,closemixed,733417.443949,485,outsample,extreme4
cross_scenario,k_medoids,3543870990,9,8.08736e7,5.4104848,SqEuclidean,closemixed,784819.902731,561,outsample,extreme4
cross_scenario,k_medoids,3602499071,9,8.78236e7,5.4839606,SqEuclidean,closemixed,960851.291989,557,outsample,extreme4
cross_scenario,k_medoids,3926221275,9,9.08346e7,5.0805741,SqEuclidean,closemixed,1.038592292757e6,611,outsample,extreme4
cross_scenario,k_medoids,42413356,9,6.63277e7,5.674837,SqEuclidean,closemixed,405774.614017,292,outsample,extreme4
cross_scenario,k_medoids,697383862,9,8.99721e7,5.7879795,SqEuclidean,closemixed,1.017485797087e6,657,outsample,extreme4
cross_scenario,k_means,1355586937,11,8.18172e7,5.190693,CosineDist,closemixed,806308.438804,495,outsample,extreme4
cross_scenario,k_means,1768760743,11,8.86241e7,5.2701807,CosineDist,closemixed,985052.981594,612,outsample,extreme4
cross_scenario,k_means,2652796558,11,8.31179e7,5.2979718,CosineDist,closemixed,839392.550232,511,outsample,extreme4
cross_scenario,k_means,3000698040,11,8.60599e7,5.1952223,CosineDist,closemixed,914924.344985,612,outsample,extreme4
cross_scenario,k_means,3160233726,11,7.39687e7,5.3757916,CosineDist,closemixed,602017.093046,395,outsample,extreme4
cross_scenario,k_means,3479820580,11,8.12899e7,5.0609899,CosineDist,closemixed,791819.388645,485,outsample,extreme4
cross_scenario,k_means,3649546841,11,8.94448e7,5.6031345,CosineDist,closemixed,1.003301768448e6,577,outsample,extreme4
cross_scenario,k_means,4031091536,11,9.56361e7,5.2823028,CosineDist,closemixed,1.164774361592e6,673,outsample,extreme4
cross_scenario,k_means,675182737,11,7.84183e7,5.4249912,CosineDist,closemixed,720006.945484,518,outsample,extreme4
cross_scenario,k_means,722170199,11,7.54202e7,5.3490096,CosineDist,closemixed,637361.644805,415,outsample,extreme4
cross_scenario,k_means,1020330993,13,7.15679e7,5.426964,CosineDist,closemixed,542528.2304,357,outsample,extreme4
cross_scenario,k_means,1241334511,13,7.11114e7,5.2865055,CosineDist,closemixed,528530.157568,387,outsample,extreme4
cross_scenario,k_means,1561739573,13,7.14858e7,5.2950674,CosineDist,closemixed,542681.255382,385,outsample,extreme4
cross_scenario,k_means,2082789969,13,6.20242e7,5.4431615,CosineDist,closemixed,290075.994181,204,outsample,extreme4
cross_scenario,k_means,2422820678,13,7.68779e7,5.3970231,CosineDist,closemixed,679179.211013,423,outsample,extreme4
cross_scenario,k_means,373102896,13,6.68717e7,5.2342237,CosineDist,closemixed,421931.143719,340,outsample,extreme4
cross_scenario,k_means,3777256655,13,7.50616e7,5.3541189,CosineDist,closemixed,632113.887433,409,outsample,extreme4
cross_scenario,k_means,4101453586,13,8.77175e7,5.0401821,CosineDist,closemixed,955012.924219,578,outsample,extreme4
cross_scenario,k_means,419645993,13,7.91447e7,5.6200968,CosineDist,closemixed,739965.688558,502,outsample,extreme4
cross_scenario,k_means,772616242,13,6.82654e7,5.4866118,CosineDist,closemixed,457930.544241,358,outsample,extreme4
cross_scenario,k_means,1536731824,15,6.71213e7,5.2514585,CosineDist,closemixed,422560.1367,332,outsample,extreme4
cross_scenario,k_means,1944031661,15,8.09846e7,5.078642,CosineDist,closemixed,785944.992787,514,outsample,extreme4
cross_scenario,k_means,195370354,15,7.00281e7,5.3994533,CosineDist,closemixed,502446.353296,330,outsample,extreme4
cross_scenario,k_means,2392820273,15,6.76424e7,5.3881381,CosineDist,closemixed,439648.489069,302,outsample,extreme4
cross_scenario,k_means,2931326369,15,8.15071e7,5.6502311,CosineDist,closemixed,793923.994076,453,outsample,extreme4
cross_scenario,k_means,3012361418,15,6.83814e7,5.316364,CosineDist,closemixed,457736.660493,320,outsample,extreme4
cross_scenario,k_means,3763622817,15,8.17236e7,5.5701605,CosineDist,closemixed,801468.63652,516,outsample,extreme4
cross_scenario,k_means,3796973136,15,7.83234e7,5.3288331,CosineDist,closemixed,712075.064071,458,outsample,extreme4
cross_scenario,k_means,3815196410,15,6.92599e7,5.3488762,CosineDist,closemixed,482372.630679,322,outsample,extreme4
cross_scenario,k_means,604489562,15,6.6668e7,5.6816576,CosineDist,closemixed,413950.583449,314,outsample,extreme4
cross_scenario,k_means,1587347134,17,6.75009e7,5.4494974,CosineDist,closemixed,435483.401549,317,outsample,extreme4
cross_scenario,k_means,186564236,17,6.55704e7,5.3377169,CosineDist,closemixed,379835.8697,275,outsample,extreme4
cross_scenario,k_means,2166881926,17,6.65934e7,5.3503364,CosineDist,closemixed,413969.06928,290,outsample,extreme4
cross_scenario,k_means,2186186592,17,6.57729e7,5.6197926,CosineDist,closemixed,384712.014717,273,outsample,extreme4
cross_scenario,k_means,2238747886,17,7.00517e7,5.4346282,CosineDist,closemixed,501180.547417,336,outsample,extreme4
cross_scenario,k_means,224585247,17,7.36934e7,5.0632326,CosineDist,closemixed,588967.673704,435,outsample,extreme4
cross_scenario,k_means,2339120676,17,8.03753e7,5.2586226,CosineDist,closemixed,769677.523158,532,outsample,extreme4
cross_scenario,k_means,3093014142,17,6.49027e7,4.8999026,CosineDist,closemixed,359103.246869,301,outsample,extreme4
cross_scenario,k_means,3258302586,17,5.80317e7,5.1363547,CosineDist,closemixed,178122.31414,167,outsample,extreme4
cross_scenario,k_means,3629043986,17,6.50826e7,5.3937773,CosineDist,closemixed,368179.885852,231,outsample,extreme4
cross_scenario,k_means,1088367163,19,7.45072e7,5.3465446,CosineDist,closemixed,616524.112231,386,outsample,extreme4
cross_scenario,k_means,1245540782,19,7.35076e7,5.3335404,CosineDist,closemixed,595944.659031,446,outsample,extreme4
cross_scenario,k_means,2410109332,19,6.8798e7,5.2588364,CosineDist,closemixed,469406.146781,317,outsample,extreme4
cross_scenario,k_means,2455416769,19,7.56275e7,5.4802681,CosineDist,closemixed,638775.68539,421,outsample,extreme4
cross_scenario,k_means,2591120440,19,6.91741e7,5.3683691,CosineDist,closemixed,478775.549236,389,outsample,extreme4
cross_scenario,k_means,2650271871,19,6.50214e7,5.6005979,CosineDist,closemixed,370235.990286,281,outsample,extreme4
cross_scenario,k_means,2789252227,19,7.74832e7,6.001283,CosineDist,closemixed,693085.972535,481,outsample,extreme4
cross_scenario,k_means,3130995382,19,7.12029e7,6.3170888,CosineDist,closemixed,522961.422294,341,outsample,extreme4
cross_scenario,k_means,3357853995,19,7.47452e7,8.3600161,CosineDist,closemixed,615924.793941,427,outsample,extreme4
cross_scenario,k_means,824849990,19,6.73346e7,6.0767906,CosineDist,closemixed,432585.012397,298,outsample,extreme4
cross_scenario,k_means,1244389436,21,6.05666e7,5.6535303,CosineDist,closemixed,246206.410002,201,outsample,extreme4
cross_scenario,k_means,1393653782,21,6.2541e7,6.0800197,CosineDist,closemixed,292264.051539,238,outsample,extreme4
cross_scenario,k_means,1761682951,21,7.01024e7,5.482915,CosineDist,closemixed,507090.837441,389,outsample,extreme4
cross_scenario,k_means,196162340,21,6.01875e7,5.8032678,CosineDist,closemixed,243113.018728,175,outsample,extreme4
cross_scenario,k_means,1984034111,21,7.24679e7,5.7483386,CosineDist,closemixed,564399.25993,411,outsample,extreme4
cross_scenario,k_means,2569047889,21,7.9562e7,5.2592488,CosineDist,closemixed,737696.719477,511,outsample,extreme4
cross_scenario,k_means,3286463093,21,6.47676e7,6.2532529,CosineDist,closemixed,363015.562543,295,outsample,extreme4
cross_scenario,k_means,4196464565,21,6.12767e7,6.0937094,CosineDist,closemixed,266699.498368,208,outsample,extreme4
cross_scenario,k_means,744301781,21,7.54552e7,6.6614693,CosineDist,closemixed,633094.754643,433,outsample,extreme4
cross_scenario,k_means,760014603,21,6.90244e7,6.1683025,CosineDist,closemixed,473986.143864,350,outsample,extreme4
cross_scenario,k_means,2193967569,23,6.54634e7,5.8660165,CosineDist,closemixed,370023.503667,276,outsample,extreme4
cross_scenario,k_means,2546464051,23,6.60862e7,5.4587568,CosineDist,closemixed,395375.056337,264,outsample,extreme4
cross_scenario,k_means,2938742229,23,6.06988e7,5.7312047,CosineDist,closemixed,251409.448816,187,outsample,extreme4
cross_scenario,k_means,313447314,23,7.37314e7,5.6142987,CosineDist,closemixed,599044.001634,427,outsample,extreme4
cross_scenario,k_means,3164855826,23,8.17507e7,5.7243512,CosineDist,closemixed,790963.091777,537,outsample,extreme4
cross_scenario,k_means,3173192974,23,6.76701e7,6.3308359,CosineDist,closemixed,431662.809476,313,outsample,extreme4
cross_scenario,k_means,3527549645,23,5.9498e7,5.6826761,CosineDist,closemixed,213025.307741,196,outsample,extreme4
cross_scenario,k_means,3913193451,23,6.23153e7,5.93028,CosineDist,closemixed,295424.307165,244,outsample,extreme4
cross_scenario,k_means,714332685,23,8.02844e7,6.1875316,CosineDist,closemixed,763118.294445,503,outsample,extreme4
cross_scenario,k_means,890890131,23,7.18383e7,6.0012386,CosineDist,closemixed,543220.513153,414,outsample,extreme4
cross_scenario,k_means,1134130444,25,5.85085e7,5.7516131,CosineDist,closemixed,194504.188012,124,outsample,extreme4
cross_scenario,k_means,2658990538,25,6.56516e7,6.214597,CosineDist,closemixed,382624.83616,292,outsample,extreme4
cross_scenario,k_means,2726541456,25,6.57811e7,5.6097303,CosineDist,closemixed,384235.373367,312,outsample,extreme4
cross_scenario,k_means,2894918851,25,5.87537e7,5.8348585,CosineDist,closemixed,198106.860999,151,outsample,extreme4
cross_scenario,k_means,3351175237,25,6.11906e7,6.0693066,CosineDist,closemixed,263052.172189,198,outsample,extreme4
cross_scenario,k_means,343301208,25,6.62619e7,5.8096996,CosineDist,closemixed,402226.188571,316,outsample,extreme4
cross_scenario,k_means,4135971217,25,6.79099e7,5.7259124,CosineDist,closemixed,448297.40321,317,outsample,extreme4
cross_scenario,k_means,4145110716,25,6.25262e7,6.023331,CosineDist,closemixed,299502.116456,222,outsample,extreme4
cross_scenario,k_means,448376330,25,7.16973e7,5.6953268,CosineDist,closemixed,536660.606261,441,outsample,extreme4
cross_scenario,k_means,47449323,25,5.96952e7,5.9915975,CosineDist,closemixed,218495.373069,195,outsample,extreme4
cross_scenario,k_means,1161276258,27,6.45051e7,5.803053,CosineDist,closemixed,347096.324902,263,outsample,extreme4
cross_scenario,k_means,1233541653,27,6.4419e7,5.8822876,CosineDist,closemixed,347082.023147,265,outsample,extreme4
cross_scenario,k_means,1267936167,27,6.66918e7,5.5607439,CosineDist,closemixed,412270.230642,311,outsample,extreme4
cross_scenario,k_means,1653248667,27,6.17573e7,5.8988453,CosineDist,closemixed,285216.241064,189,outsample,extreme4
cross_scenario,k_means,2437521778,27,6.64522e7,5.3269893,CosineDist,closemixed,399069.320983,320,outsample,extreme4
cross_scenario,k_means,2524306086,27,5.98604e7,6.0309415,CosineDist,closemixed,230688.789494,145,outsample,extreme4
cross_scenario,k_means,2606414571,27,6.11544e7,6.1876771,CosineDist,closemixed,259958.093211,218,outsample,extreme4
cross_scenario,k_means,2821296471,27,6.19207e7,6.1865384,CosineDist,closemixed,281983.088078,200,outsample,extreme4
cross_scenario,k_means,3155655383,27,6.05464e7,5.6472829,CosineDist,closemixed,247216.062006,204,outsample,extreme4
cross_scenario,k_means,463779685,27,6.26666e7,5.694793,CosineDist,closemixed,296013.887723,234,outsample,extreme4
cross_scenario,k_means,1113698075,29,6.13047e7,5.927359,CosineDist,closemixed,263826.630932,184,outsample,extreme4
cross_scenario,k_means,1125327650,29,5.54725e7,5.6304421,CosineDist,closemixed,93137.911542,82,outsample,extreme4
cross_scenario,k_means,1398119942,29,6.42354e7,6.3175465,CosineDist,closemixed,341385.130236,259,outsample,extreme4
cross_scenario,k_means,1669407957,29,5.85429e7,6.1297645,CosineDist,closemixed,185405.462078,146,outsample,extreme4
cross_scenario,k_means,1792506398,29,5.92973e7,5.9806437,CosineDist,closemixed,214545.40633,161,outsample,extreme4
cross_scenario,k_means,2439649745,29,6.21615e7,5.8264285,CosineDist,closemixed,285595.434177,233,outsample,extreme4
cross_scenario,k_means,2730667678,29,5.98613e7,6.4600793,CosineDist,closemixed,225211.835356,207,outsample,extreme4
cross_scenario,k_means,2843080965,29,5.65784e7,6.2372369,CosineDist,closemixed,139690.687209,115,outsample,extreme4
cross_scenario,k_means,3434031776,29,6.67971e7,5.2035206,CosineDist,closemixed,412109.622963,318,outsample,extreme4
cross_scenario,k_means,950202798,29,5.84018e7,6.0346548,CosineDist,closemixed,185933.35857,145,outsample,extreme4
cross_scenario,k_means,1349996306,31,5.50969e7,5.5742901,CosineDist,closemixed,92683.179024,68,outsample,extreme4
cross_scenario,k_means,1462714024,31,6.2191e7,5.7861953,CosineDist,closemixed,282834.52772,208,outsample,extreme4
cross_scenario,k_means,1579127763,31,6.03394e7,6.0246625,CosineDist,closemixed,231834.559261,157,outsample,extreme4
cross_scenario,k_means,1648351254,31,5.9343e7,5.9550991,CosineDist,closemixed,212307.366823,170,outsample,extreme4
cross_scenario,k_means,2030289235,31,5.72474e7,5.6940695,CosineDist,closemixed,151903.596335,126,outsample,extreme4
cross_scenario,k_means,2462588561,31,6.38918e7,6.3797106,CosineDist,closemixed,324322.089475,238,outsample,extreme4
cross_scenario,k_means,2929172095,31,6.06378e7,5.670108,CosineDist,closemixed,242642.880297,247,outsample,extreme4
cross_scenario,k_means,2944528308,31,5.5887e7,5.742909,CosineDist,closemixed,117901.12004,97,outsample,extreme4
cross_scenario,k_means,295145311,31,7.16668e7,5.7240699,CosineDist,closemixed,531759.385751,405,outsample,extreme4
cross_scenario,k_means,3899371692,31,6.78212e7,5.8878723,CosineDist,closemixed,437999.063104,358,outsample,extreme4
cross_scenario,k_means,1038419084,33,6.04627e7,5.9142736,CosineDist,closemixed,240934.477579,210,outsample,extreme4
cross_scenario,k_means,1109759726,33,5.52329e7,6.0955894,CosineDist,closemixed,97333.910157,73,outsample,extreme4
cross_scenario,k_means,1963882461,33,7.15864e7,5.2611604,CosineDist,closemixed,520240.148826,386,outsample,extreme4
cross_scenario,k_means,1989163906,33,6.27452e7,6.1181133,CosineDist,closemixed,306784.823941,262,outsample,extreme4
cross_scenario,k_means,2479233904,33,5.95401e7,5.9686108,CosineDist,closemixed,218110.05581,182,outsample,extreme4
cross_scenario,k_means,2497612078,33,5.56686e7,6.0695408,CosineDist,closemixed,107388.935632,88,outsample,extreme4
cross_scenario,k_means,3214090957,33,6.22837e7,6.4540915,CosineDist,closemixed,294484.812793,221,outsample,extreme4
cross_scenario,k_means,3465092140,33,5.76613e7,6.1857239,CosineDist,closemixed,166931.063401,133,outsample,extreme4
cross_scenario,k_means,4061834237,33,6.54489e7,5.5013377,CosineDist,closemixed,368931.690547,303,outsample,extreme4
cross_scenario,k_means,52313467,33,6.18997e7,5.7278441,CosineDist,closemixed,288577.67536,229,outsample,extreme4
cross_scenario,k_means,1208640119,35,5.7653e7,5.5484186,CosineDist,closemixed,166345.377119,147,outsample,extreme4
cross_scenario,k_means,1428058240,35,5.95984e7,5.655344,CosineDist,closemixed,224380.929151,176,outsample,extreme4
cross_scenario,k_means,15941194,35,6.19871e7,5.9107154,CosineDist,closemixed,278536.722451,218,outsample,extreme4
cross_scenario,k_means,2213813141,35,6.18997e7,5.6807746,CosineDist,closemixed,272307.038074,257,outsample,extreme4
cross_scenario,k_means,2291375163,35,5.84057e7,6.2944143,CosineDist,closemixed,189349.448523,158,outsample,extreme4
cross_scenario,k_means,236500538,35,5.74455e7,6.090488,CosineDist,closemixed,160229.040835,128,outsample,extreme4
cross_scenario,k_means,252145784,35,5.90723e7,5.6547949,CosineDist,closemixed,208015.520626,168,outsample,extreme4
cross_scenario,k_means,2544196106,35,6.41154e7,5.6932519,CosineDist,closemixed,329587.780634,234,outsample,extreme4
cross_scenario,k_means,2745802022,35,5.98543e7,5.7756833,CosineDist,closemixed,226863.244396,176,outsample,extreme4
cross_scenario,k_means,3596893902,35,5.61739e7,6.0803046,CosineDist,closemixed,126717.350075,96,outsample,extreme4
cross_scenario,k_means,1380354363,37,5.59431e7,5.9202824,CosineDist,closemixed,122274.217936,92,outsample,extreme4
cross_scenario,k_means,3048518942,37,6.98481e7,5.7518776,CosineDist,closemixed,486472.568966,341,outsample,extreme4
cross_scenario,k_means,3182806193,37,5.78831e7,5.5844212,CosineDist,closemixed,172544.006281,168,outsample,extreme4
cross_scenario,k_means,3244629827,37,6.15836e7,5.9353388,CosineDist,closemixed,276795.246896,232,outsample,extreme4
cross_scenario,k_means,3452769998,37,5.92483e7,5.6026457,CosineDist,closemixed,213734.575273,154,outsample,extreme4
cross_scenario,k_means,4262333788,37,6.06684e7,5.403501,CosineDist,closemixed,242039.496542,225,outsample,extreme4
cross_scenario,k_means,45994245,37,5.60715e7,5.781268,CosineDist,closemixed,116754.282835,77,outsample,extreme4
cross_scenario,k_means,67569244,37,6.43245e7,5.5871324,CosineDist,closemixed,352836.618105,255,outsample,extreme4
cross_scenario,k_means,814300562,37,5.67789e7,5.8682033,CosineDist,closemixed,142032.292975,122,outsample,extreme4
cross_scenario,k_means,870981686,37,5.57016e7,5.6752615,CosineDist,closemixed,110459.901113,87,outsample,extreme4
cross_scenario,k_means,1129760376,39,5.95778e7,5.2430224,CosineDist,closemixed,221090.002283,179,outsample,extreme4
cross_scenario,k_means,148104383,39,6.25248e7,5.1283073,CosineDist,closemixed,291697.401233,263,outsample,extreme4
cross_scenario,k_means,1655289285,39,5.68304e7,5.2962752,CosineDist,closemixed,141642.597591,128,outsample,extreme4
cross_scenario,k_means,1845695973,39,5.73669e7,5.5557444,CosineDist,closemixed,156722.986678,136,outsample,extreme4
cross_scenario,k_means,2121257682,39,6.10131e7,5.5862823,CosineDist,closemixed,254748.730095,200,outsample,extreme4
cross_scenario,k_means,2943233938,39,5.95329e7,5.574842,CosineDist,closemixed,213259.921502,211,outsample,extreme4
cross_scenario,k_means,3030918353,39,5.85064e7,5.6830346,CosineDist,closemixed,186992.965904,169,outsample,extreme4
cross_scenario,k_means,3096268031,39,5.83891e7,6.3414845,CosineDist,closemixed,187482.844917,154,outsample,extreme4
cross_scenario,k_means,3338611973,39,6.61385e7,5.4127243,CosineDist,closemixed,382274.799478,295,outsample,extreme4
cross_scenario,k_means,662283236,39,7.18527e7,5.2245127,CosineDist,closemixed,531982.613365,364,outsample,extreme4
cross_scenario,k_means,1005104349,41,6.17016e7,6.1367116,CosineDist,closemixed,269204.894126,226,outsample,extreme4
cross_scenario,k_means,1534696584,41,5.75777e7,5.3280238,CosineDist,closemixed,164080.264739,146,outsample,extreme4
cross_scenario,k_means,225016911,41,5.53976e7,5.3560953,CosineDist,closemixed,91182.81901,79,outsample,extreme4
cross_scenario,k_means,2317592996,41,5.69358e7,5.8704978,CosineDist,closemixed,144485.109304,120,outsample,extreme4
cross_scenario,k_means,2716090479,41,5.65376e7,5.5191674,CosineDist,closemixed,135584.000035,106,outsample,extreme4
cross_scenario,k_means,3258958499,41,6.70986e7,5.4139832,CosineDist,closemixed,402820.744383,367,outsample,extreme4
cross_scenario,k_means,329433595,41,5.84989e7,6.3561205,CosineDist,closemixed,190122.416731,135,outsample,extreme4
cross_scenario,k_means,3444774395,41,5.83675e7,5.0564363,CosineDist,closemixed,184336.205757,184,outsample,extreme4
cross_scenario,k_means,438234340,41,5.92523e7,6.0957977,CosineDist,closemixed,215240.475512,145,outsample,extreme4
cross_scenario,k_means,953901905,41,5.61989e7,5.7506689,CosineDist,closemixed,124095.040072,109,outsample,extreme4
cross_scenario,k_means,1660595499,5,9.35258e7,6.2048996,CosineDist,closemixed,1.111037892097e6,636,outsample,extreme4
cross_scenario,k_means,1714105051,5,9.50582e7,5.9662084,CosineDist,closemixed,1.150461429367e6,661,outsample,extreme4
cross_scenario,k_means,2169593505,5,9.46734e7,5.9397984,CosineDist,closemixed,1.140446778553e6,656,outsample,extreme4
cross_scenario,k_means,2538991366,5,8.4054e7,6.021223,CosineDist,closemixed,868198.972794,553,outsample,extreme4
cross_scenario,k_means,2909674750,5,8.22488e7,6.3448097,CosineDist,closemixed,819568.454786,500,outsample,extreme4
cross_scenario,k_means,3018546641,5,8.61747e7,6.1559639,CosineDist,closemixed,922072.600399,540,outsample,extreme4
cross_scenario,k_means,3634057553,5,9.6484e7,5.7759132,CosineDist,closemixed,1.18685079763e6,717,outsample,extreme4
cross_scenario,k_means,4139823947,5,9.23473e7,5.8933068,CosineDist,closemixed,1.07905073203e6,549,outsample,extreme4
cross_scenario,k_means,4197766176,5,8.76248e7,6.2020071,CosineDist,closemixed,959879.728932,606,outsample,extreme4
cross_scenario,k_means,5947179,5,9.32639e7,6.0460098,CosineDist,closemixed,1.102553568928e6,609,outsample,extreme4
cross_scenario,k_means,1006581332,7,9.41207e7,6.0674242,CosineDist,closemixed,1.126900875631e6,680,outsample,extreme4
cross_scenario,k_means,1176932870,7,8.06556e7,5.9342715,CosineDist,closemixed,777618.618052,458,outsample,extreme4
cross_scenario,k_means,1821427372,7,8.62898e7,5.7523571,CosineDist,closemixed,924032.303989,545,outsample,extreme4
cross_scenario,k_means,2689963385,7,9.28551e7,5.7611194,CosineDist,closemixed,1.091308315898e6,626,outsample,extreme4
cross_scenario,k_means,2751971336,7,9.28163e7,6.2990637,CosineDist,closemixed,1.091189740628e6,632,outsample,extreme4
cross_scenario,k_means,3385142830,7,9.4853e7,6.024592,CosineDist,closemixed,1.145707965317e6,661,outsample,extreme4
cross_scenario,k_means,3409620994,7,9.53575e7,6.1799811,CosineDist,closemixed,1.15851693724e6,651,outsample,extreme4
cross_scenario,k_means,447101461,7,9.62379e7,6.1590709,CosineDist,closemixed,1.179958073044e6,621,outsample,extreme4
cross_scenario,k_means,468006976,7,7.82462e7,6.4437151,CosineDist,closemixed,716117.345875,443,outsample,extreme4
cross_scenario,k_means,880982686,7,7.81919e7,6.125825,CosineDist,closemixed,709444.902069,453,outsample,extreme4
cross_scenario,k_means,1130292821,9,6.33883e7,5.9933874,CosineDist,closemixed,318482.566539,256,outsample,extreme4
cross_scenario,k_means,1392296365,9,8.8186e7,5.9490564,CosineDist,closemixed,972854.564123,564,outsample,extreme4
cross_scenario,k_means,2814468992,9,9.05849e7,5.8399211,CosineDist,closemixed,1.033868304939e6,599,outsample,extreme4
cross_scenario,k_means,3044209910,9,7.02182e7,6.4340706,CosineDist,closemixed,507570.453532,343,outsample,extreme4
cross_scenario,k_means,3261319673,9,7.11504e7,6.1852026,CosineDist,closemixed,533113.292862,375,outsample,extreme4
cross_scenario,k_means,3543870990,9,8.34366e7,6.3787475,CosineDist,closemixed,851799.052863,527,outsample,extreme4
cross_scenario,k_means,3602499071,9,7.61816e7,5.9583949,CosineDist,closemixed,663018.263985,411,outsample,extreme4
cross_scenario,k_means,3926221275,9,9.00151e7,6.5936306,CosineDist,closemixed,1.011092446171e6,591,outsample,extreme4
cross_scenario,k_means,42413356,9,6.61812e7,6.0930488,CosineDist,closemixed,402156.81227,266,outsample,extreme4
cross_scenario,k_means,697383862,9,8.77798e7,6.4011183,CosineDist,closemixed,963213.955906,582,outsample,extreme4
cross_scenario,k_means,1355586937,11,8.41677e7,5.9572831,SqEuclidean,closemixed,864689.375087,522,outsample,extreme4
cross_scenario,k_means,1768760743,11,8.83609e7,5.6856029,SqEuclidean,closemixed,977418.283586,600,outsample,extreme4
cross_scenario,k_means,2652796558,11,8.19302e7,5.6996978,SqEuclidean,closemixed,808943.574656,474,outsample,extreme4
cross_scenario,k_means,3000698040,11,8.92009e7,5.8729551,SqEuclidean,closemixed,994888.817352,596,outsample,extreme4
cross_scenario,k_means,3160233726,11,7.13715e7,5.8481458,SqEuclidean,closemixed,534150.331699,370,outsample,extreme4
cross_scenario,k_means,3479820580,11,8.22731e7,5.6119344,SqEuclidean,closemixed,816138.121183,504,outsample,extreme4
cross_scenario,k_means,3649546841,11,8.70907e7,6.1602503,SqEuclidean,closemixed,943036.643873,544,outsample,extreme4
cross_scenario,k_means,4031091536,11,9.47853e7,5.5627281,SqEuclidean,closemixed,1.142388200584e6,679,outsample,extreme4
cross_scenario,k_means,675182737,11,7.89262e7,6.0662977,SqEuclidean,closemixed,733086.118114,474,outsample,extreme4
cross_scenario,k_means,722170199,11,7.72955e7,5.8224598,SqEuclidean,closemixed,690134.844298,407,outsample,extreme4
cross_scenario,k_means,1020330993,13,7.07875e7,6.1118211,SqEuclidean,closemixed,520215.179537,407,outsample,extreme4
cross_scenario,k_means,1241334511,13,6.85974e7,5.9222396,SqEuclidean,closemixed,462680.958548,302,outsample,extreme4
cross_scenario,k_means,1561739573,13,7.25662e7,5.6852996,SqEuclidean,closemixed,570329.531317,394,outsample,extreme4
cross_scenario,k_means,2082789969,13,6.36463e7,5.8801923,SqEuclidean,closemixed,329784.464305,237,outsample,extreme4
cross_scenario,k_means,2422820678,13,7.69463e7,6.0824191,SqEuclidean,closemixed,682438.621109,429,outsample,extreme4
cross_scenario,k_means,373102896,13,6.37039e7,5.8135616,SqEuclidean,closemixed,335058.593751,238,outsample,extreme4
cross_scenario,k_means,3777256655,13,7.7514e7,6.0297158,SqEuclidean,closemixed,695219.784394,433,outsample,extreme4
cross_scenario,k_means,4101453586,13,8.60752e7,6.074541,SqEuclidean,closemixed,912652.898641,606,outsample,extreme4
cross_scenario,k_means,419645993,13,7.711e7,5.8194129,SqEuclidean,closemixed,684352.431871,415,outsample,extreme4
cross_scenario,k_means,772616242,13,6.73802e7,5.6001851,SqEuclidean,closemixed,434220.007216,303,outsample,extreme4
cross_scenario,k_means,1536731824,15,6.61036e7,5.9522616,SqEuclidean,closemixed,396585.347759,294,outsample,extreme4
cross_scenario,k_means,1944031661,15,8.02792e7,5.6324627,SqEuclidean,closemixed,766814.414714,492,outsample,extreme4
cross_scenario,k_means,195370354,15,6.97151e7,5.6704373,SqEuclidean,closemixed,494331.861466,323,outsample,extreme4
cross_scenario,k_means,2392820273,15,6.92797e7,6.1113366,SqEuclidean,closemixed,481964.748881,312,outsample,extreme4
cross_scenario,k_means,2931326369,15,7.7363e7,5.8790503,SqEuclidean,closemixed,687346.642587,451,outsample,extreme4
cross_scenario,k_means,3012361418,15,6.78629e7,5.9457918,SqEuclidean,closemixed,444568.663015,319,outsample,extreme4
cross_scenario,k_means,3763622817,15,8.08153e7,5.7165344,SqEuclidean,closemixed,778401.076092,526,outsample,extreme4
cross_scenario,k_means,3796973136,15,8.27678e7,5.9245933,SqEuclidean,closemixed,827518.72343,444,outsample,extreme4
cross_scenario,k_means,3815196410,15,6.93314e7,5.8915372,SqEuclidean,closemixed,485611.47059,333,outsample,extreme4
cross_scenario,k_means,604489562,15,7.02163e7,5.8764929,SqEuclidean,closemixed,506369.442953,349,outsample,extreme4
cross_scenario,k_means,1587347134,17,6.78708e7,5.8612214,SqEuclidean,closemixed,441122.39046,389,outsample,extreme4
cross_scenario,k_means,186564236,17,6.73424e7,5.8963148,SqEuclidean,closemixed,430595.324566,303,outsample,extreme4
cross_scenario,k_means,2166881926,17,6.93395e7,6.267908,SqEuclidean,closemixed,485221.96281,339,outsample,extreme4
cross_scenario,k_means,2186186592,17,6.88588e7,6.1183097,SqEuclidean,closemixed,470664.504157,308,outsample,extreme4
cross_scenario,k_means,2238747886,17,6.06095e7,5.9845541,SqEuclidean,closemixed,252446.258859,176,outsample,extreme4
cross_scenario,k_means,224585247,17,7.3477e7,5.651705,SqEuclidean,closemixed,583690.907533,417,outsample,extreme4
cross_scenario,k_means,2339120676,17,7.97051e7,6.0178714,SqEuclidean,closemixed,750977.548594,502,outsample,extreme4
cross_scenario,k_means,3093014142,17,6.4847e7,5.3672157,SqEuclidean,closemixed,358521.672888,324,outsample,extreme4
cross_scenario,k_means,3258302586,17,5.78479e7,5.7069202,SqEuclidean,closemixed,173403.770335,155,outsample,extreme4
cross_scenario,k_means,3629043986,17,6.67268e7,5.675774,SqEuclidean,closemixed,412110.614255,266,outsample,extreme4
cross_scenario,k_means,1088367163,19,7.40613e7,6.1931739,SqEuclidean,closemixed,605796.853804,383,outsample,extreme4
cross_scenario,k_means,1245540782,19,7.35384e7,5.776461,SqEuclidean,closemixed,596659.216517,459,outsample,extreme4
cross_scenario,k_means,2410109332,19,6.83095e7,6.2700827,SqEuclidean,closemixed,455151.729973,287,outsample,extreme4
cross_scenario,k_means,2455416769,19,8.0349e7,5.7341124,SqEuclidean,closemixed,761818.698098,457,outsample,extreme4
cross_scenario,k_means,2591120440,19,6.4039e7,5.451541,SqEuclidean,closemixed,345209.64685,260,outsample,extreme4
cross_scenario,k_means,2650271871,19,6.31502e7,5.873139,SqEuclidean,closemixed,321860.709786,246,outsample,extreme4
cross_scenario,k_means,2789252227,19,7.74028e7,5.3879936,SqEuclidean,closemixed,691216.435196,483,outsample,extreme4
cross_scenario,k_means,3130995382,19,7.36236e7,5.7792117,SqEuclidean,closemixed,585181.196301,389,outsample,extreme4
cross_scenario,k_means,3357853995,19,6.96157e7,5.7254969,SqEuclidean,closemixed,487273.405537,345,outsample,extreme4
cross_scenario,k_means,824849990,19,6.48136e7,5.9708667,SqEuclidean,closemixed,359591.323807,271,outsample,extreme4
cross_scenario,k_means,1244389436,21,6.05026e7,5.6438286,SqEuclidean,closemixed,242328.013052,215,outsample,extreme4
cross_scenario,k_means,1393653782,21,6.2085e7,6.0850705,SqEuclidean,closemixed,280981.916411,218,outsample,extreme4
cross_scenario,k_means,1761682951,21,7.04856e7,5.4699454,SqEuclidean,closemixed,517218.957963,397,outsample,extreme4
cross_scenario,k_means,196162340,21,6.00994e7,5.8728377,SqEuclidean,closemixed,241964.411345,170,outsample,extreme4
cross_scenario,k_means,1984034111,21,7.25865e7,5.6830009,SqEuclidean,closemixed,565586.391146,444,outsample,extreme4
cross_scenario,k_means,2569047889,21,7.10814e7,6.3633529,SqEuclidean,closemixed,518058.136296,426,outsample,extreme4
cross_scenario,k_means,3286463093,21,6.64496e7,5.6862295,SqEuclidean,closemixed,406113.411561,325,outsample,extreme4
cross_scenario,k_means,4196464565,21,6.14253e7,6.1693491,SqEuclidean,closemixed,270500.454512,214,outsample,extreme4
cross_scenario,k_means,744301781,21,6.77198e7,5.8766324,SqEuclidean,closemixed,430671.159942,311,outsample,extreme4
cross_scenario,k_means,760014603,21,7.23992e7,5.8713523,SqEuclidean,closemixed,560055.265984,398,outsample,extreme4
cross_scenario,k_means,2193967569,23,6.94545e7,5.7756516,SqEuclidean,closemixed,480551.296769,332,outsample,extreme4
cross_scenario,k_means,2546464051,23,6.56453e7,5.9258564,SqEuclidean,closemixed,380632.228099,260,outsample,extreme4
cross_scenario,k_means,2938742229,23,6.12348e7,6.2070189,SqEuclidean,closemixed,266347.29055,199,outsample,extreme4
cross_scenario,k_means,313447314,23,7.09752e7,5.2140417,SqEuclidean,closemixed,517431.138372,384,outsample,extreme4
cross_scenario,k_means,3164855826,23,8.19308e7,5.9035077,SqEuclidean,closemixed,795564.877752,515,outsample,extreme4
cross_scenario,k_means,3173192974,23,6.79627e7,5.7642239,SqEuclidean,closemixed,439187.144751,347,outsample,extreme4
cross_scenario,k_means,3527549645,23,5.88773e7,6.0239752,SqEuclidean,closemixed,197131.348057,179,outsample,extreme4
cross_scenario,k_means,3913193451,23,6.29061e7,5.9803441,SqEuclidean,closemixed,309536.364291,260,outsample,extreme4
cross_scenario,k_means,714332685,23,8.00762e7,5.9657135,SqEuclidean,closemixed,757085.813692,498,outsample,extreme4
cross_scenario,k_means,890890131,23,7.14793e7,5.8243438,SqEuclidean,closemixed,534009.011236,379,outsample,extreme4
cross_scenario,k_means,1134130444,25,5.87502e7,5.811314,SqEuclidean,closemixed,203172.006964,126,outsample,extreme4
cross_scenario,k_means,2658990538,25,6.43211e7,6.3189136,SqEuclidean,closemixed,347452.678118,258,outsample,extreme4
cross_scenario,k_means,2726541456,25,6.36097e7,5.7925521,SqEuclidean,closemixed,331357.560454,236,outsample,extreme4
cross_scenario,k_means,2894918851,25,6.19006e7,5.5992869,SqEuclidean,closemixed,280304.865671,202,outsample,extreme4
cross_scenario,k_means,3351175237,25,6.20419e7,5.9462571,SqEuclidean,closemixed,286444.964563,231,outsample,extreme4
cross_scenario,k_means,343301208,25,7.00857e7,6.1236034,SqEuclidean,closemixed,503979.099378,375,outsample,extreme4
cross_scenario,k_means,4135971217,25,7.08195e7,6.3484796,SqEuclidean,closemixed,522504.034349,425,outsample,extreme4
cross_scenario,k_means,4145110716,25,5.98442e7,6.1208198,SqEuclidean,closemixed,229100.880228,166,outsample,extreme4
cross_scenario,k_means,448376330,25,7.1011e7,6.5270954,SqEuclidean,closemixed,519197.732967,361,outsample,extreme4
cross_scenario,k_means,47449323,25,5.96637e7,5.9328309,SqEuclidean,closemixed,217984.801265,195,outsample,extreme4
cross_scenario,k_means,1161276258,27,6.63028e7,6.1311223,SqEuclidean,closemixed,399029.052728,287,outsample,extreme4
cross_scenario,k_means,1233541653,27,6.47732e7,5.9918134,SqEuclidean,closemixed,356546.259574,255,outsample,extreme4
cross_scenario,k_means,1267936167,27,6.39618e7,5.5914333,SqEuclidean,closemixed,338839.184747,300,outsample,extreme4
cross_scenario,k_means,1653248667,27,6.16364e7,6.1207494,SqEuclidean,closemixed,282019.644709,196,outsample,extreme4
cross_scenario,k_means,2437521778,27,6.54382e7,5.2780921,SqEuclidean,closemixed,373868.46282,323,outsample,extreme4
cross_scenario,k_means,2524306086,27,5.99503e7,5.9631161,SqEuclidean,closemixed,233440.636529,151,outsample,extreme4
cross_scenario,k_means,2606414571,27,6.02268e7,6.0434913,SqEuclidean,closemixed,233978.350224,200,outsample,extreme4
cross_scenario,k_means,2821296471,27,6.15481e7,5.687193,SqEuclidean,closemixed,270262.78291,194,outsample,extreme4
cross_scenario,k_means,3155655383,27,5.90983e7,6.2489442,SqEuclidean,closemixed,209345.549372,155,outsample,extreme4
cross_scenario,k_means,463779685,27,6.43566e7,5.6243115,SqEuclidean,closemixed,341284.617429,260,outsample,extreme4
cross_scenario,k_means,1113698075,29,6.06203e7,6.2387618,SqEuclidean,closemixed,243839.558843,176,outsample,extreme4
cross_scenario,k_means,1125327650,29,5.7447e7,6.0207768,SqEuclidean,closemixed,153230.78563,108,outsample,extreme4
cross_scenario,k_means,1398119942,29,6.41788e7,5.9748915,SqEuclidean,closemixed,341393.732163,257,outsample,extreme4
cross_scenario,k_means,1669407957,29,5.93908e7,5.6389578,SqEuclidean,closemixed,209411.896469,192,outsample,extreme4
cross_scenario,k_means,1792506398,29,5.76455e7,6.0163991,SqEuclidean,closemixed,171098.507122,113,outsample,extreme4
cross_scenario,k_means,2439649745,29,6.3991e7,5.9393938,SqEuclidean,closemixed,337865.521341,264,outsample,extreme4
cross_scenario,k_means,2730667678,29,5.98604e7,5.6165266,SqEuclidean,closemixed,225425.396489,204,outsample,extreme4
cross_scenario,k_means,2843080965,29,5.65117e7,6.0126705,SqEuclidean,closemixed,137968.869027,98,outsample,extreme4
cross_scenario,k_means,3434031776,29,6.80539e7,5.5363922,SqEuclidean,closemixed,445962.138933,347,outsample,extreme4
cross_scenario,k_means,950202798,29,6.10761e7,5.8227447,SqEuclidean,closemixed,261677.964694,199,outsample,extreme4
cross_scenario,k_means,1349996306,31,5.50627e7,5.6507859,SqEuclidean,closemixed,91789.353628,69,outsample,extreme4
cross_scenario,k_means,1462714024,31,6.21271e7,6.484777,SqEuclidean,closemixed,279103.912985,229,outsample,extreme4
cross_scenario,k_means,1579127763,31,6.10107e7,5.9780019,SqEuclidean,closemixed,252883.33758,170,outsample,extreme4
cross_scenario,k_means,1648351254,31,6.00124e7,6.1267367,SqEuclidean,closemixed,231025.46077,199,outsample,extreme4
cross_scenario,k_means,2030289235,31,6.00337e7,5.9874971,SqEuclidean,closemixed,229617.08209,208,outsample,extreme4
cross_scenario,k_means,2462588561,31,6.02569e7,6.1548927,SqEuclidean,closemixed,230195.577806,213,outsample,extreme4
cross_scenario,k_means,2929172095,31,6.26097e7,6.2438782,SqEuclidean,closemixed,294398.051464,268,outsample,extreme4
cross_scenario,k_means,2944528308,31,5.58703e7,6.1956511,SqEuclidean,closemixed,117531.215223,93,outsample,extreme4
cross_scenario,k_means,295145311,31,7.6339e7,6.1099189,SqEuclidean,closemixed,654016.008679,477,outsample,extreme4
cross_scenario,k_means,3899371692,31,6.59343e7,6.0734548,SqEuclidean,closemixed,388393.444793,301,outsample,extreme4
cross_scenario,k_means,1038419084,33,5.99922e7,5.9994788,SqEuclidean,closemixed,228884.267474,200,outsample,extreme4
cross_scenario,k_means,1109759726,33,5.50991e7,5.8396163,SqEuclidean,closemixed,92728.029127,68,outsample,extreme4
cross_scenario,k_means,1963882461,33,7.13526e7,5.4072832,SqEuclidean,closemixed,509566.091157,376,outsample,extreme4
cross_scenario,k_means,1989163906,33,5.91237e7,5.7207788,SqEuclidean,closemixed,209009.321758,170,outsample,extreme4
cross_scenario,k_means,2479233904,33,5.9877e7,5.9213039,SqEuclidean,closemixed,226715.138761,205,outsample,extreme4
cross_scenario,k_means,2497612078,33,5.61001e7,5.9861721,SqEuclidean,closemixed,122543.398815,94,outsample,extreme4
cross_scenario,k_means,3214090957,33,6.51542e7,6.236092,SqEuclidean,closemixed,369688.52534,282,outsample,extreme4
cross_scenario,k_means,3465092140,33,5.76819e7,5.8494552,SqEuclidean,closemixed,168740.464416,133,outsample,extreme4
cross_scenario,k_means,4061834237,33,6.51974e7,5.7377893,SqEuclidean,closemixed,362475.955412,294,outsample,extreme4
cross_scenario,k_means,52313467,33,6.20335e7,5.7359994,SqEuclidean,closemixed,291486.405344,228,outsample,extreme4
cross_scenario,k_means,1208640119,35,5.85388e7,5.557788,SqEuclidean,closemixed,192396.418563,159,outsample,extreme4
cross_scenario,k_means,1428058240,35,5.97247e7,5.7177034,SqEuclidean,closemixed,225948.489273,178,outsample,extreme4
cross_scenario,k_means,15941194,35,6.17108e7,5.8475851,SqEuclidean,closemixed,271499.023601,213,outsample,extreme4
cross_scenario,k_means,2213813141,35,6.22004e7,5.8990111,SqEuclidean,closemixed,279971.752021,251,outsample,extreme4
cross_scenario,k_means,2291375163,35,5.838e7,5.9243595,SqEuclidean,closemixed,187839.453291,168,outsample,extreme4
cross_scenario,k_means,236500538,35,5.68056e7,6.1192736,SqEuclidean,closemixed,140542.050931,80,outsample,extreme4
cross_scenario,k_means,252145784,35,5.80266e7,6.0600312,SqEuclidean,closemixed,179540.63284,139,outsample,extreme4
cross_scenario,k_means,2544196106,35,6.45362e7,6.321582,SqEuclidean,closemixed,340553.85324,254,outsample,extreme4
cross_scenario,k_means,2745802022,35,5.8334e7,5.7886444,SqEuclidean,closemixed,184745.087886,144,outsample,extreme4
cross_scenario,k_means,3596893902,35,5.68733e7,5.6564349,SqEuclidean,closemixed,148053.983677,106,outsample,extreme4
cross_scenario,k_means,1380354363,37,5.72136e7,5.9674887,SqEuclidean,closemixed,159568.853814,124,outsample,extreme4
cross_scenario,k_means,3048518942,37,6.95485e7,5.9883214,SqEuclidean,closemixed,477214.064172,350,outsample,extreme4
cross_scenario,k_means,3182806193,37,6.06368e7,5.6934106,SqEuclidean,closemixed,244172.323892,230,outsample,extreme4
cross_scenario,k_means,3244629827,37,5.91197e7,5.8882887,SqEuclidean,closemixed,210809.175212,152,outsample,extreme4
cross_scenario,k_means,3452769998,37,5.90816e7,6.1021228,SqEuclidean,closemixed,209472.936759,139,outsample,extreme4
cross_scenario,k_means,4262333788,37,5.99952e7,5.3154381,SqEuclidean,closemixed,224936.077848,222,outsample,extreme4
cross_scenario,k_means,45994245,37,5.61579e7,6.403457,SqEuclidean,closemixed,119917.897709,75,outsample,extreme4
cross_scenario,k_means,67569244,37,6.40091e7,5.6525775,SqEuclidean,closemixed,344167.608833,259,outsample,extreme4
cross_scenario,k_means,814300562,37,5.6919e7,5.6035868,SqEuclidean,closemixed,145630.516397,123,outsample,extreme4
cross_scenario,k_means,870981686,37,5.57266e7,5.8323595,SqEuclidean,closemixed,111200.837072,89,outsample,extreme4
cross_scenario,k_means,1129760376,39,5.98503e7,6.1533358,SqEuclidean,closemixed,228247.430846,181,outsample,extreme4
cross_scenario,k_means,148104383,39,5.84976e7,5.9738978,SqEuclidean,closemixed,184351.475913,187,outsample,extreme4
cross_scenario,k_means,1655289285,39,5.73855e7,5.5385375,SqEuclidean,closemixed,161830.088775,131,outsample,extreme4
cross_scenario,k_means,1845695973,39,5.74624e7,5.6546615,SqEuclidean,closemixed,159058.079751,139,outsample,extreme4
cross_scenario,k_means,2121257682,39,6.36197e7,5.4053654,SqEuclidean,closemixed,326150.786991,257,outsample,extreme4
cross_scenario,k_means,2943233938,39,5.96774e7,5.8774527,SqEuclidean,closemixed,217661.530713,206,outsample,extreme4
cross_scenario,k_means,3030918353,39,5.8462e7,5.818093,SqEuclidean,closemixed,186455.410193,162,outsample,extreme4
cross_scenario,k_means,3096268031,39,5.89037e7,6.0356828,SqEuclidean,closemixed,201520.73991,160,outsample,extreme4
cross_scenario,k_means,3338611973,39,6.42589e7,5.724523,SqEuclidean,closemixed,336536.329814,262,outsample,extreme4
cross_scenario,k_means,662283236,39,7.22481e7,5.5098442,SqEuclidean,closemixed,542083.351628,354,outsample,extreme4
cross_scenario,k_means,1005104349,41,6.1723e7,5.8424558,SqEuclidean,closemixed,269759.681193,226,outsample,extreme4
cross_scenario,k_means,1534696584,41,5.78033e7,5.389613,SqEuclidean,closemixed,169983.379667,153,outsample,extreme4
cross_scenario,k_means,225016911,41,5.53681e7,5.5799878,SqEuclidean,closemixed,90475.656027,77,outsample,extreme4
cross_scenario,k_means,2317592996,41,5.75426e7,5.8597552,SqEuclidean,closemixed,159514.304092,129,outsample,extreme4
cross_scenario,k_means,2716090479,41,5.65279e7,5.3815044,SqEuclidean,closemixed,135558.617431,105,outsample,extreme4
cross_scenario,k_means,3258958499,41,6.67797e7,5.4331912,SqEuclidean,closemixed,395017.479015,323,outsample,extreme4
cross_scenario,k_means,329433595,41,5.88284e7,6.1426922,SqEuclidean,closemixed,198552.473381,140,outsample,extreme4
cross_scenario,k_means,3444774395,41,5.81799e7,6.1815192,SqEuclidean,closemixed,179507.255302,161,outsample,extreme4
cross_scenario,k_means,438234340,41,5.88085e7,5.8220986,SqEuclidean,closemixed,202086.728215,137,outsample,extreme4
cross_scenario,k_means,953901905,41,5.67059e7,5.972119,SqEuclidean,closemixed,138116.644203,130,outsample,extreme4
cross_scenario,k_means,1660595499,5,9.35258e7,6.4382263,SqEuclidean,closemixed,1.111037892097e6,636,outsample,extreme4
cross_scenario,k_means,1714105051,5,9.50582e7,5.9263656,SqEuclidean,closemixed,1.150461429367e6,661,outsample,extreme4
cross_scenario,k_means,2169593505,5,9.34835e7,5.9034505,SqEuclidean,closemixed,1.109847574306e6,652,outsample,extreme4
cross_scenario,k_means,2538991366,5,8.20016e7,5.8584396,SqEuclidean,closemixed,813178.623127,514,outsample,extreme4
cross_scenario,k_means,2909674750,5,9.37523e7,6.4957558,SqEuclidean,closemixed,1.116905449956e6,643,outsample,extreme4
cross_scenario,k_means,3018546641,5,8.61747e7,6.1354799,SqEuclidean,closemixed,922072.600399,540,outsample,extreme4
cross_scenario,k_means,3634057553,5,9.4377e7,6.1842141,SqEuclidean,closemixed,1.13280458213e6,639,outsample,extreme4
cross_scenario,k_means,4139823947,5,9.23473e7,5.7874428,SqEuclidean,closemixed,1.07905073203e6,549,outsample,extreme4
cross_scenario,k_means,4197766176,5,8.76248e7,5.8809921,SqEuclidean,closemixed,959879.728932,606,outsample,extreme4
cross_scenario,k_means,5947179,5,9.0761e7,5.9929663,SqEuclidean,closemixed,1.037808042842e6,602,outsample,extreme4
cross_scenario,k_means,1006581332,7,9.46411e7,6.3133197,SqEuclidean,closemixed,1.140237902206e6,644,outsample,extreme4
cross_scenario,k_means,1176932870,7,7.93694e7,6.6807085,SqEuclidean,closemixed,745744.216958,482,outsample,extreme4
cross_scenario,k_means,1821427372,7,8.63819e7,5.9994151,SqEuclidean,closemixed,927609.352139,559,outsample,extreme4
cross_scenario,k_means,2689963385,7,9.25646e7,5.8925801,SqEuclidean,closemixed,1.082857186895e6,637,outsample,extreme4
cross_scenario,k_means,2751971336,7,9.35925e7,6.0401262,SqEuclidean,closemixed,1.10748827033e6,623,outsample,extreme4
cross_scenario,k_means,3385142830,7,9.43099e7,5.9109383,SqEuclidean,closemixed,1.131817816292e6,644,outsample,extreme4
cross_scenario,k_means,3409620994,7,9.55978e7,5.6413183,SqEuclidean,closemixed,1.164546475366e6,657,outsample,extreme4
cross_scenario,k_means,447101461,7,9.44059e7,5.8169426,SqEuclidean,closemixed,1.133091292206e6,647,outsample,extreme4
cross_scenario,k_means,468006976,7,7.52239e7,6.3794754,SqEuclidean,closemixed,637658.307123,399,outsample,extreme4
cross_scenario,k_means,880982686,7,7.82084e7,6.0684755,SqEuclidean,closemixed,709777.568154,432,outsample,extreme4
cross_scenario,k_means,1130292821,9,6.52811e7,5.888012,SqEuclidean,closemixed,374168.79849,280,outsample,extreme4
cross_scenario,k_means,1392296365,9,8.51008e7,5.9158657,SqEuclidean,closemixed,887021.166774,555,outsample,extreme4
cross_scenario,k_means,2814468992,9,9.29988e7,5.9547114,SqEuclidean,closemixed,1.095858552996e6,616,outsample,extreme4
cross_scenario,k_means,3044209910,9,7.15519e7,6.1578186,SqEuclidean,closemixed,541560.141907,408,outsample,extreme4
cross_scenario,k_means,3261319673,9,7.08892e7,6.3462212,SqEuclidean,closemixed,525869.763645,358,outsample,extreme4
cross_scenario,k_means,3543870990,9,8.58596e7,6.0981426,SqEuclidean,closemixed,913882.127498,545,outsample,extreme4
cross_scenario,k_means,3602499071,9,7.47019e7,6.2912146,SqEuclidean,closemixed,621759.130694,380,outsample,extreme4
cross_scenario,k_means,3926221275,9,9.37468e7,5.9427732,SqEuclidean,closemixed,1.109308570222e6,618,outsample,extreme4
cross_scenario,k_means,42413356,9,6.72309e7,6.7636942,SqEuclidean,closemixed,429599.750038,284,outsample,extreme4
cross_scenario,k_means,697383862,9,9.12358e7,5.9262263,SqEuclidean,closemixed,1.051497993284e6,589,outsample,extreme4
cross_scenario,convex_hull,0,11,5.7629e7,5.6826561,CosineDist,closemixed,0.0,0,outsample,extreme1
cross_scenario,convex_hull,0,13,5.76062e7,5.0105283,CosineDist,closemixed,0.0,0,outsample,extreme1
cross_scenario,convex_hull,0,15,5.72839e7,5.7626929,CosineDist,closemixed,0.0,0,outsample,extreme1
cross_scenario,convex_hull,0,17,5.72804e7,5.298707,CosineDist,closemixed,0.0,0,outsample,extreme1
cross_scenario,convex_hull,0,19,5.72445e7,5.6463746,CosineDist,closemixed,0.0,0,outsample,extreme1
cross_scenario,convex_hull,0,21,5.72365e7,5.8477772,CosineDist,closemixed,0.0,0,outsample,extreme1
cross_scenario,convex_hull,0,23,5.72387e7,5.4647176,CosineDist,closemixed,0.0,0,outsample,extreme1
cross_scenario,convex_hull,0,25,5.71675e7,5.2064142,CosineDist,closemixed,0.0,0,outsample,extreme1
cross_scenario,convex_hull,0,27,5.71574e7,5.4528565,CosineDist,closemixed,0.0,0,outsample,extreme1
cross_scenario,convex_hull,0,29,5.71313e7,5.316952,CosineDist,closemixed,0.0,0,outsample,extreme1
cross_scenario,convex_hull,0,3,6.10326e7,4.9673128,CosineDist,closemixed,793.795866,5,outsample,extreme1
cross_scenario,convex_hull,0,31,5.70222e7,5.4942074,CosineDist,closemixed,0.0,0,outsample,extreme1
cross_scenario,convex_hull,0,33,5.69675e7,5.5043716,CosineDist,closemixed,0.0,0,outsample,extreme1
cross_scenario,convex_hull,0,35,5.69713e7,5.1045842,CosineDist,closemixed,0.0,0,outsample,extreme1
cross_scenario,convex_hull,0,37,5.6974e7,5.9979711,CosineDist,closemixed,0.0,0,outsample,extreme1
cross_scenario,convex_hull,0,39,5.66469e7,5.6205013,CosineDist,closemixed,2125.708119,2,outsample,extreme1
cross_scenario,convex_hull,0,41,5.63924e7,5.8429669,CosineDist,closemixed,4105.826979,4,outsample,extreme1
cross_scenario,convex_hull,0,5,5.88254e7,5.3700164,CosineDist,closemixed,847.177516,3,outsample,extreme1
cross_scenario,convex_hull,0,7,5.81962e7,5.4381928,CosineDist,closemixed,0.0,0,outsample,extreme1
cross_scenario,convex_hull,0,9,5.77302e7,5.4557408,CosineDist,closemixed,0.0,0,outsample,extreme1
cross_scenario,convex_hull,0,11,5.76644e7,5.1295375,SqEuclidean,closemixed,0.0,0,outsample,extreme1
cross_scenario,convex_hull,0,13,5.75972e7,5.6267971,SqEuclidean,closemixed,0.0,0,outsample,extreme1
cross_scenario,convex_hull,0,15,5.72876e7,5.5886257,SqEuclidean,closemixed,0.0,0,outsample,extreme1
cross_scenario,convex_hull,0,17,5.72747e7,5.7022808,SqEuclidean,closemixed,0.0,0,outsample,extreme1
cross_scenario,convex_hull,0,19,5.72607e7,5.245328,SqEuclidean,closemixed,0.0,0,outsample,extreme1
cross_scenario,convex_hull,0,21,5.72402e7,5.6183526,SqEuclidean,closemixed,0.0,0,outsample,extreme1
cross_scenario,convex_hull,0,23,5.72392e7,5.5339567,SqEuclidean,closemixed,0.0,0,outsample,extreme1
cross_scenario,convex_hull,0,25,5.71407e7,6.1481461,SqEuclidean,closemixed,0.0,0,outsample,extreme1
cross_scenario,convex_hull,0,27,5.71336e7,6.0572344,SqEuclidean,closemixed,0.0,0,outsample,extreme1
cross_scenario,convex_hull,0,29,5.71531e7,5.6211376,SqEuclidean,closemixed,0.0,0,outsample,extreme1
cross_scenario,convex_hull,0,3,6.09301e7,4.8291756,SqEuclidean,closemixed,0.0,0,outsample,extreme1
cross_scenario,convex_hull,0,31,5.70235e7,5.9430149,SqEuclidean,closemixed,0.0,0,outsample,extreme1
cross_scenario,convex_hull,0,33,5.70281e7,5.7520363,SqEuclidean,closemixed,0.0,0,outsample,extreme1
cross_scenario,convex_hull,0,35,5.72149e7,5.5188261,SqEuclidean,closemixed,0.0,0,outsample,extreme1
cross_scenario,convex_hull,0,37,5.72142e7,5.4867008,SqEuclidean,closemixed,0.0,0,outsample,extreme1
cross_scenario,convex_hull,0,39,5.69299e7,5.536681,SqEuclidean,closemixed,1780.042449,2,outsample,extreme1
cross_scenario,convex_hull,0,41,5.6628e7,5.7286213,SqEuclidean,closemixed,4105.826979,4,outsample,extreme1
cross_scenario,convex_hull,0,5,5.88881e7,5.501201,SqEuclidean,closemixed,847.177516,3,outsample,extreme1
cross_scenario,convex_hull,0,7,5.80551e7,5.2425018,SqEuclidean,closemixed,0.0,0,outsample,extreme1
cross_scenario,convex_hull,0,9,5.77417e7,5.8480804,SqEuclidean,closemixed,0.0,0,outsample,extreme1
cross_scenario,k_medoids,1355586937,11,5.76594e7,5.5534387,CosineDist,closemixed,0.0,0,outsample,extreme1
cross_scenario,k_medoids,1768760743,11,5.76336e7,5.5816274,CosineDist,closemixed,0.0,0,outsample,extreme1
cross_scenario,k_medoids,2652796558,11,5.76462e7,5.059297,CosineDist,closemixed,0.0,0,outsample,extreme1
cross_scenario,k_medoids,3000698040,11,5.7649e7,5.172668,CosineDist,closemixed,0.0,0,outsample,extreme1
cross_scenario,k_medoids,3160233726,11,5.76371e7,5.2150961,CosineDist,closemixed,0.0,0,outsample,extreme1
cross_scenario,k_medoids,3479820580,11,5.76382e7,5.7733596,CosineDist,closemixed,0.0,0,outsample,extreme1
cross_scenario,k_medoids,3649546841,11,5.76526e7,5.1326448,CosineDist,closemixed,0.0,0,outsample,extreme1
cross_scenario,k_medoids,4031091536,11,5.76551e7,5.9409553,CosineDist,closemixed,0.0,0,outsample,extreme1
cross_scenario,k_medoids,675182737,11,5.76403e7,5.8167794,CosineDist,closemixed,0.0,0,outsample,extreme1
cross_scenario,k_medoids,722170199,11,5.76483e7,5.8702739,CosineDist,closemixed,0.0,0,outsample,extreme1
cross_scenario,k_medoids,1020330993,13,5.76161e7,5.5722498,CosineDist,closemixed,0.0,0,outsample,extreme1
cross_scenario,k_medoids,1241334511,13,5.75909e7,5.5356724,CosineDist,closemixed,0.0,0,outsample,extreme1
cross_scenario,k_medoids,1561739573,13,5.75893e7,5.3428634,CosineDist,closemixed,0.0,0,outsample,extreme1
cross_scenario,k_medoids,2082789969,13,5.75895e7,5.3096026,CosineDist,closemixed,0.0,0,outsample,extreme1
cross_scenario,k_medoids,2422820678,13,5.7594e7,5.1426534,CosineDist,closemixed,0.0,0,outsample,extreme1
cross_scenario,k_medoids,373102896,13,5.76028e7,5.0227689,CosineDist,closemixed,0.0,0,outsample,extreme1
cross_scenario,k_medoids,3777256655,13,5.75961e7,5.7774588,CosineDist,closemixed,0.0,0,outsample,extreme1
cross_scenario,k_medoids,4101453586,13,5.76301e7,5.2839058,CosineDist,closemixed,0.0,0,outsample,extreme1
cross_scenario,k_medoids,419645993,13,5.75886e7,5.3748383,CosineDist,closemixed,0.0,0,outsample,extreme1
cross_scenario,k_medoids,772616242,13,5.75899e7,5.2036389,CosineDist,closemixed,0.0,0,outsample,extreme1
cross_scenario,k_medoids,1536731824,15,5.72897e7,5.4339838,CosineDist,closemixed,0.0,0,outsample,extreme1
cross_scenario,k_medoids,1944031661,15,5.72856e7,5.2197768,CosineDist,closemixed,0.0,0,outsample,extreme1
cross_scenario,k_medoids,195370354,15,5.72886e7,5.4494466,CosineDist,closemixed,0.0,0,outsample,extreme1
cross_scenario,k_medoids,2392820273,15,5.7295e7,5.5610359,CosineDist,closemixed,0.0,0,outsample,extreme1
cross_scenario,k_medoids,2931326369,15,5.72895e7,5.3005464,CosineDist,closemixed,0.0,0,outsample,extreme1
cross_scenario,k_medoids,3012361418,15,5.72988e7,5.0621536,CosineDist,closemixed,0.0,0,outsample,extreme1
cross_scenario,k_medoids,3763622817,15,5.72826e7,5.0528509,CosineDist,closemixed,0.0,0,outsample,extreme1
cross_scenario,k_medoids,3796973136,15,5.72902e7,5.6448917,CosineDist,closemixed,0.0,0,outsample,extreme1
cross_scenario,k_medoids,3815196410,15,5.72934e7,4.9506691,CosineDist,closemixed,0.0,0,outsample,extreme1
cross_scenario,k_medoids,604489562,15,5.72968e7,5.7410032,CosineDist,closemixed,0.0,0,outsample,extreme1
cross_scenario,k_medoids,1587347134,17,5.72773e7,5.5591198,CosineDist,closemixed,0.0,0,outsample,extreme1
cross_scenario,k_medoids,186564236,17,5.72762e7,4.885976,CosineDist,closemixed,0.0,0,outsample,extreme1
cross_scenario,k_medoids,2166881926,17,5.72809e7,5.5568603,CosineDist,closemixed,0.0,0,outsample,extreme1
cross_scenario,k_medoids,2186186592,17,5.7274e7,5.2478231,CosineDist,closemixed,0.0,0,outsample,extreme1
cross_scenario,k_medoids,2238747886,17,5.72813e7,5.2736019,CosineDist,closemixed,0.0,0,outsample,extreme1
cross_scenario,k_medoids,224585247,17,5.72649e7,5.144284,CosineDist,closemixed,0.0,0,outsample,extreme1
cross_scenario,k_medoids,2339120676,17,5.72778e7,5.3973092,CosineDist,closemixed,0.0,0,outsample,extreme1
cross_scenario,k_medoids,3093014142,17,5.7272e7,5.2680975,CosineDist,closemixed,0.0,0,outsample,extreme1
cross_scenario,k_medoids,3258302586,17,5.72802e7,5.3163705,CosineDist,closemixed,0.0,0,outsample,extreme1
cross_scenario,k_medoids,3629043986,17,5.7282e7,5.7150415,CosineDist,closemixed,0.0,0,outsample,extreme1
cross_scenario,k_medoids,1088367163,19,5.72744e7,5.5710458,CosineDist,closemixed,0.0,0,outsample,extreme1
cross_scenario,k_medoids,1245540782,19,5.72737e7,5.3388589,CosineDist,closemixed,0.0,0,outsample,extreme1
cross_scenario,k_medoids,2410109332,19,5.72674e7,5.3592407,CosineDist,closemixed,0.0,0,outsample,extreme1
cross_scenario,k_medoids,2455416769,19,5.72628e7,5.259586,CosineDist,closemixed,0.0,0,outsample,extreme1
cross_scenario,k_medoids,2591120440,19,5.72494e7,5.6094474,CosineDist,closemixed,0.0,0,outsample,extreme1
cross_scenario,k_medoids,2650271871,19,5.72712e7,5.001069,CosineDist,closemixed,0.0,0,outsample,extreme1
cross_scenario,k_medoids,2789252227,19,5.72561e7,5.7710832,CosineDist,closemixed,0.0,0,outsample,extreme1
cross_scenario,k_medoids,3130995382,19,5.72649e7,5.6523242,CosineDist,closemixed,0.0,0,outsample,extreme1
cross_scenario,k_medoids,3357853995,19,5.72597e7,5.1388263,CosineDist,closemixed,0.0,0,outsample,extreme1
cross_scenario,k_medoids,824849990,19,5.72518e7,5.1078503,CosineDist,closemixed,0.0,0,outsample,extreme1
cross_scenario,k_medoids,1244389436,21,5.72468e7,5.5500145,CosineDist,closemixed,0.0,0,outsample,extreme1
cross_scenario,k_medoids,1393653782,21,5.72546e7,5.8844169,CosineDist,closemixed,0.0,0,outsample,extreme1
cross_scenario,k_medoids,1761682951,21,5.72377e7,5.4117377,CosineDist,closemixed,0.0,0,outsample,extreme1
cross_scenario,k_medoids,196162340,21,5.72703e7,4.9930602,CosineDist,closemixed,0.0,0,outsample,extreme1
cross_scenario,k_medoids,1984034111,21,5.72523e7,5.2406163,CosineDist,closemixed,0.0,0,outsample,extreme1
cross_scenario,k_medoids,2569047889,21,5.72625e7,5.0840708,CosineDist,closemixed,0.0,0,outsample,extreme1
cross_scenario,k_medoids,3286463093,21,5.72613e7,5.3166831,CosineDist,closemixed,0.0,0,outsample,extreme1
cross_scenario,k_medoids,4196464565,21,5.72593e7,5.3401331,CosineDist,closemixed,0.0,0,outsample,extreme1
cross_scenario,k_medoids,744301781,21,5.72557e7,5.3943122,CosineDist,closemixed,0.0,0,outsample,extreme1
cross_scenario,k_medoids,760014603,21,5.72498e7,5.5157745,CosineDist,closemixed,0.0,0,outsample,extreme1
cross_scenario,k_medoids,2193967569,23,5.72463e7,5.7905941,CosineDist,closemixed,0.0,0,outsample,extreme1
cross_scenario,k_medoids,2546464051,23,5.7229e7,5.4808086,CosineDist,closemixed,0.0,0,outsample,extreme1
cross_scenario,k_medoids,2938742229,23,5.72367e7,5.143574,CosineDist,closemixed,0.0,0,outsample,extreme1
cross_scenario,k_medoids,313447314,23,5.7248e7,5.1590737,CosineDist,closemixed,0.0,0,outsample,extreme1
cross_scenario,k_medoids,3164855826,23,5.72359e7,5.2095377,CosineDist,closemixed,0.0,0,outsample,extreme1
cross_scenario,k_medoids,3173192974,23,5.72359e7,5.6866475,CosineDist,closemixed,0.0,0,outsample,extreme1
cross_scenario,k_medoids,3527549645,23,5.72377e7,5.3806622,CosineDist,closemixed,0.0,0,outsample,extreme1
cross_scenario,k_medoids,3913193451,23,5.72396e7,5.3473444,CosineDist,closemixed,0.0,0,outsample,extreme1
cross_scenario,k_medoids,714332685,23,5.72317e7,5.3912745,CosineDist,closemixed,0.0,0,outsample,extreme1
cross_scenario,k_medoids,890890131,23,5.72512e7,5.1084877,CosineDist,closemixed,0.0,0,outsample,extreme1
cross_scenario,k_medoids,1134130444,25,5.7125e7,5.3831285,CosineDist,closemixed,0.0,0,outsample,extreme1
cross_scenario,k_medoids,2658990538,25,5.71407e7,5.6822904,CosineDist,closemixed,0.0,0,outsample,extreme1
cross_scenario,k_medoids,2726541456,25,5.71085e7,5.5976675,CosineDist,closemixed,0.0,0,outsample,extreme1
cross_scenario,k_medoids,2894918851,25,5.71159e7,5.3865004,CosineDist,closemixed,0.0,0,outsample,extreme1
cross_scenario,k_medoids,3351175237,25,5.71218e7,5.7047848,CosineDist,closemixed,0.0,0,outsample,extreme1
cross_scenario,k_medoids,343301208,25,5.71192e7,5.3527425,CosineDist,closemixed,0.0,0,outsample,extreme1
cross_scenario,k_medoids,4135971217,25,5.71257e7,5.793266,CosineDist,closemixed,0.0,0,outsample,extreme1
cross_scenario,k_medoids,4145110716,25,5.71161e7,5.7600888,CosineDist,closemixed,0.0,0,outsample,extreme1
cross_scenario,k_medoids,448376330,25,5.71253e7,5.7853883,CosineDist,closemixed,0.0,0,outsample,extreme1
cross_scenario,k_medoids,47449323,25,5.71462e7,5.9142965,CosineDist,closemixed,0.0,0,outsample,extreme1
cross_scenario,k_medoids,1161276258,27,5.71058e7,5.6894282,CosineDist,closemixed,0.0,0,outsample,extreme1
cross_scenario,k_medoids,1233541653,27,5.71266e7,5.315638,CosineDist,closemixed,0.0,0,outsample,extreme1
cross_scenario,k_medoids,1267936167,27,5.71122e7,5.0494442,CosineDist,closemixed,0.0,0,outsample,extreme1
cross_scenario,k_medoids,1653248667,27,5.71283e7,5.7189542,CosineDist,closemixed,0.0,0,outsample,extreme1
cross_scenario,k_medoids,2437521778,27,5.71294e7,6.2017499,CosineDist,closemixed,0.0,0,outsample,extreme1
cross_scenario,k_medoids,2524306086,27,5.71113e7,5.5877781,CosineDist,closemixed,0.0,0,outsample,extreme1
cross_scenario,k_medoids,2606414571,27,5.71204e7,5.4350421,CosineDist,closemixed,0.0,0,outsample,extreme1
cross_scenario,k_medoids,2821296471,27,5.71204e7,5.2579817,CosineDist,closemixed,0.0,0,outsample,extreme1
cross_scenario,k_medoids,3155655383,27,5.71315e7,5.4063671,CosineDist,closemixed,0.0,0,outsample,extreme1
cross_scenario,k_medoids,463779685,27,5.71077e7,5.4270019,CosineDist,closemixed,0.0,0,outsample,extreme1
cross_scenario,k_medoids,1113698075,29,5.71247e7,5.4418103,CosineDist,closemixed,0.0,0,outsample,extreme1
cross_scenario,k_medoids,1125327650,29,5.70769e7,5.3974633,CosineDist,closemixed,0.0,0,outsample,extreme1
cross_scenario,k_medoids,1398119942,29,5.7099e7,5.5923746,CosineDist,closemixed,0.0,0,outsample,extreme1
cross_scenario,k_medoids,1669407957,29,5.71118e7,5.402543,CosineDist,closemixed,0.0,0,outsample,extreme1
cross_scenario,k_medoids,1792506398,29,5.70699e7,5.4151607,CosineDist,closemixed,0.0,0,outsample,extreme1
cross_scenario,k_medoids,2439649745,29,5.70818e7,5.4175613,CosineDist,closemixed,0.0,0,outsample,extreme1
cross_scenario,k_medoids,2730667678,29,5.71072e7,5.3627053,CosineDist,closemixed,0.0,0,outsample,extreme1
cross_scenario,k_medoids,2843080965,29,5.71012e7,5.5355384,CosineDist,closemixed,0.0,0,outsample,extreme1
cross_scenario,k_medoids,3434031776,29,5.71081e7,5.7454522,CosineDist,closemixed,0.0,0,outsample,extreme1
cross_scenario,k_medoids,950202798,29,5.70841e7,5.7156473,CosineDist,closemixed,0.0,0,outsample,extreme1
cross_scenario,k_medoids,1042382051,3,5.96008e7,4.3413032,CosineDist,closemixed,1727.610179,9,outsample,extreme1
cross_scenario,k_medoids,1617230705,3,6.0693e7,5.090968,CosineDist,closemixed,824.948463,3,outsample,extreme1
cross_scenario,k_medoids,1690918982,3,6.10099e7,4.861305,CosineDist,closemixed,1741.496269,9,outsample,extreme1
cross_scenario,k_medoids,2011904635,3,5.96252e7,4.5854422,CosineDist,closemixed,1719.663859,9,outsample,extreme1
cross_scenario,k_medoids,208019063,3,6.0693e7,4.839262,CosineDist,closemixed,824.948463,3,outsample,extreme1
cross_scenario,k_medoids,2175589206,3,6.10099e7,4.8119143,CosineDist,closemixed,1741.496269,9,outsample,extreme1
cross_scenario,k_medoids,2331872192,3,6.0693e7,4.7927748,CosineDist,closemixed,824.948463,3,outsample,extreme1
cross_scenario,k_medoids,2859914000,3,6.06937e7,5.5037902,CosineDist,closemixed,824.948463,3,outsample,extreme1
cross_scenario,k_medoids,3409952330,3,6.06937e7,5.1264996,CosineDist,closemixed,824.948463,3,outsample,extreme1
cross_scenario,k_medoids,488813374,3,6.06937e7,5.5437734,CosineDist,closemixed,824.948463,3,outsample,extreme1
cross_scenario,k_medoids,1349996306,31,5.69692e7,5.8411114,CosineDist,closemixed,0.0,0,outsample,extreme1
cross_scenario,k_medoids,1462714024,31,5.69824e7,6.1830096,CosineDist,closemixed,0.0,0,outsample,extreme1
cross_scenario,k_medoids,1579127763,31,5.69946e7,5.9195528,CosineDist,closemixed,0.0,0,outsample,extreme1
cross_scenario,k_medoids,1648351254,31,5.6979e7,5.9373963,CosineDist,closemixed,0.0,0,outsample,extreme1
cross_scenario,k_medoids,2030289235,31,5.69884e7,5.2236376,CosineDist,closemixed,0.0,0,outsample,extreme1
cross_scenario,k_medoids,2462588561,31,5.70051e7,5.2162322,CosineDist,closemixed,0.0,0,outsample,extreme1
cross_scenario,k_medoids,2929172095,31,5.69763e7,5.6190622,CosineDist,closemixed,0.0,0,outsample,extreme1
cross_scenario,k_medoids,2944528308,31,5.69815e7,5.8644239,CosineDist,closemixed,0.0,0,outsample,extreme1
cross_scenario,k_medoids,295145311,31,5.70092e7,5.6450309,CosineDist,closemixed,0.0,0,outsample,extreme1
cross_scenario,k_medoids,3899371692,31,5.69796e7,5.230189,CosineDist,closemixed,0.0,0,outsample,extreme1
cross_scenario,k_medoids,1038419084,33,5.69879e7,5.6299994,CosineDist,closemixed,0.0,0,outsample,extreme1
cross_scenario,k_medoids,1109759726,33,5.6973e7,5.945491,CosineDist,closemixed,0.0,0,outsample,extreme1
cross_scenario,k_medoids,1963882461,33,5.70046e7,5.3891516,CosineDist,closemixed,0.0,0,outsample,extreme1
cross_scenario,k_medoids,1989163906,33,5.69762e7,5.4917223,CosineDist,closemixed,0.0,0,outsample,extreme1
cross_scenario,k_medoids,2479233904,33,5.69856e7,5.4862805,CosineDist,closemixed,0.0,0,outsample,extreme1
cross_scenario,k_medoids,2497612078,33,5.69817e7,5.7264277,CosineDist,closemixed,0.0,0,outsample,extreme1
cross_scenario,k_medoids,3214090957,33,5.697e7,5.5539205,CosineDist,closemixed,0.0,0,outsample,extreme1
cross_scenario,k_medoids,3465092140,33,5.6974e7,5.5192501,CosineDist,closemixed,0.0,0,outsample,extreme1
cross_scenario,k_medoids,4061834237,33,5.69798e7,5.2880633,CosineDist,closemixed,0.0,0,outsample,extreme1
cross_scenario,k_medoids,52313467,33,5.69683e7,5.8338771,CosineDist,closemixed,0.0,0,outsample,extreme1
cross_scenario,k_medoids,1208640119,35,5.69701e7,5.5429638,CosineDist,closemixed,0.0,0,outsample,extreme1
cross_scenario,k_medoids,1428058240,35,5.69705e7,6.0083763,CosineDist,closemixed,0.0,0,outsample,extreme1
cross_scenario,k_medoids,15941194,35,5.69821e7,5.8089169,CosineDist,closemixed,0.0,0,outsample,extreme1
cross_scenario,k_medoids,2213813141,35,5.69814e7,5.7957437,CosineDist,closemixed,0.0,0,outsample,extreme1
cross_scenario,k_medoids,2291375163,35,5.69745e7,5.7757915,CosineDist,closemixed,0.0,0,outsample,extreme1
cross_scenario,k_medoids,236500538,35,5.69738e7,5.9388967,CosineDist,closemixed,0.0,0,outsample,extreme1
cross_scenario,k_medoids,252145784,35,5.6969e7,5.6945968,CosineDist,closemixed,0.0,0,outsample,extreme1
cross_scenario,k_medoids,2544196106,35,5.69619e7,5.565144,CosineDist,closemixed,0.0,0,outsample,extreme1
cross_scenario,k_medoids,2745802022,35,5.69624e7,5.4140998,CosineDist,closemixed,0.0,0,outsample,extreme1
cross_scenario,k_medoids,3596893902,35,5.69742e7,5.5424287,CosineDist,closemixed,0.0,0,outsample,extreme1
cross_scenario,k_medoids,1380354363,37,5.69462e7,5.6773631,CosineDist,closemixed,13.251612,1,outsample,extreme1
cross_scenario,k_medoids,3048518942,37,5.69624e7,5.8142605,CosineDist,closemixed,0.0,0,outsample,extreme1
cross_scenario,k_medoids,3182806193,37,5.69719e7,5.4744249,CosineDist,closemixed,0.0,0,outsample,extreme1
cross_scenario,k_medoids,3244629827,37,5.69645e7,5.7498243,CosineDist,closemixed,0.0,0,outsample,extreme1
cross_scenario,k_medoids,3452769998,37,5.69703e7,5.8510861,CosineDist,closemixed,0.0,0,outsample,extreme1
cross_scenario,k_medoids,4262333788,37,5.69733e7,6.1306102,CosineDist,closemixed,0.0,0,outsample,extreme1
cross_scenario,k_medoids,45994245,37,5.69763e7,5.7448792,CosineDist,closemixed,0.0,0,outsample,extreme1
cross_scenario,k_medoids,67569244,37,5.69773e7,6.0131818,CosineDist,closemixed,0.0,0,outsample,extreme1
cross_scenario,k_medoids,814300562,37,5.69668e7,6.0484265,CosineDist,closemixed,0.0,0,outsample,extreme1
cross_scenario,k_medoids,870981686,37,5.6973e7,5.8250384,CosineDist,closemixed,0.0,0,outsample,extreme1
cross_scenario,k_medoids,1129760376,39,5.66618e7,5.3785472,CosineDist,closemixed,2125.708119,2,outsample,extreme1
cross_scenario,k_medoids,148104383,39,5.66602e7,5.2452889,CosineDist,closemixed,2125.708119,2,outsample,extreme1
cross_scenario,k_medoids,1655289285,39,5.66667e7,5.1453042,CosineDist,closemixed,2125.708119,2,outsample,extreme1
cross_scenario,k_medoids,1845695973,39,5.66703e7,5.6461535,CosineDist,closemixed,2125.708119,2,outsample,extreme1
cross_scenario,k_medoids,2121257682,39,5.66545e7,5.3682772,CosineDist,closemixed,2125.708119,2,outsample,extreme1
cross_scenario,k_medoids,2943233938,39,5.66628e7,5.4637928,CosineDist,closemixed,2125.708119,2,outsample,extreme1
cross_scenario,k_medoids,3030918353,39,5.66551e7,6.1888776,CosineDist,closemixed,2125.708119,2,outsample,extreme1
cross_scenario,k_medoids,3096268031,39,5.66626e7,5.9709977,CosineDist,closemixed,2125.708119,2,outsample,extreme1
cross_scenario,k_medoids,3338611973,39,5.66613e7,5.2965586,CosineDist,closemixed,2125.708119,2,outsample,extreme1
cross_scenario,k_medoids,662283236,39,5.66828e7,5.2119974,CosineDist,closemixed,2125.708119,2,outsample,extreme1
cross_scenario,k_medoids,1005104349,41,5.64022e7,5.28769,CosineDist,closemixed,4105.826979,4,outsample,extreme1
cross_scenario,k_medoids,1534696584,41,5.63997e7,5.6162759,CosineDist,closemixed,4105.826979,4,outsample,extreme1
cross_scenario,k_medoids,225016911,41,5.63961e7,5.6336044,CosineDist,closemixed,4105.826979,4,outsample,extreme1
cross_scenario,k_medoids,2317592996,41,5.63941e7,5.2627492,CosineDist,closemixed,4105.826979,4,outsample,extreme1
cross_scenario,k_medoids,2716090479,41,5.63984e7,5.4240686,CosineDist,closemixed,4105.826979,4,outsample,extreme1
cross_scenario,k_medoids,3258958499,41,5.64009e7,5.3632329,CosineDist,closemixed,4105.826979,4,outsample,extreme1
cross_scenario,k_medoids,329433595,41,5.6414e7,5.2726318,CosineDist,closemixed,4105.826979,4,outsample,extreme1
cross_scenario,k_medoids,3444774395,41,5.63991e7,5.9631885,CosineDist,closemixed,4105.826979,4,outsample,extreme1
cross_scenario,k_medoids,438234340,41,5.64014e7,5.429446,CosineDist,closemixed,4105.826979,4,outsample,extreme1
cross_scenario,k_medoids,953901905,41,5.64177e7,5.0206073,CosineDist,closemixed,4105.826979,4,outsample,extreme1
cross_scenario,k_medoids,1660595499,5,5.87423e7,4.6718463,CosineDist,closemixed,1742.205939,9,outsample,extreme1
cross_scenario,k_medoids,1714105051,5,5.87133e7,4.6802775,CosineDist,closemixed,847.177516,3,outsample,extreme1
cross_scenario,k_medoids,2169593505,5,5.87118e7,4.6172716,CosineDist,closemixed,847.177516,3,outsample,extreme1
cross_scenario,k_medoids,2538991366,5,5.87104e7,4.9200916,CosineDist,closemixed,847.177516,3,outsample,extreme1
cross_scenario,k_medoids,2909674750,5,5.87423e7,5.2504998,CosineDist,closemixed,1742.205939,9,outsample,extreme1
cross_scenario,k_medoids,3018546641,5,5.87137e7,4.9375835,CosineDist,closemixed,847.177516,3,outsample,extreme1
cross_scenario,k_medoids,3634057553,5,5.87124e7,4.9025608,CosineDist,closemixed,847.177516,3,outsample,extreme1
cross_scenario,k_medoids,4139823947,5,5.87074e7,4.337582,CosineDist,closemixed,847.177516,3,outsample,extreme1
cross_scenario,k_medoids,4197766176,5,5.87117e7,4.7884219,CosineDist,closemixed,847.177516,3,outsample,extreme1
cross_scenario,k_medoids,5947179,5,5.86976e7,4.7743878,CosineDist,closemixed,593.411575,3,outsample,extreme1
cross_scenario,k_medoids,1006581332,7,5.8051e7,4.5881127,CosineDist,closemixed,0.0,0,outsample,extreme1
cross_scenario,k_medoids,1176932870,7,5.80456e7,5.2498688,CosineDist,closemixed,0.0,0,outsample,extreme1
cross_scenario,k_medoids,1821427372,7,5.80521e7,5.1770717,CosineDist,closemixed,0.0,0,outsample,extreme1
cross_scenario,k_medoids,2689963385,7,5.80475e7,4.8198445,CosineDist,closemixed,0.0,0,outsample,extreme1
cross_scenario,k_medoids,2751971336,7,5.8049e7,4.6350181,CosineDist,closemixed,0.0,0,outsample,extreme1
cross_scenario,k_medoids,3385142830,7,5.80471e7,4.6063758,CosineDist,closemixed,0.0,0,outsample,extreme1
cross_scenario,k_medoids,3409620994,7,5.80466e7,4.9786953,CosineDist,closemixed,0.0,0,outsample,extreme1
cross_scenario,k_medoids,447101461,7,5.80472e7,4.7137493,CosineDist,closemixed,0.0,0,outsample,extreme1
cross_scenario,k_medoids,468006976,7,5.80459e7,5.0416096,CosineDist,closemixed,0.0,0,outsample,extreme1
cross_scenario,k_medoids,880982686,7,5.80467e7,4.579107,CosineDist,closemixed,0.0,0,outsample,extreme1
cross_scenario,k_medoids,1130292821,9,5.77448e7,5.2380872,CosineDist,closemixed,0.0,0,outsample,extreme1
cross_scenario,k_medoids,1392296365,9,5.77385e7,4.921821,CosineDist,closemixed,0.0,0,outsample,extreme1
cross_scenario,k_medoids,2814468992,9,5.77577e7,4.6078833,CosineDist,closemixed,0.0,0,outsample,extreme1
cross_scenario,k_medoids,3044209910,9,5.77444e7,5.09526,CosineDist,closemixed,0.0,0,outsample,extreme1
cross_scenario,k_medoids,3261319673,9,5.77121e7,5.1677276,CosineDist,closemixed,0.0,0,outsample,extreme1
cross_scenario,k_medoids,3543870990,9,5.77381e7,5.0305459,CosineDist,closemixed,0.0,0,outsample,extreme1
cross_scenario,k_medoids,3602499071,9,5.77386e7,5.1355471,CosineDist,closemixed,0.0,0,outsample,extreme1
cross_scenario,k_medoids,3926221275,9,5.77024e7,5.6875781,CosineDist,closemixed,0.0,0,outsample,extreme1
cross_scenario,k_medoids,42413356,9,5.77165e7,5.1882971,CosineDist,closemixed,0.0,0,outsample,extreme1
cross_scenario,k_medoids,697383862,9,5.774e7,4.9682738,CosineDist,closemixed,0.0,0,outsample,extreme1
cross_scenario,k_medoids,1355586937,11,5.76434e7,4.6539738,SqEuclidean,closemixed,0.0,0,outsample,extreme1
cross_scenario,k_medoids,1768760743,11,5.76401e7,4.8424982,SqEuclidean,closemixed,0.0,0,outsample,extreme1
cross_scenario,k_medoids,2652796558,11,5.76549e7,4.7060632,SqEuclidean,closemixed,0.0,0,outsample,extreme1
cross_scenario,k_medoids,3000698040,11,5.76406e7,5.1469974,SqEuclidean,closemixed,0.0,0,outsample,extreme1
cross_scenario,k_medoids,3160233726,11,5.76553e7,5.0325723,SqEuclidean,closemixed,0.0,0,outsample,extreme1
cross_scenario,k_medoids,3479820580,11,5.7629e7,5.1439256,SqEuclidean,closemixed,0.0,0,outsample,extreme1
cross_scenario,k_medoids,3649546841,11,5.76519e7,5.0157865,SqEuclidean,closemixed,0.0,0,outsample,extreme1
cross_scenario,k_medoids,4031091536,11,5.76575e7,4.9912867,SqEuclidean,closemixed,0.0,0,outsample,extreme1
cross_scenario,k_medoids,675182737,11,5.76408e7,5.0384762,SqEuclidean,closemixed,0.0,0,outsample,extreme1
cross_scenario,k_medoids,722170199,11,5.76386e7,5.3468866,SqEuclidean,closemixed,0.0,0,outsample,extreme1
cross_scenario,k_medoids,1020330993,13,5.76008e7,4.9808922,SqEuclidean,closemixed,0.0,0,outsample,extreme1
cross_scenario,k_medoids,1241334511,13,5.76229e7,4.9619231,SqEuclidean,closemixed,536.286133,3,outsample,extreme1
cross_scenario,k_medoids,1561739573,13,5.75905e7,5.0262564,SqEuclidean,closemixed,0.0,0,outsample,extreme1
cross_scenario,k_medoids,2082789969,13,5.76093e7,4.7808,SqEuclidean,closemixed,0.0,0,outsample,extreme1
cross_scenario,k_medoids,2422820678,13,5.7595e7,4.9192315,SqEuclidean,closemixed,0.0,0,outsample,extreme1
cross_scenario,k_medoids,373102896,13,5.76223e7,4.682097,SqEuclidean,closemixed,0.0,0,outsample,extreme1
cross_scenario,k_medoids,3777256655,13,5.7598e7,4.6498657,SqEuclidean,closemixed,0.0,0,outsample,extreme1
cross_scenario,k_medoids,4101453586,13,5.75782e7,4.6771877,SqEuclidean,closemixed,0.0,0,outsample,extreme1
cross_scenario,k_medoids,419645993,13,5.75876e7,4.7171536,SqEuclidean,closemixed,0.0,0,outsample,extreme1
cross_scenario,k_medoids,772616242,13,5.76052e7,5.0112017,SqEuclidean,closemixed,115.537413,2,outsample,extreme1
cross_scenario,k_medoids,1536731824,15,5.72861e7,4.5885035,SqEuclidean,closemixed,0.0,0,outsample,extreme1
cross_scenario,k_medoids,1944031661,15,5.72865e7,4.7329102,SqEuclidean,closemixed,0.0,0,outsample,extreme1
cross_scenario,k_medoids,195370354,15,5.72877e7,4.5802285,SqEuclidean,closemixed,0.0,0,outsample,extreme1
cross_scenario,k_medoids,2392820273,15,5.72787e7,4.5619652,SqEuclidean,closemixed,0.0,0,outsample,extreme1
cross_scenario,k_medoids,2931326369,15,5.72837e7,4.7459233,SqEuclidean,closemixed,0.0,0,outsample,extreme1
cross_scenario,k_medoids,3012361418,15,5.72946e7,4.7716068,SqEuclidean,closemixed,0.0,0,outsample,extreme1
cross_scenario,k_medoids,3763622817,15,5.72843e7,4.7664439,SqEuclidean,closemixed,0.0,0,outsample,extreme1
cross_scenario,k_medoids,3796973136,15,5.72935e7,4.8378257,SqEuclidean,closemixed,0.0,0,outsample,extreme1
cross_scenario,k_medoids,3815196410,15,5.72937e7,4.6670118,SqEuclidean,closemixed,0.0,0,outsample,extreme1
cross_scenario,k_medoids,604489562,15,5.72939e7,4.7159777,SqEuclidean,closemixed,0.0,0,outsample,extreme1
cross_scenario,k_medoids,1587347134,17,5.72843e7,4.7924971,SqEuclidean,closemixed,0.0,0,outsample,extreme1
cross_scenario,k_medoids,186564236,17,5.72768e7,4.6946046,SqEuclidean,closemixed,0.0,0,outsample,extreme1
cross_scenario,k_medoids,2166881926,17,5.72773e7,4.5641211,SqEuclidean,closemixed,0.0,0,outsample,extreme1
cross_scenario,k_medoids,2186186592,17,5.72721e7,4.9714637,SqEuclidean,closemixed,0.0,0,outsample,extreme1
cross_scenario,k_medoids,2238747886,17,5.72811e7,5.0122525,SqEuclidean,closemixed,0.0,0,outsample,extreme1
cross_scenario,k_medoids,224585247,17,5.72633e7,4.3974691,SqEuclidean,closemixed,0.0,0,outsample,extreme1
cross_scenario,k_medoids,2339120676,17,5.72756e7,5.0622777,SqEuclidean,closemixed,0.0,0,outsample,extreme1
cross_scenario,k_medoids,3093014142,17,5.72806e7,5.0193751,SqEuclidean,closemixed,0.0,0,outsample,extreme1
cross_scenario,k_medoids,3258302586,17,5.72763e7,5.020834,SqEuclidean,closemixed,0.0,0,outsample,extreme1
cross_scenario,k_medoids,3629043986,17,5.72794e7,4.3546349,SqEuclidean,closemixed,0.0,0,outsample,extreme1
cross_scenario,k_medoids,1088367163,19,5.72698e7,4.9456979,SqEuclidean,closemixed,0.0,0,outsample,extreme1
cross_scenario,k_medoids,1245540782,19,5.72659e7,4.9272946,SqEuclidean,closemixed,0.0,0,outsample,extreme1
cross_scenario,k_medoids,2410109332,19,5.7265e7,4.7164592,SqEuclidean,closemixed,0.0,0,outsample,extreme1
cross_scenario,k_medoids,2455416769,19,5.72757e7,4.5060099,SqEuclidean,closemixed,0.0,0,outsample,extreme1
cross_scenario,k_medoids,2591120440,19,5.72725e7,5.1789932,SqEuclidean,closemixed,0.0,0,outsample,extreme1
cross_scenario,k_medoids,2650271871,19,5.72698e7,4.9167889,SqEuclidean,closemixed,0.0,0,outsample,extreme1
cross_scenario,k_medoids,2789252227,19,5.7258e7,5.236378,SqEuclidean,closemixed,0.0,0,outsample,extreme1
cross_scenario,k_medoids,3130995382,19,5.72715e7,5.0387167,SqEuclidean,closemixed,0.0,0,outsample,extreme1
cross_scenario,k_medoids,3357853995,19,5.72802e7,4.4677765,SqEuclidean,closemixed,0.0,0,outsample,extreme1
cross_scenario,k_medoids,824849990,19,5.72608e7,4.9959051,SqEuclidean,closemixed,0.0,0,outsample,extreme1
cross_scenario,k_medoids,1244389436,21,5.72557e7,4.755287,SqEuclidean,closemixed,0.0,0,outsample,extreme1
cross_scenario,k_medoids,1393653782,21,5.72544e7,4.9109517,SqEuclidean,closemixed,0.0,0,outsample,extreme1
cross_scenario,k_medoids,1761682951,21,5.72454e7,4.7649522,SqEuclidean,closemixed,0.0,0,outsample,extreme1
cross_scenario,k_medoids,196162340,21,5.72533e7,4.9925535,SqEuclidean,closemixed,0.0,0,outsample,extreme1
cross_scenario,k_medoids,1984034111,21,5.72461e7,5.1033042,SqEuclidean,closemixed,0.0,0,outsample,extreme1
cross_scenario,k_medoids,2569047889,21,5.72566e7,5.0451343,SqEuclidean,closemixed,0.0,0,outsample,extreme1
cross_scenario,k_medoids,3286463093,21,5.72459e7,5.0920782,SqEuclidean,closemixed,0.0,0,outsample,extreme1
cross_scenario,k_medoids,4196464565,21,5.72564e7,5.1221123,SqEuclidean,closemixed,0.0,0,outsample,extreme1
cross_scenario,k_medoids,744301781,21,5.72536e7,5.0310877,SqEuclidean,closemixed,0.0,0,outsample,extreme1
cross_scenario,k_medoids,760014603,21,5.72581e7,4.4564567,SqEuclidean,closemixed,0.0,0,outsample,extreme1
cross_scenario,k_medoids,2193967569,23,5.72606e7,4.9710342,SqEuclidean,closemixed,0.0,0,outsample,extreme1
cross_scenario,k_medoids,2546464051,23,5.72573e7,4.7475055,SqEuclidean,closemixed,0.0,0,outsample,extreme1
cross_scenario,k_medoids,2938742229,23,5.72384e7,4.7757715,SqEuclidean,closemixed,0.0,0,outsample,extreme1
cross_scenario,k_medoids,313447314,23,5.72358e7,4.620904,SqEuclidean,closemixed,0.0,0,outsample,extreme1
cross_scenario,k_medoids,3164855826,23,5.72584e7,4.7597711,SqEuclidean,closemixed,0.0,0,outsample,extreme1
cross_scenario,k_medoids,3173192974,23,5.72471e7,4.6897132,SqEuclidean,closemixed,0.0,0,outsample,extreme1
cross_scenario,k_medoids,3527549645,23,5.72652e7,5.1821585,SqEuclidean,closemixed,0.0,0,outsample,extreme1
cross_scenario,k_medoids,3913193451,23,5.72526e7,5.1508953,SqEuclidean,closemixed,0.0,0,outsample,extreme1
cross_scenario,k_medoids,714332685,23,5.7241e7,4.4842741,SqEuclidean,closemixed,0.0,0,outsample,extreme1
cross_scenario,k_medoids,890890131,23,5.7254e7,4.7968501,SqEuclidean,closemixed,0.0,0,outsample,extreme1
cross_scenario,k_medoids,1134130444,25,5.71218e7,4.9377223,SqEuclidean,closemixed,0.0,0,outsample,extreme1
cross_scenario,k_medoids,2658990538,25,5.71234e7,4.9626889,SqEuclidean,closemixed,0.0,0,outsample,extreme1
cross_scenario,k_medoids,2726541456,25,5.71203e7,5.0299859,SqEuclidean,closemixed,0.0,0,outsample,extreme1
cross_scenario,k_medoids,2894918851,25,5.71178e7,5.1536654,SqEuclidean,closemixed,0.0,0,outsample,extreme1
cross_scenario,k_medoids,3351175237,25,5.7159e7,4.6746877,SqEuclidean,closemixed,0.0,0,outsample,extreme1
cross_scenario,k_medoids,343301208,25,5.71261e7,4.7931543,SqEuclidean,closemixed,0.0,0,outsample,extreme1
cross_scenario,k_medoids,4135971217,25,5.71205e7,4.8194238,SqEuclidean,closemixed,0.0,0,outsample,extreme1
cross_scenario,k_medoids,4145110716,25,5.71137e7,4.7943212,SqEuclidean,closemixed,0.0,0,outsample,extreme1
cross_scenario,k_medoids,448376330,25,5.71281e7,5.1438192,SqEuclidean,closemixed,0.0,0,outsample,extreme1
cross_scenario,k_medoids,47449323,25,5.71552e7,5.0797313,SqEuclidean,closemixed,0.0,0,outsample,extreme1
cross_scenario,k_medoids,1161276258,27,5.71206e7,5.1464335,SqEuclidean,closemixed,0.0,0,outsample,extreme1
cross_scenario,k_medoids,1233541653,27,5.7122e7,5.1316976,SqEuclidean,closemixed,0.0,0,outsample,extreme1
cross_scenario,k_medoids,1267936167,27,5.71132e7,5.2142745,SqEuclidean,closemixed,0.0,0,outsample,extreme1
cross_scenario,k_medoids,1653248667,27,5.71151e7,5.2134524,SqEuclidean,closemixed,0.0,0,outsample,extreme1
cross_scenario,k_medoids,2437521778,27,5.71465e7,5.0810192,SqEuclidean,closemixed,0.0,0,outsample,extreme1
cross_scenario,k_medoids,2524306086,27,5.71324e7,4.8362304,SqEuclidean,closemixed,0.0,0,outsample,extreme1
cross_scenario,k_medoids,2606414571,27,5.71154e7,5.1356836,SqEuclidean,closemixed,0.0,0,outsample,extreme1
cross_scenario,k_medoids,2821296471,27,5.71177e7,4.8263754,SqEuclidean,closemixed,0.0,0,outsample,extreme1
cross_scenario,k_medoids,3155655383,27,5.71197e7,4.8293873,SqEuclidean,closemixed,0.0,0,outsample,extreme1
cross_scenario,k_medoids,463779685,27,5.71174e7,5.1497288,SqEuclidean,closemixed,0.0,0,outsample,extreme1
cross_scenario,k_medoids,1113698075,29,5.71262e7,5.1374929,SqEuclidean,closemixed,0.0,0,outsample,extreme1
cross_scenario,k_medoids,1125327650,29,5.70957e7,5.0301669,SqEuclidean,closemixed,0.0,0,outsample,extreme1
cross_scenario,k_medoids,1398119942,29,5.71023e7,5.2983218,SqEuclidean,closemixed,0.0,0,outsample,extreme1
cross_scenario,k_medoids,1669407957,29,5.70813e7,5.2941589,SqEuclidean,closemixed,0.0,0,outsample,extreme1
cross_scenario,k_medoids,1792506398,29,5.71028e7,5.1224862,SqEuclidean,closemixed,0.0,0,outsample,extreme1
cross_scenario,k_medoids,2439649745,29,5.70738e7,5.0097554,SqEuclidean,closemixed,0.0,0,outsample,extreme1
cross_scenario,k_medoids,2730667678,29,5.71024e7,5.014032,SqEuclidean,closemixed,0.0,0,outsample,extreme1
cross_scenario,k_medoids,2843080965,29,5.71083e7,4.7545121,SqEuclidean,closemixed,0.0,0,outsample,extreme1
cross_scenario,k_medoids,3434031776,29,5.71102e7,4.8789976,SqEuclidean,closemixed,0.0,0,outsample,extreme1
cross_scenario,k_medoids,950202798,29,5.71003e7,4.8866586,SqEuclidean,closemixed,0.0,0,outsample,extreme1
cross_scenario,k_medoids,1042382051,3,5.97262e7,4.2028303,SqEuclidean,closemixed,1719.589124,9,outsample,extreme1
cross_scenario,k_medoids,1617230705,3,5.97262e7,4.0223106,SqEuclidean,closemixed,1719.589124,9,outsample,extreme1
cross_scenario,k_medoids,1690918982,3,6.09198e7,4.1535862,SqEuclidean,closemixed,847.177516,3,outsample,extreme1
cross_scenario,k_medoids,2011904635,3,5.97259e7,4.1531905,SqEuclidean,closemixed,1719.589124,9,outsample,extreme1
cross_scenario,k_medoids,208019063,3,5.97262e7,4.1082282,SqEuclidean,closemixed,1719.589124,9,outsample,extreme1
cross_scenario,k_medoids,2175589206,3,5.97262e7,4.2926161,SqEuclidean,closemixed,1719.589124,9,outsample,extreme1
cross_scenario,k_medoids,2331872192,3,5.97262e7,4.1528366,SqEuclidean,closemixed,1719.589124,9,outsample,extreme1
cross_scenario,k_medoids,2859914000,3,5.97259e7,4.2175478,SqEuclidean,closemixed,1719.589124,9,outsample,extreme1
cross_scenario,k_medoids,3409952330,3,5.97259e7,4.1017045,SqEuclidean,closemixed,1719.589124,9,outsample,extreme1
cross_scenario,k_medoids,488813374,3,5.97259e7,4.1280894,SqEuclidean,closemixed,1719.589124,9,outsample,extreme1
cross_scenario,k_medoids,1349996306,31,5.69793e7,4.8414643,SqEuclidean,closemixed,0.0,0,outsample,extreme1
cross_scenario,k_medoids,1462714024,31,5.69841e7,5.389583,SqEuclidean,closemixed,0.0,0,outsample,extreme1
cross_scenario,k_medoids,1579127763,31,5.69839e7,5.0639878,SqEuclidean,closemixed,0.0,0,outsample,extreme1
cross_scenario,k_medoids,1648351254,31,5.69852e7,4.8614694,SqEuclidean,closemixed,0.0,0,outsample,extreme1
cross_scenario,k_medoids,2030289235,31,5.69857e7,4.8161921,SqEuclidean,closemixed,0.0,0,outsample,extreme1
cross_scenario,k_medoids,2462588561,31,5.6979e7,4.7690133,SqEuclidean,closemixed,0.0,0,outsample,extreme1
cross_scenario,k_medoids,2929172095,31,5.69856e7,5.4196852,SqEuclidean,closemixed,0.0,0,outsample,extreme1
cross_scenario,k_medoids,2944528308,31,5.69875e7,5.0084982,SqEuclidean,closemixed,0.0,0,outsample,extreme1
cross_scenario,k_medoids,295145311,31,5.69829e7,4.6878136,SqEuclidean,closemixed,0.0,0,outsample,extreme1
cross_scenario,k_medoids,3899371692,31,5.69869e7,4.9651263,SqEuclidean,closemixed,0.0,0,outsample,extreme1
cross_scenario,k_medoids,1038419084,33,5.69785e7,5.0487026,SqEuclidean,closemixed,0.0,0,outsample,extreme1
cross_scenario,k_medoids,1109759726,33,5.69823e7,4.9764344,SqEuclidean,closemixed,0.0,0,outsample,extreme1
cross_scenario,k_medoids,1963882461,33,5.6992e7,5.1830075,SqEuclidean,closemixed,0.0,0,outsample,extreme1
cross_scenario,k_medoids,1989163906,33,5.69829e7,5.2440212,SqEuclidean,closemixed,0.0,0,outsample,extreme1
cross_scenario,k_medoids,2479233904,33,5.6981e7,5.092621,SqEuclidean,closemixed,0.0,0,outsample,extreme1
cross_scenario,k_medoids,2497612078,33,5.69858e7,5.1082109,SqEuclidean,closemixed,0.0,0,outsample,extreme1
cross_scenario,k_medoids,3214090957,33,5.69826e7,4.9944757,SqEuclidean,closemixed,0.0,0,outsample,extreme1
cross_scenario,k_medoids,3465092140,33,5.6975e7,5.1900395,SqEuclidean,closemixed,0.0,0,outsample,extreme1
cross_scenario,k_medoids,4061834237,33,5.69691e7,5.2690288,SqEuclidean,closemixed,0.0,0,outsample,extreme1
cross_scenario,k_medoids,52313467,33,5.69867e7,5.1999898,SqEuclidean,closemixed,0.0,0,outsample,extreme1
cross_scenario,k_medoids,1208640119,35,5.69677e7,5.1912788,SqEuclidean,closemixed,0.0,0,outsample,extreme1
cross_scenario,k_medoids,1428058240,35,5.69837e7,4.932668,SqEuclidean,closemixed,0.0,0,outsample,extreme1
cross_scenario,k_medoids,15941194,35,5.69797e7,5.1038794,SqEuclidean,closemixed,0.0,0,outsample,extreme1
cross_scenario,k_medoids,2213813141,35,5.69821e7,5.1942828,SqEuclidean,closemixed,0.0,0,outsample,extreme1
cross_scenario,k_medoids,2291375163,35,5.69803e7,4.9178091,SqEuclidean,closemixed,0.0,0,outsample,extreme1
cross_scenario,k_medoids,236500538,35,5.69747e7,4.9131345,SqEuclidean,closemixed,0.0,0,outsample,extreme1
cross_scenario,k_medoids,252145784,35,5.69816e7,4.9157645,SqEuclidean,closemixed,0.0,0,outsample,extreme1
cross_scenario,k_medoids,2544196106,35,5.6989e7,5.2015736,SqEuclidean,closemixed,0.0,0,outsample,extreme1
cross_scenario,k_medoids,2745802022,35,5.69704e7,5.1898218,SqEuclidean,closemixed,0.0,0,outsample,extreme1
cross_scenario,k_medoids,3596893902,35,5.69714e7,5.2531,SqEuclidean,closemixed,0.0,0,outsample,extreme1
cross_scenario,k_medoids,1380354363,37,5.69854e7,5.209215,SqEuclidean,closemixed,0.0,0,outsample,extreme1
cross_scenario,k_medoids,3048518942,37,5.69715e7,5.2357505,SqEuclidean,closemixed,0.0,0,outsample,extreme1
cross_scenario,k_medoids,3182806193,37,5.697e7,5.2846673,SqEuclidean,closemixed,0.0,0,outsample,extreme1
cross_scenario,k_medoids,3244629827,37,5.69729e7,5.3195969,SqEuclidean,closemixed,0.0,0,outsample,extreme1
cross_scenario,k_medoids,3452769998,37,5.69723e7,5.2712304,SqEuclidean,closemixed,0.0,0,outsample,extreme1
cross_scenario,k_medoids,4262333788,37,5.69745e7,5.2497881,SqEuclidean,closemixed,0.0,0,outsample,extreme1
cross_scenario,k_medoids,45994245,37,5.69643e7,5.1834131,SqEuclidean,closemixed,0.0,0,outsample,extreme1
cross_scenario,k_medoids,67569244,37,5.6978e7,5.250812,SqEuclidean,closemixed,0.0,0,outsample,extreme1
cross_scenario,k_medoids,814300562,37,5.69472e7,5.278997,SqEuclidean,closemixed,0.0,0,outsample,extreme1
cross_scenario,k_medoids,870981686,37,5.69643e7,5.1740866,SqEuclidean,closemixed,0.0,0,outsample,extreme1
cross_scenario,k_medoids,1129760376,39,5.66651e7,5.1492784,SqEuclidean,closemixed,2125.708119,2,outsample,extreme1
cross_scenario,k_medoids,148104383,39,5.66679e7,4.9157415,SqEuclidean,closemixed,2125.708119,2,outsample,extreme1
cross_scenario,k_medoids,1655289285,39,5.6666e7,5.0779759,SqEuclidean,closemixed,2125.708119,2,outsample,extreme1
cross_scenario,k_medoids,1845695973,39,5.66591e7,4.8320615,SqEuclidean,closemixed,2125.708119,2,outsample,extreme1
cross_scenario,k_medoids,2121257682,39,5.66582e7,5.312989,SqEuclidean,closemixed,2125.708119,2,outsample,extreme1
cross_scenario,k_medoids,2943233938,39,5.66737e7,5.2645712,SqEuclidean,closemixed,2125.708119,2,outsample,extreme1
cross_scenario,k_medoids,3030918353,39,5.6663e7,5.2223414,SqEuclidean,closemixed,2125.708119,2,outsample,extreme1
cross_scenario,k_medoids,3096268031,39,5.6659e7,5.324921,SqEuclidean,closemixed,2125.708119,2,outsample,extreme1
cross_scenario,k_medoids,3338611973,39,5.66648e7,5.177777,SqEuclidean,closemixed,2125.708119,2,outsample,extreme1
cross_scenario,k_medoids,662283236,39,5.6675e7,5.217838,SqEuclidean,closemixed,2125.708119,2,outsample,extreme1
cross_scenario,k_medoids,1005104349,41,5.64027e7,5.2641748,SqEuclidean,closemixed,4105.826979,4,outsample,extreme1
cross_scenario,k_medoids,1534696584,41,5.63995e7,5.1014072,SqEuclidean,closemixed,4105.826979,4,outsample,extreme1
cross_scenario,k_medoids,225016911,41,5.64007e7,5.2831711,SqEuclidean,closemixed,4105.826979,4,outsample,extreme1
cross_scenario,k_medoids,2317592996,41,5.6403e7,5.1767102,SqEuclidean,closemixed,4105.826979,4,outsample,extreme1
cross_scenario,k_medoids,2716090479,41,5.63983e7,5.196944,SqEuclidean,closemixed,4105.826979,4,outsample,extreme1
cross_scenario,k_medoids,3258958499,41,5.63922e7,5.2324492,SqEuclidean,closemixed,4105.826979,4,outsample,extreme1
cross_scenario,k_medoids,329433595,41,5.64163e7,5.1117597,SqEuclidean,closemixed,4105.826979,4,outsample,extreme1
cross_scenario,k_medoids,3444774395,41,5.64011e7,5.1934791,SqEuclidean,closemixed,4105.826979,4,outsample,extreme1
cross_scenario,k_medoids,438234340,41,5.64053e7,5.1994412,SqEuclidean,closemixed,4105.826979,4,outsample,extreme1
cross_scenario,k_medoids,953901905,41,5.64037e7,5.3242331,SqEuclidean,closemixed,4105.826979,4,outsample,extreme1
cross_scenario,k_medoids,1660595499,5,5.87473e7,4.9757504,SqEuclidean,closemixed,1742.205939,9,outsample,extreme1
cross_scenario,k_medoids,1714105051,5,5.87124e7,5.0598561,SqEuclidean,closemixed,847.177516,3,outsample,extreme1
cross_scenario,k_medoids,2169593505,5,5.87124e7,4.7031581,SqEuclidean,closemixed,847.177516,3,outsample,extreme1
cross_scenario,k_medoids,2538991366,5,5.87104e7,4.810626,SqEuclidean,closemixed,847.177516,3,outsample,extreme1
cross_scenario,k_medoids,2909674750,5,5.87414e7,4.515691,SqEuclidean,closemixed,1742.205939,9,outsample,extreme1
cross_scenario,k_medoids,3018546641,5,5.86767e7,4.9969739,SqEuclidean,closemixed,153.686887,2,outsample,extreme1
cross_scenario,k_medoids,3634057553,5,5.87064e7,4.6510915,SqEuclidean,closemixed,847.177516,3,outsample,extreme1
cross_scenario,k_medoids,4139823947,5,5.87074e7,4.739241,SqEuclidean,closemixed,847.177516,3,outsample,extreme1
cross_scenario,k_medoids,4197766176,5,5.87117e7,4.6812061,SqEuclidean,closemixed,847.177516,3,outsample,extreme1
cross_scenario,k_medoids,5947179,5,5.87424e7,4.7199577,SqEuclidean,closemixed,1742.205939,9,outsample,extreme1
cross_scenario,k_medoids,1006581332,7,5.8048e7,4.9663543,SqEuclidean,closemixed,0.0,0,outsample,extreme1
cross_scenario,k_medoids,1176932870,7,5.80454e7,4.892473,SqEuclidean,closemixed,0.0,0,outsample,extreme1
cross_scenario,k_medoids,1821427372,7,5.80456e7,4.8950777,SqEuclidean,closemixed,0.0,0,outsample,extreme1
cross_scenario,k_medoids,2689963385,7,5.80519e7,4.9079532,SqEuclidean,closemixed,0.0,0,outsample,extreme1
cross_scenario,k_medoids,2751971336,7,5.8048e7,4.9724322,SqEuclidean,closemixed,0.0,0,outsample,extreme1
cross_scenario,k_medoids,3385142830,7,5.80455e7,4.9202491,SqEuclidean,closemixed,0.0,0,outsample,extreme1
cross_scenario,k_medoids,3409620994,7,5.80487e7,4.8021341,SqEuclidean,closemixed,0.0,0,outsample,extreme1
cross_scenario,k_medoids,447101461,7,5.8052e7,4.9782459,SqEuclidean,closemixed,0.0,0,outsample,extreme1
cross_scenario,k_medoids,468006976,7,5.80474e7,4.7519405,SqEuclidean,closemixed,0.0,0,outsample,extreme1
cross_scenario,k_medoids,880982686,7,5.80475e7,4.798919,SqEuclidean,closemixed,0.0,0,outsample,extreme1
cross_scenario,k_medoids,1130292821,9,5.77423e7,4.6532813,SqEuclidean,closemixed,0.0,0,outsample,extreme1
cross_scenario,k_medoids,1392296365,9,5.77454e7,4.988535,SqEuclidean,closemixed,0.0,0,outsample,extreme1
cross_scenario,k_medoids,2814468992,9,5.77265e7,4.967249,SqEuclidean,closemixed,0.0,0,outsample,extreme1
cross_scenario,k_medoids,3044209910,9,5.77139e7,5.1140518,SqEuclidean,closemixed,0.0,0,outsample,extreme1
cross_scenario,k_medoids,3261319673,9,5.77247e7,5.0687667,SqEuclidean,closemixed,0.0,0,outsample,extreme1
cross_scenario,k_medoids,3543870990,9,5.77383e7,4.9606263,SqEuclidean,closemixed,0.0,0,outsample,extreme1
cross_scenario,k_medoids,3602499071,9,5.77389e7,5.2079497,SqEuclidean,closemixed,0.0,0,outsample,extreme1
cross_scenario,k_medoids,3926221275,9,5.77404e7,4.8310993,SqEuclidean,closemixed,0.0,0,outsample,extreme1
cross_scenario,k_medoids,42413356,9,5.77441e7,4.7299279,SqEuclidean,closemixed,0.0,0,outsample,extreme1
cross_scenario,k_medoids,697383862,9,5.77401e7,4.6622023,SqEuclidean,closemixed,0.0,0,outsample,extreme1
cross_scenario,k_means,1355586937,11,5.76542e7,5.023521,CosineDist,closemixed,0.0,0,outsample,extreme1
cross_scenario,k_means,1768760743,11,5.76509e7,5.0833966,CosineDist,closemixed,0.0,0,outsample,extreme1
cross_scenario,k_means,2652796558,11,5.767e7,4.9837475,CosineDist,closemixed,0.0,0,outsample,extreme1
cross_scenario,k_means,3000698040,11,5.76545e7,5.0186782,CosineDist,closemixed,0.0,0,outsample,extreme1
cross_scenario,k_means,3160233726,11,5.76484e7,4.9514123,CosineDist,closemixed,0.0,0,outsample,extreme1
cross_scenario,k_means,3479820580,11,5.76508e7,4.9786069,CosineDist,closemixed,0.0,0,outsample,extreme1
cross_scenario,k_means,3649546841,11,5.76454e7,5.3370077,CosineDist,closemixed,0.0,0,outsample,extreme1
cross_scenario,k_means,4031091536,11,5.76566e7,4.9763189,CosineDist,closemixed,0.0,0,outsample,extreme1
cross_scenario,k_means,675182737,11,5.76522e7,4.9416076,CosineDist,closemixed,0.0,0,outsample,extreme1
cross_scenario,k_means,722170199,11,5.76576e7,4.9535222,CosineDist,closemixed,0.0,0,outsample,extreme1
cross_scenario,k_means,1020330993,13,5.7624e7,4.6931292,CosineDist,closemixed,0.0,0,outsample,extreme1
cross_scenario,k_means,1241334511,13,5.76129e7,4.7169392,CosineDist,closemixed,0.0,0,outsample,extreme1
cross_scenario,k_means,1561739573,13,5.75979e7,4.5810688,CosineDist,closemixed,0.0,0,outsample,extreme1
cross_scenario,k_means,2082789969,13,5.76394e7,4.9949372,CosineDist,closemixed,0.0,0,outsample,extreme1
cross_scenario,k_means,2422820678,13,5.763e7,5.0225581,CosineDist,closemixed,0.0,0,outsample,extreme1
cross_scenario,k_means,373102896,13,5.76189e7,5.0454804,CosineDist,closemixed,0.0,0,outsample,extreme1
cross_scenario,k_means,3777256655,13,5.76061e7,4.9959946,CosineDist,closemixed,0.0,0,outsample,extreme1
cross_scenario,k_means,4101453586,13,5.76329e7,4.7836459,CosineDist,closemixed,0.0,0,outsample,extreme1
cross_scenario,k_means,419645993,13,5.76355e7,5.0898864,CosineDist,closemixed,0.0,0,outsample,extreme1
cross_scenario,k_means,772616242,13,5.75986e7,4.6303161,CosineDist,closemixed,0.0,0,outsample,extreme1
cross_scenario,k_means,1536731824,15,5.72944e7,5.1070142,CosineDist,closemixed,0.0,0,outsample,extreme1
cross_scenario,k_means,1944031661,15,5.73165e7,4.9234294,CosineDist,closemixed,0.0,0,outsample,extreme1
cross_scenario,k_means,195370354,15,5.73217e7,4.6548907,CosineDist,closemixed,0.0,0,outsample,extreme1
cross_scenario,k_means,2392820273,15,5.73073e7,4.8486807,CosineDist,closemixed,0.0,0,outsample,extreme1
cross_scenario,k_means,2931326369,15,5.73189e7,4.7500607,CosineDist,closemixed,0.0,0,outsample,extreme1
cross_scenario,k_means,3012361418,15,5.73091e7,4.7724629,CosineDist,closemixed,0.0,0,outsample,extreme1
cross_scenario,k_means,3763622817,15,5.73206e7,4.9997195,CosineDist,closemixed,0.0,0,outsample,extreme1
cross_scenario,k_means,3796973136,15,5.73214e7,5.0392825,CosineDist,closemixed,0.0,0,outsample,extreme1
cross_scenario,k_means,3815196410,15,5.73054e7,5.017512,CosineDist,closemixed,0.0,0,outsample,extreme1
cross_scenario,k_means,604489562,15,5.72802e7,5.0571312,CosineDist,closemixed,0.0,0,outsample,extreme1
cross_scenario,k_means,1587347134,17,5.72917e7,4.9867624,CosineDist,closemixed,0.0,0,outsample,extreme1
cross_scenario,k_means,186564236,17,5.72989e7,5.0274708,CosineDist,closemixed,296.795783,2,outsample,extreme1
cross_scenario,k_means,2166881926,17,5.7272e7,5.0815073,CosineDist,closemixed,0.0,0,outsample,extreme1
cross_scenario,k_means,2186186592,17,5.7285e7,5.0664045,CosineDist,closemixed,0.0,0,outsample,extreme1
cross_scenario,k_means,2238747886,17,5.72734e7,4.9861067,CosineDist,closemixed,0.0,0,outsample,extreme1
cross_scenario,k_means,224585247,17,5.72994e7,5.0137839,CosineDist,closemixed,0.0,0,outsample,extreme1
cross_scenario,k_means,2339120676,17,5.73004e7,5.1040753,CosineDist,closemixed,0.0,0,outsample,extreme1
cross_scenario,k_means,3093014142,17,5.72864e7,5.0945018,CosineDist,closemixed,0.0,0,outsample,extreme1
cross_scenario,k_means,3258302586,17,5.7284e7,4.9635323,CosineDist,closemixed,0.0,0,outsample,extreme1
cross_scenario,k_means,3629043986,17,5.72935e7,5.0655753,CosineDist,closemixed,0.0,0,outsample,extreme1
cross_scenario,k_means,1088367163,19,5.72798e7,5.1194369,CosineDist,closemixed,0.0,0,outsample,extreme1
cross_scenario,k_means,1245540782,19,5.72758e7,4.7538157,CosineDist,closemixed,0.0,0,outsample,extreme1
cross_scenario,k_means,2410109332,19,5.72647e7,4.8544023,CosineDist,closemixed,0.0,0,outsample,extreme1
cross_scenario,k_means,2455416769,19,5.72911e7,4.7080985,CosineDist,closemixed,0.0,0,outsample,extreme1
cross_scenario,k_means,2591120440,19,5.72671e7,4.8311323,CosineDist,closemixed,0.0,0,outsample,extreme1
cross_scenario,k_means,2650271871,19,5.72558e7,4.6972633,CosineDist,closemixed,0.0,0,outsample,extreme1
cross_scenario,k_means,2789252227,19,5.72747e7,5.0281124,CosineDist,closemixed,0.0,0,outsample,extreme1
cross_scenario,k_means,3130995382,19,5.72908e7,5.0888974,CosineDist,closemixed,0.0,0,outsample,extreme1
cross_scenario,k_means,3357853995,19,5.72693e7,4.3325547,CosineDist,closemixed,0.0,0,outsample,extreme1
cross_scenario,k_means,824849990,19,5.72795e7,4.8366877,CosineDist,closemixed,0.0,0,outsample,extreme1
cross_scenario,k_means,1244389436,21,5.7266e7,4.589429,CosineDist,closemixed,0.0,0,outsample,extreme1
cross_scenario,k_means,1393653782,21,5.72473e7,5.1814786,CosineDist,closemixed,0.0,0,outsample,extreme1
cross_scenario,k_means,1761682951,21,5.7235e7,5.1684536,CosineDist,closemixed,0.0,0,outsample,extreme1
cross_scenario,k_means,196162340,21,5.72423e7,5.1612184,CosineDist,closemixed,0.0,0,outsample,extreme1
cross_scenario,k_means,1984034111,21,5.72767e7,4.9961131,CosineDist,closemixed,0.0,0,outsample,extreme1
cross_scenario,k_means,2569047889,21,5.72671e7,5.0415357,CosineDist,closemixed,0.0,0,outsample,extreme1
cross_scenario,k_means,3286463093,21,5.7268e7,5.0608288,CosineDist,closemixed,0.0,0,outsample,extreme1
cross_scenario,k_means,4196464565,21,5.72763e7,5.047649,CosineDist,closemixed,0.0,0,outsample,extreme1
cross_scenario,k_means,744301781,21,5.72457e7,5.0557966,CosineDist,closemixed,0.0,0,outsample,extreme1
cross_scenario,k_means,760014603,21,5.72577e7,4.9769311,CosineDist,closemixed,0.0,0,outsample,extreme1
cross_scenario,k_means,2193967569,23,5.72382e7,4.9982437,CosineDist,closemixed,0.0,0,outsample,extreme1
cross_scenario,k_means,2546464051,23,5.72263e7,5.3102128,CosineDist,closemixed,0.0,0,outsample,extreme1
cross_scenario,k_means,2938742229,23,5.72261e7,4.9750378,CosineDist,closemixed,0.0,0,outsample,extreme1
cross_scenario,k_means,313447314,23,5.72436e7,4.7384663,CosineDist,closemixed,0.0,0,outsample,extreme1
cross_scenario,k_means,3164855826,23,5.72568e7,4.6914335,CosineDist,closemixed,0.0,0,outsample,extreme1
cross_scenario,k_means,3173192974,23,5.72355e7,4.829286,CosineDist,closemixed,0.0,0,outsample,extreme1
cross_scenario,k_means,3527549645,23,5.72252e7,5.123413,CosineDist,closemixed,0.0,0,outsample,extreme1
cross_scenario,k_means,3913193451,23,5.72323e7,5.2574836,CosineDist,closemixed,0.0,0,outsample,extreme1
cross_scenario,k_means,714332685,23,5.72439e7,4.8912735,CosineDist,closemixed,0.0,0,outsample,extreme1
cross_scenario,k_means,890890131,23,5.72153e7,4.8026501,CosineDist,closemixed,0.0,0,outsample,extreme1
cross_scenario,k_means,1134130444,25,5.71237e7,4.8331884,CosineDist,closemixed,0.0,0,outsample,extreme1
cross_scenario,k_means,2658990538,25,5.71283e7,5.3529325,CosineDist,closemixed,0.0,0,outsample,extreme1
cross_scenario,k_means,2726541456,25,5.71215e7,5.0987305,CosineDist,closemixed,0.0,0,outsample,extreme1
cross_scenario,k_means,2894918851,25,5.71185e7,5.2705659,CosineDist,closemixed,0.0,0,outsample,extreme1
cross_scenario,k_means,3351175237,25,5.71269e7,5.1520558,CosineDist,closemixed,0.0,0,outsample,extreme1
cross_scenario,k_means,343301208,25,5.71171e7,5.180067,CosineDist,closemixed,0.0,0,outsample,extreme1
cross_scenario,k_means,4135971217,25,5.71271e7,5.1444456,CosineDist,closemixed,0.0,0,outsample,extreme1
cross_scenario,k_means,4145110716,25,5.71222e7,5.1600847,CosineDist,closemixed,0.0,0,outsample,extreme1
cross_scenario,k_means,448376330,25,5.71194e7,5.1624115,CosineDist,closemixed,0.0,0,outsample,extreme1
cross_scenario,k_means,47449323,25,5.71179e7,5.1783427,CosineDist,closemixed,0.0,0,outsample,extreme1
cross_scenario,k_means,1161276258,27,5.71171e7,5.1522217,CosineDist,closemixed,0.0,0,outsample,extreme1
cross_scenario,k_means,1233541653,27,5.71192e7,5.1436821,CosineDist,closemixed,0.0,0,outsample,extreme1
cross_scenario,k_means,1267936167,27,5.71234e7,5.1216758,CosineDist,closemixed,0.0,0,outsample,extreme1
cross_scenario,k_means,1653248667,27,5.71164e7,5.1135906,CosineDist,closemixed,0.0,0,outsample,extreme1
cross_scenario,k_means,2437521778,27,5.71205e7,5.3284029,CosineDist,closemixed,0.0,0,outsample,extreme1
cross_scenario,k_means,2524306086,27,5.71233e7,5.1919286,CosineDist,closemixed,0.0,0,outsample,extreme1
cross_scenario,k_means,2606414571,27,5.71256e7,5.1988932,CosineDist,closemixed,0.0,0,outsample,extreme1
cross_scenario,k_means,2821296471,27,5.71269e7,5.1817193,CosineDist,closemixed,0.0,0,outsample,extreme1
cross_scenario,k_means,3155655383,27,5.71186e7,5.1912108,CosineDist,closemixed,0.0,0,outsample,extreme1
cross_scenario,k_means,463779685,27,5.71212e7,5.2205668,CosineDist,closemixed,0.0,0,outsample,extreme1
cross_scenario,k_means,1113698075,29,5.7108e7,5.1062975,CosineDist,closemixed,0.0,0,outsample,extreme1
cross_scenario,k_means,1125327650,29,5.71031e7,5.1154514,CosineDist,closemixed,0.0,0,outsample,extreme1
cross_scenario,k_means,1398119942,29,5.70968e7,5.1823601,CosineDist,closemixed,0.0,0,outsample,extreme1
cross_scenario,k_means,1669407957,29,5.70934e7,5.238488,CosineDist,closemixed,0.0,0,outsample,extreme1
cross_scenario,k_means,1792506398,29,5.70933e7,5.1133838,CosineDist,closemixed,0.0,0,outsample,extreme1
cross_scenario,k_means,2439649745,29,5.70813e7,5.0713368,CosineDist,closemixed,0.0,0,outsample,extreme1
cross_scenario,k_means,2730667678,29,5.70848e7,5.2209402,CosineDist,closemixed,0.0,0,outsample,extreme1
cross_scenario,k_means,2843080965,29,5.71004e7,5.2250947,CosineDist,closemixed,0.0,0,outsample,extreme1
cross_scenario,k_means,3434031776,29,5.71111e7,5.1473868,CosineDist,closemixed,0.0,0,outsample,extreme1
cross_scenario,k_means,950202798,29,5.70997e7,5.1858816,CosineDist,closemixed,0.0,0,outsample,extreme1
cross_scenario,k_means,1042382051,3,5.96375e7,4.3978634,CosineDist,closemixed,1722.388602,9,outsample,extreme1
cross_scenario,k_means,1617230705,3,6.06074e7,4.3098722,CosineDist,closemixed,0.0,0,outsample,extreme1
cross_scenario,k_means,1690918982,3,5.97213e7,4.0362736,CosineDist,closemixed,1588.810444,8,outsample,extreme1
cross_scenario,k_means,2011904635,3,5.97213e7,3.8907289,CosineDist,closemixed,1588.810444,8,outsample,extreme1
cross_scenario,k_means,208019063,3,5.96375e7,4.3523599,CosineDist,closemixed,1722.388602,9,outsample,extreme1
cross_scenario,k_means,2175589206,3,5.96375e7,4.0869379,CosineDist,closemixed,1722.388602,9,outsample,extreme1
cross_scenario,k_means,2331872192,3,5.96375e7,3.7643144,CosineDist,closemixed,1722.388602,9,outsample,extreme1
cross_scenario,k_means,2859914000,3,5.96375e7,3.9023081,CosineDist,closemixed,1722.388602,9,outsample,extreme1
cross_scenario,k_means,3409952330,3,5.96375e7,4.0507401,CosineDist,closemixed,1722.388602,9,outsample,extreme1
cross_scenario,k_means,488813374,3,5.96375e7,3.7845036,CosineDist,closemixed,1722.388602,9,outsample,extreme1
cross_scenario,k_means,1349996306,31,5.69924e7,4.8642102,CosineDist,closemixed,0.0,0,outsample,extreme1
cross_scenario,k_means,1462714024,31,5.69834e7,4.8074743,CosineDist,closemixed,0.0,0,outsample,extreme1
cross_scenario,k_means,1579127763,31,5.69922e7,5.2387351,CosineDist,closemixed,0.0,0,outsample,extreme1
cross_scenario,k_means,1648351254,31,5.69856e7,5.0046099,CosineDist,closemixed,0.0,0,outsample,extreme1
cross_scenario,k_means,2030289235,31,5.69862e7,4.8867692,CosineDist,closemixed,0.0,0,outsample,extreme1
cross_scenario,k_means,2462588561,31,5.6993e7,4.7822134,CosineDist,closemixed,0.0,0,outsample,extreme1
cross_scenario,k_means,2929172095,31,5.69892e7,5.2514224,CosineDist,closemixed,0.0,0,outsample,extreme1
cross_scenario,k_means,2944528308,31,5.69918e7,5.1903823,CosineDist,closemixed,0.0,0,outsample,extreme1
cross_scenario,k_means,295145311,31,5.69851e7,5.1538711,CosineDist,closemixed,0.0,0,outsample,extreme1
cross_scenario,k_means,3899371692,31,5.69989e7,5.1366549,CosineDist,closemixed,0.0,0,outsample,extreme1
cross_scenario,k_means,1038419084,33,5.69975e7,5.1538519,CosineDist,closemixed,0.0,0,outsample,extreme1
cross_scenario,k_means,1109759726,33,5.69811e7,5.2829845,CosineDist,closemixed,0.0,0,outsample,extreme1
cross_scenario,k_means,1963882461,33,5.69905e7,5.13871,CosineDist,closemixed,0.0,0,outsample,extreme1
cross_scenario,k_means,1989163906,33,5.69802e7,5.3427274,CosineDist,closemixed,0.0,0,outsample,extreme1
cross_scenario,k_means,2479233904,33,5.69909e7,5.3764297,CosineDist,closemixed,0.0,0,outsample,extreme1
cross_scenario,k_means,2497612078,33,5.69793e7,5.1742917,CosineDist,closemixed,0.0,0,outsample,extreme1
cross_scenario,k_means,3214090957,33,5.69919e7,5.2010997,CosineDist,closemixed,0.0,0,outsample,extreme1
cross_scenario,k_means,3465092140,33,5.69886e7,5.2635157,CosineDist,closemixed,0.0,0,outsample,extreme1
cross_scenario,k_means,4061834237,33,5.69847e7,5.263449,CosineDist,closemixed,0.0,0,outsample,extreme1
cross_scenario,k_means,52313467,33,5.69897e7,5.1373679,CosineDist,closemixed,0.0,0,outsample,extreme1
cross_scenario,k_means,1208640119,35,5.69822e7,5.2235367,CosineDist,closemixed,0.0,0,outsample,extreme1
cross_scenario,k_means,1428058240,35,5.69759e7,5.3268396,CosineDist,closemixed,0.0,0,outsample,extreme1
cross_scenario,k_means,15941194,35,5.69769e7,4.9965552,CosineDist,closemixed,0.0,0,outsample,extreme1
cross_scenario,k_means,2213813141,35,5.69781e7,4.8286226,CosineDist,closemixed,0.0,0,outsample,extreme1
cross_scenario,k_means,2291375163,35,5.69758e7,4.7696906,CosineDist,closemixed,0.0,0,outsample,extreme1
cross_scenario,k_means,236500538,35,5.69743e7,5.2118948,CosineDist,closemixed,0.0,0,outsample,extreme1
cross_scenario,k_means,252145784,35,5.69802e7,5.2666231,CosineDist,closemixed,0.0,0,outsample,extreme1
cross_scenario,k_means,2544196106,35,5.69846e7,5.1145316,CosineDist,closemixed,0.0,0,outsample,extreme1
cross_scenario,k_means,2745802022,35,5.69855e7,5.2476949,CosineDist,closemixed,0.0,0,outsample,extreme1
cross_scenario,k_means,3596893902,35,5.69793e7,5.2276234,CosineDist,closemixed,0.0,0,outsample,extreme1
cross_scenario,k_means,1380354363,37,5.69839e7,5.2195641,CosineDist,closemixed,0.0,0,outsample,extreme1
cross_scenario,k_means,3048518942,37,5.69822e7,5.1037127,CosineDist,closemixed,0.0,0,outsample,extreme1
cross_scenario,k_means,3182806193,37,5.69716e7,5.1930998,CosineDist,closemixed,0.0,0,outsample,extreme1
cross_scenario,k_means,3244629827,37,5.69772e7,5.1602943,CosineDist,closemixed,0.0,0,outsample,extreme1
cross_scenario,k_means,3452769998,37,5.69866e7,5.1110746,CosineDist,closemixed,0.0,0,outsample,extreme1
cross_scenario,k_means,4262333788,37,5.69828e7,5.2562428,CosineDist,closemixed,0.0,0,outsample,extreme1
cross_scenario,k_means,45994245,37,5.69824e7,5.1539861,CosineDist,closemixed,0.0,0,outsample,extreme1
cross_scenario,k_means,67569244,37,5.69844e7,5.1617381,CosineDist,closemixed,0.0,0,outsample,extreme1
cross_scenario,k_means,814300562,37,5.69807e7,5.3321873,CosineDist,closemixed,0.0,0,outsample,extreme1
cross_scenario,k_means,870981686,37,5.69771e7,5.1879446,CosineDist,closemixed,0.0,0,outsample,extreme1
cross_scenario,k_means,1129760376,39,5.6667e7,5.16145,CosineDist,closemixed,2125.708119,2,outsample,extreme1
cross_scenario,k_means,148104383,39,5.6668e7,4.9845455,CosineDist,closemixed,2125.708119,2,outsample,extreme1
cross_scenario,k_means,1655289285,39,5.6664e7,5.1928173,CosineDist,closemixed,2125.708119,2,outsample,extreme1
cross_scenario,k_means,1845695973,39,5.66635e7,5.1876273,CosineDist,closemixed,2125.708119,2,outsample,extreme1
cross_scenario,k_means,2121257682,39,5.66614e7,5.1889644,CosineDist,closemixed,2125.708119,2,outsample,extreme1
cross_scenario,k_means,2943233938,39,5.66768e7,5.1779592,CosineDist,closemixed,2125.708119,2,outsample,extreme1
cross_scenario,k_means,3030918353,39,5.66672e7,5.3155921,CosineDist,closemixed,2125.708119,2,outsample,extreme1
cross_scenario,k_means,3096268031,39,5.66635e7,5.3492423,CosineDist,closemixed,2125.708119,2,outsample,extreme1
cross_scenario,k_means,3338611973,39,5.66643e7,5.1616694,CosineDist,closemixed,2125.708119,2,outsample,extreme1
cross_scenario,k_means,662283236,39,5.66806e7,5.1232777,CosineDist,closemixed,2125.708119,2,outsample,extreme1
cross_scenario,k_means,1005104349,41,5.64038e7,5.2300645,CosineDist,closemixed,4105.826979,4,outsample,extreme1
cross_scenario,k_means,1534696584,41,5.6407e7,4.9491299,CosineDist,closemixed,4105.826979,4,outsample,extreme1
cross_scenario,k_means,225016911,41,5.64111e7,4.7823962,CosineDist,closemixed,4105.826979,4,outsample,extreme1
cross_scenario,k_means,2317592996,41,5.64006e7,4.8811992,CosineDist,closemixed,4105.826979,4,outsample,extreme1
cross_scenario,k_means,2716090479,41,5.6404e7,5.0107262,CosineDist,closemixed,4105.826979,4,outsample,extreme1
cross_scenario,k_means,3258958499,41,5.64116e7,4.9436743,CosineDist,closemixed,4105.826979,4,outsample,extreme1
cross_scenario,k_means,329433595,41,5.64131e7,4.7546876,CosineDist,closemixed,4105.826979,4,outsample,extreme1
cross_scenario,k_means,3444774395,41,5.64167e7,5.2035586,CosineDist,closemixed,4105.826979,4,outsample,extreme1
cross_scenario,k_means,438234340,41,5.64101e7,5.3016996,CosineDist,closemixed,4105.826979,4,outsample,extreme1
cross_scenario,k_means,953901905,41,5.64163e7,5.2440089,CosineDist,closemixed,4105.826979,4,outsample,extreme1
cross_scenario,k_means,1660595499,5,5.86826e7,5.029373,CosineDist,closemixed,847.177516,3,outsample,extreme1
cross_scenario,k_means,1714105051,5,5.86896e7,4.8125777,CosineDist,closemixed,847.177516,3,outsample,extreme1
cross_scenario,k_means,2169593505,5,5.86854e7,4.559552,CosineDist,closemixed,847.177516,3,outsample,extreme1
cross_scenario,k_means,2538991366,5,5.86636e7,4.4623494,CosineDist,closemixed,847.177516,3,outsample,extreme1
cross_scenario,k_means,2909674750,5,5.8717e7,4.8933289,CosineDist,closemixed,1776.754565,9,outsample,extreme1
cross_scenario,k_means,3018546641,5,5.87476e7,4.9562934,CosineDist,closemixed,1782.670295,9,outsample,extreme1
cross_scenario,k_means,3634057553,5,5.86863e7,4.2620122,CosineDist,closemixed,847.177516,3,outsample,extreme1
cross_scenario,k_means,4139823947,5,5.86869e7,4.778464,CosineDist,closemixed,847.177516,3,outsample,extreme1
cross_scenario,k_means,4197766176,5,5.86922e7,4.6097593,CosineDist,closemixed,847.177516,3,outsample,extreme1
cross_scenario,k_means,5947179,5,5.86921e7,4.9262606,CosineDist,closemixed,847.177516,3,outsample,extreme1
cross_scenario,k_means,1006581332,7,5.80692e7,4.9745439,CosineDist,closemixed,0.0,0,outsample,extreme1
cross_scenario,k_means,1176932870,7,5.80343e7,4.8345828,CosineDist,closemixed,0.0,0,outsample,extreme1
cross_scenario,k_means,1821427372,7,5.80767e7,4.6480829,CosineDist,closemixed,0.0,0,outsample,extreme1
cross_scenario,k_means,2689963385,7,5.80669e7,5.3077078,CosineDist,closemixed,0.0,0,outsample,extreme1
cross_scenario,k_means,2751971336,7,5.80669e7,5.1868355,CosineDist,closemixed,0.0,0,outsample,extreme1
cross_scenario,k_means,3385142830,7,5.80668e7,4.8590479,CosineDist,closemixed,0.0,0,outsample,extreme1
cross_scenario,k_means,3409620994,7,5.80686e7,4.6996614,CosineDist,closemixed,0.0,0,outsample,extreme1
cross_scenario,k_means,447101461,7,5.80643e7,4.7866374,CosineDist,closemixed,0.0,0,outsample,extreme1
cross_scenario,k_means,468006976,7,5.80986e7,4.7719919,CosineDist,closemixed,847.177516,3,outsample,extreme1
cross_scenario,k_means,880982686,7,5.80478e7,4.5496698,CosineDist,closemixed,0.0,0,outsample,extreme1
cross_scenario,k_means,1130292821,9,5.7758e7,4.676701,CosineDist,closemixed,0.0,0,outsample,extreme1
cross_scenario,k_means,1392296365,9,5.77264e7,4.7292399,CosineDist,closemixed,0.0,0,outsample,extreme1
cross_scenario,k_means,2814468992,9,5.77532e7,4.7901756,CosineDist,closemixed,0.0,0,outsample,extreme1
cross_scenario,k_means,3044209910,9,5.77763e7,4.5773614,CosineDist,closemixed,0.0,0,outsample,extreme1
cross_scenario,k_means,3261319673,9,5.77567e7,4.9691854,CosineDist,closemixed,0.0,0,outsample,extreme1
cross_scenario,k_means,3543870990,9,5.77249e7,5.0681962,CosineDist,closemixed,0.0,0,outsample,extreme1
cross_scenario,k_means,3602499071,9,5.77179e7,5.0930514,CosineDist,closemixed,0.0,0,outsample,extreme1
cross_scenario,k_means,3926221275,9,5.7752e7,4.9687999,CosineDist,closemixed,0.0,0,outsample,extreme1
cross_scenario,k_means,42413356,9,5.7799e7,4.9273798,CosineDist,closemixed,0.0,0,outsample,extreme1
cross_scenario,k_means,697383862,9,5.7751e7,5.0538629,CosineDist,closemixed,0.0,0,outsample,extreme1
cross_scenario,k_means,1355586937,11,5.76553e7,4.9689915,SqEuclidean,closemixed,0.0,0,outsample,extreme1
cross_scenario,k_means,1768760743,11,5.76528e7,5.073056,SqEuclidean,closemixed,0.0,0,outsample,extreme1
cross_scenario,k_means,2652796558,11,5.767e7,5.045271,SqEuclidean,closemixed,0.0,0,outsample,extreme1
cross_scenario,k_means,3000698040,11,5.76692e7,5.0107648,SqEuclidean,closemixed,0.0,0,outsample,extreme1
cross_scenario,k_means,3160233726,11,5.76688e7,4.8468828,SqEuclidean,closemixed,0.0,0,outsample,extreme1
cross_scenario,k_means,3479820580,11,5.76551e7,4.7457349,SqEuclidean,closemixed,0.0,0,outsample,extreme1
cross_scenario,k_means,3649546841,11,5.76449e7,4.6271271,SqEuclidean,closemixed,0.0,0,outsample,extreme1
cross_scenario,k_means,4031091536,11,5.76613e7,5.0786104,SqEuclidean,closemixed,0.0,0,outsample,extreme1
cross_scenario,k_means,675182737,11,5.76383e7,5.1370285,SqEuclidean,closemixed,0.0,0,outsample,extreme1
cross_scenario,k_means,722170199,11,5.76521e7,5.0210485,SqEuclidean,closemixed,0.0,0,outsample,extreme1
cross_scenario,k_means,1020330993,13,5.76261e7,4.9955746,SqEuclidean,closemixed,0.0,0,outsample,extreme1
cross_scenario,k_means,1241334511,13,5.76097e7,4.958677,SqEuclidean,closemixed,0.0,0,outsample,extreme1
cross_scenario,k_means,1561739573,13,5.76179e7,4.7957694,SqEuclidean,closemixed,0.0,0,outsample,extreme1
cross_scenario,k_means,2082789969,13,5.76142e7,4.8304581,SqEuclidean,closemixed,0.0,0,outsample,extreme1
cross_scenario,k_means,2422820678,13,5.76266e7,4.8171524,SqEuclidean,closemixed,0.0,0,outsample,extreme1
cross_scenario,k_means,373102896,13,5.76083e7,4.8383521,SqEuclidean,closemixed,0.0,0,outsample,extreme1
cross_scenario,k_means,3777256655,13,5.76193e7,4.5712904,SqEuclidean,closemixed,0.0,0,outsample,extreme1
cross_scenario,k_means,4101453586,13,5.76266e7,5.0709935,SqEuclidean,closemixed,0.0,0,outsample,extreme1
cross_scenario,k_means,419645993,13,5.76251e7,5.0401658,SqEuclidean,closemixed,0.0,0,outsample,extreme1
cross_scenario,k_means,772616242,13,5.7597e7,5.0768134,SqEuclidean,closemixed,0.0,0,outsample,extreme1
cross_scenario,k_means,1536731824,15,5.7297e7,5.0702123,SqEuclidean,closemixed,0.0,0,outsample,extreme1
cross_scenario,k_means,1944031661,15,5.73119e7,5.0022506,SqEuclidean,closemixed,0.0,0,outsample,extreme1
cross_scenario,k_means,195370354,15,5.73086e7,5.2109304,SqEuclidean,closemixed,0.0,0,outsample,extreme1
cross_scenario,k_means,2392820273,15,5.73124e7,4.897889,SqEuclidean,closemixed,0.0,0,outsample,extreme1
cross_scenario,k_means,2931326369,15,5.73166e7,4.7458755,SqEuclidean,closemixed,0.0,0,outsample,extreme1
cross_scenario,k_means,3012361418,15,5.73141e7,4.7603048,SqEuclidean,closemixed,0.0,0,outsample,extreme1
cross_scenario,k_means,3763622817,15,5.73345e7,4.9596581,SqEuclidean,closemixed,0.0,0,outsample,extreme1
cross_scenario,k_means,3796973136,15,5.73237e7,5.1239996,SqEuclidean,closemixed,0.0,0,outsample,extreme1
cross_scenario,k_means,3815196410,15,5.73125e7,5.006585,SqEuclidean,closemixed,0.0,0,outsample,extreme1
cross_scenario,k_means,604489562,15,5.72899e7,5.0603619,SqEuclidean,closemixed,0.0,0,outsample,extreme1
cross_scenario,k_means,1587347134,17,5.7289e7,5.0765329,SqEuclidean,closemixed,0.0,0,outsample,extreme1
cross_scenario,k_means,186564236,17,5.72882e7,4.8483198,SqEuclidean,closemixed,0.0,0,outsample,extreme1
cross_scenario,k_means,2166881926,17,5.72917e7,4.7071189,SqEuclidean,closemixed,0.0,0,outsample,extreme1
cross_scenario,k_means,2186186592,17,5.72831e7,4.7244165,SqEuclidean,closemixed,0.0,0,outsample,extreme1
cross_scenario,k_means,2238747886,17,5.72835e7,5.2395972,SqEuclidean,closemixed,0.0,0,outsample,extreme1
cross_scenario,k_means,224585247,17,5.72988e7,4.9333615,SqEuclidean,closemixed,0.0,0,outsample,extreme1
cross_scenario,k_means,2339120676,17,5.72995e7,4.8954108,SqEuclidean,closemixed,0.0,0,outsample,extreme1
cross_scenario,k_means,3093014142,17,5.72837e7,4.7523697,SqEuclidean,closemixed,0.0,0,outsample,extreme1
cross_scenario,k_means,3258302586,17,5.72852e7,4.6073921,SqEuclidean,closemixed,0.0,0,outsample,extreme1
cross_scenario,k_means,3629043986,17,5.72846e7,4.7206654,SqEuclidean,closemixed,0.0,0,outsample,extreme1
cross_scenario,k_means,1088367163,19,5.7282e7,4.7734089,SqEuclidean,closemixed,0.0,0,outsample,extreme1
cross_scenario,k_means,1245540782,19,5.72773e7,4.7675549,SqEuclidean,closemixed,0.0,0,outsample,extreme1
cross_scenario,k_means,2410109332,19,5.72736e7,5.0240376,SqEuclidean,closemixed,0.0,0,outsample,extreme1
cross_scenario,k_means,2455416769,19,5.73003e7,5.0881613,SqEuclidean,closemixed,0.0,0,outsample,extreme1
cross_scenario,k_means,2591120440,19,5.72832e7,5.1372104,SqEuclidean,closemixed,0.0,0,outsample,extreme1
cross_scenario,k_means,2650271871,19,5.72624e7,5.1165235,SqEuclidean,closemixed,0.0,0,outsample,extreme1
cross_scenario,k_means,2789252227,19,5.72777e7,5.0439282,SqEuclidean,closemixed,0.0,0,outsample,extreme1
cross_scenario,k_means,3130995382,19,5.7296e7,5.0282182,SqEuclidean,closemixed,0.0,0,outsample,extreme1
cross_scenario,k_means,3357853995,19,5.72727e7,4.99837,SqEuclidean,closemixed,0.0,0,outsample,extreme1
cross_scenario,k_means,824849990,19,5.72837e7,4.9622789,SqEuclidean,closemixed,0.0,0,outsample,extreme1
cross_scenario,k_means,1244389436,21,5.72637e7,4.9995143,SqEuclidean,closemixed,0.0,0,outsample,extreme1
cross_scenario,k_means,1393653782,21,5.72636e7,5.1514873,SqEuclidean,closemixed,0.0,0,outsample,extreme1
cross_scenario,k_means,1761682951,21,5.72308e7,5.0857022,SqEuclidean,closemixed,0.0,0,outsample,extreme1
cross_scenario,k_means,196162340,21,5.7241e7,4.9026691,SqEuclidean,closemixed,0.0,0,outsample,extreme1
cross_scenario,k_means,1984034111,21,5.72646e7,5.0527091,SqEuclidean,closemixed,0.0,0,outsample,extreme1
cross_scenario,k_means,2569047889,21,5.72513e7,4.824992,SqEuclidean,closemixed,0.0,0,outsample,extreme1
cross_scenario,k_means,3286463093,21,5.72705e7,4.6493389,SqEuclidean,closemixed,0.0,0,outsample,extreme1
cross_scenario,k_means,4196464565,21,5.72745e7,5.0200751,SqEuclidean,closemixed,0.0,0,outsample,extreme1
cross_scenario,k_means,744301781,21,5.72407e7,5.0418353,SqEuclidean,closemixed,0.0,0,outsample,extreme1
cross_scenario,k_means,760014603,21,5.72679e7,4.8437553,SqEuclidean,closemixed,0.0,0,outsample,extreme1
cross_scenario,k_means,2193967569,23,5.72231e7,5.0752873,SqEuclidean,closemixed,0.0,0,outsample,extreme1
cross_scenario,k_means,2546464051,23,5.72257e7,5.1145804,SqEuclidean,closemixed,0.0,0,outsample,extreme1
cross_scenario,k_means,2938742229,23,5.72169e7,4.712238,SqEuclidean,closemixed,0.0,0,outsample,extreme1
cross_scenario,k_means,313447314,23,5.72468e7,5.001529,SqEuclidean,closemixed,0.0,0,outsample,extreme1
cross_scenario,k_means,3164855826,23,5.72556e7,4.991313,SqEuclidean,closemixed,0.0,0,outsample,extreme1
cross_scenario,k_means,3173192974,23,5.72355e7,4.913854,SqEuclidean,closemixed,0.0,0,outsample,extreme1
cross_scenario,k_means,3527549645,23,5.72256e7,4.960037,SqEuclidean,closemixed,0.0,0,outsample,extreme1
cross_scenario,k_means,3913193451,23,5.72254e7,4.9771678,SqEuclidean,closemixed,0.0,0,outsample,extreme1
cross_scenario,k_means,714332685,23,5.72359e7,4.7480135,SqEuclidean,closemixed,0.0,0,outsample,extreme1
cross_scenario,k_means,890890131,23,5.72145e7,5.2287472,SqEuclidean,closemixed,0.0,0,outsample,extreme1
cross_scenario,k_means,1134130444,25,5.71201e7,5.2289917,SqEuclidean,closemixed,0.0,0,outsample,extreme1
cross_scenario,k_means,2658990538,25,5.7125e7,5.1933273,SqEuclidean,closemixed,0.0,0,outsample,extreme1
cross_scenario,k_means,2726541456,25,5.71196e7,5.1956182,SqEuclidean,closemixed,0.0,0,outsample,extreme1
cross_scenario,k_means,2894918851,25,5.71215e7,5.14812,SqEuclidean,closemixed,0.0,0,outsample,extreme1
cross_scenario,k_means,3351175237,25,5.71218e7,5.0952447,SqEuclidean,closemixed,0.0,0,outsample,extreme1
cross_scenario,k_means,343301208,25,5.71272e7,5.0987627,SqEuclidean,closemixed,0.0,0,outsample,extreme1
cross_scenario,k_means,4135971217,25,5.71224e7,5.183497,SqEuclidean,closemixed,0.0,0,outsample,extreme1
cross_scenario,k_means,4145110716,25,5.7122e7,5.1934847,SqEuclidean,closemixed,0.0,0,outsample,extreme1
cross_scenario,k_means,448376330,25,5.71205e7,5.1902652,SqEuclidean,closemixed,0.0,0,outsample,extreme1
cross_scenario,k_means,47449323,25,5.71162e7,5.2811533,SqEuclidean,closemixed,0.0,0,outsample,extreme1
cross_scenario,k_means,1161276258,27,5.71147e7,5.2801838,SqEuclidean,closemixed,0.0,0,outsample,extreme1
cross_scenario,k_means,1233541653,27,5.71211e7,5.3610323,SqEuclidean,closemixed,0.0,0,outsample,extreme1
cross_scenario,k_means,1267936167,27,5.7128e7,4.9735811,SqEuclidean,closemixed,0.0,0,outsample,extreme1
cross_scenario,k_means,1653248667,27,5.71179e7,4.7904761,SqEuclidean,closemixed,0.0,0,outsample,extreme1
cross_scenario,k_means,2437521778,27,5.71257e7,4.7139667,SqEuclidean,closemixed,0.0,0,outsample,extreme1
cross_scenario,k_means,2524306086,27,5.71236e7,5.1132754,SqEuclidean,closemixed,0.0,0,outsample,extreme1
cross_scenario,k_means,2606414571,27,5.71338e7,5.1801965,SqEuclidean,closemixed,0.0,0,outsample,extreme1
cross_scenario,k_means,2821296471,27,5.7126e7,5.1282617,SqEuclidean,closemixed,0.0,0,outsample,extreme1
cross_scenario,k_means,3155655383,27,5.71165e7,5.1064132,SqEuclidean,closemixed,0.0,0,outsample,extreme1
cross_scenario,k_means,463779685,27,5.71205e7,5.2024489,SqEuclidean,closemixed,0.0,0,outsample,extreme1
cross_scenario,k_means,1113698075,29,5.70935e7,5.2722274,SqEuclidean,closemixed,0.0,0,outsample,extreme1
cross_scenario,k_means,1125327650,29,5.71094e7,5.3126679,SqEuclidean,closemixed,0.0,0,outsample,extreme1
cross_scenario,k_means,1398119942,29,5.70952e7,5.2496017,SqEuclidean,closemixed,0.0,0,outsample,extreme1
cross_scenario,k_means,1669407957,29,5.70928e7,5.2376773,SqEuclidean,closemixed,0.0,0,outsample,extreme1
cross_scenario,k_means,1792506398,29,5.70913e7,5.2943518,SqEuclidean,closemixed,0.0,0,outsample,extreme1
cross_scenario,k_means,2439649745,29,5.70901e7,5.1553227,SqEuclidean,closemixed,0.0,0,outsample,extreme1
cross_scenario,k_means,2730667678,29,5.7096e7,5.1746876,SqEuclidean,closemixed,0.0,0,outsample,extreme1
cross_scenario,k_means,2843080965,29,5.70787e7,5.3114751,SqEuclidean,closemixed,0.0,0,outsample,extreme1
cross_scenario,k_means,3434031776,29,5.71164e7,5.3532269,SqEuclidean,closemixed,0.0,0,outsample,extreme1
cross_scenario,k_means,950202798,29,5.70746e7,5.2927164,SqEuclidean,closemixed,0.0,0,outsample,extreme1
cross_scenario,k_means,1042382051,3,5.96375e7,4.1610127,SqEuclidean,closemixed,1722.388602,9,outsample,extreme1
cross_scenario,k_means,1617230705,3,6.06074e7,4.2838072,SqEuclidean,closemixed,0.0,0,outsample,extreme1
cross_scenario,k_means,1690918982,3,5.97213e7,3.6364518,SqEuclidean,closemixed,1588.810444,8,outsample,extreme1
cross_scenario,k_means,2011904635,3,5.96375e7,4.087037,SqEuclidean,closemixed,1722.388602,9,outsample,extreme1
cross_scenario,k_means,208019063,3,5.96375e7,3.8116176,SqEuclidean,closemixed,1722.388602,9,outsample,extreme1
cross_scenario,k_means,2175589206,3,5.96375e7,3.9510129,SqEuclidean,closemixed,1722.388602,9,outsample,extreme1
cross_scenario,k_means,2331872192,3,5.96375e7,4.008072,SqEuclidean,closemixed,1722.388602,9,outsample,extreme1
cross_scenario,k_means,2859914000,3,5.96375e7,3.9990348,SqEuclidean,closemixed,1722.388602,9,outsample,extreme1
cross_scenario,k_means,3409952330,3,5.96375e7,4.0851713,SqEuclidean,closemixed,1722.388602,9,outsample,extreme1
cross_scenario,k_means,488813374,3,5.96375e7,4.0914706,SqEuclidean,closemixed,1722.388602,9,outsample,extreme1
cross_scenario,k_means,1349996306,31,5.69879e7,4.8943022,SqEuclidean,closemixed,0.0,0,outsample,extreme1
cross_scenario,k_means,1462714024,31,5.69788e7,5.2243835,SqEuclidean,closemixed,0.0,0,outsample,extreme1
cross_scenario,k_means,1579127763,31,5.69925e7,5.2912586,SqEuclidean,closemixed,0.0,0,outsample,extreme1
cross_scenario,k_means,1648351254,31,5.69857e7,5.2971811,SqEuclidean,closemixed,0.0,0,outsample,extreme1
cross_scenario,k_means,2030289235,31,5.69925e7,5.1882509,SqEuclidean,closemixed,0.0,0,outsample,extreme1
cross_scenario,k_means,2462588561,31,5.69867e7,5.1508767,SqEuclidean,closemixed,0.0,0,outsample,extreme1
cross_scenario,k_means,2929172095,31,5.69879e7,5.1280999,SqEuclidean,closemixed,0.0,0,outsample,extreme1
cross_scenario,k_means,2944528308,31,5.69924e7,5.2210524,SqEuclidean,closemixed,0.0,0,outsample,extreme1
cross_scenario,k_means,295145311,31,5.6993e7,5.1646291,SqEuclidean,closemixed,0.0,0,outsample,extreme1
cross_scenario,k_means,3899371692,31,5.70036e7,5.1691372,SqEuclidean,closemixed,0.0,0,outsample,extreme1
cross_scenario,k_means,1038419084,33,5.69968e7,5.2172223,SqEuclidean,closemixed,0.0,0,outsample,extreme1
cross_scenario,k_means,1109759726,33,5.69839e7,5.1634248,SqEuclidean,closemixed,0.0,0,outsample,extreme1
cross_scenario,k_means,1963882461,33,5.69896e7,5.1808124,SqEuclidean,closemixed,0.0,0,outsample,extreme1
cross_scenario,k_means,1989163906,33,5.6989e7,5.1677964,SqEuclidean,closemixed,0.0,0,outsample,extreme1
cross_scenario,k_means,2479233904,33,5.69905e7,5.2312837,SqEuclidean,closemixed,0.0,0,outsample,extreme1
cross_scenario,k_means,2497612078,33,5.69809e7,5.1805581,SqEuclidean,closemixed,0.0,0,outsample,extreme1
cross_scenario,k_means,3214090957,33,5.69807e7,5.2955675,SqEuclidean,closemixed,0.0,0,outsample,extreme1
cross_scenario,k_means,3465092140,33,5.69895e7,5.1252679,SqEuclidean,closemixed,0.0,0,outsample,extreme1
cross_scenario,k_means,4061834237,33,5.69831e7,5.2630111,SqEuclidean,closemixed,0.0,0,outsample,extreme1
cross_scenario,k_means,52313467,33,5.69878e7,5.2154915,SqEuclidean,closemixed,0.0,0,outsample,extreme1
cross_scenario,k_means,1208640119,35,5.69815e7,5.2486595,SqEuclidean,closemixed,0.0,0,outsample,extreme1
cross_scenario,k_means,1428058240,35,5.69756e7,5.2156525,SqEuclidean,closemixed,0.0,0,outsample,extreme1
cross_scenario,k_means,15941194,35,5.69756e7,5.1417869,SqEuclidean,closemixed,0.0,0,outsample,extreme1
cross_scenario,k_means,2213813141,35,5.69776e7,5.1304816,SqEuclidean,closemixed,0.0,0,outsample,extreme1
cross_scenario,k_means,2291375163,35,5.6973e7,5.1748329,SqEuclidean,closemixed,0.0,0,outsample,extreme1
cross_scenario,k_means,236500538,35,5.69755e7,5.2488127,SqEuclidean,closemixed,0.0,0,outsample,extreme1
cross_scenario,k_means,252145784,35,5.69815e7,5.2970968,SqEuclidean,closemixed,0.0,0,outsample,extreme1
cross_scenario,k_means,2544196106,35,5.6983e7,5.142624,SqEuclidean,closemixed,0.0,0,outsample,extreme1
cross_scenario,k_means,2745802022,35,5.69917e7,5.1317063,SqEuclidean,closemixed,0.0,0,outsample,extreme1
cross_scenario,k_means,3596893902,35,5.69783e7,5.2252165,SqEuclidean,closemixed,0.0,0,outsample,extreme1
cross_scenario,k_means,1380354363,37,5.69885e7,5.2330821,SqEuclidean,closemixed,0.0,0,outsample,extreme1
cross_scenario,k_means,3048518942,37,5.69828e7,5.3904792,SqEuclidean,closemixed,0.0,0,outsample,extreme1
cross_scenario,k_means,3182806193,37,5.69743e7,5.2096604,SqEuclidean,closemixed,0.0,0,outsample,extreme1
cross_scenario,k_means,3244629827,37,5.69824e7,5.2016475,SqEuclidean,closemixed,0.0,0,outsample,extreme1
cross_scenario,k_means,3452769998,37,5.69868e7,5.1432325,SqEuclidean,closemixed,0.0,0,outsample,extreme1
cross_scenario,k_means,4262333788,37,5.69888e7,5.1381594,SqEuclidean,closemixed,0.0,0,outsample,extreme1
cross_scenario,k_means,45994245,37,5.69818e7,5.2187139,SqEuclidean,closemixed,0.0,0,outsample,extreme1
cross_scenario,k_means,67569244,37,5.69843e7,5.21101,SqEuclidean,closemixed,0.0,0,outsample,extreme1
cross_scenario,k_means,814300562,37,5.69819e7,5.2865434,SqEuclidean,closemixed,0.0,0,outsample,extreme1
cross_scenario,k_means,870981686,37,5.69772e7,5.2511776,SqEuclidean,closemixed,0.0,0,outsample,extreme1
cross_scenario,k_means,1129760376,39,5.66666e7,5.2091367,SqEuclidean,closemixed,2125.708119,2,outsample,extreme1
cross_scenario,k_means,148104383,39,5.66738e7,5.2867244,SqEuclidean,closemixed,2125.708119,2,outsample,extreme1
cross_scenario,k_means,1655289285,39,5.66626e7,5.2646486,SqEuclidean,closemixed,2125.708119,2,outsample,extreme1
cross_scenario,k_means,1845695973,39,5.66655e7,5.3219455,SqEuclidean,closemixed,2125.708119,2,outsample,extreme1
cross_scenario,k_means,2121257682,39,5.66633e7,5.2088391,SqEuclidean,closemixed,2125.708119,2,outsample,extreme1
cross_scenario,k_means,2943233938,39,5.66718e7,5.1423315,SqEuclidean,closemixed,2125.708119,2,outsample,extreme1
cross_scenario,k_means,3030918353,39,5.66644e7,5.4185776,SqEuclidean,closemixed,2125.708119,2,outsample,extreme1
cross_scenario,k_means,3096268031,39,5.66618e7,5.1695124,SqEuclidean,closemixed,2125.708119,2,outsample,extreme1
cross_scenario,k_means,3338611973,39,5.66736e7,5.1686375,SqEuclidean,closemixed,2125.708119,2,outsample,extreme1
cross_scenario,k_means,662283236,39,5.66816e7,5.1723023,SqEuclidean,closemixed,2125.708119,2,outsample,extreme1
cross_scenario,k_means,1005104349,41,5.6404e7,5.3363144,SqEuclidean,closemixed,4105.826979,4,outsample,extreme1
cross_scenario,k_means,1534696584,41,5.64082e7,4.8328554,SqEuclidean,closemixed,4105.826979,4,outsample,extreme1
cross_scenario,k_means,225016911,41,5.64121e7,4.8008322,SqEuclidean,closemixed,4105.826979,4,outsample,extreme1
cross_scenario,k_means,2317592996,41,5.64022e7,4.9186622,SqEuclidean,closemixed,4105.826979,4,outsample,extreme1
cross_scenario,k_means,2716090479,41,5.64052e7,4.7464393,SqEuclidean,closemixed,4105.826979,4,outsample,extreme1
cross_scenario,k_means,3258958499,41,5.64093e7,5.2112399,SqEuclidean,closemixed,4105.826979,4,outsample,extreme1
cross_scenario,k_means,329433595,41,5.64126e7,5.2005661,SqEuclidean,closemixed,4105.826979,4,outsample,extreme1
cross_scenario,k_means,3444774395,41,5.64135e7,5.3335237,SqEuclidean,closemixed,4105.826979,4,outsample,extreme1
cross_scenario,k_means,438234340,41,5.6408e7,5.340914,SqEuclidean,closemixed,4105.826979,4,outsample,extreme1
cross_scenario,k_means,953901905,41,5.64101e7,5.2384278,SqEuclidean,closemixed,4105.826979,4,outsample,extreme1
cross_scenario,k_means,1660595499,5,5.86826e7,4.9377546,SqEuclidean,closemixed,847.177516,3,outsample,extreme1
cross_scenario,k_means,1714105051,5,5.86896e7,4.6485473,SqEuclidean,closemixed,847.177516,3,outsample,extreme1
cross_scenario,k_means,2169593505,5,5.8683e7,4.8650881,SqEuclidean,closemixed,712.170133,3,outsample,extreme1
cross_scenario,k_means,2538991366,5,5.86776e7,4.5012945,SqEuclidean,closemixed,847.177516,3,outsample,extreme1
cross_scenario,k_means,2909674750,5,5.86893e7,4.9198546,SqEuclidean,closemixed,847.177516,3,outsample,extreme1
cross_scenario,k_means,3018546641,5,5.87476e7,4.9613732,SqEuclidean,closemixed,1782.670295,9,outsample,extreme1
cross_scenario,k_means,3634057553,5,5.86882e7,4.3981382,SqEuclidean,closemixed,847.177516,3,outsample,extreme1
cross_scenario,k_means,4139823947,5,5.86869e7,4.7484451,SqEuclidean,closemixed,847.177516,3,outsample,extreme1
cross_scenario,k_means,4197766176,5,5.86922e7,4.6604031,SqEuclidean,closemixed,847.177516,3,outsample,extreme1
cross_scenario,k_means,5947179,5,5.86931e7,4.608524,SqEuclidean,closemixed,847.177516,3,outsample,extreme1
cross_scenario,k_means,1006581332,7,5.80696e7,4.8776561,SqEuclidean,closemixed,0.0,0,outsample,extreme1
cross_scenario,k_means,1176932870,7,5.80523e7,4.7593057,SqEuclidean,closemixed,0.0,0,outsample,extreme1
cross_scenario,k_means,1821427372,7,5.80766e7,4.6920275,SqEuclidean,closemixed,0.0,0,outsample,extreme1
cross_scenario,k_means,2689963385,7,5.80684e7,4.6803643,SqEuclidean,closemixed,0.0,0,outsample,extreme1
cross_scenario,k_means,2751971336,7,5.8064e7,5.0028093,SqEuclidean,closemixed,0.0,0,outsample,extreme1
cross_scenario,k_means,3385142830,7,5.80693e7,5.1767769,SqEuclidean,closemixed,0.0,0,outsample,extreme1
cross_scenario,k_means,3409620994,7,5.80677e7,4.9017106,SqEuclidean,closemixed,0.0,0,outsample,extreme1
cross_scenario,k_means,447101461,7,5.80693e7,4.7828819,SqEuclidean,closemixed,0.0,0,outsample,extreme1
cross_scenario,k_means,468006976,7,5.8053e7,4.6364317,SqEuclidean,closemixed,0.0,0,outsample,extreme1
cross_scenario,k_means,880982686,7,5.80478e7,5.0087703,SqEuclidean,closemixed,0.0,0,outsample,extreme1
cross_scenario,k_means,1130292821,9,5.77576e7,4.9120064,SqEuclidean,closemixed,0.0,0,outsample,extreme1
cross_scenario,k_means,1392296365,9,5.77246e7,4.3670566,SqEuclidean,closemixed,0.0,0,outsample,extreme1
cross_scenario,k_means,2814468992,9,5.77529e7,4.8365816,SqEuclidean,closemixed,0.0,0,outsample,extreme1
cross_scenario,k_means,3044209910,9,5.77981e7,4.7345732,SqEuclidean,closemixed,0.0,0,outsample,extreme1
cross_scenario,k_means,3261319673,9,5.77645e7,4.6113501,SqEuclidean,closemixed,0.0,0,outsample,extreme1
cross_scenario,k_means,3543870990,9,5.77562e7,5.1933561,SqEuclidean,closemixed,0.0,0,outsample,extreme1
cross_scenario,k_means,3602499071,9,5.77615e7,5.0258651,SqEuclidean,closemixed,0.0,0,outsample,extreme1
cross_scenario,k_means,3926221275,9,5.77535e7,5.0190806,SqEuclidean,closemixed,0.0,0,outsample,extreme1
cross_scenario,k_means,42413356,9,5.78055e7,4.951157,SqEuclidean,closemixed,0.0,0,outsample,extreme1
cross_scenario,k_means,697383862,9,5.77537e7,4.9039214,SqEuclidean,closemixed,0.0,0,outsample,extreme1
cross_scenario,convex_hull,0,11,5.71646e7,3.7304339,CosineDist,closemixed,0.0,0,insample,blended
cross_scenario,convex_hull,0,13,5.69292e7,4.4948379,CosineDist,closemixed,0.0,0,insample,blended
cross_scenario,convex_hull,0,15,5.69153e7,5.7085372,CosineDist,closemixed,0.0,0,insample,blended
cross_scenario,convex_hull,0,17,5.55491e7,6.682617,CosineDist,closemixed,1756.824604,2,insample,blended
cross_scenario,convex_hull,0,19,5.61705e7,9.8109118,CosineDist,closemixed,0.0,0,insample,blended
cross_scenario,convex_hull,0,21,5.58824e7,10.5075073,CosineDist,closemixed,0.0,0,insample,blended
cross_scenario,convex_hull,0,23,5.58769e7,12.6032834,CosineDist,closemixed,0.0,0,insample,blended
cross_scenario,convex_hull,0,25,5.52767e7,11.8566359,CosineDist,closemixed,2066.315106,3,insample,blended
cross_scenario,convex_hull,0,27,5.52858e7,14.9504946,CosineDist,closemixed,2066.315106,3,insample,blended
cross_scenario,convex_hull,0,29,5.52779e7,17.513703,CosineDist,closemixed,2066.315106,3,insample,blended
cross_scenario,convex_hull,0,3,5.94032e7,0.751597,CosineDist,closemixed,0.0,0,insample,blended
cross_scenario,convex_hull,0,31,5.52798e7,18.0354128,CosineDist,closemixed,2066.315106,3,insample,blended
cross_scenario,convex_hull,0,33,5.52739e7,18.949268,CosineDist,closemixed,2066.315106,3,insample,blended
cross_scenario,convex_hull,0,35,5.52701e7,19.1981188,CosineDist,closemixed,2066.315106,3,insample,blended
cross_scenario,convex_hull,0,37,5.52201e7,20.5158577,CosineDist,closemixed,2129.544692,3,insample,blended
cross_scenario,convex_hull,0,39,5.50118e7,22.0436434,CosineDist,closemixed,2736.9859349999997,4,insample,blended
cross_scenario,convex_hull,0,41,5.4985e7,21.727919,CosineDist,closemixed,2854.485333,4,insample,blended
cross_scenario,convex_hull,0,5,5.76197e7,1.6744052,CosineDist,closemixed,0.0,0,insample,blended
cross_scenario,convex_hull,0,7,5.71977e7,2.4404435,CosineDist,closemixed,0.0,0,insample,blended
cross_scenario,convex_hull,0,9,5.70906e7,2.9955332,CosineDist,closemixed,0.0,0,insample,blended
cross_scenario,convex_hull,0,11,5.75699e7,3.5778012,SqEuclidean,closemixed,0.0,0,insample,blended
cross_scenario,convex_hull,0,13,5.7568e7,4.0883294,SqEuclidean,closemixed,0.0,0,insample,blended
cross_scenario,convex_hull,0,15,5.72772e7,5.146294,SqEuclidean,closemixed,0.0,0,insample,blended
cross_scenario,convex_hull,0,17,5.70676e7,6.4707061,SqEuclidean,closemixed,0.0,0,insample,blended
cross_scenario,convex_hull,0,19,5.70631e7,7.2648073,SqEuclidean,closemixed,0.0,0,insample,blended
cross_scenario,convex_hull,0,21,5.70702e7,9.0999106,SqEuclidean,closemixed,0.0,0,insample,blended
cross_scenario,convex_hull,0,23,5.70624e7,9.9507492,SqEuclidean,closemixed,0.0,0,insample,blended
cross_scenario,convex_hull,0,25,5.70476e7,11.9701897,SqEuclidean,closemixed,0.0,0,insample,blended
cross_scenario,convex_hull,0,27,5.70441e7,12.6767237,SqEuclidean,closemixed,0.0,0,insample,blended
cross_scenario,convex_hull,0,29,5.70434e7,13.3048676,SqEuclidean,closemixed,0.0,0,insample,blended
cross_scenario,convex_hull,0,3,5.95966e7,0.5851267,SqEuclidean,closemixed,0.0,0,insample,blended
cross_scenario,convex_hull,0,31,5.67097e7,17.1539382,SqEuclidean,closemixed,0.0,0,insample,blended
cross_scenario,convex_hull,0,33,5.67322e7,16.4944628,SqEuclidean,closemixed,0.0,0,insample,blended
cross_scenario,convex_hull,0,35,5.68976e7,17.0231039,SqEuclidean,closemixed,0.0,0,insample,blended
cross_scenario,convex_hull,0,37,5.64954e7,22.1041889,SqEuclidean,closemixed,0.0,0,insample,blended
cross_scenario,convex_hull,0,39,5.58712e7,23.5827649,SqEuclidean,closemixed,0.0,0,insample,blended
cross_scenario,convex_hull,0,41,5.58707e7,21.6710295,SqEuclidean,closemixed,0.0,0,insample,blended
cross_scenario,convex_hull,0,5,5.76986e7,1.3812411,SqEuclidean,closemixed,0.0,0,insample,blended
cross_scenario,convex_hull,0,7,5.75808e7,2.1022133,SqEuclidean,closemixed,0.0,0,insample,blended
cross_scenario,convex_hull,0,9,5.75801e7,2.8242493,SqEuclidean,closemixed,0.0,0,insample,blended
cross_scenario,k_medoids,1355586937,11,5.50703e7,3.3910653,CosineDist,closemixed,2668.9658500000005,4,insample,blended
cross_scenario,k_medoids,1768760743,11,5.5028e7,3.3158647,CosineDist,closemixed,2912.711865,4,insample,blended
cross_scenario,k_medoids,2652796558,11,5.52049e7,3.6422771,CosineDist,closemixed,5203.900959,5,insample,blended
cross_scenario,k_medoids,3000698040,11,5.52148e7,3.5017247,CosineDist,closemixed,6102.948319,7,insample,blended
cross_scenario,k_medoids,3160233726,11,5.47896e7,3.6410319,CosineDist,closemixed,6924.174913,8,insample,blended
cross_scenario,k_medoids,3479820580,11,5.51661e7,3.3727968,CosineDist,closemixed,2336.534737,4,insample,blended
cross_scenario,k_medoids,3649546841,11,5.52392e7,3.2824775,CosineDist,closemixed,24220.111149999997,20,insample,blended
cross_scenario,k_medoids,4031091536,11,5.53764e7,3.5930633,CosineDist,closemixed,13792.884115,12,insample,blended
cross_scenario,k_medoids,675182737,11,5.52852e7,3.8602853,CosineDist,closemixed,8852.667182,9,insample,blended
cross_scenario,k_medoids,722170199,11,5.52562e7,3.4929551,CosineDist,closemixed,551.169497,1,insample,blended
cross_scenario,k_medoids,1020330993,13,5.48326e7,4.175981,CosineDist,closemixed,12392.349073999998,10,insample,blended
cross_scenario,k_medoids,1241334511,13,5.51956e7,4.5378043,CosineDist,closemixed,6102.948319,7,insample,blended
cross_scenario,k_medoids,1561739573,13,5.48977e7,4.4977766,CosineDist,closemixed,2217.728943,3,insample,blended
cross_scenario,k_medoids,2082789969,13,5.53485e7,4.8004211,CosineDist,closemixed,14331.503874000002,14,insample,blended
cross_scenario,k_medoids,2422820678,13,5.53267e7,4.6001433,CosineDist,closemixed,22179.908724000004,20,insample,blended
cross_scenario,k_medoids,373102896,13,5.53225e7,4.6279666,CosineDist,closemixed,22034.307569,20,insample,blended
cross_scenario,k_medoids,3777256655,13,5.48272e7,4.2700604,CosineDist,closemixed,12392.349073999998,10,insample,blended
cross_scenario,k_medoids,4101453586,13,5.51589e7,3.9488341,CosineDist,closemixed,919.927989,2,insample,blended
cross_scenario,k_medoids,419645993,13,5.49906e7,4.828114,CosineDist,closemixed,5034.465240000001,5,insample,blended
cross_scenario,k_medoids,772616242,13,5.50341e7,5.5253511,CosineDist,closemixed,10576.038957000002,10,insample,blended
cross_scenario,k_medoids,1536731824,15,5.5251e7,5.4585634,CosineDist,closemixed,551.169497,1,insample,blended
cross_scenario,k_medoids,1944031661,15,5.50932e7,4.9193355,CosineDist,closemixed,786.265124,2,insample,blended
cross_scenario,k_medoids,195370354,15,5.48492e7,5.2188755,CosineDist,closemixed,12392.349073999998,10,insample,blended
cross_scenario,k_medoids,2392820273,15,5.53368e7,5.4605292,CosineDist,closemixed,15529.146105000002,17,insample,blended
cross_scenario,k_medoids,2931326369,15,5.51382e7,5.5336569,CosineDist,closemixed,676.738611,1,insample,blended
cross_scenario,k_medoids,3012361418,15,5.52419e7,4.9204144,CosineDist,closemixed,28741.428708000003,26,insample,blended
cross_scenario,k_medoids,3763622817,15,5.48424e7,5.4553801,CosineDist,closemixed,12392.349073999998,10,insample,blended
cross_scenario,k_medoids,3796973136,15,5.47399e7,5.0387414,CosineDist,closemixed,6535.8643870000005,7,insample,blended
cross_scenario,k_medoids,3815196410,15,5.51176e7,5.1477178,CosineDist,closemixed,676.738611,1,insample,blended
cross_scenario,k_medoids,604489562,15,5.48615e7,5.2306357,CosineDist,closemixed,12392.349073999998,10,insample,blended
cross_scenario,k_medoids,1587347134,17,5.50869e7,6.3558008,CosineDist,closemixed,2608.0257060000004,4,insample,blended
cross_scenario,k_medoids,186564236,17,5.50819e7,5.8320531,CosineDist,closemixed,1114.867176,3,insample,blended
cross_scenario,k_medoids,2166881926,17,5.4805e7,6.0334684,CosineDist,closemixed,8105.030664000001,8,insample,blended
cross_scenario,k_medoids,2186186592,17,5.47848e7,5.9567274,CosineDist,closemixed,8590.656382000001,8,insample,blended
cross_scenario,k_medoids,2238747886,17,5.50143e7,6.7845748,CosineDist,closemixed,2903.504137,4,insample,blended
cross_scenario,k_medoids,224585247,17,5.50588e7,6.1757586,CosineDist,closemixed,2690.709763,4,insample,blended
cross_scenario,k_medoids,2339120676,17,5.44255e7,6.548755,CosineDist,closemixed,8217.07114,12,insample,blended
cross_scenario,k_medoids,3093014142,17,5.51131e7,5.8818875,CosineDist,closemixed,676.738611,1,insample,blended
cross_scenario,k_medoids,3258302586,17,5.51369e7,6.451255,CosineDist,closemixed,16004.22188,16,insample,blended
cross_scenario,k_medoids,3629043986,17,5.46529e7,5.9097089,CosineDist,closemixed,14717.224128000002,14,insample,blended
cross_scenario,k_medoids,1088367163,19,5.46586e7,7.2998081,CosineDist,closemixed,6535.8643870000005,7,insample,blended
cross_scenario,k_medoids,1245540782,19,5.49695e7,7.9035916,CosineDist,closemixed,7629.656404,8,insample,blended
cross_scenario,k_medoids,2410109332,19,5.50012e7,6.6891932,CosineDist,closemixed,2871.868592,4,insample,blended
cross_scenario,k_medoids,2455416769,19,5.5288e7,8.0011271,CosineDist,closemixed,5848.662936,7,insample,blended
cross_scenario,k_medoids,2591120440,19,5.51217e7,6.8228599,CosineDist,closemixed,665.008698,1,insample,blended
cross_scenario,k_medoids,2650271871,19,5.53677e7,8.8352298,CosineDist,closemixed,887.583922,2,insample,blended
cross_scenario,k_medoids,2789252227,19,5.53147e7,7.6735101,CosineDist,closemixed,2066.315106,3,insample,blended
cross_scenario,k_medoids,3130995382,19,5.48306e7,7.7280089,CosineDist,closemixed,7710.842782,8,insample,blended
cross_scenario,k_medoids,3357853995,19,5.51202e7,6.9007513,CosineDist,closemixed,999.83613,2,insample,blended
cross_scenario,k_medoids,824849990,19,5.49051e7,7.0079743,CosineDist,closemixed,13753.045113999999,12,insample,blended
cross_scenario,k_medoids,1244389436,21,5.48121e7,8.3587632,CosineDist,closemixed,3350.733645,4,insample,blended
cross_scenario,k_medoids,1393653782,21,5.52006e7,7.8210391,CosineDist,closemixed,1607.4382879999998,2,insample,blended
cross_scenario,k_medoids,1761682951,21,5.5317e7,9.7098718,CosineDist,closemixed,2066.315106,3,insample,blended
cross_scenario,k_medoids,196162340,21,5.47117e7,8.588506,CosineDist,closemixed,15324.173080000002,16,insample,blended
cross_scenario,k_medoids,1984034111,21,5.46254e7,8.1724495,CosineDist,closemixed,7878.633605,11,insample,blended
cross_scenario,k_medoids,2569047889,21,5.51374e7,8.4439021,CosineDist,closemixed,674.273329,1,insample,blended
cross_scenario,k_medoids,3286463093,21,5.47795e7,8.2727144,CosineDist,closemixed,6443.789817,6,insample,blended
cross_scenario,k_medoids,4196464565,21,5.51305e7,8.2601599,CosineDist,closemixed,1052.901725,3,insample,blended
cross_scenario,k_medoids,744301781,21,5.49557e7,8.359361,CosineDist,closemixed,2081.085034,3,insample,blended
cross_scenario,k_medoids,760014603,21,5.47571e7,11.182212,CosineDist,closemixed,6535.8643870000005,7,insample,blended
cross_scenario,k_medoids,2193967569,23,5.51488e7,10.5610288,CosineDist,closemixed,642.757108,1,insample,blended
cross_scenario,k_medoids,2546464051,23,5.51574e7,10.2315949,CosineDist,closemixed,9559.289330000001,9,insample,blended
cross_scenario,k_medoids,2938742229,23,5.51514e7,9.5132598,CosineDist,closemixed,6251.524513999999,7,insample,blended
cross_scenario,k_medoids,313447314,23,5.45978e7,8.5909948,CosineDist,closemixed,2292.375705,3,insample,blended
cross_scenario,k_medoids,3164855826,23,5.49863e7,9.4210847,CosineDist,closemixed,2871.868592,4,insample,blended
cross_scenario,k_medoids,3173192974,23,5.46151e7,10.3021266,CosineDist,closemixed,16647.607125,18,insample,blended
cross_scenario,k_medoids,3527549645,23,5.51751e7,10.5521888,CosineDist,closemixed,2310.167779,4,insample,blended
cross_scenario,k_medoids,3913193451,23,5.49613e7,9.4591164,CosineDist,closemixed,3002.4782939999996,4,insample,blended
cross_scenario,k_medoids,714332685,23,5.51421e7,10.5562158,CosineDist,closemixed,2398.030682,4,insample,blended
cross_scenario,k_medoids,890890131,23,5.51232e7,9.8223678,CosineDist,closemixed,657.897216,1,insample,blended
cross_scenario,k_medoids,1134130444,25,5.51742e7,10.4044409,CosineDist,closemixed,602.012438,1,insample,blended
cross_scenario,k_medoids,2658990538,25,5.50601e7,11.1038592,CosineDist,closemixed,786.265124,2,insample,blended
cross_scenario,k_medoids,2726541456,25,5.51108e7,11.2651147,CosineDist,closemixed,675.409201,1,insample,blended
cross_scenario,k_medoids,2894918851,25,5.51691e7,12.0516307,CosineDist,closemixed,1607.4382879999998,2,insample,blended
cross_scenario,k_medoids,3351175237,25,5.50042e7,11.6070823,CosineDist,closemixed,10576.038957000002,10,insample,blended
cross_scenario,k_medoids,343301208,25,5.47871e7,10.9567182,CosineDist,closemixed,2292.375705,3,insample,blended
cross_scenario,k_medoids,4135971217,25,5.46806e7,10.7938123,CosineDist,closemixed,15324.173080000002,16,insample,blended
cross_scenario,k_medoids,4145110716,25,5.48437e7,11.7254553,CosineDist,closemixed,12082.256811,10,insample,blended
cross_scenario,k_medoids,448376330,25,5.50744e7,11.660182,CosineDist,closemixed,5500.621304,5,insample,blended
cross_scenario,k_medoids,47449323,25,5.50483e7,10.4593743,CosineDist,closemixed,786.265124,2,insample,blended
cross_scenario,k_medoids,1161276258,27,5.53824e7,14.3778284,CosineDist,closemixed,431.617391,1,insample,blended
cross_scenario,k_medoids,1233541653,27,5.51728e7,13.1311065,CosineDist,closemixed,1617.988459,3,insample,blended
cross_scenario,k_medoids,1267936167,27,5.49572e7,13.4052159,CosineDist,closemixed,2081.085034,3,insample,blended
cross_scenario,k_medoids,1653248667,27,5.49447e7,14.4711591,CosineDist,closemixed,7059.852277,7,insample,blended
cross_scenario,k_medoids,2437521778,27,5.48136e7,13.3440449,CosineDist,closemixed,6322.300017,6,insample,blended
cross_scenario,k_medoids,2524306086,27,5.52205e7,13.7588887,CosineDist,closemixed,551.169497,1,insample,blended
cross_scenario,k_medoids,2606414571,27,5.48835e7,14.0670187,CosineDist,closemixed,2286.846677,3,insample,blended
cross_scenario,k_medoids,2821296471,27,5.5179e7,13.7145732,CosineDist,closemixed,2310.167779,4,insample,blended
cross_scenario,k_medoids,3155655383,27,5.50658e7,12.684591,CosineDist,closemixed,786.265124,2,insample,blended
cross_scenario,k_medoids,463779685,27,5.51055e7,12.8513191,CosineDist,closemixed,668.153069,1,insample,blended
cross_scenario,k_medoids,1113698075,29,5.46614e7,14.5064386,CosineDist,closemixed,25016.777360999997,24,insample,blended
cross_scenario,k_medoids,1125327650,29,5.52094e7,13.2467054,CosineDist,closemixed,562.564183,1,insample,blended
cross_scenario,k_medoids,1398119942,29,5.48356e7,14.594821,CosineDist,closemixed,6188.150277999999,6,insample,blended
cross_scenario,k_medoids,1669407957,29,5.47537e7,18.5561106,CosineDist,closemixed,6490.80894,7,insample,blended
cross_scenario,k_medoids,1792506398,29,5.53769e7,16.0357591,CosineDist,closemixed,431.617391,1,insample,blended
cross_scenario,k_medoids,2439649745,29,5.49891e7,13.3074213,CosineDist,closemixed,2881.757977,4,insample,blended
cross_scenario,k_medoids,2730667678,29,5.50585e7,14.5246084,CosineDist,closemixed,786.265124,2,insample,blended
cross_scenario,k_medoids,2843080965,29,5.47708e7,14.1498253,CosineDist,closemixed,8513.553467,8,insample,blended
cross_scenario,k_medoids,3434031776,29,5.4616e7,15.1555733,CosineDist,closemixed,11419.041338,12,insample,blended
cross_scenario,k_medoids,950202798,29,5.49157e7,13.3497025,CosineDist,closemixed,2217.359912,3,insample,blended
cross_scenario,k_medoids,1042382051,3,5.9307e7,0.6195152,CosineDist,closemixed,0.0,0,insample,blended
cross_scenario,k_medoids,1617230705,3,5.7507e7,0.6266944,CosineDist,closemixed,0.0,0,insample,blended
cross_scenario,k_medoids,1690918982,3,5.75166e7,0.626914,CosineDist,closemixed,0.0,0,insample,blended
cross_scenario,k_medoids,2011904635,3,5.93081e7,0.6397601,CosineDist,closemixed,0.0,0,insample,blended
cross_scenario,k_medoids,208019063,3,5.7507e7,0.6083564,CosineDist,closemixed,0.0,0,insample,blended
cross_scenario,k_medoids,2175589206,3,5.75216e7,0.9024857,CosineDist,closemixed,0.0,0,insample,blended
cross_scenario,k_medoids,2331872192,3,5.7507e7,0.6249648,CosineDist,closemixed,0.0,0,insample,blended
cross_scenario,k_medoids,2859914000,3,5.75041e7,0.658395,CosineDist,closemixed,0.0,0,insample,blended
cross_scenario,k_medoids,3409952330,3,5.75041e7,0.6203563,CosineDist,closemixed,0.0,0,insample,blended
cross_scenario,k_medoids,488813374,3,5.75041e7,0.6871405,CosineDist,closemixed,0.0,0,insample,blended
cross_scenario,k_medoids,1349996306,31,5.48297e7,14.5731588,CosineDist,closemixed,6120.6179680000005,5,insample,blended
cross_scenario,k_medoids,1462714024,31,5.47525e7,14.93356,CosineDist,closemixed,6535.8643870000005,7,insample,blended
cross_scenario,k_medoids,1579127763,31,5.48746e7,16.4142835,CosineDist,closemixed,2278.888526,3,insample,blended
cross_scenario,k_medoids,1648351254,31,5.48977e7,15.9430684,CosineDist,closemixed,2132.94227,3,insample,blended
cross_scenario,k_medoids,2030289235,31,5.52395e7,17.7046062,CosineDist,closemixed,551.169497,1,insample,blended
cross_scenario,k_medoids,2462588561,31,5.44989e7,13.4490101,CosineDist,closemixed,3093.2897239999998,8,insample,blended
cross_scenario,k_medoids,2929172095,31,5.45983e7,14.8239971,CosineDist,closemixed,2292.375705,3,insample,blended
cross_scenario,k_medoids,2944528308,31,5.48747e7,15.5110965,CosineDist,closemixed,11689.264398,10,insample,blended
cross_scenario,k_medoids,295145311,31,5.47389e7,15.6863337,CosineDist,closemixed,9577.342389,9,insample,blended
cross_scenario,k_medoids,3899371692,31,5.48257e7,15.1075399,CosineDist,closemixed,6144.051289,5,insample,blended
cross_scenario,k_medoids,1038419084,33,5.44274e7,18.1806793,CosineDist,closemixed,7878.633605,11,insample,blended
cross_scenario,k_medoids,1109759726,33,5.48099e7,19.8060852,CosineDist,closemixed,12070.996099000002,10,insample,blended
cross_scenario,k_medoids,1963882461,33,5.49914e7,18.9061421,CosineDist,closemixed,2877.984357,4,insample,blended
cross_scenario,k_medoids,1989163906,33,5.45981e7,16.2779856,CosineDist,closemixed,2364.20566,4,insample,blended
cross_scenario,k_medoids,2479233904,33,5.51157e7,17.3316871,CosineDist,closemixed,676.738611,1,insample,blended
cross_scenario,k_medoids,2497612078,33,5.50287e7,14.7726061,CosineDist,closemixed,786.265124,2,insample,blended
cross_scenario,k_medoids,3214090957,33,5.50181e7,16.4855526,CosineDist,closemixed,1996.2339580000003,3,insample,blended
cross_scenario,k_medoids,3465092140,33,5.46076e7,13.7560029,CosineDist,closemixed,7292.040889000001,9,insample,blended
cross_scenario,k_medoids,4061834237,33,5.47208e7,15.9567302,CosineDist,closemixed,1152.052526,2,insample,blended
cross_scenario,k_medoids,52313467,33,5.51543e7,19.4135387,CosineDist,closemixed,2178.972355,4,insample,blended
cross_scenario,k_medoids,1208640119,35,5.48061e7,17.578617,CosineDist,closemixed,12989.078097,12,insample,blended
cross_scenario,k_medoids,1428058240,35,5.49536e7,18.3896262,CosineDist,closemixed,2081.085034,3,insample,blended
cross_scenario,k_medoids,15941194,35,5.47603e7,17.9320142,CosineDist,closemixed,6535.8643870000005,7,insample,blended
cross_scenario,k_medoids,2213813141,35,5.4853e7,18.015993,CosineDist,closemixed,3306.7878439999995,4,insample,blended
cross_scenario,k_medoids,2291375163,35,5.49863e7,19.637173,CosineDist,closemixed,2861.343554,4,insample,blended
cross_scenario,k_medoids,236500538,35,5.45905e7,17.0215931,CosineDist,closemixed,7534.9215859999995,9,insample,blended
cross_scenario,k_medoids,252145784,35,5.46463e7,18.4004163,CosineDist,closemixed,6535.8643870000005,7,insample,blended
cross_scenario,k_medoids,2544196106,35,5.50889e7,18.20051,CosineDist,closemixed,682.2232,1,insample,blended
cross_scenario,k_medoids,2745802022,35,5.51224e7,20.1705169,CosineDist,closemixed,1828.1788029999998,3,insample,blended
cross_scenario,k_medoids,3596893902,35,5.44986e7,19.3940207,CosineDist,closemixed,3740.7660239999996,5,insample,blended
cross_scenario,k_medoids,1380354363,37,5.46715e7,20.8663834,CosineDist,closemixed,6535.8643870000005,7,insample,blended
cross_scenario,k_medoids,3048518942,37,5.51492e7,19.686355,CosineDist,closemixed,625.895599,1,insample,blended
cross_scenario,k_medoids,3182806193,37,5.45476e7,20.6977666,CosineDist,closemixed,3993.2202640000005,5,insample,blended
cross_scenario,k_medoids,3244629827,37,5.47805e7,19.0073525,CosineDist,closemixed,6383.227813,6,insample,blended
cross_scenario,k_medoids,3452769998,37,5.47156e7,20.246599,CosineDist,closemixed,3662.0746550000003,4,insample,blended
cross_scenario,k_medoids,4262333788,37,5.48447e7,20.6888447,CosineDist,closemixed,6188.150277999999,6,insample,blended
cross_scenario,k_medoids,45994245,37,5.44072e7,20.2654492,CosineDist,closemixed,7878.633605,11,insample,blended
cross_scenario,k_medoids,67569244,37,5.44597e7,19.1554753,CosineDist,closemixed,4366.061845,7,insample,blended
cross_scenario,k_medoids,814300562,37,5.48803e7,21.1134865,CosineDist,closemixed,3121.5649270000004,4,insample,blended
cross_scenario,k_medoids,870981686,37,5.50609e7,20.6585484,CosineDist,closemixed,2641.433642,4,insample,blended
cross_scenario,k_medoids,1129760376,39,5.46149e7,23.5691996,CosineDist,closemixed,2030.219765,4,insample,blended
cross_scenario,k_medoids,148104383,39,5.48423e7,22.6462246,CosineDist,closemixed,6189.495215000001,6,insample,blended
cross_scenario,k_medoids,1655289285,39,5.51656e7,27.0187434,CosineDist,closemixed,8627.614700999999,9,insample,blended
cross_scenario,k_medoids,1845695973,39,5.4891e7,20.8868801,CosineDist,closemixed,3121.5649270000004,4,insample,blended
cross_scenario,k_medoids,2121257682,39,5.4947e7,23.5409773,CosineDist,closemixed,6007.609847,6,insample,blended
cross_scenario,k_medoids,2943233938,39,5.50196e7,21.4432567,CosineDist,closemixed,1991.758534,3,insample,blended
cross_scenario,k_medoids,3030918353,39,5.46724e7,22.469042,CosineDist,closemixed,6535.8643870000005,7,insample,blended
cross_scenario,k_medoids,3096268031,39,5.46508e7,19.2729092,CosineDist,closemixed,6924.174913,8,insample,blended
cross_scenario,k_medoids,3338611973,39,5.4945e7,22.0682225,CosineDist,closemixed,2103.346085,3,insample,blended
cross_scenario,k_medoids,662283236,39,5.49e7,20.1694693,CosineDist,closemixed,3121.5649270000004,4,insample,blended
cross_scenario,k_medoids,1005104349,41,5.42548e7,24.0501767,CosineDist,closemixed,13352.277925999999,16,insample,blended
cross_scenario,k_medoids,1534696584,41,5.46155e7,22.7369535,CosineDist,closemixed,3362.860409,4,insample,blended
cross_scenario,k_medoids,225016911,41,5.50091e7,26.6538505,CosineDist,closemixed,2743.113819,4,insample,blended
cross_scenario,k_medoids,2317592996,41,5.48895e7,22.9501571,CosineDist,closemixed,3121.5649270000004,4,insample,blended
cross_scenario,k_medoids,2716090479,41,5.49857e7,22.7731268,CosineDist,closemixed,4313.605021,5,insample,blended
cross_scenario,k_medoids,3258958499,41,5.512e7,25.5249172,CosineDist,closemixed,676.738611,1,insample,blended
cross_scenario,k_medoids,329433595,41,5.4992e7,21.3470866,CosineDist,closemixed,2827.51557,4,insample,blended
cross_scenario,k_medoids,3444774395,41,5.48432e7,23.1680354,CosineDist,closemixed,13612.145830999998,13,insample,blended
cross_scenario,k_medoids,438234340,41,5.47754e7,22.0582226,CosineDist,closemixed,2292.375705,3,insample,blended
cross_scenario,k_medoids,953901905,41,5.50433e7,21.3328076,CosineDist,closemixed,786.265124,2,insample,blended
cross_scenario,k_medoids,1660595499,5,5.53711e7,1.2748527,CosineDist,closemixed,15453.128969,17,insample,blended
cross_scenario,k_medoids,1714105051,5,5.51818e7,1.3142971,CosineDist,closemixed,16073.437966000001,16,insample,blended
cross_scenario,k_medoids,2169593505,5,5.53468e7,1.2911748,CosineDist,closemixed,22001.09837,20,insample,blended
cross_scenario,k_medoids,2538991366,5,5.53505e7,1.3303023,CosineDist,closemixed,22001.09837,20,insample,blended
cross_scenario,k_medoids,2909674750,5,5.51289e7,1.2643708,CosineDist,closemixed,10020.022893,10,insample,blended
cross_scenario,k_medoids,3018546641,5,5.53354e7,1.2789673,CosineDist,closemixed,27734.25925,24,insample,blended
cross_scenario,k_medoids,3634057553,5,5.53313e7,1.3052335,CosineDist,closemixed,21319.727368,20,insample,blended
cross_scenario,k_medoids,4139823947,5,5.53587e7,1.2211079,CosineDist,closemixed,21942.346214999998,20,insample,blended
cross_scenario,k_medoids,4197766176,5,5.53124e7,1.2615146,CosineDist,closemixed,20735.967813,19,insample,blended
cross_scenario,k_medoids,5947179,5,5.53539e7,1.2161762,CosineDist,closemixed,21942.346214999998,20,insample,blended
cross_scenario,k_medoids,1006581332,7,5.51743e7,1.9864721,CosineDist,closemixed,16073.437966000001,16,insample,blended
cross_scenario,k_medoids,1176932870,7,5.53365e7,2.0190466,CosineDist,closemixed,15495.250088,17,insample,blended
cross_scenario,k_medoids,1821427372,7,5.5265e7,2.0567197,CosineDist,closemixed,551.169497,1,insample,blended
cross_scenario,k_medoids,2689963385,7,5.50311e7,1.945114,CosineDist,closemixed,2925.3285349999996,4,insample,blended
cross_scenario,k_medoids,2751971336,7,5.51356e7,1.9784159,CosineDist,closemixed,676.738611,1,insample,blended
cross_scenario,k_medoids,3385142830,7,5.53232e7,2.0336695,CosineDist,closemixed,27734.25925,24,insample,blended
cross_scenario,k_medoids,3409620994,7,5.50417e7,2.0144534,CosineDist,closemixed,2925.3285349999996,4,insample,blended
cross_scenario,k_medoids,447101461,7,5.50375e7,2.0757675,CosineDist,closemixed,10674.055472,10,insample,blended
cross_scenario,k_medoids,468006976,7,5.52824e7,1.9751869,CosineDist,closemixed,20141.471469,18,insample,blended
cross_scenario,k_medoids,880982686,7,5.53066e7,2.0309281,CosineDist,closemixed,20858.334672,19,insample,blended
cross_scenario,k_medoids,1130292821,9,5.53063e7,2.6395941,CosineDist,closemixed,20993.433561000005,19,insample,blended
cross_scenario,k_medoids,1392296365,9,5.53234e7,2.814175,CosineDist,closemixed,22114.877332,20,insample,blended
cross_scenario,k_medoids,2814468992,9,5.53237e7,2.9095275,CosineDist,closemixed,27633.771116,23,insample,blended
cross_scenario,k_medoids,3044209910,9,5.51129e7,2.684504,CosineDist,closemixed,786.265124,2,insample,blended
cross_scenario,k_medoids,3261319673,9,5.5295e7,2.6999266,CosineDist,closemixed,27734.25925,24,insample,blended
cross_scenario,k_medoids,3543870990,9,5.53253e7,2.6647849,CosineDist,closemixed,15595.599604,17,insample,blended
cross_scenario,k_medoids,3602499071,9,5.49916e7,2.7969421,CosineDist,closemixed,7671.354472999999,8,insample,blended
cross_scenario,k_medoids,3926221275,9,5.51841e7,2.9811323,CosineDist,closemixed,2310.167779,4,insample,blended
cross_scenario,k_medoids,42413356,9,5.51942e7,2.5761349,CosineDist,closemixed,2310.167779,4,insample,blended
cross_scenario,k_medoids,697383862,9,5.53757e7,2.6067645,CosineDist,closemixed,13560.905147,12,insample,blended
cross_scenario,k_medoids,1355586937,11,5.51437e7,3.6816979,SqEuclidean,closemixed,2408.1301040000003,4,insample,blended
cross_scenario,k_medoids,1768760743,11,5.51855e7,3.5389049,SqEuclidean,closemixed,2310.167779,4,insample,blended
cross_scenario,k_medoids,2652796558,11,5.52249e7,3.7056248,SqEuclidean,closemixed,594.538611,1,insample,blended
cross_scenario,k_medoids,3000698040,11,5.53049e7,3.9604716,SqEuclidean,closemixed,8852.667182,9,insample,blended
cross_scenario,k_medoids,3160233726,11,5.50228e7,3.5070891,SqEuclidean,closemixed,10674.055472,10,insample,blended
cross_scenario,k_medoids,3479820580,11,5.51872e7,3.6901493,SqEuclidean,closemixed,9430.260330000001,9,insample,blended
cross_scenario,k_medoids,3649546841,11,5.5348e7,3.9674968,SqEuclidean,closemixed,10555.051766,11,insample,blended
cross_scenario,k_medoids,4031091536,11,5.5264e7,3.7736716,SqEuclidean,closemixed,10785.479694000001,10,insample,blended
cross_scenario,k_medoids,675182737,11,5.52981e7,3.5587693,SqEuclidean,closemixed,27734.25925,24,insample,blended
cross_scenario,k_medoids,722170199,11,5.51962e7,3.813006,SqEuclidean,closemixed,9340.751038,9,insample,blended
cross_scenario,k_medoids,1020330993,13,5.50222e7,4.9252917,SqEuclidean,closemixed,2910.0375609999996,4,insample,blended
cross_scenario,k_medoids,1241334511,13,5.50474e7,4.2435593,SqEuclidean,closemixed,2816.9913639999995,4,insample,blended
cross_scenario,k_medoids,1561739573,13,5.50142e7,4.3073564,SqEuclidean,closemixed,10603.059569000001,10,insample,blended
cross_scenario,k_medoids,2082789969,13,5.52021e7,4.6172373,SqEuclidean,closemixed,603.49261,1,insample,blended
cross_scenario,k_medoids,2422820678,13,5.53033e7,4.4776536,SqEuclidean,closemixed,27734.25925,24,insample,blended
cross_scenario,k_medoids,373102896,13,5.50237e7,4.8721938,SqEuclidean,closemixed,10634.882252999998,10,insample,blended
cross_scenario,k_medoids,3777256655,13,5.49733e7,4.3864359,SqEuclidean,closemixed,7131.137732,7,insample,blended
cross_scenario,k_medoids,4101453586,13,5.51177e7,4.5418567,SqEuclidean,closemixed,3419.781068,5,insample,blended
cross_scenario,k_medoids,419645993,13,5.49715e7,4.6508429,SqEuclidean,closemixed,17277.361643999997,17,insample,blended
cross_scenario,k_medoids,772616242,13,5.49758e7,4.2240908,SqEuclidean,closemixed,28033.361816999997,26,insample,blended
cross_scenario,k_medoids,1536731824,15,5.5238e7,5.7172983,SqEuclidean,closemixed,551.169497,1,insample,blended
cross_scenario,k_medoids,1944031661,15,5.53878e7,5.1790347,SqEuclidean,closemixed,431.617391,1,insample,blended
cross_scenario,k_medoids,195370354,15,5.5386e7,5.4634016,SqEuclidean,closemixed,431.617391,1,insample,blended
cross_scenario,k_medoids,2392820273,15,5.53292e7,5.2332017,SqEuclidean,closemixed,11796.216897,11,insample,blended
cross_scenario,k_medoids,2931326369,15,5.50134e7,5.001172,SqEuclidean,closemixed,2919.612955,4,insample,blended
cross_scenario,k_medoids,3012361418,15,5.49881e7,5.3003555,SqEuclidean,closemixed,7623.230406,8,insample,blended
cross_scenario,k_medoids,3763622817,15,5.51111e7,5.2142939,SqEuclidean,closemixed,676.738611,1,insample,blended
cross_scenario,k_medoids,3796973136,15,5.48593e7,4.9891364,SqEuclidean,closemixed,12813.772428999999,11,insample,blended
cross_scenario,k_medoids,3815196410,15,5.53225e7,5.0962049,SqEuclidean,closemixed,7404.803702999999,9,insample,blended
cross_scenario,k_medoids,604489562,15,5.50068e7,5.2434462,SqEuclidean,closemixed,2891.1613589999997,4,insample,blended
cross_scenario,k_medoids,1587347134,17,5.53563e7,6.7456434,SqEuclidean,closemixed,22295.005688999998,20,insample,blended
cross_scenario,k_medoids,186564236,17,5.50305e7,6.8599849,SqEuclidean,closemixed,2921.364403,5,insample,blended
cross_scenario,k_medoids,2166881926,17,5.51273e7,8.7092735,SqEuclidean,closemixed,9861.408174999999,9,insample,blended
cross_scenario,k_medoids,2186186592,17,5.51663e7,7.0983203,SqEuclidean,closemixed,9559.289330000001,9,insample,blended
cross_scenario,k_medoids,2238747886,17,5.49642e7,7.4137741,SqEuclidean,closemixed,5844.315558,5,insample,blended
cross_scenario,k_medoids,224585247,17,5.52801e7,8.1711111,SqEuclidean,closemixed,2066.315106,3,insample,blended
cross_scenario,k_medoids,2339120676,17,5.48301e7,8.0340627,SqEuclidean,closemixed,11892.587497,10,insample,blended
cross_scenario,k_medoids,3093014142,17,5.51924e7,6.9557858,SqEuclidean,closemixed,2310.167779,4,insample,blended
cross_scenario,k_medoids,3258302586,17,5.51339e7,6.4118702,SqEuclidean,closemixed,676.738611,1,insample,blended
cross_scenario,k_medoids,3629043986,17,5.4876e7,7.3524794,SqEuclidean,closemixed,11663.754444,10,insample,blended
cross_scenario,k_medoids,1088367163,19,5.50651e7,8.4170975,SqEuclidean,closemixed,786.265124,2,insample,blended
cross_scenario,k_medoids,1245540782,19,5.52213e7,9.0127923,SqEuclidean,closemixed,6070.579418,6,insample,blended
cross_scenario,k_medoids,2410109332,19,5.51073e7,7.4337742,SqEuclidean,closemixed,674.79759,1,insample,blended
cross_scenario,k_medoids,2455416769,19,5.52949e7,7.8994136,SqEuclidean,closemixed,8852.667182,9,insample,blended
cross_scenario,k_medoids,2591120440,19,5.50871e7,8.5176113,SqEuclidean,closemixed,786.265124,2,insample,blended
cross_scenario,k_medoids,2650271871,19,5.53126e7,7.8306893,SqEuclidean,closemixed,8611.510570999999,9,insample,blended
cross_scenario,k_medoids,2789252227,19,5.52903e7,8.6145997,SqEuclidean,closemixed,2066.315106,3,insample,blended
cross_scenario,k_medoids,3130995382,19,5.53622e7,7.6145993,SqEuclidean,closemixed,23366.440995,20,insample,blended
cross_scenario,k_medoids,3357853995,19,5.5138e7,7.69494,SqEuclidean,closemixed,1060.4998030000002,2,insample,blended
cross_scenario,k_medoids,824849990,19,5.49107e7,8.132093,SqEuclidean,closemixed,11380.831004999998,10,insample,blended
cross_scenario,k_medoids,1244389436,21,5.50961e7,8.9579978,SqEuclidean,closemixed,2562.171485,4,insample,blended
cross_scenario,k_medoids,1393653782,21,5.51184e7,8.4353061,SqEuclidean,closemixed,6535.127365,7,insample,blended
cross_scenario,k_medoids,1761682951,21,5.48669e7,9.0112298,SqEuclidean,closemixed,8433.874871999999,9,insample,blended
cross_scenario,k_medoids,196162340,21,5.49567e7,9.5762125,SqEuclidean,closemixed,5109.59097,5,insample,blended
cross_scenario,k_medoids,1984034111,21,5.47946e7,8.2773603,SqEuclidean,closemixed,6425.224594,6,insample,blended
cross_scenario,k_medoids,2569047889,21,5.54209e7,9.7676039,SqEuclidean,closemixed,286.361257,1,insample,blended
cross_scenario,k_medoids,3286463093,21,5.49882e7,8.7352002,SqEuclidean,closemixed,2879.783386,4,insample,blended
cross_scenario,k_medoids,4196464565,21,5.54285e7,9.1154204,SqEuclidean,closemixed,319.661909,1,insample,blended
cross_scenario,k_medoids,744301781,21,5.5122e7,10.1242374,SqEuclidean,closemixed,672.575789,1,insample,blended
cross_scenario,k_medoids,760014603,21,5.49957e7,9.1448456,SqEuclidean,closemixed,2904.709065,4,insample,blended
cross_scenario,k_medoids,2193967569,23,5.52549e7,12.4092645,SqEuclidean,closemixed,2129.544692,3,insample,blended
cross_scenario,k_medoids,2546464051,23,5.49088e7,9.6818565,SqEuclidean,closemixed,2224.950795,3,insample,blended
cross_scenario,k_medoids,2938742229,23,5.51088e7,9.9272994,SqEuclidean,closemixed,674.79759,1,insample,blended
cross_scenario,k_medoids,313447314,23,5.51971e7,10.3496027,SqEuclidean,closemixed,6102.948319,7,insample,blended
cross_scenario,k_medoids,3164855826,23,5.49238e7,13.4696293,SqEuclidean,closemixed,12253.663520999999,11,insample,blended
cross_scenario,k_medoids,3173192974,23,5.51094e7,10.7847483,SqEuclidean,closemixed,6751.568163999999,8,insample,blended
cross_scenario,k_medoids,3527549645,23,5.52651e7,11.7433318,SqEuclidean,closemixed,2129.544692,3,insample,blended
cross_scenario,k_medoids,3913193451,23,5.48919e7,9.7560433,SqEuclidean,closemixed,8433.874871999999,9,insample,blended
cross_scenario,k_medoids,714332685,23,5.51174e7,11.3379144,SqEuclidean,closemixed,676.738611,1,insample,blended
cross_scenario,k_medoids,890890131,23,5.51157e7,11.1574994,SqEuclidean,closemixed,6623.859147,8,insample,blended
cross_scenario,k_medoids,1134130444,25,5.51128e7,11.3637177,SqEuclidean,closemixed,672.346058,1,insample,blended
cross_scenario,k_medoids,2658990538,25,5.5002e7,13.1078708,SqEuclidean,closemixed,2891.1613589999997,4,insample,blended
cross_scenario,k_medoids,2726541456,25,5.4988e7,10.7759402,SqEuclidean,closemixed,2879.783386,4,insample,blended
cross_scenario,k_medoids,2894918851,25,5.47853e7,11.4803352,SqEuclidean,closemixed,8590.656382000001,8,insample,blended
cross_scenario,k_medoids,3351175237,25,5.5009e7,12.1360846,SqEuclidean,closemixed,2879.928849,4,insample,blended
cross_scenario,k_medoids,343301208,25,5.49023e7,10.1811555,SqEuclidean,closemixed,3208.417094,4,insample,blended
cross_scenario,k_medoids,4135971217,25,5.51574e7,11.4234313,SqEuclidean,closemixed,2310.167779,4,insample,blended
cross_scenario,k_medoids,4145110716,25,5.5224e7,11.6494756,SqEuclidean,closemixed,551.169497,1,insample,blended
cross_scenario,k_medoids,448376330,25,5.50592e7,11.2986482,SqEuclidean,closemixed,5588.282852,5,insample,blended
cross_scenario,k_medoids,47449323,25,5.45446e7,12.1740284,SqEuclidean,closemixed,12873.170133,11,insample,blended
cross_scenario,k_medoids,1161276258,27,5.50149e7,13.9715742,SqEuclidean,closemixed,10543.885461,10,insample,blended
cross_scenario,k_medoids,1233541653,27,5.5233e7,14.9804484,SqEuclidean,closemixed,2129.544692,3,insample,blended
cross_scenario,k_medoids,1267936167,27,5.51173e7,12.8573663,SqEuclidean,closemixed,673.280768,1,insample,blended
cross_scenario,k_medoids,1653248667,27,5.46282e7,15.6698075,SqEuclidean,closemixed,15324.173080000002,16,insample,blended
cross_scenario,k_medoids,2437521778,27,5.53408e7,13.267596,SqEuclidean,closemixed,467.070209,1,insample,blended
cross_scenario,k_medoids,2524306086,27,5.51811e7,14.3922547,SqEuclidean,closemixed,1607.4382879999998,2,insample,blended
cross_scenario,k_medoids,2606414571,27,5.50977e7,12.975818,SqEuclidean,closemixed,6544.861792,7,insample,blended
cross_scenario,k_medoids,2821296471,27,5.51859e7,15.1913817,SqEuclidean,closemixed,1607.4382879999998,2,insample,blended
cross_scenario,k_medoids,3155655383,27,5.51127e7,14.3250563,SqEuclidean,closemixed,674.276681,1,insample,blended
cross_scenario,k_medoids,463779685,27,5.50752e7,12.3146186,SqEuclidean,closemixed,2573.6120189999997,4,insample,blended
cross_scenario,k_medoids,1113698075,29,5.47874e7,15.1896541,SqEuclidean,closemixed,8590.656382000001,8,insample,blended
cross_scenario,k_medoids,1125327650,29,5.45234e7,13.545323,SqEuclidean,closemixed,3740.7660239999996,5,insample,blended
cross_scenario,k_medoids,1398119942,29,5.49684e7,17.3887525,SqEuclidean,closemixed,7564.164712,8,insample,blended
cross_scenario,k_medoids,1669407957,29,5.50994e7,14.8496241,SqEuclidean,closemixed,682.2232,1,insample,blended
cross_scenario,k_medoids,1792506398,29,5.49243e7,14.8088776,SqEuclidean,closemixed,5935.9029709999995,5,insample,blended
cross_scenario,k_medoids,2439649745,29,5.54844e7,16.4061235,SqEuclidean,closemixed,37.004301,1,insample,blended
cross_scenario,k_medoids,2730667678,29,5.49647e7,15.7374574,SqEuclidean,closemixed,5859.551461,5,insample,blended
cross_scenario,k_medoids,2843080965,29,5.50054e7,15.1064392,SqEuclidean,closemixed,10562.591499,10,insample,blended
cross_scenario,k_medoids,3434031776,29,5.50996e7,13.7717203,SqEuclidean,closemixed,855.531118,3,insample,blended
cross_scenario,k_medoids,950202798,29,5.48989e7,14.1199177,SqEuclidean,closemixed,8433.874871999999,9,insample,blended
cross_scenario,k_medoids,1042382051,3,5.94684e7,0.6194869,SqEuclidean,closemixed,0.0,0,insample,blended
cross_scenario,k_medoids,1617230705,3,5.94684e7,0.6557867,SqEuclidean,closemixed,0.0,0,insample,blended
cross_scenario,k_medoids,1690918982,3,5.75146e7,0.6924006,SqEuclidean,closemixed,0.0,0,insample,blended
cross_scenario,k_medoids,2011904635,3,5.94684e7,0.6036026,SqEuclidean,closemixed,0.0,0,insample,blended
cross_scenario,k_medoids,208019063,3,5.94684e7,0.5820599,SqEuclidean,closemixed,0.0,0,insample,blended
cross_scenario,k_medoids,2175589206,3,5.94684e7,0.6796946,SqEuclidean,closemixed,0.0,0,insample,blended
cross_scenario,k_medoids,2331872192,3,5.94684e7,0.6117652,SqEuclidean,closemixed,0.0,0,insample,blended
cross_scenario,k_medoids,2859914000,3,5.94684e7,0.6009699,SqEuclidean,closemixed,0.0,0,insample,blended
cross_scenario,k_medoids,3409952330,3,5.94684e7,0.6568305,SqEuclidean,closemixed,0.0,0,insample,blended
cross_scenario,k_medoids,488813374,3,5.94684e7,0.6836504,SqEuclidean,closemixed,0.0,0,insample,blended
cross_scenario,k_medoids,1349996306,31,5.53092e7,16.0643834,SqEuclidean,closemixed,2066.315106,3,insample,blended
cross_scenario,k_medoids,1462714024,31,5.46645e7,14.0887243,SqEuclidean,closemixed,12173.061083999999,13,insample,blended
cross_scenario,k_medoids,1579127763,31,5.50657e7,15.4470008,SqEuclidean,closemixed,2681.777893,4,insample,blended
cross_scenario,k_medoids,1648351254,31,5.46068e7,17.0286313,SqEuclidean,closemixed,11918.423385000002,12,insample,blended
cross_scenario,k_medoids,2030289235,31,5.51233e7,15.5414673,SqEuclidean,closemixed,6430.9636009999995,7,insample,blended
cross_scenario,k_medoids,2462588561,31,5.506e7,13.2180869,SqEuclidean,closemixed,786.265124,2,insample,blended
cross_scenario,k_medoids,2929172095,31,5.49933e7,13.540674,SqEuclidean,closemixed,9958.26654,10,insample,blended
cross_scenario,k_medoids,2944528308,31,5.46241e7,13.6749102,SqEuclidean,closemixed,15902.665047999999,17,insample,blended
cross_scenario,k_medoids,295145311,31,5.50964e7,14.1817134,SqEuclidean,closemixed,6760.770414,8,insample,blended
cross_scenario,k_medoids,3899371692,31,5.46614e7,13.4777011,SqEuclidean,closemixed,6878.538026,9,insample,blended
cross_scenario,k_medoids,1038419084,33,5.49487e7,16.9040992,SqEuclidean,closemixed,6174.1574009999995,6,insample,blended
cross_scenario,k_medoids,1109759726,33,5.49313e7,16.7336369,SqEuclidean,closemixed,3074.356998,4,insample,blended
cross_scenario,k_medoids,1963882461,33,5.51916e7,14.9998118,SqEuclidean,closemixed,1782.366542,3,insample,blended
cross_scenario,k_medoids,1989163906,33,5.48854e7,18.0152184,SqEuclidean,closemixed,2292.375705,3,insample,blended
cross_scenario,k_medoids,2479233904,33,5.49955e7,14.9739753,SqEuclidean,closemixed,2891.1613589999997,4,insample,blended
cross_scenario,k_medoids,2497612078,33,5.51114e7,15.669546,SqEuclidean,closemixed,676.738611,1,insample,blended
cross_scenario,k_medoids,3214090957,33,5.53011e7,16.4622486,SqEuclidean,closemixed,2066.315106,3,insample,blended
cross_scenario,k_medoids,3465092140,33,5.51704e7,15.1439342,SqEuclidean,closemixed,6191.572125000001,7,insample,blended
cross_scenario,k_medoids,4061834237,33,5.50927e7,14.5429288,SqEuclidean,closemixed,682.2232,1,insample,blended
cross_scenario,k_medoids,52313467,33,5.50125e7,17.6787132,SqEuclidean,closemixed,10527.625929000002,10,insample,blended
cross_scenario,k_medoids,1208640119,35,5.50249e7,18.5416587,SqEuclidean,closemixed,11629.055439,11,insample,blended
cross_scenario,k_medoids,1428058240,35,5.50246e7,17.1495506,SqEuclidean,closemixed,1999.14122,3,insample,blended
cross_scenario,k_medoids,15941194,35,5.49449e7,17.9412755,SqEuclidean,closemixed,5838.585296,5,insample,blended
cross_scenario,k_medoids,2213813141,35,5.47118e7,16.5818434,SqEuclidean,closemixed,3662.0746550000003,4,insample,blended
cross_scenario,k_medoids,2291375163,35,5.49862e7,17.631759,SqEuclidean,closemixed,2854.751188,4,insample,blended
cross_scenario,k_medoids,236500538,35,5.50078e7,17.6994431,SqEuclidean,closemixed,2759.742622,4,insample,blended
cross_scenario,k_medoids,252145784,35,5.45342e7,16.4337146,SqEuclidean,closemixed,31514.216792,30,insample,blended
cross_scenario,k_medoids,2544196106,35,5.52589e7,20.4499442,SqEuclidean,closemixed,2129.544692,3,insample,blended
cross_scenario,k_medoids,2745802022,35,5.51618e7,16.7298614,SqEuclidean,closemixed,5732.018367000001,6,insample,blended
cross_scenario,k_medoids,3596893902,35,5.44073e7,16.03896,SqEuclidean,closemixed,7878.633605,11,insample,blended
cross_scenario,k_medoids,1380354363,37,5.50601e7,18.4548109,SqEuclidean,closemixed,786.265124,2,insample,blended
cross_scenario,k_medoids,3048518942,37,5.4834e7,17.6904342,SqEuclidean,closemixed,7697.144018999999,8,insample,blended
cross_scenario,k_medoids,3182806193,37,5.47912e7,19.2510047,SqEuclidean,closemixed,2278.148255,3,insample,blended
cross_scenario,k_medoids,3244629827,37,5.4921e7,18.2817569,SqEuclidean,closemixed,2173.336592,3,insample,blended
cross_scenario,k_medoids,3452769998,37,5.51311e7,19.1135738,SqEuclidean,closemixed,651.528182,1,insample,blended
cross_scenario,k_medoids,4262333788,37,5.50275e7,16.696616,SqEuclidean,closemixed,2001.186302,3,insample,blended
cross_scenario,k_medoids,45994245,37,5.48217e7,17.6126399,SqEuclidean,closemixed,15519.178423000001,14,insample,blended
cross_scenario,k_medoids,67569244,37,5.5114e7,18.584687,SqEuclidean,closemixed,676.316719,1,insample,blended
cross_scenario,k_medoids,814300562,37,5.48722e7,19.0942107,SqEuclidean,closemixed,3121.5649270000004,4,insample,blended
cross_scenario,k_medoids,870981686,37,5.49005e7,17.9197735,SqEuclidean,closemixed,5944.911868,5,insample,blended
cross_scenario,k_medoids,1129760376,39,5.48402e7,19.5802491,SqEuclidean,closemixed,12392.349073999998,10,insample,blended
cross_scenario,k_medoids,148104383,39,5.51441e7,20.5842664,SqEuclidean,closemixed,1819.7870429999998,3,insample,blended
cross_scenario,k_medoids,1655289285,39,5.49881e7,21.1448611,SqEuclidean,closemixed,2871.868592,4,insample,blended
cross_scenario,k_medoids,1845695973,39,5.47618e7,19.7617346,SqEuclidean,closemixed,6535.8643870000005,7,insample,blended
cross_scenario,k_medoids,2121257682,39,5.49922e7,19.6773249,SqEuclidean,closemixed,2834.517372,4,insample,blended
cross_scenario,k_medoids,2943233938,39,5.52433e7,19.0952629,SqEuclidean,closemixed,551.169497,1,insample,blended
cross_scenario,k_medoids,3030918353,39,5.47009e7,18.7650428,SqEuclidean,closemixed,4820.924189,5,insample,blended
cross_scenario,k_medoids,3096268031,39,5.48859e7,19.8389709,SqEuclidean,closemixed,16158.779294999998,17,insample,blended
cross_scenario,k_medoids,3338611973,39,5.53785e7,17.8000643,SqEuclidean,closemixed,431.617391,1,insample,blended
cross_scenario,k_medoids,662283236,39,5.49099e7,18.3254639,SqEuclidean,closemixed,3121.5649270000004,4,insample,blended
cross_scenario,k_medoids,1005104349,41,5.49915e7,20.9150724,SqEuclidean,closemixed,2862.9449649999997,4,insample,blended
cross_scenario,k_medoids,1534696584,41,5.47127e7,19.8184106,SqEuclidean,closemixed,9272.962914,9,insample,blended
cross_scenario,k_medoids,225016911,41,5.49851e7,20.2750079,SqEuclidean,closemixed,2862.562149,4,insample,blended
cross_scenario,k_medoids,2317592996,41,5.50396e7,19.2718049,SqEuclidean,closemixed,786.265124,2,insample,blended
cross_scenario,k_medoids,2716090479,41,5.49822e7,21.4926918,SqEuclidean,closemixed,2878.7185099999997,4,insample,blended
cross_scenario,k_medoids,3258958499,41,5.49828e7,19.6410734,SqEuclidean,closemixed,2862.9449649999997,4,insample,blended
cross_scenario,k_medoids,329433595,41,5.45991e7,20.529606,SqEuclidean,closemixed,2292.375705,3,insample,blended
cross_scenario,k_medoids,3444774395,41,5.44533e7,19.5446275,SqEuclidean,closemixed,16695.559479,19,insample,blended
cross_scenario,k_medoids,438234340,41,5.50322e7,19.5079009,SqEuclidean,closemixed,786.265124,2,insample,blended
cross_scenario,k_medoids,953901905,41,5.51117e7,19.5966074,SqEuclidean,closemixed,673.208314,1,insample,blended
cross_scenario,k_medoids,1660595499,5,5.53464e7,1.2892115,SqEuclidean,closemixed,21942.346214999998,20,insample,blended
cross_scenario,k_medoids,1714105051,5,5.53707e7,1.4533939,SqEuclidean,closemixed,22649.959151,20,insample,blended
cross_scenario,k_medoids,2169593505,5,5.53706e7,1.4361717,SqEuclidean,closemixed,22649.959151,20,insample,blended
cross_scenario,k_medoids,2538991366,5,5.53505e7,1.3594386,SqEuclidean,closemixed,22001.09837,20,insample,blended
cross_scenario,k_medoids,2909674750,5,5.53087e7,1.4469633,SqEuclidean,closemixed,20730.112819,19,insample,blended
cross_scenario,k_medoids,3018546641,5,5.53528e7,1.3320076,SqEuclidean,closemixed,21509.873069999998,20,insample,blended
cross_scenario,k_medoids,3634057553,5,5.53082e7,1.4255935,SqEuclidean,closemixed,20730.112819,19,insample,blended
cross_scenario,k_medoids,4139823947,5,5.53587e7,1.3824456,SqEuclidean,closemixed,21942.346214999998,20,insample,blended
cross_scenario,k_medoids,4197766176,5,5.53124e7,1.3519616,SqEuclidean,closemixed,20735.967813,19,insample,blended
cross_scenario,k_medoids,5947179,5,5.51548e7,1.2893738,SqEuclidean,closemixed,676.738611,1,insample,blended
cross_scenario,k_medoids,1006581332,7,5.5335e7,2.0782391,SqEuclidean,closemixed,27734.25925,24,insample,blended
cross_scenario,k_medoids,1176932870,7,5.5069e7,1.9788243,SqEuclidean,closemixed,2668.9658500000005,4,insample,blended
cross_scenario,k_medoids,1821427372,7,5.51508e7,2.0411691,SqEuclidean,closemixed,15358.655584,15,insample,blended
cross_scenario,k_medoids,2689963385,7,5.50727e7,1.9639482,SqEuclidean,closemixed,11690.191127,11,insample,blended
cross_scenario,k_medoids,2751971336,7,5.53021e7,2.2665293,SqEuclidean,closemixed,8852.667182,9,insample,blended
cross_scenario,k_medoids,3385142830,7,5.53257e7,2.0605239,SqEuclidean,closemixed,27734.25925,24,insample,blended
cross_scenario,k_medoids,3409620994,7,5.51961e7,2.2229858,SqEuclidean,closemixed,2310.167779,4,insample,blended
cross_scenario,k_medoids,447101461,7,5.5347e7,1.9252692,SqEuclidean,closemixed,17014.841119,18,insample,blended
cross_scenario,k_medoids,468006976,7,5.536e7,2.6305712,SqEuclidean,closemixed,23191.505237999998,20,insample,blended
cross_scenario,k_medoids,880982686,7,5.53464e7,2.175977,SqEuclidean,closemixed,27563.186021,22,insample,blended
cross_scenario,k_medoids,1130292821,9,5.53231e7,2.6773617,SqEuclidean,closemixed,27633.597582,23,insample,blended
cross_scenario,k_medoids,1392296365,9,5.52144e7,2.7042163,SqEuclidean,closemixed,2310.167779,4,insample,blended
cross_scenario,k_medoids,2814468992,9,5.52067e7,2.9219101,SqEuclidean,closemixed,1613.451735,2,insample,blended
cross_scenario,k_medoids,3044209910,9,5.51482e7,2.9125712,SqEuclidean,closemixed,2467.7902649999996,4,insample,blended
cross_scenario,k_medoids,3261319673,9,5.5252e7,2.6796453,SqEuclidean,closemixed,27994.234173,24,insample,blended
cross_scenario,k_medoids,3543870990,9,5.53317e7,2.9799693,SqEuclidean,closemixed,10555.051766,11,insample,blended
cross_scenario,k_medoids,3602499071,9,5.47995e7,2.5602491,SqEuclidean,closemixed,9577.342389,9,insample,blended
cross_scenario,k_medoids,3926221275,9,5.52943e7,2.9320675,SqEuclidean,closemixed,8852.667182,9,insample,blended
cross_scenario,k_medoids,42413356,9,5.50028e7,2.695661,SqEuclidean,closemixed,7652.715993,8,insample,blended
cross_scenario,k_medoids,697383862,9,5.53865e7,2.8090328,SqEuclidean,closemixed,13954.345741,13,insample,blended
cross_scenario,k_means,1355586937,11,5.5349e7,3.584303,CosineDist,closemixed,12852.782801,12,insample,blended
cross_scenario,k_means,1768760743,11,5.53549e7,3.3937787,CosineDist,closemixed,10555.051766,11,insample,blended
cross_scenario,k_means,2652796558,11,5.53283e7,3.4286377,CosineDist,closemixed,10555.051766,11,insample,blended
cross_scenario,k_means,3000698040,11,5.52656e7,3.4857047,CosineDist,closemixed,7437.8018329999995,9,insample,blended
cross_scenario,k_means,3160233726,11,5.52505e7,3.8006009,CosineDist,closemixed,7437.8018329999995,9,insample,blended
cross_scenario,k_means,3479820580,11,5.53319e7,3.9003072,CosineDist,closemixed,10555.051766,11,insample,blended
cross_scenario,k_means,3649546841,11,5.53087e7,3.5090477,CosineDist,closemixed,9327.857928000001,10,insample,blended
cross_scenario,k_means,4031091536,11,5.53545e7,3.4620824,CosineDist,closemixed,8220.45124,9,insample,blended
cross_scenario,k_means,675182737,11,5.53557e7,3.4846598,CosineDist,closemixed,10555.051766,11,insample,blended
cross_scenario,k_means,722170199,11,5.52309e7,3.1912343,CosineDist,closemixed,7281.195679,9,insample,blended
cross_scenario,k_means,1020330993,13,5.53436e7,5.0130502,CosineDist,closemixed,10555.051766,11,insample,blended
cross_scenario,k_means,1241334511,13,5.53458e7,4.5010534,CosineDist,closemixed,10555.051766,11,insample,blended
cross_scenario,k_means,1561739573,13,5.53323e7,4.5149495,CosineDist,closemixed,12687.632474,11,insample,blended
cross_scenario,k_means,2082789969,13,5.53402e7,4.6607679,CosineDist,closemixed,11906.724207000001,11,insample,blended
cross_scenario,k_means,2422820678,13,5.5342e7,4.446491,CosineDist,closemixed,10555.051766,11,insample,blended
cross_scenario,k_means,373102896,13,5.534e7,4.7094279,CosineDist,closemixed,14844.108604999998,14,insample,blended
cross_scenario,k_means,3777256655,13,5.53405e7,4.9805889,CosineDist,closemixed,11688.362865000001,11,insample,blended
cross_scenario,k_means,4101453586,13,5.53136e7,5.3581491,CosineDist,closemixed,2689.840118,4,insample,blended
cross_scenario,k_means,419645993,13,5.53259e7,4.7125045,CosineDist,closemixed,16586.258215,18,insample,blended
cross_scenario,k_means,772616242,13,5.52795e7,4.5097341,CosineDist,closemixed,20080.419008,18,insample,blended
cross_scenario,k_means,1536731824,15,5.53175e7,5.2236507,CosineDist,closemixed,14672.690538,14,insample,blended
cross_scenario,k_means,1944031661,15,5.53541e7,5.7961291,CosineDist,closemixed,12081.307453,11,insample,blended
cross_scenario,k_means,195370354,15,5.53262e7,6.5283133,CosineDist,closemixed,10627.309189000001,11,insample,blended
cross_scenario,k_means,2392820273,15,5.51018e7,5.3253637,CosineDist,closemixed,14711.266277999997,14,insample,blended
cross_scenario,k_means,2931326369,15,5.51415e7,5.6441359,CosineDist,closemixed,8272.383568000001,9,insample,blended
cross_scenario,k_means,3012361418,15,5.52065e7,6.145959,CosineDist,closemixed,11605.568496999998,12,insample,blended
cross_scenario,k_means,3763622817,15,5.53417e7,5.5128808,CosineDist,closemixed,12172.296350000002,11,insample,blended
cross_scenario,k_means,3796973136,15,5.52597e7,5.5150635,CosineDist,closemixed,24027.375896,20,insample,blended
cross_scenario,k_means,3815196410,15,5.53274e7,6.2657122,CosineDist,closemixed,13542.696464999999,12,insample,blended
cross_scenario,k_means,604489562,15,5.5294e7,5.81468,CosineDist,closemixed,20510.955657000002,19,insample,blended
cross_scenario,k_means,1587347134,17,5.53227e7,5.8876176,CosineDist,closemixed,21150.806660000002,19,insample,blended
cross_scenario,k_means,186564236,17,5.52831e7,6.735408,CosineDist,closemixed,11295.520596999999,11,insample,blended
cross_scenario,k_means,2166881926,17,5.53159e7,5.8371447,CosineDist,closemixed,13995.370112999999,14,insample,blended
cross_scenario,k_means,2186186592,17,5.49761e7,6.1780446,CosineDist,closemixed,7960.508602,9,insample,blended
cross_scenario,k_means,2238747886,17,5.52476e7,6.4424407,CosineDist,closemixed,19458.644341,18,insample,blended
cross_scenario,k_means,224585247,17,5.52868e7,6.4552999,CosineDist,closemixed,5687.233969,6,insample,blended
cross_scenario,k_means,2339120676,17,5.51119e7,6.6944171,CosineDist,closemixed,6767.499613000001,8,insample,blended
cross_scenario,k_means,3093014142,17,5.51957e7,5.7424604,CosineDist,closemixed,2247.444011,4,insample,blended
cross_scenario,k_means,3258302586,17,5.51278e7,6.4169832,CosineDist,closemixed,676.738611,1,insample,blended
cross_scenario,k_means,3629043986,17,5.5246e7,6.3813969,CosineDist,closemixed,17447.339465,18,insample,blended
cross_scenario,k_means,1088367163,19,5.52035e7,7.7696962,CosineDist,closemixed,17583.880118,18,insample,blended
cross_scenario,k_means,1245540782,19,5.52091e7,7.7959901,CosineDist,closemixed,6070.579418,6,insample,blended
cross_scenario,k_means,2410109332,19,5.48818e7,7.7363364,CosineDist,closemixed,11501.476182000002,10,insample,blended
cross_scenario,k_means,2455416769,19,5.51925e7,7.0430833,CosineDist,closemixed,5324.127284000001,6,insample,blended
cross_scenario,k_means,2591120440,19,5.51016e7,7.4726182,CosineDist,closemixed,13883.732581,13,insample,blended
cross_scenario,k_means,2650271871,19,5.5282e7,8.6520876,CosineDist,closemixed,20444.453468,18,insample,blended
cross_scenario,k_means,2789252227,19,5.5184e7,7.8419678,CosineDist,closemixed,2310.167779,4,insample,blended
cross_scenario,k_means,3130995382,19,5.50279e7,7.0353937,CosineDist,closemixed,11036.888606999999,11,insample,blended
cross_scenario,k_means,3357853995,19,5.52249e7,8.3585213,CosineDist,closemixed,6070.579418,6,insample,blended
cross_scenario,k_means,824849990,19,5.49602e7,8.002203,CosineDist,closemixed,5847.473686,5,insample,blended
cross_scenario,k_means,1244389436,21,5.52224e7,9.8708951,CosineDist,closemixed,6904.879512,9,insample,blended
cross_scenario,k_means,1393653782,21,5.4983e7,9.5855739,CosineDist,closemixed,7651.1254389999995,8,insample,blended
cross_scenario,k_means,1761682951,21,5.50859e7,9.5666188,CosineDist,closemixed,6858.120161000001,8,insample,blended
cross_scenario,k_means,196162340,21,5.49911e7,8.1309329,CosineDist,closemixed,2892.869057,4,insample,blended
cross_scenario,k_means,1984034111,21,5.52388e7,8.8159426,CosineDist,closemixed,18817.66412,18,insample,blended
cross_scenario,k_means,2569047889,21,5.52462e7,9.6079038,CosineDist,closemixed,551.169497,1,insample,blended
cross_scenario,k_means,3286463093,21,5.52942e7,9.4195815,CosineDist,closemixed,2066.315106,3,insample,blended
cross_scenario,k_means,4196464565,21,5.53843e7,10.5432143,CosineDist,closemixed,760.681981,2,insample,blended
cross_scenario,k_means,744301781,21,5.52665e7,10.3901092,CosineDist,closemixed,10844.445787000002,11,insample,blended
cross_scenario,k_means,760014603,21,5.53231e7,8.1325081,CosineDist,closemixed,15773.594585999997,17,insample,blended
cross_scenario,k_means,2193967569,23,5.51986e7,11.0515466,CosineDist,closemixed,3866.1003159999996,5,insample,blended
cross_scenario,k_means,2546464051,23,5.50135e7,10.0734941,CosineDist,closemixed,10539.01359,10,insample,blended
cross_scenario,k_means,2938742229,23,5.49612e7,9.8623819,CosineDist,closemixed,13534.771249,12,insample,blended
cross_scenario,k_means,313447314,23,5.53124e7,10.9271456,CosineDist,closemixed,14828.670531,14,insample,blended
cross_scenario,k_means,3164855826,23,5.5226e7,11.3586357,CosineDist,closemixed,6904.879512,9,insample,blended
cross_scenario,k_means,3173192974,23,5.49587e7,10.4347838,CosineDist,closemixed,5996.9714730000005,6,insample,blended
cross_scenario,k_means,3527549645,23,5.53128e7,11.219591,CosineDist,closemixed,2066.315106,3,insample,blended
cross_scenario,k_means,3913193451,23,5.50658e7,11.1074727,CosineDist,closemixed,7084.4226579999995,8,insample,blended
cross_scenario,k_means,714332685,23,5.5205e7,11.7486408,CosineDist,closemixed,6070.579418,6,insample,blended
cross_scenario,k_means,890890131,23,5.52005e7,12.0063263,CosineDist,closemixed,6070.579418,6,insample,blended
cross_scenario,k_means,1134130444,25,5.50832e7,10.5598364,CosineDist,closemixed,22176.28987,20,insample,blended
cross_scenario,k_means,2658990538,25,5.51558e7,11.8959218,CosineDist,closemixed,9737.087250999999,9,insample,blended
cross_scenario,k_means,2726541456,25,5.49719e7,11.4186996,CosineDist,closemixed,3580.144487,5,insample,blended
cross_scenario,k_means,2894918851,25,5.4962e7,11.620653,CosineDist,closemixed,7612.415364000001,8,insample,blended
cross_scenario,k_means,3351175237,25,5.4965e7,10.3165931,CosineDist,closemixed,3032.6796329999997,4,insample,blended
cross_scenario,k_means,343301208,25,5.51541e7,10.5525962,CosineDist,closemixed,16076.404879,17,insample,blended
cross_scenario,k_means,4135971217,25,5.49914e7,10.8913957,CosineDist,closemixed,2892.870323,4,insample,blended
cross_scenario,k_means,4145110716,25,5.49591e7,11.0932708,CosineDist,closemixed,7956.729257,9,insample,blended
cross_scenario,k_means,448376330,25,5.51121e7,11.4111359,CosineDist,closemixed,13252.189688,12,insample,blended
cross_scenario,k_means,47449323,25,5.50264e7,10.4268819,CosineDist,closemixed,10463.421075999999,10,insample,blended
cross_scenario,k_means,1161276258,27,5.49546e7,12.5019741,CosineDist,closemixed,5992.3274200000005,6,insample,blended
cross_scenario,k_means,1233541653,27,5.49846e7,12.1603034,CosineDist,closemixed,3692.1408479999996,5,insample,blended
cross_scenario,k_means,1267936167,27,5.52488e7,14.2350723,CosineDist,closemixed,12311.755486000002,11,insample,blended
cross_scenario,k_means,1653248667,27,5.49538e7,12.8771288,CosineDist,closemixed,7585.536736999999,8,insample,blended
cross_scenario,k_means,2437521778,27,5.49656e7,11.4897669,CosineDist,closemixed,5942.125803,6,insample,blended
cross_scenario,k_means,2524306086,27,5.53485e7,11.8149269,CosineDist,closemixed,22978.911636999997,20,insample,blended
cross_scenario,k_means,2606414571,27,5.49673e7,13.9011731,CosineDist,closemixed,4977.921387,5,insample,blended
cross_scenario,k_means,2821296471,27,5.50137e7,12.5405248,CosineDist,closemixed,2908.3895199999997,4,insample,blended
cross_scenario,k_means,3155655383,27,5.50139e7,13.720704,CosineDist,closemixed,10595.170528999999,10,insample,blended
cross_scenario,k_means,463779685,27,5.51187e7,12.1993535,CosineDist,closemixed,2420.893008,4,insample,blended
cross_scenario,k_means,1113698075,29,5.49926e7,13.7477169,CosineDist,closemixed,9146.285554999999,10,insample,blended
cross_scenario,k_means,1125327650,29,5.48173e7,12.5041839,CosineDist,closemixed,5226.761792,6,insample,blended
cross_scenario,k_means,1398119942,29,5.50857e7,14.7129028,CosineDist,closemixed,6055.192632,6,insample,blended
cross_scenario,k_means,1669407957,29,5.50108e7,13.7470167,CosineDist,closemixed,2749.7453600000003,4,insample,blended
cross_scenario,k_means,1792506398,29,5.49505e7,15.0538855,CosineDist,closemixed,5848.135137,5,insample,blended
cross_scenario,k_means,2439649745,29,5.49874e7,13.8625819,CosineDist,closemixed,3041.48524,5,insample,blended
cross_scenario,k_means,2730667678,29,5.50423e7,13.2058996,CosineDist,closemixed,2780.638374,4,insample,blended
cross_scenario,k_means,2843080965,29,5.51109e7,13.9586683,CosineDist,closemixed,9921.880229999999,9,insample,blended
cross_scenario,k_means,3434031776,29,5.50412e7,14.5944692,CosineDist,closemixed,2764.632864,4,insample,blended
cross_scenario,k_means,950202798,29,5.49645e7,13.8181065,CosineDist,closemixed,7587.227946,8,insample,blended
cross_scenario,k_means,1042382051,3,5.80748e7,0.6466818,CosineDist,closemixed,0.0,0,insample,blended
cross_scenario,k_means,1617230705,3,5.73508e7,0.611234,CosineDist,closemixed,0.0,0,insample,blended
cross_scenario,k_means,1690918982,3,5.88236e7,0.8968198,CosineDist,closemixed,0.0,0,insample,blended
cross_scenario,k_means,2011904635,3,5.88236e7,0.6599299,CosineDist,closemixed,0.0,0,insample,blended
cross_scenario,k_means,208019063,3,5.80748e7,0.598178,CosineDist,closemixed,0.0,0,insample,blended
cross_scenario,k_means,2175589206,3,5.80748e7,0.6515866,CosineDist,closemixed,0.0,0,insample,blended
cross_scenario,k_means,2331872192,3,5.80748e7,0.622872,CosineDist,closemixed,0.0,0,insample,blended
cross_scenario,k_means,2859914000,3,5.80748e7,0.8773581,CosineDist,closemixed,0.0,0,insample,blended
cross_scenario,k_means,3409952330,3,5.80748e7,0.6742007,CosineDist,closemixed,0.0,0,insample,blended
cross_scenario,k_means,488813374,3,5.80748e7,0.5874616,CosineDist,closemixed,0.0,0,insample,blended
cross_scenario,k_means,1349996306,31,5.49655e7,14.9537759,CosineDist,closemixed,5992.600818,6,insample,blended
cross_scenario,k_means,1462714024,31,5.48326e7,16.1166778,CosineDist,closemixed,8877.843881,10,insample,blended
cross_scenario,k_means,1579127763,31,5.49938e7,15.2611643,CosineDist,closemixed,2879.783386,4,insample,blended
cross_scenario,k_means,1648351254,31,5.48772e7,14.7723858,CosineDist,closemixed,8676.965772000001,10,insample,blended
cross_scenario,k_means,2030289235,31,5.49646e7,15.0915094,CosineDist,closemixed,7934.753376000001,9,insample,blended
cross_scenario,k_means,2462588561,31,5.51068e7,15.3081578,CosineDist,closemixed,673.46372,1,insample,blended
cross_scenario,k_means,2929172095,31,5.49674e7,14.7930225,CosineDist,closemixed,5910.360146,6,insample,blended
cross_scenario,k_means,2944528308,31,5.48297e7,14.8804726,CosineDist,closemixed,6028.854356,6,insample,blended
cross_scenario,k_means,295145311,31,5.50842e7,14.1722002,CosineDist,closemixed,6880.533632999999,8,insample,blended
cross_scenario,k_means,3899371692,31,5.49663e7,14.8119422,CosineDist,closemixed,6175.201659,6,insample,blended
cross_scenario,k_means,1038419084,33,5.50666e7,18.5560304,CosineDist,closemixed,2702.802384,4,insample,blended
cross_scenario,k_means,1109759726,33,5.49519e7,17.8123475,CosineDist,closemixed,6169.507858,6,insample,blended
cross_scenario,k_means,1963882461,33,5.51847e7,16.7239382,CosineDist,closemixed,2531.975437,5,insample,blended
cross_scenario,k_means,1989163906,33,5.50276e7,15.817379,CosineDist,closemixed,2005.4473940000003,3,insample,blended
cross_scenario,k_means,2479233904,33,5.48458e7,16.9409279,CosineDist,closemixed,8433.874871999999,9,insample,blended
cross_scenario,k_means,2497612078,33,5.49395e7,17.3372711,CosineDist,closemixed,7644.611978000001,8,insample,blended
cross_scenario,k_means,3214090957,33,5.49501e7,16.6057955,CosineDist,closemixed,6174.137465999999,6,insample,blended
cross_scenario,k_means,3465092140,33,5.49413e7,15.8254982,CosineDist,closemixed,5981.750524,6,insample,blended
cross_scenario,k_means,4061834237,33,5.4984e7,16.0992204,CosineDist,closemixed,2862.9449649999997,4,insample,blended
cross_scenario,k_means,52313467,33,5.48928e7,16.717455,CosineDist,closemixed,15317.244350999998,14,insample,blended
cross_scenario,k_means,1208640119,35,5.48354e7,17.9063446,CosineDist,closemixed,5965.20723,5,insample,blended
cross_scenario,k_means,1428058240,35,5.49043e7,19.4126002,CosineDist,closemixed,14995.705337999998,14,insample,blended
cross_scenario,k_means,15941194,35,5.5002e7,17.618695,CosineDist,closemixed,6167.583173,6,insample,blended
cross_scenario,k_means,2213813141,35,5.49871e7,17.6300429,CosineDist,closemixed,2891.5222160000003,4,insample,blended
cross_scenario,k_means,2291375163,35,5.50726e7,18.2834695,CosineDist,closemixed,21078.510465,18,insample,blended
cross_scenario,k_means,236500538,35,5.49482e7,18.0445572,CosineDist,closemixed,7565.489185,8,insample,blended
cross_scenario,k_means,252145784,35,5.48577e7,16.8171348,CosineDist,closemixed,14196.750827999998,13,insample,blended
cross_scenario,k_means,2544196106,35,5.49718e7,18.1311881,CosineDist,closemixed,5994.672737999999,6,insample,blended
cross_scenario,k_means,2745802022,35,5.51036e7,18.350453,CosineDist,closemixed,6613.96249,8,insample,blended
cross_scenario,k_means,3596893902,35,5.49399e7,16.7184705,CosineDist,closemixed,6173.9094780000005,6,insample,blended
cross_scenario,k_means,1380354363,37,5.49692e7,17.2372522,CosineDist,closemixed,2081.085034,3,insample,blended
cross_scenario,k_means,3048518942,37,5.49416e7,18.7622906,CosineDist,closemixed,5988.574455000001,6,insample,blended
cross_scenario,k_means,3182806193,37,5.49972e7,20.9428561,CosineDist,closemixed,2787.324995,4,insample,blended
cross_scenario,k_means,3244629827,37,5.49074e7,21.1396659,CosineDist,closemixed,12381.269277,12,insample,blended
cross_scenario,k_means,3452769998,37,5.49421e7,21.2615094,CosineDist,closemixed,6173.959771000001,6,insample,blended
cross_scenario,k_means,4262333788,37,5.50301e7,17.8921794,CosineDist,closemixed,2005.621577,3,insample,blended
cross_scenario,k_means,45994245,37,5.4946e7,18.9233079,CosineDist,closemixed,15435.590734000001,14,insample,blended
cross_scenario,k_means,67569244,37,5.50009e7,18.36038,CosineDist,closemixed,10556.20336,10,insample,blended
cross_scenario,k_means,814300562,37,5.49004e7,19.9250045,CosineDist,closemixed,3121.5649270000004,4,insample,blended
cross_scenario,k_means,870981686,37,5.49834e7,18.0315987,CosineDist,closemixed,2887.327616,4,insample,blended
cross_scenario,k_means,1129760376,39,5.49214e7,20.3732255,CosineDist,closemixed,12842.221624,12,insample,blended
cross_scenario,k_means,148104383,39,5.50171e7,21.508766,CosineDist,closemixed,1998.607444,3,insample,blended
cross_scenario,k_means,1655289285,39,5.49595e7,23.4581782,CosineDist,closemixed,4480.108806,5,insample,blended
cross_scenario,k_means,1845695973,39,5.48001e7,20.7164324,CosineDist,closemixed,6287.291878,6,insample,blended
cross_scenario,k_means,2121257682,39,5.49408e7,21.3072116,CosineDist,closemixed,6839.252374,7,insample,blended
cross_scenario,k_means,2943233938,39,5.51558e7,20.9766625,CosineDist,closemixed,639.140447,1,insample,blended
cross_scenario,k_means,3030918353,39,5.48375e7,21.7789692,CosineDist,closemixed,7567.480612,8,insample,blended
cross_scenario,k_means,3096268031,39,5.4835e7,20.927526,CosineDist,closemixed,8409.002982,9,insample,blended
cross_scenario,k_means,3338611973,39,5.49858e7,19.798961,CosineDist,closemixed,2887.9369919999995,4,insample,blended
cross_scenario,k_means,662283236,39,5.49926e7,20.3770016,CosineDist,closemixed,2906.427413,4,insample,blended
cross_scenario,k_means,1005104349,41,5.48322e7,22.798414,CosineDist,closemixed,6188.150277999999,6,insample,blended
cross_scenario,k_means,1534696584,41,5.48345e7,22.9690256,CosineDist,closemixed,8409.002982,9,insample,blended
cross_scenario,k_means,225016911,41,5.49839e7,23.7465925,CosineDist,closemixed,2876.588031,4,insample,blended
cross_scenario,k_means,2317592996,41,5.48076e7,22.2662742,CosineDist,closemixed,6222.922504,6,insample,blended
cross_scenario,k_means,2716090479,41,5.4828e7,22.5797178,CosineDist,closemixed,6120.6179680000005,5,insample,blended
cross_scenario,k_means,3258958499,41,5.51544e7,23.7176825,CosineDist,closemixed,2310.167779,4,insample,blended
cross_scenario,k_means,329433595,41,5.4636e7,21.0909519,CosineDist,closemixed,10619.263421,12,insample,blended
cross_scenario,k_means,3444774395,41,5.47865e7,22.6185774,CosineDist,closemixed,9996.750498000001,10,insample,blended
cross_scenario,k_means,438234340,41,5.48846e7,21.9095879,CosineDist,closemixed,15353.324151,14,insample,blended
cross_scenario,k_means,953901905,41,5.49977e7,21.1178681,CosineDist,closemixed,2879.783386,4,insample,blended
cross_scenario,k_means,1660595499,5,5.53709e7,1.450907,CosineDist,closemixed,7404.803702999999,9,insample,blended
cross_scenario,k_means,1714105051,5,5.53645e7,1.394456,CosineDist,closemixed,8005.951396,9,insample,blended
cross_scenario,k_means,2169593505,5,5.53624e7,1.3332744,CosineDist,closemixed,7404.803702999999,9,insample,blended
cross_scenario,k_means,2538991366,5,5.5352e7,1.3107152,CosineDist,closemixed,10555.051766,11,insample,blended
cross_scenario,k_means,2909674750,5,5.53554e7,1.3022128,CosineDist,closemixed,10555.051766,11,insample,blended
cross_scenario,k_means,3018546641,5,5.53651e7,1.386803,CosineDist,closemixed,10555.051766,11,insample,blended
cross_scenario,k_means,3634057553,5,5.53628e7,1.3681381,CosineDist,closemixed,8857.776096,10,insample,blended
cross_scenario,k_means,4139823947,5,5.53689e7,1.3590967,CosineDist,closemixed,7466.204908,9,insample,blended
cross_scenario,k_means,4197766176,5,5.53675e7,1.3303434,CosineDist,closemixed,7404.803702999999,9,insample,blended
cross_scenario,k_means,5947179,5,5.53688e7,1.3704672,CosineDist,closemixed,9582.341927000001,10,insample,blended
cross_scenario,k_means,1006581332,7,5.53584e7,2.1235309,CosineDist,closemixed,7404.803702999999,9,insample,blended
cross_scenario,k_means,1176932870,7,5.53417e7,1.9907896,CosineDist,closemixed,10555.051766,11,insample,blended
cross_scenario,k_means,1821427372,7,5.53596e7,2.408835,CosineDist,closemixed,10555.051766,11,insample,blended
cross_scenario,k_means,2689963385,7,5.53572e7,2.0420368,CosineDist,closemixed,7404.803702999999,9,insample,blended
cross_scenario,k_means,2751971336,7,5.53558e7,2.3165216,CosineDist,closemixed,10555.051766,11,insample,blended
cross_scenario,k_means,3385142830,7,5.53585e7,2.0216844,CosineDist,closemixed,9112.416594,10,insample,blended
cross_scenario,k_means,3409620994,7,5.53479e7,2.1363179,CosineDist,closemixed,9073.969966999999,10,insample,blended
cross_scenario,k_means,447101461,7,5.53664e7,2.1274316,CosineDist,closemixed,7404.803702999999,9,insample,blended
cross_scenario,k_means,468006976,7,5.5334e7,2.1804677,CosineDist,closemixed,10555.051766,11,insample,blended
cross_scenario,k_means,880982686,7,5.53432e7,2.0387594,CosineDist,closemixed,10555.051766,11,insample,blended
cross_scenario,k_means,1130292821,9,5.5223e7,3.0615687,CosineDist,closemixed,5500.385039,6,insample,blended
cross_scenario,k_means,1392296365,9,5.53198e7,2.6207432,CosineDist,closemixed,2066.315106,3,insample,blended
cross_scenario,k_means,2814468992,9,5.53615e7,2.7289435,CosineDist,closemixed,7404.803702999999,9,insample,blended
cross_scenario,k_means,3044209910,9,5.52034e7,2.5824852,CosineDist,closemixed,2310.167779,4,insample,blended
cross_scenario,k_means,3261319673,9,5.53322e7,2.5116561,CosineDist,closemixed,10555.051766,11,insample,blended
cross_scenario,k_means,3543870990,9,5.53509e7,2.6307478,CosineDist,closemixed,10555.051766,11,insample,blended
cross_scenario,k_means,3602499071,9,5.53026e7,3.3939004,CosineDist,closemixed,5687.233969,6,insample,blended
cross_scenario,k_means,3926221275,9,5.53635e7,2.8808723,CosineDist,closemixed,8217.543501,9,insample,blended
cross_scenario,k_means,42413356,9,5.52738e7,2.7330028,CosineDist,closemixed,19852.100223,18,insample,blended
cross_scenario,k_means,697383862,9,5.53528e7,2.6891991,CosineDist,closemixed,10095.096494000001,10,insample,blended
cross_scenario,k_means,1355586937,11,5.524e7,3.4412064,SqEuclidean,closemixed,7437.8018329999995,9,insample,blended
cross_scenario,k_means,1768760743,11,5.53538e7,3.6102195,SqEuclidean,closemixed,10555.051766,11,insample,blended
cross_scenario,k_means,2652796558,11,5.53294e7,3.4414159,SqEuclidean,closemixed,10555.051766,11,insample,blended
cross_scenario,k_means,3000698040,11,5.52545e7,3.7155026,SqEuclidean,closemixed,7437.8018329999995,9,insample,blended
cross_scenario,k_means,3160233726,11,5.51175e7,3.4193517,SqEuclidean,closemixed,8326.871566,9,insample,blended
cross_scenario,k_means,3479820580,11,5.52433e7,3.4895158,SqEuclidean,closemixed,7437.8018329999995,9,insample,blended
cross_scenario,k_means,3649546841,11,5.53093e7,3.4903991,SqEuclidean,closemixed,9327.857928000001,10,insample,blended
cross_scenario,k_means,4031091536,11,5.5356e7,3.696182,SqEuclidean,closemixed,7404.803702999999,9,insample,blended
cross_scenario,k_means,675182737,11,5.53503e7,3.6606356,SqEuclidean,closemixed,11064.420581000002,11,insample,blended
cross_scenario,k_means,722170199,11,5.52246e7,3.708569,SqEuclidean,closemixed,18936.498901,18,insample,blended
cross_scenario,k_means,1020330993,13,5.53629e7,4.8904655,SqEuclidean,closemixed,12476.072150999998,11,insample,blended
cross_scenario,k_means,1241334511,13,5.53447e7,4.277464,SqEuclidean,closemixed,11224.835813999998,11,insample,blended
cross_scenario,k_means,1561739573,13,5.53386e7,4.2900955,SqEuclidean,closemixed,12866.516982,12,insample,blended
cross_scenario,k_means,2082789969,13,5.5287e7,4.1502508,SqEuclidean,closemixed,11081.014584,11,insample,blended
cross_scenario,k_means,2422820678,13,5.53226e7,4.420496,SqEuclidean,closemixed,14423.793908999998,14,insample,blended
cross_scenario,k_means,373102896,13,5.52997e7,3.8191322,SqEuclidean,closemixed,21197.86031,20,insample,blended
cross_scenario,k_means,3777256655,13,5.53288e7,4.6630275,SqEuclidean,closemixed,13828.237457,13,insample,blended
cross_scenario,k_means,4101453586,13,5.53105e7,4.313785,SqEuclidean,closemixed,2689.840118,4,insample,blended
cross_scenario,k_means,419645993,13,5.52676e7,4.2742816,SqEuclidean,closemixed,21889.283685000002,20,insample,blended
cross_scenario,k_means,772616242,13,5.53671e7,4.575562,SqEuclidean,closemixed,22904.354608999998,20,insample,blended
cross_scenario,k_means,1536731824,15,5.53109e7,5.2287038,SqEuclidean,closemixed,14690.561672000002,14,insample,blended
cross_scenario,k_means,1944031661,15,5.53493e7,5.1893543,SqEuclidean,closemixed,11784.564444000001,11,insample,blended
cross_scenario,k_means,195370354,15,5.51729e7,5.1155078,SqEuclidean,closemixed,17211.183779,18,insample,blended
cross_scenario,k_means,2392820273,15,5.51071e7,5.1346245,SqEuclidean,closemixed,14714.821936999999,14,insample,blended
cross_scenario,k_means,2931326369,15,5.51195e7,4.6809164,SqEuclidean,closemixed,8379.118075,9,insample,blended
cross_scenario,k_means,3012361418,15,5.52036e7,5.0458174,SqEuclidean,closemixed,11605.568496999998,12,insample,blended
cross_scenario,k_means,3763622817,15,5.51287e7,5.3500516,SqEuclidean,closemixed,9825.482982000001,9,insample,blended
cross_scenario,k_means,3796973136,15,5.51846e7,4.7259924,SqEuclidean,closemixed,24536.141180000002,20,insample,blended
cross_scenario,k_means,3815196410,15,5.52353e7,5.2516744,SqEuclidean,closemixed,19313.34001,18,insample,blended
cross_scenario,k_means,604489562,15,5.52682e7,5.1515307,SqEuclidean,closemixed,19850.135305000003,18,insample,blended
cross_scenario,k_means,1587347134,17,5.52229e7,6.7286619,SqEuclidean,closemixed,17857.651578999998,18,insample,blended
cross_scenario,k_means,186564236,17,5.51655e7,6.8410651,SqEuclidean,closemixed,9695.92993,9,insample,blended
cross_scenario,k_means,2166881926,17,5.53307e7,6.324592,SqEuclidean,closemixed,15041.644000999997,14,insample,blended
cross_scenario,k_means,2186186592,17,5.52565e7,7.0249083,SqEuclidean,closemixed,19593.398987,18,insample,blended
cross_scenario,k_means,2238747886,17,5.52475e7,6.1661157,SqEuclidean,closemixed,19453.513954,18,insample,blended
cross_scenario,k_means,224585247,17,5.52818e7,6.7946394,SqEuclidean,closemixed,5687.233969,6,insample,blended
cross_scenario,k_means,2339120676,17,5.49777e7,6.5617531,SqEuclidean,closemixed,7563.372484,8,insample,blended
cross_scenario,k_means,3093014142,17,5.5152e7,12.1646549,SqEuclidean,closemixed,2408.382188,4,insample,blended
cross_scenario,k_means,3258302586,17,5.51279e7,6.1298878,SqEuclidean,closemixed,676.738611,1,insample,blended
cross_scenario,k_means,3629043986,17,5.51757e7,6.4520583,SqEuclidean,closemixed,16872.096261,18,insample,blended
cross_scenario,k_means,1088367163,19,5.51985e7,8.4558157,SqEuclidean,closemixed,17583.880118,18,insample,blended
cross_scenario,k_means,1245540782,19,5.49728e7,7.6671542,SqEuclidean,closemixed,7603.029198,8,insample,blended
cross_scenario,k_means,2410109332,19,5.48748e7,8.231788,SqEuclidean,closemixed,11573.883045999999,10,insample,blended
cross_scenario,k_means,2455416769,19,5.50627e7,8.0805955,SqEuclidean,closemixed,5747.633973000001,6,insample,blended
cross_scenario,k_means,2591120440,19,5.50836e7,7.9993565,SqEuclidean,closemixed,13823.759633999998,13,insample,blended
cross_scenario,k_means,2650271871,19,5.53176e7,8.2495893,SqEuclidean,closemixed,15421.296964,17,insample,blended
cross_scenario,k_means,2789252227,19,5.51811e7,7.6915055,SqEuclidean,closemixed,2310.167779,4,insample,blended
cross_scenario,k_means,3130995382,19,5.5013e7,8.0320641,SqEuclidean,closemixed,11057.228626000002,11,insample,blended
cross_scenario,k_means,3357853995,19,5.52177e7,8.0330758,SqEuclidean,closemixed,6070.579418,6,insample,blended
cross_scenario,k_means,824849990,19,5.49963e7,7.9875711,SqEuclidean,closemixed,7742.544776000001,9,insample,blended
cross_scenario,k_means,1244389436,21,5.51943e7,9.0587558,SqEuclidean,closemixed,5583.078293,6,insample,blended
cross_scenario,k_means,1393653782,21,5.49797e7,10.4884006,SqEuclidean,closemixed,7623.401093,8,insample,blended
cross_scenario,k_means,1761682951,21,5.51276e7,10.0195975,SqEuclidean,closemixed,6601.560895,8,insample,blended
cross_scenario,k_means,196162340,21,5.49912e7,9.0248595,SqEuclidean,closemixed,2892.869057,4,insample,blended
cross_scenario,k_means,1984034111,21,5.52358e7,8.8132591,SqEuclidean,closemixed,18735.515646,18,insample,blended
cross_scenario,k_means,2569047889,21,5.52379e7,9.4429913,SqEuclidean,closemixed,551.169497,1,insample,blended
cross_scenario,k_means,3286463093,21,5.5292e7,9.2625711,SqEuclidean,closemixed,2066.315106,3,insample,blended
cross_scenario,k_means,4196464565,21,5.53088e7,10.6061095,SqEuclidean,closemixed,2167.164639,4,insample,blended
cross_scenario,k_means,744301781,21,5.50278e7,10.5294767,SqEuclidean,closemixed,8706.864174,9,insample,blended
cross_scenario,k_means,760014603,21,5.50117e7,8.9889759,SqEuclidean,closemixed,10588.047915,10,insample,blended
cross_scenario,k_means,2193967569,23,5.52945e7,9.7959107,SqEuclidean,closemixed,9345.031535,10,insample,blended
cross_scenario,k_means,2546464051,23,5.50094e7,10.5749457,SqEuclidean,closemixed,10567.035911,10,insample,blended
cross_scenario,k_means,2938742229,23,5.50469e7,11.6313568,SqEuclidean,closemixed,13104.074166999999,12,insample,blended
cross_scenario,k_means,313447314,23,5.50934e7,10.3403183,SqEuclidean,closemixed,4516.989956,5,insample,blended
cross_scenario,k_means,3164855826,23,5.51972e7,9.7852739,SqEuclidean,closemixed,5714.491470000001,6,insample,blended
cross_scenario,k_means,3173192974,23,5.48983e7,10.7797309,SqEuclidean,closemixed,6128.353636,6,insample,blended
cross_scenario,k_means,3527549645,23,5.53131e7,9.6417325,SqEuclidean,closemixed,2066.315106,3,insample,blended
cross_scenario,k_means,3913193451,23,5.49668e7,10.7391541,SqEuclidean,closemixed,6011.918564,6,insample,blended
cross_scenario,k_means,714332685,23,5.52091e7,10.410162,SqEuclidean,closemixed,6070.579418,6,insample,blended
cross_scenario,k_means,890890131,23,5.52e7,10.3351286,SqEuclidean,closemixed,6070.579418,6,insample,blended
cross_scenario,k_means,1134130444,25,5.50984e7,11.6414564,SqEuclidean,closemixed,21047.953109000002,19,insample,blended
cross_scenario,k_means,2658990538,25,5.50274e7,11.5661816,SqEuclidean,closemixed,10590.279289999999,10,insample,blended
cross_scenario,k_means,2726541456,25,5.48764e7,10.55853,SqEuclidean,closemixed,6182.160337,6,insample,blended
cross_scenario,k_means,2894918851,25,5.49651e7,11.2185491,SqEuclidean,closemixed,7586.535863,8,insample,blended
cross_scenario,k_means,3351175237,25,5.50023e7,10.5138112,SqEuclidean,closemixed,2904.9750590000003,4,insample,blended
cross_scenario,k_means,343301208,25,5.53202e7,10.5793223,SqEuclidean,closemixed,21524.460524000002,20,insample,blended
cross_scenario,k_means,4135971217,25,5.49905e7,10.7711362,SqEuclidean,closemixed,2896.212372,4,insample,blended
cross_scenario,k_means,4145110716,25,5.50057e7,11.6202145,SqEuclidean,closemixed,10571.188041000001,10,insample,blended
cross_scenario,k_means,448376330,25,5.50752e7,11.1864617,SqEuclidean,closemixed,13341.839404,12,insample,blended
cross_scenario,k_means,47449323,25,5.50181e7,13.0173985,SqEuclidean,closemixed,10558.863410000002,10,insample,blended
cross_scenario,k_means,1161276258,27,5.48922e7,12.8008204,SqEuclidean,closemixed,11524.444112,10,insample,blended
cross_scenario,k_means,1233541653,27,5.49519e7,14.31124,SqEuclidean,closemixed,6174.627184,6,insample,blended
cross_scenario,k_means,1267936167,27,5.50808e7,14.6228014,SqEuclidean,closemixed,13553.058598000001,12,insample,blended
cross_scenario,k_means,1653248667,27,5.50789e7,13.2580931,SqEuclidean,closemixed,6861.182804,8,insample,blended
cross_scenario,k_means,2437521778,27,5.49623e7,12.8453752,SqEuclidean,closemixed,6174.47264,6,insample,blended
cross_scenario,k_means,2524306086,27,5.50714e7,12.908911,SqEuclidean,closemixed,13552.229459,12,insample,blended
cross_scenario,k_means,2606414571,27,5.49667e7,12.7550523,SqEuclidean,closemixed,4977.921387,5,insample,blended
cross_scenario,k_means,2821296471,27,5.50154e7,14.3334447,SqEuclidean,closemixed,2908.7296509999996,4,insample,blended
cross_scenario,k_means,3155655383,27,5.50048e7,15.0668203,SqEuclidean,closemixed,10592.684461,10,insample,blended
cross_scenario,k_means,463779685,27,5.50052e7,12.4014955,SqEuclidean,closemixed,2760.5896729999995,4,insample,blended
cross_scenario,k_means,1113698075,29,5.49904e7,14.0957119,SqEuclidean,closemixed,9149.043451,10,insample,blended
cross_scenario,k_means,1125327650,29,5.47758e7,13.900695,SqEuclidean,closemixed,6535.8643870000005,7,insample,blended
cross_scenario,k_means,1398119942,29,5.4961e7,14.2053212,SqEuclidean,closemixed,7572.914941999999,8,insample,blended
cross_scenario,k_means,1669407957,29,5.49877e7,14.1888965,SqEuclidean,closemixed,2866.684084,4,insample,blended
cross_scenario,k_means,1792506398,29,5.48392e7,15.1122252,SqEuclidean,closemixed,12135.589718000001,10,insample,blended
cross_scenario,k_means,2439649745,29,5.49437e7,15.1612089,SqEuclidean,closemixed,5803.299129,5,insample,blended
cross_scenario,k_means,2730667678,29,5.49561e7,14.368,SqEuclidean,closemixed,5998.180611,6,insample,blended
cross_scenario,k_means,2843080965,29,5.51812e7,16.3725007,SqEuclidean,closemixed,9430.260330000001,9,insample,blended
cross_scenario,k_means,3434031776,29,5.48468e7,14.1345234,SqEuclidean,closemixed,6188.150277999999,6,insample,blended
cross_scenario,k_means,950202798,29,5.4965e7,15.2963528,SqEuclidean,closemixed,7587.5636589999995,8,insample,blended
cross_scenario,k_means,1042382051,3,5.80748e7,0.6403154,SqEuclidean,closemixed,0.0,0,insample,blended
cross_scenario,k_means,1617230705,3,5.73508e7,0.9904109,SqEuclidean,closemixed,0.0,0,insample,blended
cross_scenario,k_means,1690918982,3,5.88175e7,0.6376037,SqEuclidean,closemixed,0.0,0,insample,blended
cross_scenario,k_means,2011904635,3,5.80748e7,0.8326188,SqEuclidean,closemixed,0.0,0,insample,blended
cross_scenario,k_means,208019063,3,5.80748e7,0.6301438,SqEuclidean,closemixed,0.0,0,insample,blended
cross_scenario,k_means,2175589206,3,5.80748e7,4.2088719,SqEuclidean,closemixed,0.0,0,insample,blended
cross_scenario,k_means,2331872192,3,5.80748e7,0.6549472,SqEuclidean,closemixed,0.0,0,insample,blended
cross_scenario,k_means,2859914000,3,5.80748e7,0.6334323,SqEuclidean,closemixed,0.0,0,insample,blended
cross_scenario,k_means,3409952330,3,5.80748e7,0.6307722,SqEuclidean,closemixed,0.0,0,insample,blended
cross_scenario,k_means,488813374,3,5.80748e7,0.747653,SqEuclidean,closemixed,0.0,0,insample,blended
cross_scenario,k_means,1349996306,31,5.49637e7,14.9788668,SqEuclidean,closemixed,5992.780315,6,insample,blended
cross_scenario,k_means,1462714024,31,5.47884e7,14.7219375,SqEuclidean,closemixed,8785.174177,9,insample,blended
cross_scenario,k_means,1579127763,31,5.50624e7,16.1062723,SqEuclidean,closemixed,2681.777893,4,insample,blended
cross_scenario,k_means,1648351254,31,5.47831e7,14.8834639,SqEuclidean,closemixed,9577.342389,9,insample,blended
cross_scenario,k_means,2030289235,31,5.48877e7,15.6464605,SqEuclidean,closemixed,11501.476182000002,10,insample,blended
cross_scenario,k_means,2462588561,31,5.50535e7,14.5947828,SqEuclidean,closemixed,786.265124,2,insample,blended
cross_scenario,k_means,2929172095,31,5.49462e7,14.103989,SqEuclidean,closemixed,5989.234706,6,insample,blended
cross_scenario,k_means,2944528308,31,5.4829e7,14.7238491,SqEuclidean,closemixed,6033.176266,6,insample,blended
cross_scenario,k_means,295145311,31,5.49675e7,15.3967606,SqEuclidean,closemixed,7628.817772999999,8,insample,blended
cross_scenario,k_means,3899371692,31,5.48552e7,15.3611627,SqEuclidean,closemixed,6188.150277999999,6,insample,blended
cross_scenario,k_means,1038419084,33,5.50006e7,17.0484252,SqEuclidean,closemixed,2886.110763,4,insample,blended
cross_scenario,k_means,1109759726,33,5.49542e7,17.4261624,SqEuclidean,closemixed,5988.195107999999,6,insample,blended
cross_scenario,k_means,1963882461,33,5.5312e7,18.9640753,SqEuclidean,closemixed,1757.7694310000002,2,insample,blended
cross_scenario,k_means,1989163906,33,5.49648e7,16.2323451,SqEuclidean,closemixed,2081.085034,3,insample,blended
cross_scenario,k_means,2479233904,33,5.48453e7,17.9771477,SqEuclidean,closemixed,8433.874871999999,9,insample,blended
cross_scenario,k_means,2497612078,33,5.49516e7,16.8696636,SqEuclidean,closemixed,7537.429696,8,insample,blended
cross_scenario,k_means,3214090957,33,5.49525e7,16.9757759,SqEuclidean,closemixed,6174.386710999999,6,insample,blended
cross_scenario,k_means,3465092140,33,5.49409e7,16.7618633,SqEuclidean,closemixed,6192.103037,7,insample,blended
cross_scenario,k_means,4061834237,33,5.49841e7,15.9275063,SqEuclidean,closemixed,2862.9449649999997,4,insample,blended
cross_scenario,k_means,52313467,33,5.48613e7,17.5472384,SqEuclidean,closemixed,13421.455682000002,12,insample,blended
cross_scenario,k_means,1208640119,35,5.48701e7,19.1120739,SqEuclidean,closemixed,11122.237744,10,insample,blended
cross_scenario,k_means,1428058240,35,5.48818e7,16.9102228,SqEuclidean,closemixed,15001.87187,14,insample,blended
cross_scenario,k_means,15941194,35,5.49482e7,18.8272311,SqEuclidean,closemixed,6174.376336,6,insample,blended
cross_scenario,k_means,2213813141,35,5.49099e7,19.7947164,SqEuclidean,closemixed,3121.5649270000004,4,insample,blended
cross_scenario,k_means,2291375163,35,5.50738e7,21.0239554,SqEuclidean,closemixed,21065.474044000002,18,insample,blended
cross_scenario,k_means,236500538,35,5.48741e7,18.2169219,SqEuclidean,closemixed,13836.761246999999,13,insample,blended
cross_scenario,k_means,252145784,35,5.48589e7,17.7146236,SqEuclidean,closemixed,14258.05067,13,insample,blended
cross_scenario,k_means,2544196106,35,5.4964e7,16.9045013,SqEuclidean,closemixed,5996.942771999999,6,insample,blended
cross_scenario,k_means,2745802022,35,5.4952e7,17.8450639,SqEuclidean,closemixed,7564.594295999999,8,insample,blended
cross_scenario,k_means,3596893902,35,5.48315e7,17.1618661,SqEuclidean,closemixed,6188.150277999999,6,insample,blended
cross_scenario,k_means,1380354363,37,5.50975e7,18.3475596,SqEuclidean,closemixed,911.6709000000001,3,insample,blended
cross_scenario,k_means,3048518942,37,5.49408e7,20.8455608,SqEuclidean,closemixed,5988.574455000001,6,insample,blended
cross_scenario,k_means,3182806193,37,5.49848e7,21.4189636,SqEuclidean,closemixed,2858.3314849999997,4,insample,blended
cross_scenario,k_means,3244629827,37,5.4886e7,21.0772135,SqEuclidean,closemixed,14867.360324000003,14,insample,blended
cross_scenario,k_means,3452769998,37,5.49419e7,20.8773857,SqEuclidean,closemixed,6173.959771000001,6,insample,blended
cross_scenario,k_means,4262333788,37,5.50301e7,20.3257087,SqEuclidean,closemixed,2006.640315,3,insample,blended
cross_scenario,k_means,45994245,37,5.49466e7,16.5824776,SqEuclidean,closemixed,15435.590734000001,14,insample,blended
cross_scenario,k_means,67569244,37,5.50004e7,21.6327563,SqEuclidean,closemixed,10552.067402,10,insample,blended
cross_scenario,k_means,814300562,37,5.489e7,19.5119877,SqEuclidean,closemixed,3121.5649270000004,4,insample,blended
cross_scenario,k_means,870981686,37,5.48341e7,18.516145,SqEuclidean,closemixed,6120.6179680000005,5,insample,blended
cross_scenario,k_means,1129760376,39,5.49207e7,21.5618187,SqEuclidean,closemixed,12842.221624,12,insample,blended
cross_scenario,k_means,148104383,39,5.50146e7,23.2753711,SqEuclidean,closemixed,1995.8533850000001,3,insample,blended
cross_scenario,k_means,1655289285,39,5.48727e7,22.0574328,SqEuclidean,closemixed,11501.476182000002,10,insample,blended
cross_scenario,k_means,1845695973,39,5.47804e7,23.2458409,SqEuclidean,closemixed,6387.62542,6,insample,blended
cross_scenario,k_means,2121257682,39,5.49955e7,21.9745495,SqEuclidean,closemixed,10505.233089000001,10,insample,blended
cross_scenario,k_means,2943233938,39,5.50857e7,22.3230034,SqEuclidean,closemixed,1210.415117,3,insample,blended
cross_scenario,k_means,3030918353,39,5.48416e7,26.8303256,SqEuclidean,closemixed,5965.20723,5,insample,blended
cross_scenario,k_means,3096268031,39,5.47939e7,20.6889161,SqEuclidean,closemixed,8777.71322,9,insample,blended
cross_scenario,k_means,3338611973,39,5.50075e7,23.27714,SqEuclidean,closemixed,2779.9652910000004,4,insample,blended
cross_scenario,k_means,662283236,39,5.49935e7,21.1850364,SqEuclidean,closemixed,2897.217115,4,insample,blended
cross_scenario,k_means,1005104349,41,5.48291e7,22.0002482,SqEuclidean,closemixed,6188.77521,6,insample,blended
cross_scenario,k_means,1534696584,41,5.4843e7,22.8454872,SqEuclidean,closemixed,8375.067317000001,9,insample,blended
cross_scenario,k_means,225016911,41,5.48995e7,23.1439837,SqEuclidean,closemixed,3121.5649270000004,4,insample,blended
cross_scenario,k_means,2317592996,41,5.4883e7,20.542698,SqEuclidean,closemixed,3627.77164,5,insample,blended
cross_scenario,k_means,2716090479,41,5.48254e7,22.3634481,SqEuclidean,closemixed,6120.6179680000005,5,insample,blended
cross_scenario,k_means,3258958499,41,5.51539e7,26.9187947,SqEuclidean,closemixed,2310.167779,4,insample,blended
cross_scenario,k_means,329433595,41,5.46955e7,19.8090376,SqEuclidean,closemixed,9577.342389,9,insample,blended
cross_scenario,k_means,3444774395,41,5.47355e7,23.5714739,SqEuclidean,closemixed,10600.352136,11,insample,blended
cross_scenario,k_means,438234340,41,5.4869e7,24.0321124,SqEuclidean,closemixed,14759.047928,14,insample,blended
cross_scenario,k_means,953901905,41,5.4986e7,24.3450425,SqEuclidean,closemixed,2877.991028,4,insample,blended
cross_scenario,k_means,1660595499,5,5.53709e7,1.4974402,SqEuclidean,closemixed,7404.803702999999,9,insample,blended
cross_scenario,k_means,1714105051,5,5.53645e7,1.4696741,SqEuclidean,closemixed,8005.951396,9,insample,blended
cross_scenario,k_means,2169593505,5,5.53585e7,1.3462421,SqEuclidean,closemixed,7404.803702999999,9,insample,blended
cross_scenario,k_means,2538991366,5,5.53608e7,1.5811159,SqEuclidean,closemixed,14364.157863,14,insample,blended
cross_scenario,k_means,2909674750,5,5.53608e7,1.4172615,SqEuclidean,closemixed,7404.803702999999,9,insample,blended
cross_scenario,k_means,3018546641,5,5.53651e7,1.4110186,SqEuclidean,closemixed,10555.051766,11,insample,blended
cross_scenario,k_means,3634057553,5,5.53611e7,1.481594,SqEuclidean,closemixed,7404.803702999999,9,insample,blended
cross_scenario,k_means,4139823947,5,5.53689e7,1.4019295,SqEuclidean,closemixed,7466.204908,9,insample,blended
cross_scenario,k_means,4197766176,5,5.53675e7,1.3302956,SqEuclidean,closemixed,7404.803702999999,9,insample,blended
cross_scenario,k_means,5947179,5,5.53668e7,1.4314487,SqEuclidean,closemixed,9071.160923000001,10,insample,blended
cross_scenario,k_means,1006581332,7,5.53631e7,2.1737641,SqEuclidean,closemixed,7404.803702999999,9,insample,blended
cross_scenario,k_means,1176932870,7,5.53453e7,2.1454597,SqEuclidean,closemixed,10555.051766,11,insample,blended
cross_scenario,k_means,1821427372,7,5.53595e7,2.1527063,SqEuclidean,closemixed,10555.051766,11,insample,blended
cross_scenario,k_means,2689963385,7,5.5357e7,2.2694064,SqEuclidean,closemixed,8138.525371,9,insample,blended
cross_scenario,k_means,2751971336,7,5.53667e7,2.2946716,SqEuclidean,closemixed,9562.271005999999,10,insample,blended
cross_scenario,k_means,3385142830,7,5.53484e7,2.1097712,SqEuclidean,closemixed,10555.051766,11,insample,blended
cross_scenario,k_means,3409620994,7,5.53519e7,2.2793073,SqEuclidean,closemixed,10062.392442,10,insample,blended
cross_scenario,k_means,447101461,7,5.53637e7,2.1526065,SqEuclidean,closemixed,7404.803702999999,9,insample,blended
cross_scenario,k_means,468006976,7,5.53799e7,2.2274142,SqEuclidean,closemixed,13322.518357,12,insample,blended
cross_scenario,k_means,880982686,7,5.53437e7,1.9976366,SqEuclidean,closemixed,10555.051766,11,insample,blended
cross_scenario,k_means,1130292821,9,5.52585e7,2.7356593,SqEuclidean,closemixed,7281.195679,9,insample,blended
cross_scenario,k_means,1392296365,9,5.52367e7,2.5803017,SqEuclidean,closemixed,6560.546132000001,9,insample,blended
cross_scenario,k_means,2814468992,9,5.53611e7,2.8882084,SqEuclidean,closemixed,7404.803702999999,9,insample,blended
cross_scenario,k_means,3044209910,9,5.51921e7,3.1725699,SqEuclidean,closemixed,2310.167779,4,insample,blended
cross_scenario,k_means,3261319673,9,5.53311e7,2.5225196,SqEuclidean,closemixed,10555.051766,11,insample,blended
cross_scenario,k_means,3543870990,9,5.53477e7,3.1188065,SqEuclidean,closemixed,10555.051766,11,insample,blended
cross_scenario,k_means,3602499071,9,5.53006e7,2.8561471,SqEuclidean,closemixed,5687.233969,6,insample,blended
cross_scenario,k_means,3926221275,9,5.53632e7,2.6850649,SqEuclidean,closemixed,8607.447161,9,insample,blended
cross_scenario,k_means,42413356,9,5.51018e7,2.9170026,SqEuclidean,closemixed,14030.591199999999,13,insample,blended
cross_scenario,k_means,697383862,9,5.53505e7,2.5405275,SqEuclidean,closemixed,10555.051766,11,insample,blended
