method,clustering,seed,num_periods,cost,time,distance,data,loss,loss_ct
stochastic,stochastic,0,0,4.41669e7,117.9532383,N/A,centered,9702.399359,7
cross_scenario,convex_hull,0,11,4.42271e7,3.2196726,CosineDist,centered,11005.073398,7
cross_scenario,convex_hull,0,13,4.43126e7,3.9361891,CosineDist,centered,11855.075472,10
cross_scenario,convex_hull,0,15,4.42701e7,5.586371,CosineDist,centered,11227.051077999999,7
cross_scenario,convex_hull,0,17,4.42382e7,5.4835336,CosineDist,centered,11545.684757,7
cross_scenario,convex_hull,0,19,4.42397e7,8.0611282,CosineDist,centered,10846.209481,7
cross_scenario,convex_hull,0,21,4.42293e7,9.7442177,CosineDist,centered,11045.137417999998,7
cross_scenario,convex_hull,0,23,4.42294e7,10.0183752,CosineDist,centered,10789.540863999999,7
cross_scenario,convex_hull,0,25,4.42314e7,11.9316666,CosineDist,centered,10198.229711,7
cross_scenario,convex_hull,0,27,4.42078e7,12.5416369,CosineDist,centered,11184.017710999999,7
cross_scenario,convex_hull,0,29,4.42093e7,15.5499636,CosineDist,centered,11183.108709,7
cross_scenario,convex_hull,0,3,4.68108e7,0.8987254,CosineDist,centered,0.0,0
cross_scenario,convex_hull,0,31,4.41962e7,14.3874447,CosineDist,centered,11555.809706,7
cross_scenario,convex_hull,0,33,4.41965e7,17.5089034,CosineDist,centered,11563.663454,7
cross_scenario,convex_hull,0,35,4.41774e7,16.4059683,CosineDist,centered,10750.35874,7
cross_scenario,convex_hull,0,37,4.41737e7,19.6072307,CosineDist,centered,10943.528476000001,7
cross_scenario,convex_hull,0,39,4.41758e7,22.6301476,CosineDist,centered,10584.486813999998,7
cross_scenario,convex_hull,0,41,4.41761e7,21.7295889,CosineDist,centered,11285.343948,7
cross_scenario,convex_hull,0,5,4.43763e7,1.4744731,CosineDist,centered,10387.170553,7
cross_scenario,convex_hull,0,7,4.43734e7,1.9154286,CosineDist,centered,11174.179163000003,7
cross_scenario,convex_hull,0,9,4.43098e7,2.6224752,CosineDist,centered,11177.270413,7
cross_scenario,convex_hull,0,11,4.44041e7,3.4051622,SqEuclidean,centered,8890.489428,7
cross_scenario,convex_hull,0,13,4.43534e7,4.636401,SqEuclidean,centered,8664.876192,7
cross_scenario,convex_hull,0,15,4.43243e7,5.4877392,SqEuclidean,centered,8112.365067999999,7
cross_scenario,convex_hull,0,17,4.426e7,6.6861673,SqEuclidean,centered,8100.495001,7
cross_scenario,convex_hull,0,19,4.42552e7,7.5612423,SqEuclidean,centered,11109.503799999999,7
cross_scenario,convex_hull,0,21,4.42605e7,9.2886879,SqEuclidean,centered,10988.653357,7
cross_scenario,convex_hull,0,23,4.42207e7,10.1182868,SqEuclidean,centered,10765.169385,7
cross_scenario,convex_hull,0,25,4.42179e7,11.5751684,SqEuclidean,centered,10431.062324,7
cross_scenario,convex_hull,0,27,4.42116e7,12.885001,SqEuclidean,centered,10501.735512,7
cross_scenario,convex_hull,0,29,4.42121e7,15.6710188,SqEuclidean,centered,10506.093277999998,7
cross_scenario,convex_hull,0,3,4.99379e7,0.7278232,SqEuclidean,centered,12200.192554000001,18
cross_scenario,convex_hull,0,31,4.42107e7,14.2992965,SqEuclidean,centered,10318.890841,7
cross_scenario,convex_hull,0,33,4.41999e7,16.8919209,SqEuclidean,centered,10644.034112999998,7
cross_scenario,convex_hull,0,35,4.41952e7,18.553202,SqEuclidean,centered,10735.707042,7
cross_scenario,convex_hull,0,37,4.41985e7,21.3675977,SqEuclidean,centered,10825.602704,7
cross_scenario,convex_hull,0,39,4.41822e7,22.9928195,SqEuclidean,centered,11744.873437,7
cross_scenario,convex_hull,0,41,4.41834e7,22.3855295,SqEuclidean,centered,12360.867109,7
cross_scenario,convex_hull,0,5,4.45955e7,1.1628754,SqEuclidean,centered,6218.552072,7
cross_scenario,convex_hull,0,7,4.44801e7,1.8692831,SqEuclidean,centered,11546.107787,7
cross_scenario,convex_hull,0,9,4.441e7,2.8187434,SqEuclidean,centered,9376.411022,7
cross_scenario,k_medoids,1355586937,11,1.1003e8,4.2667098,CosineDist,centered,1.76457487259e6,515
cross_scenario,k_medoids,1768760743,11,1.16906e8,4.1104744,CosineDist,centered,1.9408713891850002e6,642
cross_scenario,k_medoids,2652796558,11,4.43511e7,4.6958355,CosineDist,centered,8208.318366,7
cross_scenario,k_medoids,3000698040,11,1.00371e8,3.6917818,CosineDist,centered,1.513494322814e6,430
cross_scenario,k_medoids,3160233726,11,4.89081e7,4.5283936,CosineDist,centered,143393.33939400004,87
cross_scenario,k_medoids,3479820580,11,9.2447e7,3.4073046,CosineDist,centered,1.304629194268e6,308
cross_scenario,k_medoids,3649546841,11,1.23457e8,5.1175035,CosineDist,centered,2.1046162614430003e6,640
cross_scenario,k_medoids,4031091536,11,4.42317e7,4.3750574,CosineDist,centered,6678.277650999999,7
cross_scenario,k_medoids,675182737,11,9.91195e7,4.3109293,CosineDist,centered,1.4674332761879999e6,331
cross_scenario,k_medoids,722170199,11,1.11994e8,4.0403253,CosineDist,centered,1.814568635709e6,583
cross_scenario,k_medoids,1020330993,13,4.68253e7,4.4228987,CosineDist,centered,91049.36404,52
cross_scenario,k_medoids,1241334511,13,4.42241e7,5.9566589,CosineDist,centered,6449.467651,7
cross_scenario,k_medoids,1561739573,13,4.42363e7,4.9830467,CosineDist,centered,7656.840401,7
cross_scenario,k_medoids,2082789969,13,4.42541e7,4.5852103,CosineDist,centered,8682.844009,7
cross_scenario,k_medoids,2422820678,13,4.42467e7,4.7968057,CosineDist,centered,8082.173541,7
cross_scenario,k_medoids,373102896,13,9.53201e7,5.112621,CosineDist,centered,1.384532288639e6,345
cross_scenario,k_medoids,3777256655,13,4.42088e7,5.0917029,CosineDist,centered,7720.397317999999,7
cross_scenario,k_medoids,4101453586,13,1.04713e8,5.5140292,CosineDist,centered,1.6143277863879998e6,387
cross_scenario,k_medoids,419645993,13,9.79766e7,5.7554979,CosineDist,centered,1.4403184681660002e6,340
cross_scenario,k_medoids,772616242,13,4.42442e7,4.7567716,CosineDist,centered,8977.854311,7
cross_scenario,k_medoids,1536731824,15,4.42547e7,5.7260406,CosineDist,centered,7735.604982,7
cross_scenario,k_medoids,1944031661,15,9.14999e7,5.8439809,CosineDist,centered,1.2642563681949999e6,275
cross_scenario,k_medoids,195370354,15,4.83576e7,6.4767016,CosineDist,centered,129742.168298,79
cross_scenario,k_medoids,2392820273,15,1.09406e8,5.5445237,CosineDist,centered,1.7420832632260001e6,554
cross_scenario,k_medoids,2931326369,15,8.66665e7,6.0323,CosineDist,centered,1.14451143716e6,252
cross_scenario,k_medoids,3012361418,15,4.42023e7,5.599889,CosineDist,centered,8757.84044,7
cross_scenario,k_medoids,3763622817,15,9.25341e7,6.4189082,CosineDist,centered,1.296303148931e6,288
cross_scenario,k_medoids,3796973136,15,1.0058e8,6.9209418,CosineDist,centered,1.5095327881250002e6,467
cross_scenario,k_medoids,3815196410,15,4.42095e7,6.6714496,CosineDist,centered,7305.779489,7
cross_scenario,k_medoids,604489562,15,4.42687e7,6.4436617,CosineDist,centered,12748.915705,7
cross_scenario,k_medoids,1587347134,17,1.00215e8,9.5833824,CosineDist,centered,1.495269949239e6,315
cross_scenario,k_medoids,186564236,17,4.66783e7,7.2772428,CosineDist,centered,88254.008954,52
cross_scenario,k_medoids,2166881926,17,4.4219e7,6.9221234,CosineDist,centered,12443.062272,7
cross_scenario,k_medoids,2186186592,17,4.41892e7,8.1914987,CosineDist,centered,7010.410408,7
cross_scenario,k_medoids,2238747886,17,1.08976e8,9.7112686,CosineDist,centered,1.7370695205139997e6,512
cross_scenario,k_medoids,224585247,17,9.53388e7,7.0336357,CosineDist,centered,1.3852903842310002e6,318
cross_scenario,k_medoids,2339120676,17,4.42604e7,8.1953326,CosineDist,centered,7608.116122,7
cross_scenario,k_medoids,3093014142,17,4.42321e7,7.6449031,CosineDist,centered,8632.332187,7
cross_scenario,k_medoids,3258302586,17,1.19782e8,5.8520529,CosineDist,centered,2.013600168741e6,650
cross_scenario,k_medoids,3629043986,17,4.42153e7,6.9206605,CosineDist,centered,6462.032786,7
cross_scenario,k_medoids,1088367163,19,4.62595e7,7.9258338,CosineDist,centered,76962.61627799997,41
cross_scenario,k_medoids,1245540782,19,4.42684e7,7.3434142,CosineDist,centered,8392.848686,7
cross_scenario,k_medoids,2410109332,19,4.4196e7,9.0052062,CosineDist,centered,10234.344500000001,7
cross_scenario,k_medoids,2455416769,19,4.42257e7,8.4701114,CosineDist,centered,10369.661794,7
cross_scenario,k_medoids,2591120440,19,9.56229e7,9.5572214,CosineDist,centered,1.37787083938e6,307
cross_scenario,k_medoids,2650271871,19,4.42059e7,9.9873307,CosineDist,centered,9029.308162000001,7
cross_scenario,k_medoids,2789252227,19,4.43026e7,9.2616157,CosineDist,centered,12473.326356999998,7
cross_scenario,k_medoids,3130995382,19,9.10366e7,7.5452674,CosineDist,centered,1.270569475944e6,249
cross_scenario,k_medoids,3357853995,19,4.42663e7,8.4070032,CosineDist,centered,13469.918862,7
cross_scenario,k_medoids,824849990,19,8.88981e7,8.8077241,CosineDist,centered,1.2020531163040001e6,251
cross_scenario,k_medoids,1244389436,21,4.41844e7,9.1589242,CosineDist,centered,8412.90998,7
cross_scenario,k_medoids,1393653782,21,4.42127e7,9.6547213,CosineDist,centered,7179.173644,7
cross_scenario,k_medoids,1761682951,21,4.42261e7,9.8838652,CosineDist,centered,7826.741859,7
cross_scenario,k_medoids,196162340,21,4.41974e7,9.6343371,CosineDist,centered,9138.606373,7
cross_scenario,k_medoids,1984034111,21,4.42108e7,10.4255417,CosineDist,centered,9872.08337,7
cross_scenario,k_medoids,2569047889,21,4.41797e7,9.4053905,CosineDist,centered,9507.431194,7
cross_scenario,k_medoids,3286463093,21,9.41669e7,12.0775756,CosineDist,centered,1.344898627175e6,275
cross_scenario,k_medoids,4196464565,21,4.41937e7,9.1315773,CosineDist,centered,8809.728667,7
cross_scenario,k_medoids,744301781,21,1.04061e8,8.1855014,CosineDist,centered,1.6096513746089996e6,413
cross_scenario,k_medoids,760014603,21,4.41924e7,10.3395251,CosineDist,centered,9065.491427,7
cross_scenario,k_medoids,2193967569,23,4.42126e7,11.7541884,CosineDist,centered,10564.721888,7
cross_scenario,k_medoids,2546464051,23,8.96921e7,12.3386837,CosineDist,centered,1.2226620127110002e6,242
cross_scenario,k_medoids,2938742229,23,4.42129e7,11.4442565,CosineDist,centered,8799.045331,7
cross_scenario,k_medoids,313447314,23,4.41895e7,11.0121341,CosineDist,centered,8357.248055,7
cross_scenario,k_medoids,3164855826,23,4.41957e7,11.721966,CosineDist,centered,7571.494972,7
cross_scenario,k_medoids,3173192974,23,4.41999e7,14.9528744,CosineDist,centered,8272.853016,7
cross_scenario,k_medoids,3527549645,23,4.4181e7,14.6227672,CosineDist,centered,8498.611191000002,7
cross_scenario,k_medoids,3913193451,23,4.41966e7,15.0061054,CosineDist,centered,6401.853268,7
cross_scenario,k_medoids,714332685,23,4.61267e7,11.1960433,CosineDist,centered,73402.86874399999,36
cross_scenario,k_medoids,890890131,23,4.63169e7,12.1881384,CosineDist,centered,78601.16568299998,41
cross_scenario,k_medoids,1134130444,25,4.66441e7,12.0099036,CosineDist,centered,87377.096361,51
cross_scenario,k_medoids,2658990538,25,8.89997e7,11.4084217,CosineDist,centered,1.2182987710699998e6,254
cross_scenario,k_medoids,2726541456,25,4.4206e7,11.2426399,CosineDist,centered,8268.951274000001,7
cross_scenario,k_medoids,2894918851,25,4.627e7,12.7057773,CosineDist,centered,76962.61627799997,41
cross_scenario,k_medoids,3351175237,25,9.38149e7,16.7555511,CosineDist,centered,1.3278526244060001e6,271
cross_scenario,k_medoids,343301208,25,9.85762e7,14.4452394,CosineDist,centered,1.458178698702e6,286
cross_scenario,k_medoids,4135971217,25,4.42248e7,13.1048866,CosineDist,centered,8895.41969,7
cross_scenario,k_medoids,4145110716,25,4.42046e7,11.550717,CosineDist,centered,8980.160712,7
cross_scenario,k_medoids,448376330,25,4.41879e7,13.7521307,CosineDist,centered,7267.0508709999995,7
cross_scenario,k_medoids,47449323,25,4.42313e7,14.5886622,CosineDist,centered,9023.949434999999,7
cross_scenario,k_medoids,1161276258,27,4.41993e7,16.7365814,CosineDist,centered,6729.037195000001,7
cross_scenario,k_medoids,1233541653,27,4.41932e7,13.2296542,CosineDist,centered,8126.155229,7
cross_scenario,k_medoids,1267936167,27,9.23803e7,16.8057263,CosineDist,centered,1.296027564996e6,269
cross_scenario,k_medoids,1653248667,27,4.41858e7,15.2849047,CosineDist,centered,7618.393722999999,7
cross_scenario,k_medoids,2437521778,27,4.422e7,14.1957676,CosineDist,centered,11232.093579,7
cross_scenario,k_medoids,2524306086,27,4.41943e7,12.1061414,CosineDist,centered,9280.88588,7
cross_scenario,k_medoids,2606414571,27,4.4205e7,13.4538237,CosineDist,centered,12259.830786999999,7
cross_scenario,k_medoids,2821296471,27,4.41848e7,14.2311066,CosineDist,centered,8557.326687,7
cross_scenario,k_medoids,3155655383,27,4.41979e7,13.0533148,CosineDist,centered,8792.95205,7
cross_scenario,k_medoids,463779685,27,4.42034e7,13.9373108,CosineDist,centered,10623.761683,7
cross_scenario,k_medoids,1113698075,29,4.42135e7,17.1620286,CosineDist,centered,9652.371865000001,7
cross_scenario,k_medoids,1125327650,29,4.41853e7,15.650281,CosineDist,centered,8304.392058,7
cross_scenario,k_medoids,1398119942,29,9.40153e7,20.7710282,CosineDist,centered,1.3410532894219998e6,268
cross_scenario,k_medoids,1669407957,29,4.41918e7,15.774516,CosineDist,centered,9170.447726999999,7
cross_scenario,k_medoids,1792506398,29,4.8264e7,14.5523558,CosineDist,centered,129623.023041,80
cross_scenario,k_medoids,2439649745,29,4.41977e7,14.2766137,CosineDist,centered,10416.943835,7
cross_scenario,k_medoids,2730667678,29,4.41894e7,16.0746823,CosineDist,centered,7940.163024999999,7
cross_scenario,k_medoids,2843080965,29,4.41881e7,15.4834352,CosineDist,centered,9595.918899999999,7
cross_scenario,k_medoids,3434031776,29,4.83948e7,15.0142681,CosineDist,centered,131957.422871,80
cross_scenario,k_medoids,950202798,29,4.42331e7,16.9477864,CosineDist,centered,9304.563061,7
cross_scenario,k_medoids,1042382051,3,1.33296e8,0.7652658,CosineDist,centered,2.359305151628e6,938
cross_scenario,k_medoids,1617230705,3,1.50286e8,0.7459804,CosineDist,centered,2.7919648924680008e6,1077
cross_scenario,k_medoids,1690918982,3,1.34687e8,0.7436807,CosineDist,centered,2.3958393394350004e6,893
cross_scenario,k_medoids,2011904635,3,1.7231e8,0.832712,CosineDist,centered,3.3624271672899993e6,1358
cross_scenario,k_medoids,208019063,3,1.47278e8,0.6658274,CosineDist,centered,2.7164698089940003e6,1038
cross_scenario,k_medoids,2175589206,3,1.40575e8,1.2128401,CosineDist,centered,2.54479432449e6,1022
cross_scenario,k_medoids,2331872192,3,4.89595e7,0.6929027,CosineDist,centered,145744.76260699998,89
cross_scenario,k_medoids,2859914000,3,4.90236e7,0.7554162,CosineDist,centered,145744.76260699998,89
cross_scenario,k_medoids,3409952330,3,1.27272e8,1.2435059,CosineDist,centered,2.2038278380480004e6,813
cross_scenario,k_medoids,488813374,3,1.51775e8,0.8184154,CosineDist,centered,2.832546140081e6,1149
cross_scenario,k_medoids,1349996306,31,4.42053e7,16.2730265,CosineDist,centered,8090.79138,7
cross_scenario,k_medoids,1462714024,31,4.41929e7,15.4573369,CosineDist,centered,6883.390900999999,7
cross_scenario,k_medoids,1579127763,31,4.41852e7,19.4139768,CosineDist,centered,8578.675941,7
cross_scenario,k_medoids,1648351254,31,4.41839e7,16.1123773,CosineDist,centered,8245.348531,7
cross_scenario,k_medoids,2030289235,31,4.41739e7,15.1960148,CosineDist,centered,9607.281096,7
cross_scenario,k_medoids,2462588561,31,4.4179e7,17.0562893,CosineDist,centered,9351.028781,7
cross_scenario,k_medoids,2929172095,31,4.41953e7,19.9730652,CosineDist,centered,9860.786651,7
cross_scenario,k_medoids,2944528308,31,4.41819e7,17.0510328,CosineDist,centered,9106.705478,7
cross_scenario,k_medoids,295145311,31,9.92128e7,20.6038976,CosineDist,centered,1.4749243434670004e6,336
cross_scenario,k_medoids,3899371692,31,4.41729e7,16.7495842,CosineDist,centered,9204.056271,7
cross_scenario,k_medoids,1038419084,33,4.41765e7,20.0377358,CosineDist,centered,8810.441787,7
cross_scenario,k_medoids,1109759726,33,4.41928e7,18.8235812,CosineDist,centered,10537.399516000001,7
cross_scenario,k_medoids,1963882461,33,4.41826e7,17.9453207,CosineDist,centered,7638.419871,7
cross_scenario,k_medoids,1989163906,33,4.41759e7,18.9945718,CosineDist,centered,9845.579042,7
cross_scenario,k_medoids,2479233904,33,9.70767e7,23.5728998,CosineDist,centered,1.4197414650750002e6,307
cross_scenario,k_medoids,2497612078,33,4.41824e7,18.4583551,CosineDist,centered,9695.794544000002,7
cross_scenario,k_medoids,3214090957,33,4.41988e7,19.6969373,CosineDist,centered,8506.787377999999,7
cross_scenario,k_medoids,3465092140,33,4.41975e7,18.4112672,CosineDist,centered,8826.75163,7
cross_scenario,k_medoids,4061834237,33,4.4182e7,20.5012048,CosineDist,centered,9363.429088,7
cross_scenario,k_medoids,52313467,33,4.41781e7,18.5933362,CosineDist,centered,10540.729545999999,7
cross_scenario,k_medoids,1208640119,35,4.41788e7,20.1159525,CosineDist,centered,9667.076774000001,7
cross_scenario,k_medoids,1428058240,35,4.41845e7,20.28268,CosineDist,centered,8114.173536,7
cross_scenario,k_medoids,15941194,35,8.90118e7,19.4795342,CosineDist,centered,1.2185692395660002e6,224
cross_scenario,k_medoids,2213813141,35,4.41923e7,20.9592332,CosineDist,centered,8354.631789,7
cross_scenario,k_medoids,2291375163,35,4.41799e7,23.7073403,CosineDist,centered,8412.679956,7
cross_scenario,k_medoids,236500538,35,4.41791e7,20.9641325,CosineDist,centered,9214.614258000001,7
cross_scenario,k_medoids,252145784,35,4.41817e7,19.7074904,CosineDist,centered,8582.972434000001,7
cross_scenario,k_medoids,2544196106,35,4.41974e7,22.1065762,CosineDist,centered,11202.319274,7
cross_scenario,k_medoids,2745802022,35,4.41746e7,23.4081569,CosineDist,centered,9738.784547,7
cross_scenario,k_medoids,3596893902,35,4.41707e7,19.9437538,CosineDist,centered,9304.780047999999,7
cross_scenario,k_medoids,1380354363,37,4.50004e7,27.8093026,CosineDist,centered,42263.194253999995,17
cross_scenario,k_medoids,3048518942,37,4.41927e7,23.5350803,CosineDist,centered,8487.584626,7
cross_scenario,k_medoids,3182806193,37,4.41751e7,22.6336994,CosineDist,centered,8963.398412999999,7
cross_scenario,k_medoids,3244629827,37,4.41735e7,23.3000733,CosineDist,centered,9721.648273,7
cross_scenario,k_medoids,3452769998,37,4.41777e7,22.9106833,CosineDist,centered,8896.027796,7
cross_scenario,k_medoids,4262333788,37,4.41801e7,20.0886426,CosineDist,centered,10611.477184,7
cross_scenario,k_medoids,45994245,37,4.41888e7,21.9260907,CosineDist,centered,8330.554171,7
cross_scenario,k_medoids,67569244,37,4.41722e7,24.403935,CosineDist,centered,9171.568816,7
cross_scenario,k_medoids,814300562,37,4.41829e7,21.7861259,CosineDist,centered,7913.946952,7
cross_scenario,k_medoids,870981686,37,4.41786e7,23.7617187,CosineDist,centered,7997.250883,7
cross_scenario,k_medoids,1129760376,39,4.41832e7,24.6631343,CosineDist,centered,9029.310894,7
cross_scenario,k_medoids,148104383,39,4.41771e7,23.2854518,CosineDist,centered,9769.392788,7
cross_scenario,k_medoids,1655289285,39,4.41876e7,25.0166318,CosineDist,centered,9098.403505999999,7
cross_scenario,k_medoids,1845695973,39,4.41848e7,27.6275519,CosineDist,centered,7533.5839430000005,7
cross_scenario,k_medoids,2121257682,39,4.41861e7,23.3322519,CosineDist,centered,7977.696137,7
cross_scenario,k_medoids,2943233938,39,4.41825e7,24.681551,CosineDist,centered,8794.067546999999,7
cross_scenario,k_medoids,3030918353,39,4.41752e7,25.5607795,CosineDist,centered,8369.74665,7
cross_scenario,k_medoids,3096268031,39,4.41735e7,27.0706796,CosineDist,centered,9403.076349,7
cross_scenario,k_medoids,3338611973,39,9.20823e7,27.5747569,CosineDist,centered,1.288237322179e6,249
cross_scenario,k_medoids,662283236,39,4.41837e7,27.0704852,CosineDist,centered,8506.644728,7
cross_scenario,k_medoids,1005104349,41,4.41787e7,25.7684236,CosineDist,centered,9280.553409,7
cross_scenario,k_medoids,1534696584,41,4.41766e7,26.3054289,CosineDist,centered,9644.298764000001,7
cross_scenario,k_medoids,225016911,41,9.50087e7,27.6904115,CosineDist,centered,1.362263264071e6,277
cross_scenario,k_medoids,2317592996,41,4.41802e7,25.4226746,CosineDist,centered,9477.821775,7
cross_scenario,k_medoids,2716090479,41,4.41801e7,23.8467531,CosineDist,centered,9549.861741,7
cross_scenario,k_medoids,3258958499,41,4.41872e7,25.6970412,CosineDist,centered,8696.3386,7
cross_scenario,k_medoids,329433595,41,4.4174e7,27.912391,CosineDist,centered,9179.908135,7
cross_scenario,k_medoids,3444774395,41,4.41788e7,30.4001569,CosineDist,centered,9883.922661999999,7
cross_scenario,k_medoids,438234340,41,4.4172e7,27.186584,CosineDist,centered,8956.118314,7
cross_scenario,k_medoids,953901905,41,4.41798e7,27.5996285,CosineDist,centered,10512.533271,7
cross_scenario,k_medoids,1660595499,5,1.22078e8,1.4816505,CosineDist,centered,2.0527631005939997e6,677
cross_scenario,k_medoids,1714105051,5,4.43006e7,1.4682616,CosineDist,centered,7207.87729,8
cross_scenario,k_medoids,2169593505,5,1.17513e8,1.7097522,CosineDist,centered,1.9371597572540003e6,619
cross_scenario,k_medoids,2538991366,5,1.40235e8,1.2915964,CosineDist,centered,2.533986665414e6,917
cross_scenario,k_medoids,2909674750,5,1.34855e8,1.6066345,CosineDist,centered,2.3984384603520003e6,854
cross_scenario,k_medoids,3018546641,5,1.16841e8,1.4767443,CosineDist,centered,1.9189879359849999e6,626
cross_scenario,k_medoids,3634057553,5,1.19739e8,1.4529944,CosineDist,centered,1.9926652117050001e6,611
cross_scenario,k_medoids,4139823947,5,1.3178e8,1.4353382,CosineDist,centered,2.3207058060890003e6,906
cross_scenario,k_medoids,4197766176,5,1.35598e8,1.3285386,CosineDist,centered,2.41664741076e6,841
cross_scenario,k_medoids,5947179,5,1.31171e8,1.4084096,CosineDist,centered,2.3040442983080004e6,851
cross_scenario,k_medoids,1006581332,7,1.2207e8,2.027632,CosineDist,centered,2.0749747504090003e6,747
cross_scenario,k_medoids,1176932870,7,4.88465e7,2.2168339,CosineDist,centered,143393.33939400004,87
cross_scenario,k_medoids,1821427372,7,1.2883e8,2.3498847,CosineDist,centered,2.2459347822369994e6,746
cross_scenario,k_medoids,2689963385,7,1.76991e8,2.2040797,CosineDist,centered,3.4834002841249993e6,1482
cross_scenario,k_medoids,2751971336,7,9.68205e7,2.5158654,CosineDist,centered,1.4084816677769998e6,345
cross_scenario,k_medoids,3385142830,7,1.00604e8,2.9170217,CosineDist,centered,1.5064868809840002e6,361
cross_scenario,k_medoids,3409620994,7,1.1039e8,1.9329459,CosineDist,centered,1.7709795419580005e6,576
cross_scenario,k_medoids,447101461,7,1.12524e8,2.2299685,CosineDist,centered,1.823479739907e6,604
cross_scenario,k_medoids,468006976,7,9.87699e7,2.3604041,CosineDist,centered,1.4715958897809999e6,439
cross_scenario,k_medoids,880982686,7,1.42334e8,2.2303998,CosineDist,centered,2.594424986331e6,1058
cross_scenario,k_medoids,1130292821,9,1.22137e8,2.7430653,CosineDist,centered,2.0762714965770002e6,678
cross_scenario,k_medoids,1392296365,9,4.89881e7,2.8397059,CosineDist,centered,145744.76260699998,89
cross_scenario,k_medoids,2814468992,9,1.00917e8,3.6112597,CosineDist,centered,1.5129813740250003e6,403
cross_scenario,k_medoids,3044209910,9,1.03786e8,2.8591035,CosineDist,centered,1.604066766246e6,492
cross_scenario,k_medoids,3261319673,9,4.75667e7,2.6154359,CosineDist,centered,110976.81048,65
cross_scenario,k_medoids,3543870990,9,4.4218e7,3.2756585,CosineDist,centered,7496.54178,7
cross_scenario,k_medoids,3602499071,9,1.37597e8,3.1073261,CosineDist,centered,2.466416427491e6,803
cross_scenario,k_medoids,3926221275,9,9.45384e7,2.7115141,CosineDist,centered,1.344903384925e6,331
cross_scenario,k_medoids,42413356,9,1.41208e8,3.1104919,CosineDist,centered,2.557939476152e6,918
cross_scenario,k_medoids,697383862,9,1.05313e8,2.5619599,CosineDist,centered,1.6434018012770007e6,495
cross_scenario,k_medoids,1355586937,11,4.89082e7,2.9467338,SqEuclidean,centered,145744.76260699998,89
cross_scenario,k_medoids,1768760743,11,4.42247e7,3.4348632,SqEuclidean,centered,6963.312043999999,7
cross_scenario,k_medoids,2652796558,11,4.89608e7,3.8978548,SqEuclidean,centered,145744.76260699998,89
cross_scenario,k_medoids,3000698040,11,4.88701e7,2.9765296,SqEuclidean,centered,143393.33939400004,87
cross_scenario,k_medoids,3160233726,11,4.4228e7,3.4068953,SqEuclidean,centered,6077.561197,7
cross_scenario,k_medoids,3479820580,11,8.79245e7,3.5351802,SqEuclidean,centered,1.1885997222720003e6,321
cross_scenario,k_medoids,3649546841,11,1.14953e8,3.5978042,SqEuclidean,centered,1.89180828166e6,548
cross_scenario,k_medoids,4031091536,11,4.42664e7,3.2534391,SqEuclidean,centered,6587.222392,7
cross_scenario,k_medoids,675182737,11,9.97244e7,3.5004196,SqEuclidean,centered,1.5005379124439997e6,407
cross_scenario,k_medoids,722170199,11,1.02319e8,4.1688065,SqEuclidean,centered,1.565990110001e6,425
cross_scenario,k_medoids,1020330993,13,9.78456e7,5.755144,SqEuclidean,centered,1.434920880928e6,370
cross_scenario,k_medoids,1241334511,13,1.26799e8,5.3834675,SqEuclidean,centered,2.1858426544290003e6,707
cross_scenario,k_medoids,1561739573,13,1.0293e8,4.6008268,SqEuclidean,centered,1.5646724500640002e6,352
cross_scenario,k_medoids,2082789969,13,4.42213e7,3.7909348,SqEuclidean,centered,8203.822395,7
cross_scenario,k_medoids,2422820678,13,9.55545e7,5.8375625,SqEuclidean,centered,1.377767934619e6,324
cross_scenario,k_medoids,373102896,13,9.42309e7,5.3418763,SqEuclidean,centered,1.3465871267149998e6,293
cross_scenario,k_medoids,3777256655,13,1.08606e8,4.7221298,SqEuclidean,centered,1.7190021524989998e6,490
cross_scenario,k_medoids,4101453586,13,9.72644e7,6.3046563,SqEuclidean,centered,1.4217303602120003e6,298
cross_scenario,k_medoids,419645993,13,9.78592e7,4.6289171,SqEuclidean,centered,1.4345796528650003e6,345
cross_scenario,k_medoids,772616242,13,4.89312e7,4.3469916,SqEuclidean,centered,143393.33939400004,87
cross_scenario,k_medoids,1536731824,15,1.08717e8,7.241365,SqEuclidean,centered,1.718836397084e6,440
cross_scenario,k_medoids,1944031661,15,4.42253e7,4.9615327,SqEuclidean,centered,7243.098533999999,7
cross_scenario,k_medoids,195370354,15,1.11485e8,5.4986939,SqEuclidean,centered,1.786002850528e6,485
cross_scenario,k_medoids,2392820273,15,9.50487e7,5.8039767,SqEuclidean,centered,1.367494314164e6,319
cross_scenario,k_medoids,2931326369,15,4.42208e7,5.5121065,SqEuclidean,centered,8287.533422999999,7
cross_scenario,k_medoids,3012361418,15,4.4293e7,5.7359894,SqEuclidean,centered,10376.681539,7
cross_scenario,k_medoids,3763622817,15,4.42186e7,4.8214658,SqEuclidean,centered,7407.736509,7
cross_scenario,k_medoids,3796973136,15,1.05897e8,5.5472223,SqEuclidean,centered,1.640280646647e6,410
cross_scenario,k_medoids,3815196410,15,4.42263e7,6.3866237,SqEuclidean,centered,7944.669353,7
cross_scenario,k_medoids,604489562,15,4.42545e7,6.1460912,SqEuclidean,centered,10045.12185,7
cross_scenario,k_medoids,1587347134,17,4.41954e7,6.3084099,SqEuclidean,centered,8175.345975,7
cross_scenario,k_medoids,186564236,17,4.62621e7,5.9907973,SqEuclidean,centered,76962.61627799997,41
cross_scenario,k_medoids,2166881926,17,4.86212e7,5.8584028,SqEuclidean,centered,138734.64014600002,83
cross_scenario,k_medoids,2186186592,17,4.42008e7,5.9209565,SqEuclidean,centered,7773.214131000001,7
cross_scenario,k_medoids,2238747886,17,9.50449e7,7.132311,SqEuclidean,centered,1.376069890413e6,311
cross_scenario,k_medoids,224585247,17,1.28971e8,8.8079474,SqEuclidean,centered,2.2501357172400006e6,693
cross_scenario,k_medoids,2339120676,17,4.42138e7,6.8376274,SqEuclidean,centered,6612.77884,7
cross_scenario,k_medoids,3093014142,17,4.42519e7,6.5537812,SqEuclidean,centered,9376.320917000001,7
cross_scenario,k_medoids,3258302586,17,4.61875e7,6.4005252,SqEuclidean,centered,75076.584052,37
cross_scenario,k_medoids,3629043986,17,4.42023e7,6.4980389,SqEuclidean,centered,5993.870140000001,7
cross_scenario,k_medoids,1088367163,19,9.154e7,8.727404,SqEuclidean,centered,1.270087495509e6,264
cross_scenario,k_medoids,1245540782,19,4.41951e7,8.6183593,SqEuclidean,centered,8230.389508,7
cross_scenario,k_medoids,2410109332,19,4.42187e7,7.3070243,SqEuclidean,centered,6932.224403,7
cross_scenario,k_medoids,2455416769,19,4.7329e7,6.9688187,SqEuclidean,centered,105023.70517400002,62
cross_scenario,k_medoids,2591120440,19,1.04736e8,6.2774169,SqEuclidean,centered,1.6297648749890001e6,425
cross_scenario,k_medoids,2650271871,19,4.4185e7,7.7117802,SqEuclidean,centered,11852.936389,7
cross_scenario,k_medoids,2789252227,19,4.42216e7,7.0328493,SqEuclidean,centered,8856.354363999999,7
cross_scenario,k_medoids,3130995382,19,4.62582e7,6.7885148,SqEuclidean,centered,76962.61627799997,41
cross_scenario,k_medoids,3357853995,19,4.60265e7,7.1577211,SqEuclidean,centered,70453.39594399999,34
cross_scenario,k_medoids,824849990,19,1.11722e8,11.1245469,SqEuclidean,centered,1.7927151158150001e6,550
cross_scenario,k_medoids,1244389436,21,4.60351e7,7.9123803,SqEuclidean,centered,70453.39594399999,34
cross_scenario,k_medoids,1393653782,21,4.42297e7,10.6510285,SqEuclidean,centered,8858.847848000001,7
cross_scenario,k_medoids,1761682951,21,4.42293e7,7.7631525,SqEuclidean,centered,7020.453519,7
cross_scenario,k_medoids,196162340,21,4.41923e7,8.996154,SqEuclidean,centered,9048.965398,7
cross_scenario,k_medoids,1984034111,21,4.41931e7,8.6744559,SqEuclidean,centered,10089.605237,7
cross_scenario,k_medoids,2569047889,21,4.41845e7,7.6425525,SqEuclidean,centered,9322.262597999998,7
cross_scenario,k_medoids,3286463093,21,1.00508e8,8.3887974,SqEuclidean,centered,1.5053013718609996e6,331
cross_scenario,k_medoids,4196464565,21,4.42364e7,8.6573981,SqEuclidean,centered,8543.629272,7
cross_scenario,k_medoids,744301781,21,9.70172e7,9.2508927,SqEuclidean,centered,1.4277252320769997e6,333
cross_scenario,k_medoids,760014603,21,4.42002e7,10.2462381,SqEuclidean,centered,6984.712436,7
cross_scenario,k_medoids,2193967569,23,4.4204e7,9.435654,SqEuclidean,centered,8164.307763000001,7
cross_scenario,k_medoids,2546464051,23,4.41983e7,10.4802343,SqEuclidean,centered,7082.058256,7
cross_scenario,k_medoids,2938742229,23,4.4192e7,9.5131252,SqEuclidean,centered,8463.389044000001,7
cross_scenario,k_medoids,313447314,23,4.41964e7,10.3065753,SqEuclidean,centered,8940.645272,7
cross_scenario,k_medoids,3164855826,23,4.42105e7,11.5965525,SqEuclidean,centered,8542.336374,7
cross_scenario,k_medoids,3173192974,23,4.42027e7,11.1747697,SqEuclidean,centered,9318.225027,7
cross_scenario,k_medoids,3527549645,23,4.42028e7,11.6411722,SqEuclidean,centered,7710.140099,7
cross_scenario,k_medoids,3913193451,23,4.42053e7,9.3673123,SqEuclidean,centered,6629.88866,7
cross_scenario,k_medoids,714332685,23,4.41858e7,9.2255341,SqEuclidean,centered,9656.01143,7
cross_scenario,k_medoids,890890131,23,4.42531e7,9.0615795,SqEuclidean,centered,8347.674164,7
cross_scenario,k_medoids,1134130444,25,4.42057e7,10.3294638,SqEuclidean,centered,6048.114865999999,7
cross_scenario,k_medoids,2658990538,25,8.7274e7,12.7532504,SqEuclidean,centered,1.160879899702e6,241
cross_scenario,k_medoids,2726541456,25,4.4216e7,11.4116737,SqEuclidean,centered,9202.381003999999,7
cross_scenario,k_medoids,2894918851,25,4.62899e7,9.7003518,SqEuclidean,centered,76962.61627799997,41
cross_scenario,k_medoids,3351175237,25,9.48487e7,17.448805,SqEuclidean,centered,1.3617639286920002e6,284
cross_scenario,k_medoids,343301208,25,9.40999e7,13.3982127,SqEuclidean,centered,1.335501618534e6,278
cross_scenario,k_medoids,4135971217,25,4.42043e7,9.5190475,SqEuclidean,centered,8509.278317,7
cross_scenario,k_medoids,4145110716,25,4.41804e7,11.1936788,SqEuclidean,centered,8482.439529,7
cross_scenario,k_medoids,448376330,25,4.41986e7,10.4395402,SqEuclidean,centered,7324.34967,7
cross_scenario,k_medoids,47449323,25,4.4213e7,10.5599135,SqEuclidean,centered,7794.147886000001,7
cross_scenario,k_medoids,1161276258,27,4.42034e7,13.4724146,SqEuclidean,centered,8492.137372000001,7
cross_scenario,k_medoids,1233541653,27,4.41889e7,12.469215,SqEuclidean,centered,9269.886374000002,7
cross_scenario,k_medoids,1267936167,27,9.32949e7,13.239304,SqEuclidean,centered,1.3155821396729997e6,267
cross_scenario,k_medoids,1653248667,27,4.41938e7,12.5447263,SqEuclidean,centered,8872.374382999998,7
cross_scenario,k_medoids,2437521778,27,4.41881e7,12.9315478,SqEuclidean,centered,8486.591578,7
cross_scenario,k_medoids,2524306086,27,4.41888e7,12.7974607,SqEuclidean,centered,9803.739391,7
cross_scenario,k_medoids,2606414571,27,4.41923e7,11.1201338,SqEuclidean,centered,9376.183131,7
cross_scenario,k_medoids,2821296471,27,4.42203e7,12.4333951,SqEuclidean,centered,9488.680235,7
cross_scenario,k_medoids,3155655383,27,4.41942e7,14.094894,SqEuclidean,centered,8702.719523,7
cross_scenario,k_medoids,463779685,27,4.41774e7,13.1765115,SqEuclidean,centered,10446.509311000002,7
cross_scenario,k_medoids,1113698075,29,4.4179e7,15.0505301,SqEuclidean,centered,8132.373589999999,7
cross_scenario,k_medoids,1125327650,29,4.41969e7,14.6069625,SqEuclidean,centered,7422.229147,7
cross_scenario,k_medoids,1398119942,29,9.30619e7,15.6896419,SqEuclidean,centered,1.312490946899e6,291
cross_scenario,k_medoids,1669407957,29,4.42079e7,15.1096527,SqEuclidean,centered,9992.081812999999,7
cross_scenario,k_medoids,1792506398,29,4.41865e7,13.9960186,SqEuclidean,centered,11202.261633,7
cross_scenario,k_medoids,2439649745,29,4.41761e7,13.1427963,SqEuclidean,centered,8729.439564999999,7
cross_scenario,k_medoids,2730667678,29,4.41924e7,13.5617459,SqEuclidean,centered,10188.332126,7
cross_scenario,k_medoids,2843080965,29,4.41989e7,12.5871393,SqEuclidean,centered,8682.798112,7
cross_scenario,k_medoids,3434031776,29,4.41879e7,12.8730414,SqEuclidean,centered,7062.363349,7
cross_scenario,k_medoids,950202798,29,4.41805e7,13.3816569,SqEuclidean,centered,10836.207469,7
cross_scenario,k_medoids,1042382051,3,1.16336e8,0.6074613,SqEuclidean,centered,1.922422068812e6,770
cross_scenario,k_medoids,1617230705,3,1.33291e8,0.7083979,SqEuclidean,centered,2.357705477981e6,947
cross_scenario,k_medoids,1690918982,3,1.4642e8,0.6694359,SqEuclidean,centered,2.6940690943110003e6,1097
cross_scenario,k_medoids,2011904635,3,1.33626e8,0.9157232,SqEuclidean,centered,2.367340372204e6,850
cross_scenario,k_medoids,208019063,3,4.89243e7,0.6243221,SqEuclidean,centered,143393.33939400004,87
cross_scenario,k_medoids,2175589206,3,1.55636e8,0.7805797,SqEuclidean,centered,2.9295754970930004e6,1202
cross_scenario,k_medoids,2331872192,3,1.25746e8,0.7347176,SqEuclidean,centered,2.143052339724e6,732
cross_scenario,k_medoids,2859914000,3,4.4575e7,0.7458442,SqEuclidean,centered,11452.197057,12
cross_scenario,k_medoids,3409952330,3,1.40761e8,0.6218887,SqEuclidean,centered,2.5470931057570004e6,939
cross_scenario,k_medoids,488813374,3,1.33619e8,0.5962145,SqEuclidean,centered,2.362338744564e6,1034
cross_scenario,k_medoids,1349996306,31,4.41786e7,14.537218,SqEuclidean,centered,8627.622353,7
cross_scenario,k_medoids,1462714024,31,4.41726e7,13.6301718,SqEuclidean,centered,9909.171573,7
cross_scenario,k_medoids,1579127763,31,4.4207e7,16.547129,SqEuclidean,centered,8225.915449,7
cross_scenario,k_medoids,1648351254,31,4.42055e7,14.3554832,SqEuclidean,centered,8196.478905,7
cross_scenario,k_medoids,2030289235,31,4.41878e7,14.2255145,SqEuclidean,centered,8548.997616,7
cross_scenario,k_medoids,2462588561,31,4.41862e7,15.3531633,SqEuclidean,centered,11248.610821,7
cross_scenario,k_medoids,2929172095,31,4.41842e7,14.16157,SqEuclidean,centered,11818.61614,7
cross_scenario,k_medoids,2944528308,31,4.41954e7,14.9017687,SqEuclidean,centered,10258.347264,7
cross_scenario,k_medoids,295145311,31,4.4186e7,16.5389204,SqEuclidean,centered,9123.458448000001,7
cross_scenario,k_medoids,3899371692,31,4.41731e7,15.7228216,SqEuclidean,centered,9436.428254,7
cross_scenario,k_medoids,1038419084,33,4.41976e7,17.6184957,SqEuclidean,centered,10397.571074,7
cross_scenario,k_medoids,1109759726,33,4.41863e7,19.550457,SqEuclidean,centered,8911.545868000001,7
cross_scenario,k_medoids,1963882461,33,4.41928e7,15.0933151,SqEuclidean,centered,9456.131738999999,7
cross_scenario,k_medoids,1989163906,33,4.41861e7,18.6868603,SqEuclidean,centered,9879.095325999999,7
cross_scenario,k_medoids,2479233904,33,4.41852e7,17.0713443,SqEuclidean,centered,9129.876331,7
cross_scenario,k_medoids,2497612078,33,4.58551e7,14.9214914,SqEuclidean,centered,66216.386096,30
cross_scenario,k_medoids,3214090957,33,4.41968e7,17.6851775,SqEuclidean,centered,8826.063119,7
cross_scenario,k_medoids,3465092140,33,4.41787e7,15.937396,SqEuclidean,centered,8118.359109999999,7
cross_scenario,k_medoids,4061834237,33,4.41897e7,17.2071731,SqEuclidean,centered,7772.289245000001,7
cross_scenario,k_medoids,52313467,33,8.94939e7,16.8654726,SqEuclidean,centered,1.2161320444189997e6,231
cross_scenario,k_medoids,1208640119,35,4.41863e7,16.4829525,SqEuclidean,centered,9599.446143,7
cross_scenario,k_medoids,1428058240,35,4.41804e7,18.8688022,SqEuclidean,centered,8087.272086,7
cross_scenario,k_medoids,15941194,35,4.60243e7,18.7206274,SqEuclidean,centered,70453.39594399999,34
cross_scenario,k_medoids,2213813141,35,4.41754e7,18.6965383,SqEuclidean,centered,8997.700947999998,7
cross_scenario,k_medoids,2291375163,35,4.41906e7,19.4399712,SqEuclidean,centered,8393.204727,7
cross_scenario,k_medoids,236500538,35,4.41745e7,17.1939774,SqEuclidean,centered,9660.847842,7
cross_scenario,k_medoids,252145784,35,4.41801e7,19.7780072,SqEuclidean,centered,8975.763562,7
cross_scenario,k_medoids,2544196106,35,4.41816e7,17.5480409,SqEuclidean,centered,8756.385005999999,7
cross_scenario,k_medoids,2745802022,35,4.41852e7,18.0226507,SqEuclidean,centered,8105.041035000001,7
cross_scenario,k_medoids,3596893902,35,4.41752e7,17.8776021,SqEuclidean,centered,8214.743093,7
cross_scenario,k_medoids,1380354363,37,4.41738e7,18.7727503,SqEuclidean,centered,9899.542558,7
cross_scenario,k_medoids,3048518942,37,4.41833e7,19.8081676,SqEuclidean,centered,8946.726071000001,7
cross_scenario,k_medoids,3182806193,37,4.42374e7,21.0163926,SqEuclidean,centered,7161.666184,7
cross_scenario,k_medoids,3244629827,37,4.41909e7,19.2070659,SqEuclidean,centered,9823.547529,7
cross_scenario,k_medoids,3452769998,37,4.4197e7,19.6535586,SqEuclidean,centered,7640.8369410000005,7
cross_scenario,k_medoids,4262333788,37,4.4173e7,18.2034672,SqEuclidean,centered,9198.114677,7
cross_scenario,k_medoids,45994245,37,4.41953e7,20.8587609,SqEuclidean,centered,8280.808127,7
cross_scenario,k_medoids,67569244,37,4.41949e7,20.405492,SqEuclidean,centered,8638.570097000002,7
cross_scenario,k_medoids,814300562,37,4.41912e7,19.3648357,SqEuclidean,centered,8358.424945,7
cross_scenario,k_medoids,870981686,37,4.41727e7,20.3464167,SqEuclidean,centered,8343.633829,7
cross_scenario,k_medoids,1129760376,39,4.41757e7,23.4234711,SqEuclidean,centered,8540.506851,7
cross_scenario,k_medoids,148104383,39,4.41838e7,21.1880535,SqEuclidean,centered,10662.434305,7
cross_scenario,k_medoids,1655289285,39,4.41732e7,21.8560973,SqEuclidean,centered,9596.911707000001,7
cross_scenario,k_medoids,1845695973,39,4.41785e7,19.888928,SqEuclidean,centered,8074.82799,7
cross_scenario,k_medoids,2121257682,39,4.41739e7,20.3683404,SqEuclidean,centered,8907.932127,7
cross_scenario,k_medoids,2943233938,39,4.41846e7,24.7462666,SqEuclidean,centered,8608.335357000002,7
cross_scenario,k_medoids,3030918353,39,4.41814e7,20.6287059,SqEuclidean,centered,8352.988969,7
cross_scenario,k_medoids,3096268031,39,4.42034e7,24.3256204,SqEuclidean,centered,9331.849680000003,7
cross_scenario,k_medoids,3338611973,39,9.20889e7,23.9782318,SqEuclidean,centered,1.2881304387669996e6,247
cross_scenario,k_medoids,662283236,39,4.41916e7,21.882227,SqEuclidean,centered,7724.074074,7
cross_scenario,k_medoids,1005104349,41,4.41865e7,22.5524632,SqEuclidean,centered,10241.1456,7
cross_scenario,k_medoids,1534696584,41,4.41715e7,20.6431376,SqEuclidean,centered,10022.394694999999,7
cross_scenario,k_medoids,225016911,41,4.41835e7,21.755092,SqEuclidean,centered,10473.788537,7
cross_scenario,k_medoids,2317592996,41,4.41727e7,20.9193773,SqEuclidean,centered,9100.832935999999,7
cross_scenario,k_medoids,2716090479,41,4.41816e7,23.6858756,SqEuclidean,centered,9649.696623,7
cross_scenario,k_medoids,3258958499,41,4.41841e7,22.4072098,SqEuclidean,centered,8750.789537999999,7
cross_scenario,k_medoids,329433595,41,4.49773e7,22.4330121,SqEuclidean,centered,41993.574576,18
cross_scenario,k_medoids,3444774395,41,4.41801e7,23.2280123,SqEuclidean,centered,9726.538465,7
cross_scenario,k_medoids,438234340,41,4.41884e7,21.0350556,SqEuclidean,centered,8731.643696,7
cross_scenario,k_medoids,953901905,41,4.41711e7,21.8946754,SqEuclidean,centered,9906.127291,7
cross_scenario,k_medoids,1660595499,5,1.00792e8,1.1731099,SqEuclidean,centered,1.5227644903189999e6,477
cross_scenario,k_medoids,1714105051,5,1.2173e8,1.3288255,SqEuclidean,centered,2.041379375397e6,665
cross_scenario,k_medoids,2169593505,5,1.17969e8,1.6885373,SqEuclidean,centered,1.948732561959e6,612
cross_scenario,k_medoids,2538991366,5,1.32107e8,1.2444799,SqEuclidean,centered,2.3287718559580003e6,912
cross_scenario,k_medoids,2909674750,5,1.13403e8,1.4875561,SqEuclidean,centered,1.8493673579769998e6,602
cross_scenario,k_medoids,3018546641,5,1.40293e8,1.2877297,SqEuclidean,centered,2.5375552626940003e6,872
cross_scenario,k_medoids,3634057553,5,1.30605e8,1.3242534,SqEuclidean,centered,2.2910437511949996e6,885
cross_scenario,k_medoids,4139823947,5,1.39959e8,1.6951891,SqEuclidean,centered,2.53049401327e6,997
cross_scenario,k_medoids,4197766176,5,1.31176e8,1.3375724,SqEuclidean,centered,2.3051746980330003e6,860
cross_scenario,k_medoids,5947179,5,1.39085e8,1.2519361,SqEuclidean,centered,2.506589940765e6,1052
cross_scenario,k_medoids,1006581332,7,4.88437e7,1.9419973,SqEuclidean,centered,143393.33939400004,87
cross_scenario,k_medoids,1176932870,7,1.14387e8,3.0019898,SqEuclidean,centered,1.8741986562830005e6,573
cross_scenario,k_medoids,1821427372,7,4.89079e7,1.7838755,SqEuclidean,centered,145744.76260699998,89
cross_scenario,k_medoids,2689963385,7,4.63132e7,2.2614396,SqEuclidean,centered,76962.61627799997,41
cross_scenario,k_medoids,2751971336,7,1.33612e8,1.8855621,SqEuclidean,centered,2.367239204068e6,925
cross_scenario,k_medoids,3385142830,7,1.2332e8,2.0004206,SqEuclidean,centered,2.100530978463e6,777
cross_scenario,k_medoids,3409620994,7,1.37714e8,1.9508426,SqEuclidean,centered,2.4703555088299992e6,811
cross_scenario,k_medoids,447101461,7,1.14396e8,2.0737053,SqEuclidean,centered,1.873242751083e6,571
cross_scenario,k_medoids,468006976,7,1.01495e8,1.9886309,SqEuclidean,centered,1.5424940668689997e6,471
cross_scenario,k_medoids,880982686,7,1.74762e8,1.7431645,SqEuclidean,centered,3.4265392458860003e6,1487
cross_scenario,k_medoids,1130292821,9,1.13951e8,2.8985289,SqEuclidean,centered,1.8661098579969998e6,620
cross_scenario,k_medoids,1392296365,9,4.69976e7,2.3239108,SqEuclidean,centered,92619.400165,52
cross_scenario,k_medoids,2814468992,9,4.88756e7,2.4185657,SqEuclidean,centered,143393.33939400004,87
cross_scenario,k_medoids,3044209910,9,4.88277e7,2.342014,SqEuclidean,centered,143393.33939400004,87
cross_scenario,k_medoids,3261319673,9,1.1316e8,3.385753,SqEuclidean,centered,1.825503201119e6,473
cross_scenario,k_medoids,3543870990,9,4.43254e7,2.844233,SqEuclidean,centered,8008.556184,7
cross_scenario,k_medoids,3602499071,9,4.86391e7,2.5826924,SqEuclidean,centered,138201.37265600002,83
cross_scenario,k_medoids,3926221275,9,1.00126e8,2.5924361,SqEuclidean,centered,1.5069320760359997e6,412
cross_scenario,k_medoids,42413356,9,4.89569e7,2.4913167,SqEuclidean,centered,143393.33939400004,87
cross_scenario,k_medoids,697383862,9,1.09375e8,2.8846188,SqEuclidean,centered,1.7476111473589998e6,483
cross_scenario,k_means,1355586937,11,4.89116e7,3.0368532,CosineDist,centered,143393.33939400004,87
cross_scenario,k_means,1768760743,11,4.42824e7,3.8341837,CosineDist,centered,8011.794643,7
cross_scenario,k_means,2652796558,11,4.88778e7,3.8579452,CosineDist,centered,143393.33939400004,87
cross_scenario,k_means,3000698040,11,4.88707e7,3.0326251,CosineDist,centered,143393.33939400004,87
cross_scenario,k_means,3160233726,11,4.42976e7,3.3873276,CosineDist,centered,7121.002076999999,7
cross_scenario,k_means,3479820580,11,9.48758e7,3.3677665,CosineDist,centered,1.3687092291700006e6,321
cross_scenario,k_means,3649546841,11,1.21996e8,3.8121942,CosineDist,centered,2.0694868085320003e6,663
cross_scenario,k_means,4031091536,11,4.42915e7,4.0581433,CosineDist,centered,6814.6957840000005,7
cross_scenario,k_means,675182737,11,1.41846e8,3.403297,CosineDist,centered,2.5834828853649995e6,1008
cross_scenario,k_means,722170199,11,1.26277e8,3.8231449,CosineDist,centered,2.167501938349e6,772
cross_scenario,k_means,1020330993,13,1.11471e8,4.2556023,CosineDist,centered,1.784901621511e6,535
cross_scenario,k_means,1241334511,13,9.6051e7,4.8739505,CosineDist,centered,1.3841382715930005e6,346
cross_scenario,k_means,1561739573,13,1.16753e8,3.9218278,CosineDist,centered,1.9229108432819997e6,571
cross_scenario,k_means,2082789969,13,4.42704e7,4.0001314,CosineDist,centered,6775.277506000001,7
cross_scenario,k_means,2422820678,13,1.07115e8,5.0616058,CosineDist,centered,1.6716899561650003e6,465
cross_scenario,k_means,373102896,13,9.08681e7,4.6888883,CosineDist,centered,1.250053594985e6,249
cross_scenario,k_means,3777256655,13,4.42911e7,4.5908985,CosineDist,centered,7971.608074000001,7
cross_scenario,k_means,4101453586,13,1.00496e8,5.3316799,CosineDist,centered,1.5010652046659999e6,395
cross_scenario,k_means,419645993,13,4.42951e7,4.7615464,CosineDist,centered,7495.008588,7
cross_scenario,k_means,772616242,13,4.88767e7,4.3105141,CosineDist,centered,143393.33939400004,87
cross_scenario,k_means,1536731824,15,1.08135e8,5.8392044,CosineDist,centered,1.7018394647450002e6,478
cross_scenario,k_means,1944031661,15,4.42746e7,5.0274853,CosineDist,centered,6455.188561000001,7
cross_scenario,k_means,195370354,15,1.07085e8,4.989373,CosineDist,centered,1.670982517774e6,461
cross_scenario,k_means,2392820273,15,1.11085e8,4.9534679,CosineDist,centered,1.774648506137e6,469
cross_scenario,k_means,2931326369,15,4.42696e7,5.3913531,CosineDist,centered,7176.05496,7
cross_scenario,k_means,3012361418,15,4.42821e7,5.7962237,CosineDist,centered,7659.75093,7
cross_scenario,k_means,3763622817,15,4.42867e7,6.1259966,CosineDist,centered,6772.8723660000005,7
cross_scenario,k_means,3796973136,15,1.08792e8,5.4529393,CosineDist,centered,1.7166074576070004e6,477
cross_scenario,k_means,3815196410,15,4.4267e7,5.8880492,CosineDist,centered,7940.933137,7
cross_scenario,k_means,604489562,15,4.42975e7,5.2828906,CosineDist,centered,7913.48347,7
cross_scenario,k_means,1587347134,17,4.42632e7,7.2097901,CosineDist,centered,7678.155234,7
cross_scenario,k_means,186564236,17,4.86159e7,6.453912,CosineDist,centered,137737.230871,83
cross_scenario,k_means,2166881926,17,4.73824e7,5.8153708,CosineDist,centered,105267.18638600002,63
cross_scenario,k_means,2186186592,17,4.42927e7,7.0395909,CosineDist,centered,6902.987343999999,7
cross_scenario,k_means,2238747886,17,8.71952e7,6.2959415,CosineDist,centered,1.1509639627489995e6,240
cross_scenario,k_means,224585247,17,4.8843e7,6.4727973,CosineDist,centered,143393.33939400004,87
cross_scenario,k_means,2339120676,17,4.42931e7,7.2475771,CosineDist,centered,7141.603519999999,7
cross_scenario,k_means,3093014142,17,4.42533e7,6.3545628,CosineDist,centered,6287.967913,7
cross_scenario,k_means,3258302586,17,4.42655e7,6.6055878,CosineDist,centered,7386.290183,7
cross_scenario,k_means,3629043986,17,4.42702e7,5.9368847,CosineDist,centered,7607.613951,7
cross_scenario,k_means,1088367163,19,9.85108e7,7.4136835,CosineDist,centered,1.449931745915e6,357
cross_scenario,k_means,1245540782,19,4.42635e7,9.3821597,CosineDist,centered,6869.008641999999,7
cross_scenario,k_means,2410109332,19,4.42552e7,8.6273881,CosineDist,centered,6931.988832,7
cross_scenario,k_means,2455416769,19,4.42563e7,8.0340452,CosineDist,centered,8192.665756999999,7
cross_scenario,k_means,2591120440,19,4.74493e7,8.7563977,CosineDist,centered,107359.748685,62
cross_scenario,k_means,2650271871,19,4.42535e7,7.8279367,CosineDist,centered,7651.318824999999,7
cross_scenario,k_means,2789252227,19,4.42912e7,9.1655023,CosineDist,centered,6649.745857999999,7
cross_scenario,k_means,3130995382,19,4.86179e7,7.9746867,CosineDist,centered,137737.230871,83
cross_scenario,k_means,3357853995,19,4.42371e7,8.5923734,CosineDist,centered,6986.613623,7
cross_scenario,k_means,824849990,19,1.12045e8,7.9136085,CosineDist,centered,1.803407653416e6,557
cross_scenario,k_means,1244389436,21,4.42552e7,10.2093542,CosineDist,centered,7797.795005,7
cross_scenario,k_means,1393653782,21,4.42529e7,10.3148906,CosineDist,centered,6986.805923,7
cross_scenario,k_means,1761682951,21,4.42673e7,8.9345135,CosineDist,centered,7661.770378,7
cross_scenario,k_means,196162340,21,4.42575e7,9.0653859,CosineDist,centered,6826.647106,7
cross_scenario,k_means,1984034111,21,4.42572e7,9.6424706,CosineDist,centered,8187.709772999999,9
cross_scenario,k_means,2569047889,21,4.42473e7,9.1418847,CosineDist,centered,7868.900159999999,7
cross_scenario,k_means,3286463093,21,1.04009e8,11.0281007,CosineDist,centered,1.5959268664950002e6,466
cross_scenario,k_means,4196464565,21,4.42422e7,8.7405335,CosineDist,centered,7624.556207,7
cross_scenario,k_means,744301781,21,1.11386e8,7.917876,CosineDist,centered,1.785860736368e6,517
cross_scenario,k_means,760014603,21,4.42827e7,8.5561869,CosineDist,centered,6997.883762,7
cross_scenario,k_means,2193967569,23,4.42276e7,11.4070081,CosineDist,centered,7473.582648,7
cross_scenario,k_means,2546464051,23,4.4251e7,10.4057334,CosineDist,centered,7127.687167,7
cross_scenario,k_means,2938742229,23,4.42347e7,12.3430573,CosineDist,centered,7649.047027,7
cross_scenario,k_means,313447314,23,4.42444e7,12.6261481,CosineDist,centered,7500.567431,7
cross_scenario,k_means,3164855826,23,4.42302e7,11.8953979,CosineDist,centered,8198.551770999999,7
cross_scenario,k_means,3173192974,23,4.42449e7,11.2951672,CosineDist,centered,7334.749564,7
cross_scenario,k_means,3527549645,23,4.4244e7,13.5936917,CosineDist,centered,7191.857567,7
cross_scenario,k_means,3913193451,23,4.42274e7,12.6763563,CosineDist,centered,8089.897416999999,7
cross_scenario,k_means,714332685,23,4.42222e7,11.8642648,CosineDist,centered,7206.983378,7
cross_scenario,k_means,890890131,23,4.42383e7,12.5813745,CosineDist,centered,7876.619250999999,7
cross_scenario,k_means,1134130444,25,4.42238e7,13.6858614,CosineDist,centered,7748.372135999999,7
cross_scenario,k_means,2658990538,25,9.72776e7,12.4137984,CosineDist,centered,1.418708828586e6,319
cross_scenario,k_means,2726541456,25,4.4212e7,10.7656193,CosineDist,centered,7289.4359939999995,7
cross_scenario,k_means,2894918851,25,4.42157e7,13.2433766,CosineDist,centered,7112.561712000001,7
cross_scenario,k_means,3351175237,25,8.38223e7,13.6598948,CosineDist,centered,1.065556050947e6,226
cross_scenario,k_means,343301208,25,1.04366e8,14.3214875,CosineDist,centered,1.608148261753e6,412
cross_scenario,k_means,4135971217,25,4.42215e7,13.2309921,CosineDist,centered,7476.6573690000005,7
cross_scenario,k_means,4145110716,25,4.42551e7,13.2309882,CosineDist,centered,6538.607611,7
cross_scenario,k_means,448376330,25,4.42347e7,13.5607924,CosineDist,centered,7525.801542,7
cross_scenario,k_means,47449323,25,4.42466e7,11.6623768,CosineDist,centered,7187.7222170000005,7
cross_scenario,k_means,1161276258,27,4.42303e7,14.6626949,CosineDist,centered,7750.5442140000005,7
cross_scenario,k_means,1233541653,27,4.42218e7,16.5754008,CosineDist,centered,8009.143433,7
cross_scenario,k_means,1267936167,27,4.42142e7,16.3416455,CosineDist,centered,7914.187165999999,7
cross_scenario,k_means,1653248667,27,4.42332e7,13.8971666,CosineDist,centered,7620.879432,7
cross_scenario,k_means,2437521778,27,4.4217e7,14.1794588,CosineDist,centered,7271.995702,7
cross_scenario,k_means,2524306086,27,4.42305e7,13.798178,CosineDist,centered,7958.597864,7
cross_scenario,k_means,2606414571,27,4.42477e7,14.3865901,CosineDist,centered,7799.447309,7
cross_scenario,k_means,2821296471,27,4.42226e7,13.4466763,CosineDist,centered,8411.798534,7
cross_scenario,k_means,3155655383,27,4.42151e7,18.1634773,CosineDist,centered,7958.985096999999,7
cross_scenario,k_means,463779685,27,4.42261e7,16.147308,CosineDist,centered,8048.612151999999,7
cross_scenario,k_means,1113698075,29,4.42396e7,16.3933079,CosineDist,centered,6995.742845999999,7
cross_scenario,k_means,1125327650,29,4.42329e7,14.9168125,CosineDist,centered,7383.31091,7
cross_scenario,k_means,1398119942,29,9.5044e7,16.5061098,CosineDist,centered,1.363495711563e6,288
cross_scenario,k_means,1669407957,29,4.42269e7,18.3574922,CosineDist,centered,6879.957303,7
cross_scenario,k_means,1792506398,29,4.42076e7,19.5765404,CosineDist,centered,7541.37598,7
cross_scenario,k_means,2439649745,29,4.42022e7,15.1325863,CosineDist,centered,7901.804808000001,7
cross_scenario,k_means,2730667678,29,4.42117e7,16.607336,CosineDist,centered,7521.796732999999,7
cross_scenario,k_means,2843080965,29,4.42763e7,16.8295399,CosineDist,centered,7448.300316000001,9
cross_scenario,k_means,3434031776,29,4.42022e7,16.5266288,CosineDist,centered,7769.530395,7
cross_scenario,k_means,950202798,29,4.42232e7,17.1519674,CosineDist,centered,7632.5107689999995,7
cross_scenario,k_means,1042382051,3,1.89583e8,0.7447181,CosineDist,centered,3.805113530081e6,1744
cross_scenario,k_means,1617230705,3,1.94961e8,0.6077339,CosineDist,centered,3.942209479259001e6,1785
cross_scenario,k_means,1690918982,3,1.90349e8,0.6433249,CosineDist,centered,3.823859718668e6,1876
cross_scenario,k_means,2011904635,3,1.97364e8,0.7436352,CosineDist,centered,4.002208771106e6,2010
cross_scenario,k_means,208019063,3,4.89958e7,1.1065948,CosineDist,centered,143393.33939400004,87
cross_scenario,k_means,2175589206,3,2.08273e8,3.1691792,CosineDist,centered,4.284020963295002e6,2240
cross_scenario,k_means,2331872192,3,1.56762e8,0.8209488,CosineDist,centered,2.9477314113850007e6,1281
cross_scenario,k_means,2859914000,3,4.45495e7,0.7128347,CosineDist,centered,6207.352263000001,7
cross_scenario,k_means,3409952330,3,1.72098e8,0.6306911,CosineDist,centered,3.3543419146950003e6,1517
cross_scenario,k_means,488813374,3,1.71857e8,0.712211,CosineDist,centered,3.3498473848440005e6,1406
cross_scenario,k_means,1349996306,31,4.42132e7,18.8167283,CosineDist,centered,8302.691633,7
cross_scenario,k_means,1462714024,31,4.42077e7,19.0549113,CosineDist,centered,8255.630114000001,7
cross_scenario,k_means,1579127763,31,4.42286e7,18.3543303,CosineDist,centered,7763.5854340000005,7
cross_scenario,k_means,1648351254,31,4.42279e7,17.4667136,CosineDist,centered,7954.290932999999,7
cross_scenario,k_means,2030289235,31,4.421e7,17.272205,CosineDist,centered,7839.454331,7
cross_scenario,k_means,2462588561,31,4.42195e7,19.6452239,CosineDist,centered,8129.777318,7
cross_scenario,k_means,2929172095,31,4.42168e7,16.8255309,CosineDist,centered,8389.072587,7
cross_scenario,k_means,2944528308,31,4.42128e7,18.8384247,CosineDist,centered,7855.202718,7
cross_scenario,k_means,295145311,31,4.42028e7,18.4649627,CosineDist,centered,8528.84825,7
cross_scenario,k_means,3899371692,31,4.4217e7,17.4317446,CosineDist,centered,7593.014787,7
cross_scenario,k_means,1038419084,33,4.42282e7,19.5186608,CosineDist,centered,8248.461268,7
cross_scenario,k_means,1109759726,33,4.42024e7,19.3751853,CosineDist,centered,8390.243112,7
cross_scenario,k_means,1963882461,33,4.42197e7,18.037347,CosineDist,centered,7598.149239,7
cross_scenario,k_means,1989163906,33,4.42055e7,18.6091889,CosineDist,centered,8214.619875,7
cross_scenario,k_means,2479233904,33,4.42044e7,20.0548635,CosineDist,centered,7748.981782999999,7
cross_scenario,k_means,2497612078,33,4.42214e7,17.7096455,CosineDist,centered,7221.498907,7
cross_scenario,k_means,3214090957,33,4.42021e7,18.3068345,CosineDist,centered,8021.405059000001,7
cross_scenario,k_means,3465092140,33,4.41998e7,20.1265542,CosineDist,centered,7347.12733,7
cross_scenario,k_means,4061834237,33,4.41992e7,18.0135302,CosineDist,centered,7991.659705,7
cross_scenario,k_means,52313467,33,9.44436e7,29.207976,CosineDist,centered,1.351386106091e6,277
cross_scenario,k_means,1208640119,35,4.42023e7,23.1570868,CosineDist,centered,7870.474899999999,7
cross_scenario,k_means,1428058240,35,4.4209e7,19.0526584,CosineDist,centered,8016.410399,7
cross_scenario,k_means,15941194,35,4.41996e7,18.1242225,CosineDist,centered,8337.5383,7
cross_scenario,k_means,2213813141,35,4.42107e7,19.0375582,CosineDist,centered,7472.176579000001,7
cross_scenario,k_means,2291375163,35,4.42041e7,21.5275022,CosineDist,centered,7785.140281999999,7
cross_scenario,k_means,236500538,35,4.42009e7,18.9539129,CosineDist,centered,7663.744106,7
cross_scenario,k_means,252145784,35,4.42089e7,21.6842675,CosineDist,centered,7977.114468,7
cross_scenario,k_means,2544196106,35,4.42129e7,20.0600951,CosineDist,centered,8109.276783999999,7
cross_scenario,k_means,2745802022,35,4.42084e7,22.2251378,CosineDist,centered,8216.255887,7
cross_scenario,k_means,3596893902,35,4.42044e7,18.2536604,CosineDist,centered,8165.932694,7
cross_scenario,k_means,1380354363,37,4.42053e7,21.11886,CosineDist,centered,8526.896283,7
cross_scenario,k_means,3048518942,37,4.42052e7,23.2946404,CosineDist,centered,8116.134832999999,7
cross_scenario,k_means,3182806193,37,4.41993e7,21.6645024,CosineDist,centered,7846.689204,7
cross_scenario,k_means,3244629827,37,4.42081e7,24.8960175,CosineDist,centered,8435.322117,7
cross_scenario,k_means,3452769998,37,4.42028e7,20.6074199,CosineDist,centered,7813.197853999999,7
cross_scenario,k_means,4262333788,37,4.42133e7,22.0663775,CosineDist,centered,8108.98048,7
cross_scenario,k_means,45994245,37,4.42139e7,23.7334401,CosineDist,centered,7964.647563,7
cross_scenario,k_means,67569244,37,4.41964e7,19.3209724,CosineDist,centered,7986.757813,7
cross_scenario,k_means,814300562,37,4.41992e7,22.7000373,CosineDist,centered,7986.569527,7
cross_scenario,k_means,870981686,37,4.42189e7,24.3877762,CosineDist,centered,7336.904117,7
cross_scenario,k_means,1129760376,39,4.42023e7,24.3546232,CosineDist,centered,7925.014009,7
cross_scenario,k_means,148104383,39,4.41923e7,23.191023,CosineDist,centered,8910.637981,7
cross_scenario,k_means,1655289285,39,4.41895e7,21.7246691,CosineDist,centered,8756.347445,7
cross_scenario,k_means,1845695973,39,4.41894e7,23.8363843,CosineDist,centered,8431.772403,7
cross_scenario,k_means,2121257682,39,4.42026e7,26.021694,CosineDist,centered,8138.864807999999,7
cross_scenario,k_means,2943233938,39,4.42001e7,23.4353489,CosineDist,centered,8441.833238,7
cross_scenario,k_means,3030918353,39,4.41931e7,23.7079824,CosineDist,centered,8110.842510999999,7
cross_scenario,k_means,3096268031,39,4.42161e7,21.2149729,CosineDist,centered,7115.252488,7
cross_scenario,k_means,3338611973,39,9.34498e7,22.1053926,CosineDist,centered,1.3210008979180001e6,236
cross_scenario,k_means,662283236,39,4.4201e7,25.1500244,CosineDist,centered,8235.059784000001,7
cross_scenario,k_means,1005104349,41,4.41887e7,28.7083725,CosineDist,centered,7958.716432,7
cross_scenario,k_means,1534696584,41,4.41976e7,24.6973678,CosineDist,centered,7979.247490000001,7
cross_scenario,k_means,225016911,41,4.42005e7,24.3720622,CosineDist,centered,8135.042782,7
cross_scenario,k_means,2317592996,41,4.41969e7,24.2851026,CosineDist,centered,7878.9167609999995,7
cross_scenario,k_means,2716090479,41,4.41889e7,28.2143182,CosineDist,centered,8753.109642,7
cross_scenario,k_means,3258958499,41,4.42005e7,27.6422408,CosineDist,centered,7770.597868999999,7
cross_scenario,k_means,329433595,41,4.41918e7,26.2701259,CosineDist,centered,8473.305391,7
cross_scenario,k_means,3444774395,41,4.42105e7,24.4253889,CosineDist,centered,8253.520884,7
cross_scenario,k_means,438234340,41,4.41958e7,25.6559919,CosineDist,centered,8013.102569,7
cross_scenario,k_means,953901905,41,4.41851e7,29.1859974,CosineDist,centered,8262.739173,7
cross_scenario,k_means,1660595499,5,1.78174e8,1.685569,CosineDist,centered,3.512240283339001e6,1445
cross_scenario,k_means,1714105051,5,1.46377e8,1.7895634,CosineDist,centered,2.682936569065e6,1125
cross_scenario,k_means,2169593505,5,9.65629e7,1.6599805,CosineDist,centered,1.394459619658e6,339
cross_scenario,k_means,2538991366,5,4.89948e7,1.2031241,CosineDist,centered,144750.391852,88
cross_scenario,k_means,2909674750,5,1.79579e8,1.5761453,CosineDist,centered,3.5487486759140007e6,1721
cross_scenario,k_means,3018546641,5,1.72722e8,1.6652469,CosineDist,centered,3.3744027528129998e6,1501
cross_scenario,k_means,3634057553,5,1.30823e8,1.828866,CosineDist,centered,2.2985286509729996e6,876
cross_scenario,k_means,4139823947,5,1.37284e8,1.7702575,CosineDist,centered,2.463065623847e6,901
cross_scenario,k_means,4197766176,5,1.74893e8,1.287804,CosineDist,centered,3.427609423331e6,1442
cross_scenario,k_means,5947179,5,1.59786e8,1.3152418,CosineDist,centered,3.0380205861070002e6,1247
cross_scenario,k_means,1006581332,7,4.43316e7,1.9820268,CosineDist,centered,6096.414818,7
cross_scenario,k_means,1176932870,7,1.21298e8,2.1373976,CosineDist,centered,2.038930658176e6,655
cross_scenario,k_means,1821427372,7,4.88808e7,2.0642785,CosineDist,centered,143393.33939400004,87
cross_scenario,k_means,2689963385,7,4.89952e7,1.9555083,CosineDist,centered,145744.76260699998,89
cross_scenario,k_means,2751971336,7,1.64092e8,2.5397349,CosineDist,centered,3.150557146088999e6,1214
cross_scenario,k_means,3385142830,7,1.24715e8,2.5255608,CosineDist,centered,2.126142542998e6,694
cross_scenario,k_means,3409620994,7,1.54173e8,2.3471693,CosineDist,centered,2.8981513325130004e6,1216
cross_scenario,k_means,447101461,7,1.45721e8,1.9694918,CosineDist,centered,2.679517263437e6,965
cross_scenario,k_means,468006976,7,1.26437e8,2.083632,CosineDist,centered,2.1860157026939997e6,786
cross_scenario,k_means,880982686,7,1.5226e8,1.7742627,CosineDist,centered,2.8469825226490004e6,1057
cross_scenario,k_means,1130292821,9,1.08069e8,3.1266803,CosineDist,centered,1.7092014225009999e6,525
cross_scenario,k_means,1392296365,9,4.43182e7,2.9642386,CosineDist,centered,7836.588621999998,7
cross_scenario,k_means,2814468992,9,4.89244e7,2.8732645,CosineDist,centered,143393.33939400004,87
cross_scenario,k_means,3044209910,9,4.88671e7,3.3980864,CosineDist,centered,143393.33939400004,87
cross_scenario,k_means,3261319673,9,1.16126e8,3.346447,CosineDist,centered,1.9022620515669996e6,585
cross_scenario,k_means,3543870990,9,4.4298e7,3.3635307,CosineDist,centered,6908.627592999999,7
cross_scenario,k_means,3602499071,9,4.89646e7,3.607022,CosineDist,centered,145157.70026499996,88
cross_scenario,k_means,3926221275,9,1.1805e8,2.7664834,CosineDist,centered,1.9667621614470002e6,681
cross_scenario,k_means,42413356,9,4.88945e7,2.9073352,CosineDist,centered,143393.33939400004,87
cross_scenario,k_means,697383862,9,1.23367e8,3.2320622,CosineDist,centered,2.090476785874e6,722
cross_scenario,k_means,1355586937,11,4.89049e7,3.3313577,SqEuclidean,centered,143393.33939400004,87
cross_scenario,k_means,1768760743,11,4.42736e7,3.7381448,SqEuclidean,centered,7025.328894,7
cross_scenario,k_means,2652796558,11,4.88835e7,3.492044,SqEuclidean,centered,143393.33939400004,87
cross_scenario,k_means,3000698040,11,4.89646e7,3.5378249,SqEuclidean,centered,145744.76260699998,89
cross_scenario,k_means,3160233726,11,4.42809e7,4.4674742,SqEuclidean,centered,6358.950661000001,7
cross_scenario,k_means,3479820580,11,1.04767e8,3.7727698,SqEuclidean,centered,1.610236476914e6,428
cross_scenario,k_means,3649546841,11,1.4513e8,3.2098701,SqEuclidean,centered,2.664294471924e6,859
cross_scenario,k_means,4031091536,11,4.42963e7,3.4283644,SqEuclidean,centered,7920.359138,7
cross_scenario,k_means,675182737,11,1.0572e8,3.3188751,SqEuclidean,centered,1.6478937401260003e6,505
cross_scenario,k_means,722170199,11,1.03607e8,3.435487,SqEuclidean,centered,1.5832246266869998e6,405
cross_scenario,k_means,1020330993,13,1.1591e8,4.4940941,SqEuclidean,centered,1.8990461755600001e6,652
cross_scenario,k_means,1241334511,13,9.85725e7,5.2822741,SqEuclidean,centered,1.4510807808569998e6,397
cross_scenario,k_means,1561739573,13,1.19253e8,5.9333213,SqEuclidean,centered,1.986182151394e6,649
cross_scenario,k_means,2082789969,13,4.42794e7,4.6923916,SqEuclidean,centered,6790.133054,7
cross_scenario,k_means,2422820678,13,1.11685e8,3.832541,SqEuclidean,centered,1.790290849703e6,507
cross_scenario,k_means,373102896,13,9.25772e7,4.2891438,SqEuclidean,centered,1.2943930179259998e6,302
cross_scenario,k_means,3777256655,13,4.43331e7,4.8704479,SqEuclidean,centered,6704.50396,7
cross_scenario,k_means,4101453586,13,4.42924e7,5.2695293,SqEuclidean,centered,7576.761,7
cross_scenario,k_means,419645993,13,1.03905e8,5.0585425,SqEuclidean,centered,1.588940271822e6,434
cross_scenario,k_means,772616242,13,4.42797e7,4.1296774,SqEuclidean,centered,7076.738588,7
cross_scenario,k_means,1536731824,15,1.00668e8,6.4765371,SqEuclidean,centered,1.504520756253e6,391
cross_scenario,k_means,1944031661,15,4.42959e7,6.2781635,SqEuclidean,centered,6821.9569409999995,7
cross_scenario,k_means,195370354,15,1.14446e8,5.4451261,SqEuclidean,centered,1.8614160731339992e6,527
cross_scenario,k_means,2392820273,15,1.13782e8,5.6317482,SqEuclidean,centered,1.8447270339290001e6,535
cross_scenario,k_means,2931326369,15,4.42608e7,5.4853659,SqEuclidean,centered,6990.313228,7
cross_scenario,k_means,3012361418,15,4.42759e7,5.6008707,SqEuclidean,centered,7569.573493,7
cross_scenario,k_means,3763622817,15,4.42769e7,5.632531,SqEuclidean,centered,7470.585690999999,7
cross_scenario,k_means,3796973136,15,1.05093e8,5.6927749,SqEuclidean,centered,1.6222996683e6,438
cross_scenario,k_means,3815196410,15,4.4277e7,5.9690509,SqEuclidean,centered,7750.071739,7
cross_scenario,k_means,604489562,15,4.43234e7,5.2672285,SqEuclidean,centered,7399.414076999999,7
cross_scenario,k_means,1587347134,17,4.42525e7,6.2370911,SqEuclidean,centered,7589.658294,7
cross_scenario,k_means,186564236,17,4.42375e7,6.8977514,SqEuclidean,centered,7130.513806,7
cross_scenario,k_means,2166881926,17,4.78562e7,5.967516,SqEuclidean,centered,118256.306645,70
cross_scenario,k_means,2186186592,17,4.43106e7,6.331726,SqEuclidean,centered,6492.593573,7
cross_scenario,k_means,2238747886,17,8.68354e7,6.9699673,SqEuclidean,centered,1.142103512438e6,243
cross_scenario,k_means,224585247,17,4.88483e7,6.7530663,SqEuclidean,centered,143393.33939400004,87
cross_scenario,k_means,2339120676,17,4.42948e7,6.2233675,SqEuclidean,centered,7093.335954,7
cross_scenario,k_means,3093014142,17,4.42781e7,6.6296462,SqEuclidean,centered,7433.263859,7
cross_scenario,k_means,3258302586,17,4.88581e7,5.4971048,SqEuclidean,centered,143393.33939400004,87
cross_scenario,k_means,3629043986,17,4.42403e7,6.6631827,SqEuclidean,centered,7321.704819,7
cross_scenario,k_means,1088367163,19,9.77913e7,7.2802177,SqEuclidean,centered,1.4316648097319994e6,351
cross_scenario,k_means,1245540782,19,4.42569e7,8.3690978,SqEuclidean,centered,7076.69114,7
cross_scenario,k_means,2410109332,19,4.4256e7,8.6025114,SqEuclidean,centered,6839.308413000001,7
cross_scenario,k_means,2455416769,19,4.42525e7,9.2192335,SqEuclidean,centered,7762.025371,7
cross_scenario,k_means,2591120440,19,1.09338e8,6.8918968,SqEuclidean,centered,1.7390758038709997e6,554
cross_scenario,k_means,2650271871,19,4.42514e7,7.434413,SqEuclidean,centered,7459.76606,7
cross_scenario,k_means,2789252227,19,4.42959e7,8.1834275,SqEuclidean,centered,6596.317123,7
cross_scenario,k_means,3130995382,19,4.88433e7,7.7445466,SqEuclidean,centered,143393.33939400004,87
cross_scenario,k_means,3357853995,19,4.42568e7,8.3257952,SqEuclidean,centered,6608.3489420000005,7
cross_scenario,k_means,824849990,19,1.05268e8,8.4498455,SqEuclidean,centered,1.625134663359e6,425
cross_scenario,k_means,1244389436,21,4.42457e7,8.9432338,SqEuclidean,centered,7030.580954000001,7
cross_scenario,k_means,1393653782,21,4.42509e7,10.2014003,SqEuclidean,centered,6893.419748,7
cross_scenario,k_means,1761682951,21,4.42232e7,8.6081006,SqEuclidean,centered,7876.233457999999,7
cross_scenario,k_means,196162340,21,4.42382e7,9.1120855,SqEuclidean,centered,7194.671308,7
cross_scenario,k_means,1984034111,21,4.42422e7,8.477327,SqEuclidean,centered,7733.378134999999,7
cross_scenario,k_means,2569047889,21,4.42437e7,9.0390325,SqEuclidean,centered,7759.536415999999,7
cross_scenario,k_means,3286463093,21,1.04605e8,8.9684537,SqEuclidean,centered,1.61022666036e6,443
cross_scenario,k_means,4196464565,21,4.42372e7,8.7239309,SqEuclidean,centered,7483.193652999999,7
cross_scenario,k_means,744301781,21,1.10116e8,7.9981452,SqEuclidean,centered,1.76772856154e6,494
cross_scenario,k_means,760014603,21,4.42825e7,8.8728193,SqEuclidean,centered,6603.041789999999,7
cross_scenario,k_means,2193967569,23,4.4235e7,10.3783694,SqEuclidean,centered,7031.857336,7
cross_scenario,k_means,2546464051,23,4.42509e7,10.0484334,SqEuclidean,centered,7060.8979930000005,7
cross_scenario,k_means,2938742229,23,4.42274e7,10.5578591,SqEuclidean,centered,7876.619997000001,7
cross_scenario,k_means,313447314,23,4.42403e7,9.6938203,SqEuclidean,centered,7317.356438999999,7
cross_scenario,k_means,3164855826,23,4.42383e7,10.3808942,SqEuclidean,centered,8227.681826,7
cross_scenario,k_means,3173192974,23,4.42386e7,9.9513466,SqEuclidean,centered,7408.116261,7
cross_scenario,k_means,3527549645,23,4.42483e7,11.2277168,SqEuclidean,centered,8061.429754000001,7
cross_scenario,k_means,3913193451,23,4.42174e7,11.8363703,SqEuclidean,centered,8103.086228,7
cross_scenario,k_means,714332685,23,4.42101e7,11.7152558,SqEuclidean,centered,7728.538053000001,7
cross_scenario,k_means,890890131,23,4.42254e7,10.8060147,SqEuclidean,centered,8089.224559,7
cross_scenario,k_means,1134130444,25,4.42342e7,11.0805085,SqEuclidean,centered,7526.721287,7
cross_scenario,k_means,2658990538,25,9.73402e7,11.9113659,SqEuclidean,centered,1.420206796286e6,330
cross_scenario,k_means,2726541456,25,4.4215e7,12.3631058,SqEuclidean,centered,7348.322807999999,7
cross_scenario,k_means,2894918851,25,4.4226e7,10.9801017,SqEuclidean,centered,7140.968148,7
cross_scenario,k_means,3351175237,25,4.42228e7,12.8748923,SqEuclidean,centered,7519.112346,7
cross_scenario,k_means,343301208,25,4.42335e7,11.1528344,SqEuclidean,centered,7524.467769,7
cross_scenario,k_means,4135971217,25,4.4213e7,11.1408996,SqEuclidean,centered,7436.786041,7
cross_scenario,k_means,4145110716,25,4.42223e7,11.9063915,SqEuclidean,centered,7117.634043,7
cross_scenario,k_means,448376330,25,4.42299e7,11.8674956,SqEuclidean,centered,7647.651358,7
cross_scenario,k_means,47449323,25,4.42354e7,12.9154051,SqEuclidean,centered,7382.300876,7
cross_scenario,k_means,1161276258,27,4.42303e7,12.2094879,SqEuclidean,centered,7764.479751000001,7
cross_scenario,k_means,1233541653,27,4.42265e7,12.9453561,SqEuclidean,centered,7781.435998,7
cross_scenario,k_means,1267936167,27,4.42143e7,13.9751487,SqEuclidean,centered,8232.513617,7
cross_scenario,k_means,1653248667,27,4.4228e7,13.6607492,SqEuclidean,centered,8061.266943,7
cross_scenario,k_means,2437521778,27,4.42053e7,11.6843582,SqEuclidean,centered,7287.571321999999,7
cross_scenario,k_means,2524306086,27,4.42201e7,12.9557271,SqEuclidean,centered,7942.371249,7
cross_scenario,k_means,2606414571,27,4.42418e7,13.9819563,SqEuclidean,centered,7265.974983,7
cross_scenario,k_means,2821296471,27,4.42184e7,14.6046443,SqEuclidean,centered,8204.779004,7
cross_scenario,k_means,3155655383,27,4.42224e7,12.7686442,SqEuclidean,centered,7914.676691,7
cross_scenario,k_means,463779685,27,4.42265e7,15.2161567,SqEuclidean,centered,7987.126874,7
cross_scenario,k_means,1113698075,29,4.42313e7,14.0313314,SqEuclidean,centered,6998.144971000001,7
cross_scenario,k_means,1125327650,29,4.42489e7,14.0088237,SqEuclidean,centered,7210.940393,7
cross_scenario,k_means,1398119942,29,9.86843e7,13.2250353,SqEuclidean,centered,1.4570796516059998e6,312
cross_scenario,k_means,1669407957,29,4.42112e7,14.5406543,SqEuclidean,centered,7260.652505000001,7
cross_scenario,k_means,1792506398,29,4.42105e7,15.1545653,SqEuclidean,centered,7695.9955930000015,7
cross_scenario,k_means,2439649745,29,4.42023e7,12.6396704,SqEuclidean,centered,7787.970462,7
cross_scenario,k_means,2730667678,29,4.42119e7,13.3928439,SqEuclidean,centered,7714.022218,7
cross_scenario,k_means,2843080965,29,4.42311e7,14.4162218,SqEuclidean,centered,7656.8331499999995,7
cross_scenario,k_means,3434031776,29,4.42078e7,14.7040479,SqEuclidean,centered,8115.021976000001,7
cross_scenario,k_means,950202798,29,4.42053e7,16.5887075,SqEuclidean,centered,7895.288560999999,7
cross_scenario,k_means,1042382051,3,1.91258e8,0.6798003,SqEuclidean,centered,3.8453475013650004e6,1778
cross_scenario,k_means,1617230705,3,2.00359e8,0.7705148,SqEuclidean,centered,4.0803001893700007e6,1855
cross_scenario,k_means,1690918982,3,2.04221e8,0.7191705,SqEuclidean,centered,4.178899683088e6,2124
cross_scenario,k_means,2011904635,3,1.88384e8,0.6291809,SqEuclidean,centered,3.7725165099879997e6,1727
cross_scenario,k_means,208019063,3,4.90013e7,0.6483739,SqEuclidean,centered,143393.33939400004,87
cross_scenario,k_means,2175589206,3,1.85741e8,0.7633938,SqEuclidean,centered,3.7064705775759993e6,1733
cross_scenario,k_means,2331872192,3,1.48474e8,0.7844564,SqEuclidean,centered,2.7363001090650004e6,1106
cross_scenario,k_means,2859914000,3,4.45495e7,0.8541651,SqEuclidean,centered,6207.352263000001,7
cross_scenario,k_means,3409952330,3,1.68607e8,0.7740163,SqEuclidean,centered,3.2664079404340005e6,1503
cross_scenario,k_means,488813374,3,1.59298e8,0.6486988,SqEuclidean,centered,3.029241649721999e6,1236
cross_scenario,k_means,1349996306,31,4.42087e7,15.1440542,SqEuclidean,centered,7911.483318,7
cross_scenario,k_means,1462714024,31,4.42119e7,16.5816619,SqEuclidean,centered,8391.702742000001,7
cross_scenario,k_means,1579127763,31,4.42163e7,14.0593657,SqEuclidean,centered,7883.094177999999,7
cross_scenario,k_means,1648351254,31,4.42135e7,16.2158806,SqEuclidean,centered,8292.523111,7
cross_scenario,k_means,2030289235,31,4.42098e7,15.4247442,SqEuclidean,centered,7610.325231999999,7
cross_scenario,k_means,2462588561,31,4.4218e7,16.8347528,SqEuclidean,centered,8014.301732,7
cross_scenario,k_means,2929172095,31,4.42136e7,15.5002272,SqEuclidean,centered,8129.98134,7
cross_scenario,k_means,2944528308,31,4.4209e7,14.9066412,SqEuclidean,centered,8056.225796000001,7
cross_scenario,k_means,295145311,31,4.42012e7,15.0920834,SqEuclidean,centered,8548.30866,7
cross_scenario,k_means,3899371692,31,4.42164e7,15.759906,SqEuclidean,centered,7782.704291999999,7
cross_scenario,k_means,1038419084,33,4.42087e7,17.8387595,SqEuclidean,centered,8389.254191,7
cross_scenario,k_means,1109759726,33,4.42103e7,18.768409,SqEuclidean,centered,7526.709166000001,7
cross_scenario,k_means,1963882461,33,4.42124e7,15.6635836,SqEuclidean,centered,7437.363308,7
cross_scenario,k_means,1989163906,33,4.42223e7,15.6674614,SqEuclidean,centered,8076.038503,7
cross_scenario,k_means,2479233904,33,4.42207e7,18.370156,SqEuclidean,centered,7626.189904000001,7
cross_scenario,k_means,2497612078,33,4.42149e7,17.4167888,SqEuclidean,centered,7206.776146,7
cross_scenario,k_means,3214090957,33,4.42004e7,15.1415438,SqEuclidean,centered,8591.267294,7
cross_scenario,k_means,3465092140,33,4.41966e7,18.0349798,SqEuclidean,centered,7265.063001,7
cross_scenario,k_means,4061834237,33,4.42144e7,16.3619399,SqEuclidean,centered,7775.7772159999995,7
cross_scenario,k_means,52313467,33,4.42011e7,16.9213837,SqEuclidean,centered,8198.759366,7
cross_scenario,k_means,1208640119,35,4.41989e7,17.2994396,SqEuclidean,centered,7975.163572,7
cross_scenario,k_means,1428058240,35,4.42012e7,17.2988899,SqEuclidean,centered,7970.394197,7
cross_scenario,k_means,15941194,35,4.42052e7,16.9538882,SqEuclidean,centered,8586.782409000001,7
cross_scenario,k_means,2213813141,35,4.42113e7,17.7779819,SqEuclidean,centered,7457.044323000001,7
cross_scenario,k_means,2291375163,35,4.42185e7,18.3635485,SqEuclidean,centered,8150.384933000001,7
cross_scenario,k_means,236500538,35,4.42112e7,18.9415959,SqEuclidean,centered,7665.324315,7
cross_scenario,k_means,252145784,35,4.42033e7,18.6021889,SqEuclidean,centered,8059.179529999999,7
cross_scenario,k_means,2544196106,35,4.4204e7,18.2083906,SqEuclidean,centered,8054.713592,7
cross_scenario,k_means,2745802022,35,4.42067e7,21.370925,SqEuclidean,centered,8141.385236,7
cross_scenario,k_means,3596893902,35,4.42012e7,17.3204252,SqEuclidean,centered,7724.269544000001,7
cross_scenario,k_means,1380354363,37,4.42026e7,21.413084,SqEuclidean,centered,8526.782742,7
cross_scenario,k_means,3048518942,37,4.41942e7,21.5583135,SqEuclidean,centered,8158.796828,7
cross_scenario,k_means,3182806193,37,4.41985e7,20.6014111,SqEuclidean,centered,7743.726171,7
cross_scenario,k_means,3244629827,37,4.42083e7,19.7552355,SqEuclidean,centered,8190.233498,7
cross_scenario,k_means,3452769998,37,4.41953e7,18.9038098,SqEuclidean,centered,8101.387470000001,7
cross_scenario,k_means,4262333788,37,4.42037e7,18.3024566,SqEuclidean,centered,8409.521711,7
cross_scenario,k_means,45994245,37,4.42005e7,18.8540467,SqEuclidean,centered,7934.160556000001,7
cross_scenario,k_means,67569244,37,4.4204e7,20.5283104,SqEuclidean,centered,7670.430591,7
cross_scenario,k_means,814300562,37,4.41986e7,20.9639206,SqEuclidean,centered,8021.168818,7
cross_scenario,k_means,870981686,37,4.4202e7,19.7659269,SqEuclidean,centered,7743.580056,7
cross_scenario,k_means,1129760376,39,4.42051e7,20.1824243,SqEuclidean,centered,7783.884627000001,7
cross_scenario,k_means,148104383,39,4.41902e7,21.0309532,SqEuclidean,centered,8707.492547,7
cross_scenario,k_means,1655289285,39,4.4186e7,22.4149808,SqEuclidean,centered,8859.821141999999,7
cross_scenario,k_means,1845695973,39,4.4192e7,19.5379797,SqEuclidean,centered,8570.256127999999,7
cross_scenario,k_means,2121257682,39,4.42085e7,20.6765977,SqEuclidean,centered,7550.860736,7
cross_scenario,k_means,2943233938,39,4.41982e7,21.3121447,SqEuclidean,centered,8272.220696999999,7
cross_scenario,k_means,3030918353,39,4.4199e7,22.8445554,SqEuclidean,centered,7659.79683,7
cross_scenario,k_means,3096268031,39,4.42162e7,23.300478,SqEuclidean,centered,7045.608055000001,7
cross_scenario,k_means,3338611973,39,8.96218e7,22.4586628,SqEuclidean,centered,1.219672990337e6,236
cross_scenario,k_means,662283236,39,4.4199e7,21.9994944,SqEuclidean,centered,7857.861603,7
cross_scenario,k_means,1005104349,41,4.419e7,24.4056092,SqEuclidean,centered,8314.666759,7
cross_scenario,k_means,1534696584,41,4.41913e7,21.0561738,SqEuclidean,centered,8156.541351,7
cross_scenario,k_means,225016911,41,4.42012e7,23.2376278,SqEuclidean,centered,8562.956803000001,7
cross_scenario,k_means,2317592996,41,4.41957e7,23.075273,SqEuclidean,centered,8034.516037000001,7
cross_scenario,k_means,2716090479,41,4.41915e7,21.7745651,SqEuclidean,centered,8546.774440000001,7
cross_scenario,k_means,3258958499,41,4.41997e7,25.7329137,SqEuclidean,centered,8008.499110999999,7
cross_scenario,k_means,329433595,41,4.41933e7,23.9395615,SqEuclidean,centered,8427.181598000001,7
cross_scenario,k_means,3444774395,41,4.42095e7,23.9380534,SqEuclidean,centered,8228.609703,7
cross_scenario,k_means,438234340,41,4.4195e7,23.2356307,SqEuclidean,centered,8021.798244999999,7
cross_scenario,k_means,953901905,41,4.41886e7,22.4092614,SqEuclidean,centered,7814.236301999999,7
cross_scenario,k_means,1660595499,5,1.75934e8,1.4940535,SqEuclidean,centered,3.4547378953380017e6,1467
cross_scenario,k_means,1714105051,5,1.34046e8,1.4663084,SqEuclidean,centered,2.3672375620609997e6,898
cross_scenario,k_means,2169593505,5,1.1876e8,1.2170228,SqEuclidean,centered,1.9727181765369999e6,707
cross_scenario,k_means,2538991366,5,1.68413e8,1.4459903,SqEuclidean,centered,3.2634249262499996e6,1338
cross_scenario,k_means,2909674750,5,1.71569e8,1.684712,SqEuclidean,centered,3.343269661704e6,1615
cross_scenario,k_means,3018546641,5,1.67257e8,1.1461411,SqEuclidean,centered,3.2337530556449997e6,1217
cross_scenario,k_means,3634057553,5,1.48169e8,1.5291765,SqEuclidean,centered,2.744258334137e6,1157
cross_scenario,k_means,4139823947,5,1.61836e8,1.2434011,SqEuclidean,centered,3.0912149017519997e6,1242
cross_scenario,k_means,4197766176,5,1.72685e8,1.3955166,SqEuclidean,centered,3.3709540446379995e6,1433
cross_scenario,k_means,5947179,5,1.83788e8,1.4477921,SqEuclidean,centered,3.6552702343960004e6,1610
cross_scenario,k_means,1006581332,7,4.43463e7,2.1552188,SqEuclidean,centered,6448.955225,7
cross_scenario,k_means,1176932870,7,1.24139e8,2.4107749,SqEuclidean,centered,2.111375829819e6,674
cross_scenario,k_means,1821427372,7,4.88891e7,1.831731,SqEuclidean,centered,143393.33939400004,87
cross_scenario,k_means,2689963385,7,4.89266e7,2.1423868,SqEuclidean,centered,143393.33939400004,87
cross_scenario,k_means,2751971336,7,1.44036e8,1.9713078,SqEuclidean,centered,2.636576409485e6,1036
cross_scenario,k_means,3385142830,7,1.23908e8,2.1186301,SqEuclidean,centered,2.1056101341569996e6,675
cross_scenario,k_means,3409620994,7,1.53186e8,1.6356223,SqEuclidean,centered,2.87152670724e6,1073
cross_scenario,k_means,447101461,7,1.44806e8,1.9085091,SqEuclidean,centered,2.6554605695070005e6,943
cross_scenario,k_means,468006976,7,1.20047e8,2.0746216,SqEuclidean,centered,2.0198173873250003e6,702
cross_scenario,k_means,880982686,7,1.57753e8,1.8705489,SqEuclidean,centered,2.987628652574e6,1115
cross_scenario,k_means,1130292821,9,1.36593e8,2.7765712,SqEuclidean,centered,2.4418978798399996e6,802
cross_scenario,k_means,1392296365,9,4.4303e7,2.8298226,SqEuclidean,centered,7340.6687,7
cross_scenario,k_means,2814468992,9,4.89079e7,2.7540431,SqEuclidean,centered,143393.33939400004,87
cross_scenario,k_means,3044209910,9,4.88811e7,2.7759427,SqEuclidean,centered,143393.33939400004,87
cross_scenario,k_means,3261319673,9,1.2246e8,2.8750719,SqEuclidean,centered,2.0687328700479995e6,692
cross_scenario,k_means,3543870990,9,4.43115e7,2.6683927,SqEuclidean,centered,6902.2891869999985,7
cross_scenario,k_means,3602499071,9,4.8978e7,2.9394506,SqEuclidean,centered,145744.76260699998,89
cross_scenario,k_means,3926221275,9,1.37028e8,2.4001035,SqEuclidean,centered,2.4543000687690005e6,846
cross_scenario,k_means,42413356,9,4.90099e7,2.6169857,SqEuclidean,centered,145744.76260699998,89
cross_scenario,k_means,697383862,9,1.20198e8,3.0523153,SqEuclidean,centered,2.0097296736380002e6,672
stochastic,stochastic,0,0,5.25344e7,61.2550886,N/A,close,7490.541523,12
cross_scenario,convex_hull,0,11,5.26334e7,3.2514273,CosineDist,close,4259.472975000001,8
cross_scenario,convex_hull,0,13,5.26136e7,4.1262511,CosineDist,close,5814.366218,10
cross_scenario,convex_hull,0,15,5.26023e7,4.8840903,CosineDist,close,6199.260942,12
cross_scenario,convex_hull,0,17,5.25993e7,5.7429905,CosineDist,close,8511.510066,14
cross_scenario,convex_hull,0,19,5.25925e7,7.9478424,CosineDist,close,8471.244135,13
cross_scenario,convex_hull,0,21,5.2576e7,8.6595554,CosineDist,close,8045.032882,12
cross_scenario,convex_hull,0,23,5.25757e7,9.4874626,CosineDist,close,7404.845058,12
cross_scenario,convex_hull,0,25,5.25845e7,10.2247138,CosineDist,close,4605.44365,10
cross_scenario,convex_hull,0,27,5.25801e7,11.7591586,CosineDist,close,4859.368606,10
cross_scenario,convex_hull,0,29,5.25841e7,11.394381,CosineDist,close,4941.874588000001,11
cross_scenario,convex_hull,0,3,6.0281e7,0.6684928,CosineDist,close,217806.27707,176
cross_scenario,convex_hull,0,31,5.25788e7,11.9286016,CosineDist,close,4839.600854,11
cross_scenario,convex_hull,0,33,5.25791e7,13.6321702,CosineDist,close,4825.255927,11
cross_scenario,convex_hull,0,35,5.25747e7,14.822987,CosineDist,close,4697.608042,11
cross_scenario,convex_hull,0,37,5.25727e7,15.577342,CosineDist,close,4790.201666,11
cross_scenario,convex_hull,0,39,5.25725e7,16.4013314,CosineDist,close,4820.675487,11
cross_scenario,convex_hull,0,41,5.25732e7,20.9084799,CosineDist,close,4839.371694,11
cross_scenario,convex_hull,0,5,6.01824e7,1.2481197,CosineDist,close,220094.52534000005,174
cross_scenario,convex_hull,0,7,5.98885e7,1.8860693,CosineDist,close,219536.11235100005,171
cross_scenario,convex_hull,0,9,5.26956e7,2.423996,CosineDist,close,4260.948019,8
cross_scenario,convex_hull,0,11,5.27667e7,3.3382331,SqEuclidean,close,1009.9282179999999,3
cross_scenario,convex_hull,0,13,5.28449e7,4.2227614,SqEuclidean,close,1159.103717,3
cross_scenario,convex_hull,0,15,5.28255e7,6.7300923,SqEuclidean,close,1628.145988,5
cross_scenario,convex_hull,0,17,5.28373e7,6.8128768,SqEuclidean,close,1644.115804,4
cross_scenario,convex_hull,0,19,5.28543e7,7.2685358,SqEuclidean,close,1645.9346150000001,5
cross_scenario,convex_hull,0,21,5.28599e7,9.2726908,SqEuclidean,close,1645.202992,4
cross_scenario,convex_hull,0,23,5.26801e7,9.1268031,SqEuclidean,close,4651.126478,10
cross_scenario,convex_hull,0,25,5.26335e7,10.604997,SqEuclidean,close,4022.8593740000006,10
cross_scenario,convex_hull,0,27,5.26497e7,11.0522038,SqEuclidean,close,4273.6636340000005,10
cross_scenario,convex_hull,0,29,5.264e7,11.6508796,SqEuclidean,close,4387.856815,10
cross_scenario,convex_hull,0,3,7.92192e7,0.9582009,SqEuclidean,close,711234.5805400001,313
cross_scenario,convex_hull,0,31,5.2647e7,13.8149298,SqEuclidean,close,3145.8956679999997,10
cross_scenario,convex_hull,0,33,5.26589e7,16.3389815,SqEuclidean,close,3461.0928539999995,10
cross_scenario,convex_hull,0,35,5.26058e7,17.8068972,SqEuclidean,close,5087.518618000001,12
cross_scenario,convex_hull,0,37,5.26065e7,18.4267327,SqEuclidean,close,5087.518618000001,12
cross_scenario,convex_hull,0,39,5.25711e7,20.2797821,SqEuclidean,close,4566.033755,11
cross_scenario,convex_hull,0,41,5.25719e7,19.695149,SqEuclidean,close,4564.940581000001,11
cross_scenario,convex_hull,0,5,5.3726e7,1.4140164,SqEuclidean,close,1189.303985,8
cross_scenario,convex_hull,0,7,5.30563e7,2.0136528,SqEuclidean,close,585.68679,3
cross_scenario,convex_hull,0,9,5.29084e7,2.7051942,SqEuclidean,close,429.25691500000005,2
cross_scenario,k_medoids,1355586937,11,8.76449e7,3.2283904,CosineDist,close,936377.4390109999,475
cross_scenario,k_medoids,1768760743,11,5.29353e7,2.9925972,CosineDist,close,27838.944062,36
cross_scenario,k_medoids,2652796558,11,5.40128e7,3.1392099,CosineDist,close,63717.27864699999,79
cross_scenario,k_medoids,3000698040,11,7.90038e7,3.3946729,CosineDist,close,719267.6868540001,409
cross_scenario,k_medoids,3160233726,11,7.83369e7,3.0436262,CosineDist,close,702223.2337999999,422
cross_scenario,k_medoids,3479820580,11,5.94199e7,3.1026021,CosineDist,close,200381.363382,155
cross_scenario,k_medoids,3649546841,11,5.26004e7,3.1305519,CosineDist,close,9330.587807999998,16
cross_scenario,k_medoids,4031091536,11,5.40341e7,3.2045394,CosineDist,close,64283.62187,80
cross_scenario,k_medoids,675182737,11,5.27479e7,3.0457533,CosineDist,close,18540.852359,29
cross_scenario,k_medoids,722170199,11,5.27862e7,2.8972885,CosineDist,close,19752.684161,27
cross_scenario,k_medoids,1020330993,13,6.43908e7,3.5347826,CosineDist,close,329771.8311259999,208
cross_scenario,k_medoids,1241334511,13,5.9268e7,3.6745541,CosineDist,close,196168.77888900004,141
cross_scenario,k_medoids,1561739573,13,7.85655e7,4.0134795,CosineDist,close,699192.359925,381
cross_scenario,k_medoids,2082789969,13,5.27843e7,3.6932868,CosineDist,close,20115.836485,28
cross_scenario,k_medoids,2422820678,13,5.30579e7,4.2798915,CosineDist,close,29964.289179,41
cross_scenario,k_medoids,373102896,13,5.27366e7,4.1036727,CosineDist,close,18337.229081999998,24
cross_scenario,k_medoids,3777256655,13,5.28059e7,3.9471946,CosineDist,close,22577.558724000002,33
cross_scenario,k_medoids,4101453586,13,5.27117e7,4.5601303,CosineDist,close,16645.941014,22
cross_scenario,k_medoids,419645993,13,5.3195e7,4.0031677,CosineDist,close,37520.926195,50
cross_scenario,k_medoids,772616242,13,5.42082e7,3.8127143,CosineDist,close,65934.787007,83
cross_scenario,k_medoids,1536731824,15,5.42582e7,4.7547794,CosineDist,close,71327.97008500001,87
cross_scenario,k_medoids,1944031661,15,8.27345e7,4.5781137,CosineDist,close,814122.313429,441
cross_scenario,k_medoids,195370354,15,5.25882e7,4.8091506,CosineDist,close,9677.403871,16
cross_scenario,k_medoids,2392820273,15,5.32721e7,5.6817867,CosineDist,close,36972.952742,52
cross_scenario,k_medoids,2931326369,15,5.26353e7,4.7026637,CosineDist,close,12615.237985,21
cross_scenario,k_medoids,3012361418,15,5.31868e7,4.9495114,CosineDist,close,37949.66975,53
cross_scenario,k_medoids,3763622817,15,5.26975e7,4.2753342,CosineDist,close,16545.416489000003,23
cross_scenario,k_medoids,3796973136,15,8.7728e7,5.5020605,CosineDist,close,935672.098969,484
cross_scenario,k_medoids,3815196410,15,5.27282e7,4.7715377,CosineDist,close,17607.216372000003,24
cross_scenario,k_medoids,604489562,15,5.29772e7,4.7553467,CosineDist,close,28895.8706,37
cross_scenario,k_medoids,1587347134,17,5.27054e7,6.1954887,CosineDist,close,16892.143671,25
cross_scenario,k_medoids,186564236,17,5.30346e7,5.4693529,CosineDist,close,31713.688219999996,41
cross_scenario,k_medoids,2166881926,17,5.4122e7,6.30506,CosineDist,close,63307.058116,78
cross_scenario,k_medoids,2186186592,17,5.29233e7,5.5180755,CosineDist,close,27325.017728,35
cross_scenario,k_medoids,2238747886,17,5.2698e7,6.1563954,CosineDist,close,16540.596229,25
cross_scenario,k_medoids,224585247,17,5.28969e7,5.3878909,CosineDist,close,23951.97423,35
cross_scenario,k_medoids,2339120676,17,5.31813e7,5.8681008,CosineDist,close,37885.664202,55
cross_scenario,k_medoids,3093014142,17,5.27577e7,6.1659206,CosineDist,close,19504.714069999998,26
cross_scenario,k_medoids,3258302586,17,5.25792e7,5.7550268,CosineDist,close,9091.428824999999,14
cross_scenario,k_medoids,3629043986,17,5.27247e7,5.7574589,CosineDist,close,17212.870149,25
cross_scenario,k_medoids,1088367163,19,5.258e7,7.4304041,CosineDist,close,9820.572721999999,15
cross_scenario,k_medoids,1245540782,19,5.27137e7,7.2802956,CosineDist,close,17750.42355,25
cross_scenario,k_medoids,2410109332,19,5.30264e7,7.4062885,CosineDist,close,28958.470165,39
cross_scenario,k_medoids,2455416769,19,5.28311e7,7.3463152,CosineDist,close,23102.279364,34
cross_scenario,k_medoids,2591120440,19,5.28056e7,8.4886418,CosineDist,close,19806.066795,30
cross_scenario,k_medoids,2650271871,19,5.27253e7,6.7243535,CosineDist,close,17268.195452,21
cross_scenario,k_medoids,2789252227,19,5.25944e7,8.3380062,CosineDist,close,9387.538266,16
cross_scenario,k_medoids,3130995382,19,5.29216e7,6.9467533,CosineDist,close,25347.600842,38
cross_scenario,k_medoids,3357853995,19,5.26157e7,6.5666818,CosineDist,close,11905.713012999999,19
cross_scenario,k_medoids,824849990,19,5.28562e7,6.7009229,CosineDist,close,23098.49493,34
cross_scenario,k_medoids,1244389436,21,5.29213e7,7.9510154,CosineDist,close,27345.445535,35
cross_scenario,k_medoids,1393653782,21,5.33687e7,7.7281149,CosineDist,close,33238.537524,34
cross_scenario,k_medoids,1761682951,21,5.25812e7,8.1471176,CosineDist,close,9556.584623999997,16
cross_scenario,k_medoids,196162340,21,5.28224e7,7.6249827,CosineDist,close,24060.342944,33
cross_scenario,k_medoids,1984034111,21,5.48862e7,7.4895909,CosineDist,close,77225.41865500003,63
cross_scenario,k_medoids,2569047889,21,5.27694e7,7.4954304,CosineDist,close,20700.007579,27
cross_scenario,k_medoids,3286463093,21,5.25935e7,7.9156922,CosineDist,close,11242.001058000002,18
cross_scenario,k_medoids,4196464565,21,5.27691e7,8.0968292,CosineDist,close,18836.021707999997,22
cross_scenario,k_medoids,744301781,21,5.27758e7,7.8473096,CosineDist,close,18767.918107999998,24
cross_scenario,k_medoids,760014603,21,5.26261e7,8.1633688,CosineDist,close,13329.627306,21
cross_scenario,k_medoids,2193967569,23,5.28104e7,7.6578616,CosineDist,close,20150.493622,29
cross_scenario,k_medoids,2546464051,23,5.27961e7,9.8158286,CosineDist,close,19677.397313,28
cross_scenario,k_medoids,2938742229,23,5.25756e7,9.552014,CosineDist,close,9343.495809999999,14
cross_scenario,k_medoids,313447314,23,5.26494e7,9.9309815,CosineDist,close,13779.011027,24
cross_scenario,k_medoids,3164855826,23,5.27104e7,9.1965833,CosineDist,close,14650.615969,20
cross_scenario,k_medoids,3173192974,23,5.25822e7,8.6392855,CosineDist,close,9828.564359999998,17
cross_scenario,k_medoids,3527549645,23,5.25514e7,9.1175124,CosineDist,close,6097.388234,10
cross_scenario,k_medoids,3913193451,23,5.27526e7,9.353298,CosineDist,close,20177.554826,27
cross_scenario,k_medoids,714332685,23,5.30364e7,8.4560655,CosineDist,close,29212.257905,39
cross_scenario,k_medoids,890890131,23,5.25971e7,10.5987335,CosineDist,close,4938.4337430000005,12
cross_scenario,k_medoids,1134130444,25,5.26751e7,11.919841,CosineDist,close,15740.682456,24
cross_scenario,k_medoids,2658990538,25,5.25661e7,10.9943035,CosineDist,close,7648.432806000001,13
cross_scenario,k_medoids,2726541456,25,5.25596e7,10.8058608,CosineDist,close,9667.023787999999,16
cross_scenario,k_medoids,2894918851,25,5.2594e7,10.2560738,CosineDist,close,10548.266736000001,16
cross_scenario,k_medoids,3351175237,25,5.27553e7,10.1149248,CosineDist,close,20704.996837999995,33
cross_scenario,k_medoids,343301208,25,5.25673e7,10.7979634,CosineDist,close,9343.495809999999,14
cross_scenario,k_medoids,4135971217,25,5.25636e7,9.5571531,CosineDist,close,8616.971547,13
cross_scenario,k_medoids,4145110716,25,5.25647e7,8.9748003,CosineDist,close,9911.794676,18
cross_scenario,k_medoids,448376330,25,5.27352e7,10.2110829,CosineDist,close,18147.802578,25
cross_scenario,k_medoids,47449323,25,5.25709e7,10.9110103,CosineDist,close,8515.758874,13
cross_scenario,k_medoids,1161276258,27,5.27035e7,11.4921326,CosineDist,close,16661.236553000002,22
cross_scenario,k_medoids,1233541653,27,5.29668e7,11.6927251,CosineDist,close,28797.119945000002,39
cross_scenario,k_medoids,1267936167,27,5.25857e7,12.2208859,CosineDist,close,9242.132927,16
cross_scenario,k_medoids,1653248667,27,5.25813e7,11.3312149,CosineDist,close,9149.409434999998,16
cross_scenario,k_medoids,2437521778,27,5.27718e7,11.3528575,CosineDist,close,18904.856572,27
cross_scenario,k_medoids,2524306086,27,5.26046e7,11.3062183,CosineDist,close,12372.116401,20
cross_scenario,k_medoids,2606414571,27,5.25714e7,13.1071353,CosineDist,close,9082.127345999997,14
cross_scenario,k_medoids,2821296471,27,5.26978e7,13.1479885,CosineDist,close,15545.433216,20
cross_scenario,k_medoids,3155655383,27,5.25524e7,10.287563,CosineDist,close,8936.309213999999,14
cross_scenario,k_medoids,463779685,27,5.26785e7,10.9626671,CosineDist,close,15382.016442,24
cross_scenario,k_medoids,1113698075,29,5.25691e7,13.4229278,CosineDist,close,9886.964147,16
cross_scenario,k_medoids,1125327650,29,5.25584e7,14.305149,CosineDist,close,8151.653093,12
cross_scenario,k_medoids,1398119942,29,5.2577e7,12.6484247,CosineDist,close,9765.006209999998,15
cross_scenario,k_medoids,1669407957,29,5.33695e7,11.31849,CosineDist,close,33402.825077,36
cross_scenario,k_medoids,1792506398,29,5.25647e7,13.2560351,CosineDist,close,8551.320748999999,14
cross_scenario,k_medoids,2439649745,29,5.25578e7,12.1138129,CosineDist,close,7908.18055,13
cross_scenario,k_medoids,2730667678,29,5.25949e7,12.4145788,CosineDist,close,11213.860465,18
cross_scenario,k_medoids,2843080965,29,5.25595e7,13.3075295,CosineDist,close,7316.947732000001,12
cross_scenario,k_medoids,3434031776,29,5.2571e7,14.8586013,CosineDist,close,8910.663752999999,16
cross_scenario,k_medoids,950202798,29,5.25799e7,12.2431583,CosineDist,close,9078.440952999998,15
cross_scenario,k_medoids,1042382051,3,1.27253e8,0.6422806,CosineDist,close,1.973512381818e6,909
cross_scenario,k_medoids,1617230705,3,1.27546e8,0.6430674,CosineDist,close,1.9810312303920002e6,939
cross_scenario,k_medoids,1690918982,3,1.27546e8,0.6297934,CosineDist,close,1.9810312303920002e6,939
cross_scenario,k_medoids,2011904635,3,1.27248e8,0.6417622,CosineDist,close,1.9733767217769998e6,910
cross_scenario,k_medoids,208019063,3,1.27389e8,0.7088841,CosineDist,close,1.9769917939079998e6,922
cross_scenario,k_medoids,2175589206,3,1.27381e8,0.6397434,CosineDist,close,1.9767942229449998e6,936
cross_scenario,k_medoids,2331872192,3,1.27253e8,0.6040917,CosineDist,close,1.973512381818e6,909
cross_scenario,k_medoids,2859914000,3,1.27389e8,0.6512162,CosineDist,close,1.9769917939079998e6,922
cross_scenario,k_medoids,3409952330,3,1.27381e8,0.6515809,CosineDist,close,1.9767942229449998e6,936
cross_scenario,k_medoids,488813374,3,1.27389e8,0.6514739,CosineDist,close,1.9769917939079998e6,922
cross_scenario,k_medoids,1349996306,31,5.25639e7,13.0264646,CosineDist,close,4477.636044000001,9
cross_scenario,k_medoids,1462714024,31,5.27067e7,12.4961499,CosineDist,close,17570.929888,23
cross_scenario,k_medoids,1579127763,31,5.25782e7,12.8860052,CosineDist,close,9820.891845999999,16
cross_scenario,k_medoids,1648351254,31,5.35261e7,12.1405165,CosineDist,close,38375.220044999995,44
cross_scenario,k_medoids,2030289235,31,5.25803e7,13.226971,CosineDist,close,9093.760094,14
cross_scenario,k_medoids,2462588561,31,5.25712e7,11.9600786,CosineDist,close,9422.425023999998,16
cross_scenario,k_medoids,2929172095,31,5.25856e7,13.2893858,CosineDist,close,11483.264274,17
cross_scenario,k_medoids,2944528308,31,5.25743e7,13.6332132,CosineDist,close,9821.943827999998,16
cross_scenario,k_medoids,295145311,31,5.25712e7,13.6661942,CosineDist,close,7809.128659000001,13
cross_scenario,k_medoids,3899371692,31,5.34386e7,11.4056579,CosineDist,close,36327.074286999996,34
cross_scenario,k_medoids,1038419084,33,5.25499e7,16.8766544,CosineDist,close,7242.3364870000005,11
cross_scenario,k_medoids,1109759726,33,5.26985e7,14.3996513,CosineDist,close,16700.779950000004,24
cross_scenario,k_medoids,1963882461,33,5.27613e7,13.4973272,CosineDist,close,20972.839012999997,30
cross_scenario,k_medoids,1989163906,33,5.25683e7,14.3416123,CosineDist,close,9370.948186999998,16
cross_scenario,k_medoids,2479233904,33,5.25659e7,14.0203101,CosineDist,close,4179.150115,8
cross_scenario,k_medoids,2497612078,33,5.92954e7,12.8078742,CosineDist,close,195541.79032700005,137
cross_scenario,k_medoids,3214090957,33,5.27171e7,13.9295452,CosineDist,close,17204.560171999998,25
cross_scenario,k_medoids,3465092140,33,5.25623e7,13.4573835,CosineDist,close,8478.781922999999,14
cross_scenario,k_medoids,4061834237,33,5.269e7,14.4095765,CosineDist,close,15408.856907999998,22
cross_scenario,k_medoids,52313467,33,5.25492e7,16.6185682,CosineDist,close,7219.138366000001,11
cross_scenario,k_medoids,1208640119,35,5.25811e7,14.9487674,CosineDist,close,9690.863522999998,17
cross_scenario,k_medoids,1428058240,35,5.2573e7,15.155036,CosineDist,close,10146.647609,18
cross_scenario,k_medoids,15941194,35,5.26067e7,15.4255492,CosineDist,close,12480.785495,22
cross_scenario,k_medoids,2213813141,35,5.25559e7,15.4287196,CosineDist,close,8312.382615,13
cross_scenario,k_medoids,2291375163,35,5.26979e7,15.7729094,CosineDist,close,15541.57073,21
cross_scenario,k_medoids,236500538,35,5.25467e7,13.9980821,CosineDist,close,9149.640369,15
cross_scenario,k_medoids,252145784,35,5.25878e7,15.3279207,CosineDist,close,10875.912632999996,17
cross_scenario,k_medoids,2544196106,35,5.2551e7,15.3915128,CosineDist,close,7278.472111000001,11
cross_scenario,k_medoids,2745802022,35,5.25762e7,17.701016,CosineDist,close,8905.107479999999,14
cross_scenario,k_medoids,3596893902,35,5.25642e7,15.323765,CosineDist,close,9572.313273999998,15
cross_scenario,k_medoids,1380354363,37,5.25646e7,17.3816009,CosineDist,close,7643.626613,12
cross_scenario,k_medoids,3048518942,37,5.25576e7,15.0645591,CosineDist,close,9343.495809999999,14
cross_scenario,k_medoids,3182806193,37,5.25703e7,18.0547179,CosineDist,close,9712.414544999998,17
cross_scenario,k_medoids,3244629827,37,5.25841e7,15.9045082,CosineDist,close,4656.846923,9
cross_scenario,k_medoids,3452769998,37,5.2572e7,14.8627037,CosineDist,close,9404.323341,15
cross_scenario,k_medoids,4262333788,37,5.2559e7,16.7738847,CosineDist,close,7387.849368000001,11
cross_scenario,k_medoids,45994245,37,5.25867e7,18.1867109,CosineDist,close,4653.607393,10
cross_scenario,k_medoids,67569244,37,5.25851e7,16.3713243,CosineDist,close,9826.522577999998,16
cross_scenario,k_medoids,814300562,37,5.27175e7,16.5118094,CosineDist,close,13927.718526,22
cross_scenario,k_medoids,870981686,37,5.26941e7,17.3949713,CosineDist,close,16940.345252999996,28
cross_scenario,k_medoids,1129760376,39,5.25571e7,18.219102,CosineDist,close,8983.361002999998,15
cross_scenario,k_medoids,148104383,39,5.25702e7,16.1427042,CosineDist,close,9362.919877999999,16
cross_scenario,k_medoids,1655289285,39,5.25432e7,18.0252722,CosineDist,close,8434.620455999999,14
cross_scenario,k_medoids,1845695973,39,5.2559e7,17.2911302,CosineDist,close,9343.495809999999,14
cross_scenario,k_medoids,2121257682,39,5.25745e7,17.5733723,CosineDist,close,9816.669084999998,16
cross_scenario,k_medoids,2943233938,39,5.25661e7,18.94635,CosineDist,close,9555.163085,16
cross_scenario,k_medoids,3030918353,39,5.25631e7,20.5751741,CosineDist,close,8535.669512,14
cross_scenario,k_medoids,3096268031,39,5.25427e7,18.2221133,CosineDist,close,8416.553229,13
cross_scenario,k_medoids,3338611973,39,5.25517e7,16.8822892,CosineDist,close,9707.649480999999,16
cross_scenario,k_medoids,662283236,39,5.25585e7,18.4564745,CosineDist,close,9382.792398999998,15
cross_scenario,k_medoids,1005104349,41,5.25484e7,18.4674795,CosineDist,close,7234.888277000001,11
cross_scenario,k_medoids,1534696584,41,5.25451e7,17.3739957,CosineDist,close,8431.206388,13
cross_scenario,k_medoids,225016911,41,5.25503e7,20.4895101,CosineDist,close,7302.851909000001,11
cross_scenario,k_medoids,2317592996,41,5.26005e7,21.2727921,CosineDist,close,12347.565864999999,20
cross_scenario,k_medoids,2716090479,41,5.2565e7,18.08394,CosineDist,close,7817.271470000001,13
cross_scenario,k_medoids,3258958499,41,5.25928e7,19.2410185,CosineDist,close,4871.85274,11
cross_scenario,k_medoids,329433595,41,5.2555e7,21.1501377,CosineDist,close,8336.554527,13
cross_scenario,k_medoids,3444774395,41,5.25837e7,21.6468634,CosineDist,close,11320.463704999998,17
cross_scenario,k_medoids,438234340,41,5.25479e7,19.3805666,CosineDist,close,8362.399997999999,14
cross_scenario,k_medoids,953901905,41,5.25596e7,18.7550604,CosineDist,close,8393.843452,13
cross_scenario,k_medoids,1660595499,5,7.86252e7,1.1791724,CosineDist,close,708582.694271,430
cross_scenario,k_medoids,1714105051,5,1.29236e8,1.2848068,CosineDist,close,2.0227170515679999e6,967
cross_scenario,k_medoids,2169593505,5,8.0533e7,1.1310644,CosineDist,close,765873.697999,461
cross_scenario,k_medoids,2538991366,5,1.30441e8,1.2324869,CosineDist,close,2.0525799623599998e6,1047
cross_scenario,k_medoids,2909674750,5,7.98872e7,1.1196045,CosineDist,close,750385.923199,469
cross_scenario,k_medoids,3018546641,5,8.05743e7,1.1416174,CosineDist,close,765493.3287559999,450
cross_scenario,k_medoids,3634057553,5,1.27632e8,1.4090356,CosineDist,close,1.975735389172e6,969
cross_scenario,k_medoids,4139823947,5,5.32538e7,1.1400382,CosineDist,close,38904.347280999995,51
cross_scenario,k_medoids,4197766176,5,7.99496e7,1.1498031,CosineDist,close,751984.7413999998,473
cross_scenario,k_medoids,5947179,5,7.85305e7,1.1637481,CosineDist,close,706191.896385,403
cross_scenario,k_medoids,1006581332,7,8.14997e7,1.9141689,CosineDist,close,791595.1331840002,491
cross_scenario,k_medoids,1176932870,7,5.52371e7,1.7380582,CosineDist,close,98807.08790699998,108
cross_scenario,k_medoids,1821427372,7,5.52987e7,1.9124419,CosineDist,close,100272.53763699999,111
cross_scenario,k_medoids,2689963385,7,5.32235e7,1.9545079,CosineDist,close,38348.491407999994,48
cross_scenario,k_medoids,2751971336,7,7.84987e7,1.7249054,CosineDist,close,704784.045557,411
cross_scenario,k_medoids,3385142830,7,5.44017e7,1.7267181,CosineDist,close,74778.11125399997,91
cross_scenario,k_medoids,3409620994,7,7.99951e7,1.7282715,CosineDist,close,744302.7289779999,411
cross_scenario,k_medoids,447101461,7,5.46337e7,1.8237108,CosineDist,close,81596.693379,98
cross_scenario,k_medoids,468006976,7,5.42593e7,1.6890966,CosineDist,close,70605.479876,83
cross_scenario,k_medoids,880982686,7,8.08481e7,1.900199,CosineDist,close,762237.2715410001,401
cross_scenario,k_medoids,1130292821,9,8.86142e7,2.9827426,CosineDist,close,972072.201518,539
cross_scenario,k_medoids,1392296365,9,8.13302e7,2.5242538,CosineDist,close,783419.4856379998,491
cross_scenario,k_medoids,2814468992,9,7.97747e7,2.2030989,CosineDist,close,738951.3620609997,431
cross_scenario,k_medoids,3044209910,9,5.99734e7,2.3646126,CosineDist,close,221819.13927700004,177
cross_scenario,k_medoids,3261319673,9,5.25893e7,2.323993,CosineDist,close,9019.526987,14
cross_scenario,k_medoids,3543870990,9,1.33645e8,2.8712378,CosineDist,close,2.1266927427329994e6,973
cross_scenario,k_medoids,3602499071,9,8.07903e7,2.6044179,CosineDist,close,766334.5305140001,444
cross_scenario,k_medoids,3926221275,9,5.26007e7,2.4268943,CosineDist,close,8616.971547,13
cross_scenario,k_medoids,42413356,9,5.34245e7,2.7668769,CosineDist,close,44938.70109400001,59
cross_scenario,k_medoids,697383862,9,7.91643e7,2.4868206,CosineDist,close,723372.959642,398
cross_scenario,k_medoids,1355586937,11,5.32504e7,2.909185,SqEuclidean,close,39272.130147,53
cross_scenario,k_medoids,1768760743,11,7.82258e7,3.4267402,SqEuclidean,close,700356.5294749998,448
cross_scenario,k_medoids,2652796558,11,5.34477e7,3.1783943,SqEuclidean,close,45756.876422999994,60
cross_scenario,k_medoids,3000698040,11,7.84469e7,3.4835881,SqEuclidean,close,705316.4329309998,415
cross_scenario,k_medoids,3160233726,11,7.99065e7,3.1195226,SqEuclidean,close,740922.719967,389
cross_scenario,k_medoids,3479820580,11,7.93389e7,3.3941214,SqEuclidean,close,727777.754752,415
cross_scenario,k_medoids,3649546841,11,8.39384e7,3.684787,SqEuclidean,close,851416.6335650001,533
cross_scenario,k_medoids,4031091536,11,8.05827e7,3.4892099,SqEuclidean,close,765607.657426,467
cross_scenario,k_medoids,675182737,11,7.97424e7,2.8629134,SqEuclidean,close,744849.848163,465
cross_scenario,k_medoids,722170199,11,5.34386e7,3.0611045,SqEuclidean,close,45708.302309000006,62
cross_scenario,k_medoids,1020330993,13,6.09467e7,3.6285757,SqEuclidean,close,248023.566724,195
cross_scenario,k_medoids,1241334511,13,8.02505e7,4.0002276,SqEuclidean,close,744091.4096300001,397
cross_scenario,k_medoids,1561739573,13,5.34439e7,3.791746,SqEuclidean,close,45753.878921,60
cross_scenario,k_medoids,2082789969,13,5.34021e7,3.9566091,SqEuclidean,close,44832.074655000004,59
cross_scenario,k_medoids,2422820678,13,5.32896e7,3.9879184,SqEuclidean,close,39344.000985,52
cross_scenario,k_medoids,373102896,13,8.1817e7,4.0749214,SqEuclidean,close,791084.20147,451
cross_scenario,k_medoids,3777256655,13,7.92816e7,4.1308678,SqEuclidean,close,718174.648106,433
cross_scenario,k_medoids,4101453586,13,8.04157e7,3.6122918,SqEuclidean,close,756140.3894260001,436
cross_scenario,k_medoids,419645993,13,5.32021e7,3.7179806,SqEuclidean,close,38365.618654,49
cross_scenario,k_medoids,772616242,13,5.31321e7,3.8946156,SqEuclidean,close,33624.74794,45
cross_scenario,k_medoids,1536731824,15,5.31879e7,4.6993298,SqEuclidean,close,37365.639326000004,50
cross_scenario,k_medoids,1944031661,15,7.94273e7,5.235541,SqEuclidean,close,722662.8216389997,382
cross_scenario,k_medoids,195370354,15,5.34199e7,4.8509567,SqEuclidean,close,45194.362923,60
cross_scenario,k_medoids,2392820273,15,7.71819e7,4.9959006,SqEuclidean,close,663280.3502069999,372
cross_scenario,k_medoids,2931326369,15,5.95752e7,4.6420834,SqEuclidean,close,212969.40113199997,172
cross_scenario,k_medoids,3012361418,15,8.33794e7,4.2340569,SqEuclidean,close,834621.499006,459
cross_scenario,k_medoids,3763622817,15,5.32341e7,4.6096473,SqEuclidean,close,38852.375556,51
cross_scenario,k_medoids,3796973136,15,8.08905e7,5.2298983,SqEuclidean,close,760938.8084520001,431
cross_scenario,k_medoids,3815196410,15,5.33273e7,4.7494233,SqEuclidean,close,33374.573063,39
cross_scenario,k_medoids,604489562,15,7.98121e7,5.4729315,SqEuclidean,close,730704.0749789999,422
cross_scenario,k_medoids,1587347134,17,6.04282e7,5.7789548,SqEuclidean,close,226214.56152500003,153
cross_scenario,k_medoids,186564236,17,8.10891e7,5.5299244,SqEuclidean,close,774020.6757859999,445
cross_scenario,k_medoids,2166881926,17,5.26444e7,5.9456965,SqEuclidean,close,13909.511946000002,26
cross_scenario,k_medoids,2186186592,17,8.3118e7,5.4309031,SqEuclidean,close,820557.9485710001,397
cross_scenario,k_medoids,2238747886,17,5.40154e7,6.2736183,SqEuclidean,close,59424.181404999996,65
cross_scenario,k_medoids,224585247,17,5.31421e7,5.352387,SqEuclidean,close,35971.877843999995,48
cross_scenario,k_medoids,2339120676,17,8.69724e7,6.208962,SqEuclidean,close,924382.870771,469
cross_scenario,k_medoids,3093014142,17,7.8749e7,5.549435,SqEuclidean,close,704243.2993980001,377
cross_scenario,k_medoids,3258302586,17,5.42129e7,5.509232,SqEuclidean,close,66052.919312,75
cross_scenario,k_medoids,3629043986,17,5.49722e7,5.6880257,SqEuclidean,close,79574.29868600001,73
cross_scenario,k_medoids,1088367163,19,5.38238e7,6.4782446,SqEuclidean,close,55211.720214,62
cross_scenario,k_medoids,1245540782,19,7.94588e7,7.9243049,SqEuclidean,close,725745.9301439999,425
cross_scenario,k_medoids,2410109332,19,5.28124e7,7.1937723,SqEuclidean,close,22148.962205,30
cross_scenario,k_medoids,2455416769,19,5.27817e7,7.4802791,SqEuclidean,close,21350.140117999992,30
cross_scenario,k_medoids,2591120440,19,8.04274e7,6.3623799,SqEuclidean,close,749585.1518610001,405
cross_scenario,k_medoids,2650271871,19,6.02348e7,6.821031,SqEuclidean,close,223532.60087399997,175
cross_scenario,k_medoids,2789252227,19,6.07194e7,6.9158738,SqEuclidean,close,239894.143076,174
cross_scenario,k_medoids,3130995382,19,5.27878e7,6.9973957,SqEuclidean,close,21606.893018,30
cross_scenario,k_medoids,3357853995,19,8.1224e7,6.6391947,SqEuclidean,close,776155.1293859999,438
cross_scenario,k_medoids,824849990,19,5.27802e7,6.7741709,SqEuclidean,close,18543.114235000005,25
cross_scenario,k_medoids,1244389436,21,5.34144e7,7.5717113,SqEuclidean,close,45152.897548,60
cross_scenario,k_medoids,1393653782,21,8.03682e7,8.0678778,SqEuclidean,close,755225.185924,425
cross_scenario,k_medoids,1761682951,21,5.3393e7,8.6486469,SqEuclidean,close,44635.98736800001,59
cross_scenario,k_medoids,196162340,21,5.26896e7,8.9108832,SqEuclidean,close,16237.623877,26
cross_scenario,k_medoids,1984034111,21,7.99491e7,8.6125668,SqEuclidean,close,737350.728198,387
cross_scenario,k_medoids,2569047889,21,8.2678e7,9.1248273,SqEuclidean,close,807209.901567,420
cross_scenario,k_medoids,3286463093,21,5.96909e7,9.6863863,SqEuclidean,close,209988.04015,167
cross_scenario,k_medoids,4196464565,21,8.73989e7,7.8217041,SqEuclidean,close,935400.746028,483
cross_scenario,k_medoids,744301781,21,5.27358e7,8.0782332,SqEuclidean,close,17195.732167000002,23
cross_scenario,k_medoids,760014603,21,8.08522e7,8.1311423,SqEuclidean,close,757408.589693,405
cross_scenario,k_medoids,2193967569,23,5.8404e7,11.082478,SqEuclidean,close,179849.94108099997,155
cross_scenario,k_medoids,2546464051,23,5.43008e7,9.0722958,SqEuclidean,close,64137.590757,67
cross_scenario,k_medoids,2938742229,23,7.752e7,8.5622118,SqEuclidean,close,672375.79009,378
cross_scenario,k_medoids,313447314,23,5.27796e7,9.1494296,SqEuclidean,close,21565.090114,31
cross_scenario,k_medoids,3164855826,23,5.9923e7,12.0681397,SqEuclidean,close,215807.61383700004,148
cross_scenario,k_medoids,3173192974,23,5.29772e7,8.9507624,SqEuclidean,close,30136.349345000002,40
cross_scenario,k_medoids,3527549645,23,5.31837e7,9.8712953,SqEuclidean,close,37515.921158,50
cross_scenario,k_medoids,3913193451,23,5.27119e7,9.2682588,SqEuclidean,close,17604.809394,25
cross_scenario,k_medoids,714332685,23,8.31421e7,9.5855564,SqEuclidean,close,824568.949715,447
cross_scenario,k_medoids,890890131,23,5.41443e7,9.2499425,SqEuclidean,close,64802.55545099999,73
cross_scenario,k_medoids,1134130444,25,5.32346e7,10.036132,SqEuclidean,close,38963.06402700001,52
cross_scenario,k_medoids,2658990538,25,5.27264e7,9.1973703,SqEuclidean,close,17350.042671,22
cross_scenario,k_medoids,2726541456,25,5.26674e7,10.5842052,SqEuclidean,close,14184.798509,26
cross_scenario,k_medoids,2894918851,25,5.35467e7,10.6826787,SqEuclidean,close,39032.879811,43
cross_scenario,k_medoids,3351175237,25,6.02956e7,10.4117346,SqEuclidean,close,219580.32651,140
cross_scenario,k_medoids,343301208,25,5.27138e7,10.3768614,SqEuclidean,close,16993.121685000002,24
cross_scenario,k_medoids,4135971217,25,5.31908e7,9.6587851,SqEuclidean,close,38150.780742,50
cross_scenario,k_medoids,4145110716,25,5.52249e7,9.7764273,SqEuclidean,close,94267.96378399999,99
cross_scenario,k_medoids,448376330,25,6.05111e7,10.8191959,SqEuclidean,close,235514.14512700003,168
cross_scenario,k_medoids,47449323,25,5.28438e7,9.756924,SqEuclidean,close,24337.028641999997,30
cross_scenario,k_medoids,1161276258,27,5.28348e7,10.1591201,SqEuclidean,close,23356.187377000002,34
cross_scenario,k_medoids,1233541653,27,5.2834e7,11.2040235,SqEuclidean,close,24319.006519000002,35
cross_scenario,k_medoids,1267936167,27,5.44564e7,11.2411499,SqEuclidean,close,67600.031861,74
cross_scenario,k_medoids,1653248667,27,5.26349e7,10.453159,SqEuclidean,close,13419.171668,21
cross_scenario,k_medoids,2437521778,27,8.18759e7,11.3352418,SqEuclidean,close,791689.3096070001,492
cross_scenario,k_medoids,2524306086,27,5.31707e7,10.6025125,SqEuclidean,close,37232.125658000004,48
cross_scenario,k_medoids,2606414571,27,5.27042e7,10.5052959,SqEuclidean,close,17473.152475,24
cross_scenario,k_medoids,2821296471,27,5.27225e7,11.3688896,SqEuclidean,close,17982.298906,26
cross_scenario,k_medoids,3155655383,27,5.81548e7,13.6843702,SqEuclidean,close,170737.85659599997,141
cross_scenario,k_medoids,463779685,27,6.06883e7,11.3208901,SqEuclidean,close,233903.997942,159
cross_scenario,k_medoids,1113698075,29,5.27499e7,11.3131128,SqEuclidean,close,20802.185652,29
cross_scenario,k_medoids,1125327650,29,5.26053e7,12.5035669,SqEuclidean,close,12140.775165000001,19
cross_scenario,k_medoids,1398119942,29,8.03911e7,13.8741014,SqEuclidean,close,750304.3813240001,376
cross_scenario,k_medoids,1669407957,29,5.35672e7,11.8475072,SqEuclidean,close,42353.111339,47
cross_scenario,k_medoids,1792506398,29,5.25543e7,11.1816706,SqEuclidean,close,8959.491967999998,14
cross_scenario,k_medoids,2439649745,29,5.30362e7,12.0780911,SqEuclidean,close,29706.72645,42
cross_scenario,k_medoids,2730667678,29,5.56303e7,11.269745,SqEuclidean,close,105434.962421,98
cross_scenario,k_medoids,2843080965,29,5.27572e7,12.1740538,SqEuclidean,close,16228.808704,21
cross_scenario,k_medoids,3434031776,29,5.37547e7,12.2788547,SqEuclidean,close,52277.234639,64
cross_scenario,k_medoids,950202798,29,5.2873e7,11.7832402,SqEuclidean,close,24061.918286,34
cross_scenario,k_medoids,1042382051,3,1.30413e8,0.5763998,SqEuclidean,close,2.0537283004650003e6,1035
cross_scenario,k_medoids,1617230705,3,1.29403e8,0.5884139,SqEuclidean,close,2.0278568017559997e6,1037
cross_scenario,k_medoids,1690918982,3,1.29403e8,0.5813045,SqEuclidean,close,2.0278568017559997e6,1037
cross_scenario,k_medoids,2011904635,3,1.29023e8,0.6452569,SqEuclidean,close,2.0180495882930001e6,1040
cross_scenario,k_medoids,208019063,3,1.29403e8,0.5323091,SqEuclidean,close,2.0278568017559997e6,1037
cross_scenario,k_medoids,2175589206,3,1.29286e8,0.7865238,SqEuclidean,close,2.024842049003e6,988
cross_scenario,k_medoids,2331872192,3,1.29403e8,0.5830948,SqEuclidean,close,2.0278568017559997e6,1037
cross_scenario,k_medoids,2859914000,3,1.30657e8,0.5852586,SqEuclidean,close,2.05998035278e6,1041
cross_scenario,k_medoids,3409952330,3,1.30657e8,0.5772258,SqEuclidean,close,2.05998035278e6,1041
cross_scenario,k_medoids,488813374,3,1.30657e8,0.5765906,SqEuclidean,close,2.05998035278e6,1041
cross_scenario,k_medoids,1349996306,31,5.26087e7,12.416177,SqEuclidean,close,13474.285308,23
cross_scenario,k_medoids,1462714024,31,5.51261e7,13.1278469,SqEuclidean,close,83372.21266899999,73
cross_scenario,k_medoids,1579127763,31,5.41158e7,13.0660287,SqEuclidean,close,62027.591753,70
cross_scenario,k_medoids,1648351254,31,6.01269e7,16.6788414,SqEuclidean,close,219619.29226999998,148
cross_scenario,k_medoids,2030289235,31,6.40685e7,13.1614423,SqEuclidean,close,322914.91661899997,193
cross_scenario,k_medoids,2462588561,31,5.27783e7,12.6411103,SqEuclidean,close,21499.882888,28
cross_scenario,k_medoids,2929172095,31,6.08668e7,15.2519455,SqEuclidean,close,237013.717793,153
cross_scenario,k_medoids,2944528308,31,5.26363e7,13.5308359,SqEuclidean,close,14743.969546,24
cross_scenario,k_medoids,295145311,31,5.27276e7,13.0516635,SqEuclidean,close,17407.647281000005,23
cross_scenario,k_medoids,3899371692,31,5.25638e7,12.8786115,SqEuclidean,close,8585.477866,17
cross_scenario,k_medoids,1038419084,33,5.98365e7,15.3358396,SqEuclidean,close,216237.165485,158
cross_scenario,k_medoids,1109759726,33,5.43186e7,14.3338227,SqEuclidean,close,62268.576140000005,63
cross_scenario,k_medoids,1963882461,33,5.26226e7,12.4238306,SqEuclidean,close,13708.724835,24
cross_scenario,k_medoids,1989163906,33,5.28743e7,14.3707669,SqEuclidean,close,23948.225825999998,40
cross_scenario,k_medoids,2479233904,33,5.37739e7,13.3589948,SqEuclidean,close,53573.70547100001,60
cross_scenario,k_medoids,2497612078,33,5.41726e7,13.0747845,SqEuclidean,close,65098.871117999995,70
cross_scenario,k_medoids,3214090957,33,5.77654e7,16.03999,SqEuclidean,close,156602.04641100002,118
cross_scenario,k_medoids,3465092140,33,5.27277e7,14.3391555,SqEuclidean,close,17398.899732,24
cross_scenario,k_medoids,4061834237,33,5.43675e7,14.0770298,SqEuclidean,close,64010.189539000006,60
cross_scenario,k_medoids,52313467,33,5.26201e7,16.0116572,SqEuclidean,close,13171.5195,22
cross_scenario,k_medoids,1208640119,35,5.27288e7,15.5521116,SqEuclidean,close,17308.461988999996,23
cross_scenario,k_medoids,1428058240,35,5.31808e7,15.3737176,SqEuclidean,close,37387.760753,48
cross_scenario,k_medoids,15941194,35,5.26376e7,15.5574684,SqEuclidean,close,13007.490662000002,21
cross_scenario,k_medoids,2213813141,35,5.27216e7,15.9678419,SqEuclidean,close,16058.357512000002,23
cross_scenario,k_medoids,2291375163,35,5.2556e7,15.011121,SqEuclidean,close,9343.495809999999,14
cross_scenario,k_medoids,236500538,35,5.27406e7,15.5309262,SqEuclidean,close,18804.216337000005,29
cross_scenario,k_medoids,252145784,35,5.37036e7,14.5048339,SqEuclidean,close,43313.543948000006,47
cross_scenario,k_medoids,2544196106,35,5.25627e7,14.8371237,SqEuclidean,close,9343.495809999999,14
cross_scenario,k_medoids,2745802022,35,5.79342e7,18.3202676,SqEuclidean,close,160835.46393899998,121
cross_scenario,k_medoids,3596893902,35,5.30375e7,14.5792263,SqEuclidean,close,29433.511118,39
cross_scenario,k_medoids,1380354363,37,5.25782e7,16.4081155,SqEuclidean,close,9191.345898,15
cross_scenario,k_medoids,3048518942,37,5.95961e7,18.8649655,SqEuclidean,close,203184.14001,139
cross_scenario,k_medoids,3182806193,37,5.4319e7,17.3798467,SqEuclidean,close,65889.871877,71
cross_scenario,k_medoids,3244629827,37,5.25494e7,15.7727078,SqEuclidean,close,9644.950893,15
cross_scenario,k_medoids,3452769998,37,5.25891e7,16.7900354,SqEuclidean,close,12490.236902999999,20
cross_scenario,k_medoids,4262333788,37,5.25686e7,15.9154815,SqEuclidean,close,10106.096790999996,17
cross_scenario,k_medoids,45994245,37,5.26564e7,15.8561905,SqEuclidean,close,15522.059527,25
cross_scenario,k_medoids,67569244,37,5.25523e7,15.2965555,SqEuclidean,close,8151.653093,12
cross_scenario,k_medoids,814300562,37,5.25481e7,16.6218908,SqEuclidean,close,8151.653093,12
cross_scenario,k_medoids,870981686,37,5.3172e7,16.7642556,SqEuclidean,close,37136.804419,48
cross_scenario,k_medoids,1129760376,39,5.26155e7,17.1902032,SqEuclidean,close,12699.391977999998,21
cross_scenario,k_medoids,148104383,39,5.28666e7,18.0941259,SqEuclidean,close,24040.25969,34
cross_scenario,k_medoids,1655289285,39,6.12626e7,17.3919294,SqEuclidean,close,246940.532387,169
cross_scenario,k_medoids,1845695973,39,5.27053e7,18.0668771,SqEuclidean,close,15726.382370000001,20
cross_scenario,k_medoids,2121257682,39,5.94835e7,19.3044827,SqEuclidean,close,204226.172619,148
cross_scenario,k_medoids,2943233938,39,5.33871e7,16.8472736,SqEuclidean,close,33886.093331,37
cross_scenario,k_medoids,3030918353,39,5.27185e7,17.755431,SqEuclidean,close,17243.734133,22
cross_scenario,k_medoids,3096268031,39,5.44259e7,18.1900353,SqEuclidean,close,67809.602183,70
cross_scenario,k_medoids,3338611973,39,5.42799e7,16.4453363,SqEuclidean,close,60416.70734000001,59
cross_scenario,k_medoids,662283236,39,5.25885e7,20.7811984,SqEuclidean,close,10039.310341,17
cross_scenario,k_medoids,1005104349,41,5.27128e7,18.4718076,SqEuclidean,close,16679.090977999997,24
cross_scenario,k_medoids,1534696584,41,5.25549e7,20.0383518,SqEuclidean,close,8336.562,13
cross_scenario,k_medoids,225016911,41,5.43812e7,18.842397,SqEuclidean,close,64394.085192,64
cross_scenario,k_medoids,2317592996,41,5.27804e7,18.0607727,SqEuclidean,close,20468.824908000002,26
cross_scenario,k_medoids,2716090479,41,5.25817e7,19.8365347,SqEuclidean,close,11975.679387,19
cross_scenario,k_medoids,3258958499,41,5.25596e7,19.782545,SqEuclidean,close,8270.832823,13
cross_scenario,k_medoids,329433595,41,5.25949e7,18.2320033,SqEuclidean,close,11642.39406,17
cross_scenario,k_medoids,3444774395,41,5.27367e7,20.8368715,SqEuclidean,close,19430.163472000004,27
cross_scenario,k_medoids,438234340,41,5.4418e7,19.3738332,SqEuclidean,close,67521.83125500001,72
cross_scenario,k_medoids,953901905,41,5.36485e7,18.8347763,SqEuclidean,close,41653.517856000006,46
cross_scenario,k_medoids,1660595499,5,7.90749e7,1.1665183,SqEuclidean,close,725587.6640689999,450
cross_scenario,k_medoids,1714105051,5,1.30026e8,1.3166538,SqEuclidean,close,2.0444532338819993e6,977
cross_scenario,k_medoids,2169593505,5,1.29975e8,1.378412,SqEuclidean,close,2.0416222296820001e6,997
cross_scenario,k_medoids,2538991366,5,1.29749e8,1.270125,SqEuclidean,close,2.035489670308e6,1021
cross_scenario,k_medoids,2909674750,5,8.29873e7,1.1584342,SqEuclidean,close,829491.3423839998,495
cross_scenario,k_medoids,3018546641,5,1.31603e8,1.1685291,SqEuclidean,close,2.082946763001e6,1082
cross_scenario,k_medoids,3634057553,5,1.29637e8,1.1623055,SqEuclidean,close,2.0329074851430003e6,1019
cross_scenario,k_medoids,4139823947,5,1.3022e8,1.3088225,SqEuclidean,close,2.049248766909e6,1039
cross_scenario,k_medoids,4197766176,5,8.02806e7,1.1310561,SqEuclidean,close,759830.8047199999,472
cross_scenario,k_medoids,5947179,5,8.18207e7,1.2412751,SqEuclidean,close,799616.4198109999,507
cross_scenario,k_medoids,1006581332,7,8.02402e7,1.8278461,SqEuclidean,close,751008.110392,435
cross_scenario,k_medoids,1176932870,7,8.09005e7,1.9362096,SqEuclidean,close,763147.3992920001,457
cross_scenario,k_medoids,1821427372,7,8.1343e7,2.0616658,SqEuclidean,close,778730.8967929999,452
cross_scenario,k_medoids,2689963385,7,6.2199e7,1.910852,SqEuclidean,close,285182.4902209999,225
cross_scenario,k_medoids,2751971336,7,7.8691e7,1.8148345,SqEuclidean,close,709012.8052180001,436
cross_scenario,k_medoids,3385142830,7,5.32808e7,1.7911157,SqEuclidean,close,39217.276463,51
cross_scenario,k_medoids,3409620994,7,8.06214e7,1.6437407,SqEuclidean,close,761582.0032479999,428
cross_scenario,k_medoids,447101461,7,8.04462e7,1.7745337,SqEuclidean,close,764473.4326060001,452
cross_scenario,k_medoids,468006976,7,1.32532e8,2.5748681,SqEuclidean,close,2.0943704283560002e6,962
cross_scenario,k_medoids,880982686,7,1.29836e8,2.0282999,SqEuclidean,close,2.0292527777420003e6,1043
cross_scenario,k_medoids,1130292821,9,8.20915e7,2.3839023,SqEuclidean,close,804029.868423,483
cross_scenario,k_medoids,1392296365,9,7.98476e7,2.3540373,SqEuclidean,close,731434.3240879999,423
cross_scenario,k_medoids,2814468992,9,8.26478e7,2.1634977,SqEuclidean,close,814030.042502,418
cross_scenario,k_medoids,3044209910,9,8.22773e7,2.3835678,SqEuclidean,close,804883.994706,486
cross_scenario,k_medoids,3261319673,9,7.94567e7,2.3841043,SqEuclidean,close,731362.2298730001,436
cross_scenario,k_medoids,3543870990,9,1.326e8,3.7362669,SqEuclidean,close,2.1029917664750004e6,1089
cross_scenario,k_medoids,3602499071,9,7.91746e7,2.2760964,SqEuclidean,close,724587.996846,413
cross_scenario,k_medoids,3926221275,9,7.94174e7,2.7271818,SqEuclidean,close,729513.609408,448
cross_scenario,k_medoids,42413356,9,5.32281e7,2.4150857,SqEuclidean,close,38542.458983000004,51
cross_scenario,k_medoids,697383862,9,1.32597e8,2.901085,SqEuclidean,close,2.108633795974e6,1173
cross_scenario,k_means,1355586937,11,5.93007e7,3.4131115,CosineDist,close,206776.53025399998,169
cross_scenario,k_means,1768760743,11,6.23011e7,3.3007033,CosineDist,close,278946.1009260001,190
cross_scenario,k_means,2652796558,11,5.90762e7,3.7320157,CosineDist,close,199584.160485,179
cross_scenario,k_means,3000698040,11,5.85742e7,3.866225,CosineDist,close,178698.63955099997,136
cross_scenario,k_means,3160233726,11,7.42204e7,3.0401063,CosineDist,close,597707.716114,347
cross_scenario,k_means,3479820580,11,7.38912e7,3.2971843,CosineDist,close,590002.605487,370
cross_scenario,k_means,3649546841,11,7.47827e7,3.3964732,CosineDist,close,607742.6121670001,359
cross_scenario,k_means,4031091536,11,5.9087e7,3.486728,CosineDist,close,198628.298969,164
cross_scenario,k_means,675182737,11,6.31873e7,3.6798134,CosineDist,close,306620.830591,218
cross_scenario,k_means,722170199,11,5.91246e7,3.3675743,CosineDist,close,201658.63317599997,166
cross_scenario,k_means,1020330993,13,6.24153e7,4.0217224,CosineDist,close,282128.2036899999,207
cross_scenario,k_means,1241334511,13,7.37617e7,4.0202232,CosineDist,close,574549.9329349998,316
cross_scenario,k_means,1561739573,13,5.90255e7,5.0493777,CosineDist,close,197596.749397,163
cross_scenario,k_means,2082789969,13,5.88364e7,4.7718761,CosineDist,close,194595.99725599997,165
cross_scenario,k_means,2422820678,13,7.37982e7,4.5382674,CosineDist,close,584468.3486009999,342
cross_scenario,k_means,373102896,13,7.40475e7,4.2430874,CosineDist,close,590829.983131,354
cross_scenario,k_means,3777256655,13,5.87165e7,4.2252013,CosineDist,close,182919.057698,133
cross_scenario,k_means,4101453586,13,5.99537e7,4.5220137,CosineDist,close,226372.360449,189
cross_scenario,k_means,419645993,13,5.92225e7,3.7861313,CosineDist,close,203285.96861700004,170
cross_scenario,k_means,772616242,13,7.34624e7,4.0522078,CosineDist,close,568230.0487009999,324
cross_scenario,k_means,1536731824,15,5.60216e7,5.4349141,CosineDist,close,111695.29836899998,106
cross_scenario,k_means,1944031661,15,5.87168e7,6.1425612,CosineDist,close,182963.03959599996,144
cross_scenario,k_means,195370354,15,5.60733e7,4.7047432,CosineDist,close,120651.413529,122
cross_scenario,k_means,2392820273,15,5.85016e7,5.4032434,CosineDist,close,175953.263265,138
cross_scenario,k_means,2931326369,15,5.33485e7,4.9359202,CosineDist,close,37745.098908,47
cross_scenario,k_means,3012361418,15,5.84771e7,5.1868604,CosineDist,close,181602.651966,159
cross_scenario,k_means,3763622817,15,5.52787e7,5.5645449,CosineDist,close,90662.13571499997,92
cross_scenario,k_means,3796973136,15,7.47256e7,4.7792341,CosineDist,close,600558.289181,339
cross_scenario,k_means,3815196410,15,5.38071e7,4.8080215,CosineDist,close,51428.136603000006,49
cross_scenario,k_means,604489562,15,7.51528e7,4.8156928,CosineDist,close,609932.9577410001,335
cross_scenario,k_means,1587347134,17,5.87251e7,7.2565382,CosineDist,close,183166.37360400002,119
cross_scenario,k_means,186564236,17,5.87033e7,6.1491552,CosineDist,close,189998.13242200002,170
cross_scenario,k_means,2166881926,17,5.38314e7,6.1940515,CosineDist,close,52128.65591000001,67
cross_scenario,k_means,2186186592,17,5.85123e7,7.7676383,CosineDist,close,175804.22892099997,140
cross_scenario,k_means,2238747886,17,5.33037e7,5.5794231,CosineDist,close,31221.036342999996,36
cross_scenario,k_means,224585247,17,5.57292e7,5.639799,CosineDist,close,108774.74367400001,110
cross_scenario,k_means,2339120676,17,5.85699e7,6.4686146,CosineDist,close,176029.90875099998,136
cross_scenario,k_means,3093014142,17,7.42583e7,6.1523775,CosineDist,close,586369.069067,334
cross_scenario,k_means,3258302586,17,5.38191e7,5.5964483,CosineDist,close,56280.368655,68
cross_scenario,k_means,3629043986,17,5.4206e7,6.2682862,CosineDist,close,59286.752964,57
cross_scenario,k_means,1088367163,19,5.40677e7,6.3518285,CosineDist,close,62686.99685500002,77
cross_scenario,k_means,1245540782,19,6.17919e7,7.3159979,CosineDist,close,264478.360023,187
cross_scenario,k_means,2410109332,19,5.83963e7,8.0705354,CosineDist,close,174757.770804,138
cross_scenario,k_means,2455416769,19,5.53248e7,6.9067474,CosineDist,close,90993.07376099999,85
cross_scenario,k_means,2591120440,19,5.84432e7,7.2894829,CosineDist,close,175455.385257,138
cross_scenario,k_means,2650271871,19,5.84124e7,9.3045659,CosineDist,close,173676.58598299997,143
cross_scenario,k_means,2789252227,19,6.4373e7,7.2925186,CosineDist,close,327042.2968630001,188
cross_scenario,k_means,3130995382,19,5.53907e7,7.217768,CosineDist,close,92991.67550200001,84
cross_scenario,k_means,3357853995,19,5.89004e7,8.2700033,CosineDist,close,186922.06385599996,143
cross_scenario,k_means,824849990,19,6.02733e7,6.5863484,CosineDist,close,218418.94768599994,156
cross_scenario,k_means,1244389436,21,5.54596e7,8.3938348,CosineDist,close,97653.88941900001,95
cross_scenario,k_means,1393653782,21,5.91534e7,9.6324249,CosineDist,close,198768.53566,169
cross_scenario,k_means,1761682951,21,5.58572e7,8.1438613,CosineDist,close,111796.63072700001,106
cross_scenario,k_means,196162340,21,5.37309e7,8.0904227,CosineDist,close,49018.86362799999,56
cross_scenario,k_means,1984034111,21,5.5437e7,8.0284914,CosineDist,close,94142.494309,93
cross_scenario,k_means,2569047889,21,7.33296e7,7.4151426,CosineDist,close,564561.256481,322
cross_scenario,k_means,3286463093,21,5.60647e7,7.6648575,CosineDist,close,113872.43369100003,110
cross_scenario,k_means,4196464565,21,5.86675e7,7.9503187,CosineDist,close,181834.74147799998,147
cross_scenario,k_means,744301781,21,5.54517e7,8.0047951,CosineDist,close,95250.797957,91
cross_scenario,k_means,760014603,21,5.89395e7,8.3845581,CosineDist,close,188810.71782500003,135
cross_scenario,k_means,2193967569,23,5.35044e7,9.886591,CosineDist,close,45239.164622000004,58
cross_scenario,k_means,2546464051,23,5.54699e7,9.0716949,CosineDist,close,98545.92809799997,93
cross_scenario,k_means,2938742229,23,5.37168e7,8.4607093,CosineDist,close,46543.577422,50
cross_scenario,k_means,313447314,23,5.53044e7,9.2782115,CosineDist,close,87622.529544,83
cross_scenario,k_means,3164855826,23,5.37384e7,8.9313086,CosineDist,close,48748.403825,57
cross_scenario,k_means,3173192974,23,5.37711e7,8.3191753,CosineDist,close,49864.440555,58
cross_scenario,k_means,3527549645,23,5.48183e7,8.6589655,CosineDist,close,79094.329115,77
cross_scenario,k_means,3913193451,23,5.87442e7,10.2718942,CosineDist,close,183287.80589400002,136
cross_scenario,k_means,714332685,23,5.84358e7,9.9383664,CosineDist,close,177296.92047799996,140
cross_scenario,k_means,890890131,23,5.38076e7,8.6566539,CosineDist,close,56225.450839,70
cross_scenario,k_means,1134130444,25,5.52961e7,10.5152877,CosineDist,close,90930.57504800001,93
cross_scenario,k_means,2658990538,25,5.55417e7,10.9028391,CosineDist,close,98334.723826,90
cross_scenario,k_means,2726541456,25,5.38654e7,10.5271431,CosineDist,close,52326.965282000005,61
cross_scenario,k_means,2894918851,25,5.37036e7,10.2368135,CosineDist,close,46101.242485,54
cross_scenario,k_means,3351175237,25,5.8513e7,9.9119393,CosineDist,close,176778.008374,130
cross_scenario,k_means,343301208,25,5.54625e7,10.5254656,CosineDist,close,96135.12149899999,83
cross_scenario,k_means,4135971217,25,5.32036e7,10.1059435,CosineDist,close,33328.388425,43
cross_scenario,k_means,4145110716,25,5.92397e7,10.7174397,CosineDist,close,194507.955228,141
cross_scenario,k_means,448376330,25,5.85872e7,13.7127558,CosineDist,close,179687.352038,138
cross_scenario,k_means,47449323,25,5.53639e7,10.2031207,CosineDist,close,92524.030464,85
cross_scenario,k_means,1161276258,27,5.34185e7,14.5309226,CosineDist,close,39318.080894,50
cross_scenario,k_means,1233541653,27,5.51784e7,11.5101391,CosineDist,close,89044.50264599998,89
cross_scenario,k_means,1267936167,27,5.41458e7,11.8834196,CosineDist,close,57785.14373399999,61
cross_scenario,k_means,1653248667,27,5.34121e7,14.6779332,CosineDist,close,39184.100382,51
cross_scenario,k_means,2437521778,27,6.30966e7,11.8407172,CosineDist,close,297977.237475,189
cross_scenario,k_means,2524306086,27,5.40011e7,12.9723215,CosineDist,close,60643.296735,69
cross_scenario,k_means,2606414571,27,5.53806e7,11.6914699,CosineDist,close,91892.41115400002,88
cross_scenario,k_means,2821296471,27,5.33188e7,11.9146849,CosineDist,close,34357.811236999994,42
cross_scenario,k_means,3155655383,27,5.40307e7,12.2027894,CosineDist,close,56422.773826000004,57
cross_scenario,k_means,463779685,27,5.85665e7,12.5979571,CosineDist,close,179062.40862399997,146
cross_scenario,k_means,1113698075,29,5.33094e7,11.3052267,CosineDist,close,36051.90481800001,43
cross_scenario,k_means,1125327650,29,5.33965e7,13.3624693,CosineDist,close,37604.543404,45
cross_scenario,k_means,1398119942,29,5.87863e7,14.4149475,CosineDist,close,183887.30117200004,143
cross_scenario,k_means,1669407957,29,5.32576e7,11.9245211,CosineDist,close,33363.024444,49
cross_scenario,k_means,1792506398,29,5.35901e7,11.9213662,CosineDist,close,44821.290385,50
cross_scenario,k_means,2439649745,29,5.35519e7,11.7493603,CosineDist,close,44391.12994100001,50
cross_scenario,k_means,2730667678,29,5.81553e7,11.8852161,CosineDist,close,167635.637155,132
cross_scenario,k_means,2843080965,29,5.53726e7,12.7610133,CosineDist,close,92322.318571,83
cross_scenario,k_means,3434031776,29,5.38952e7,11.3188899,CosineDist,close,53755.378034999994,61
cross_scenario,k_means,950202798,29,5.34518e7,14.4481221,CosineDist,close,40887.924973,52
cross_scenario,k_means,1042382051,3,1.56148e8,0.58293,CosineDist,close,2.7198088818999995e6,1376
cross_scenario,k_means,1617230705,3,1.53789e8,0.8901194,CosineDist,close,2.659422502407e6,1370
cross_scenario,k_means,1690918982,3,1.53789e8,0.5908593,CosineDist,close,2.659422502407e6,1370
cross_scenario,k_means,2011904635,3,1.5451e8,0.5755269,CosineDist,close,2.6778645041299993e6,1359
cross_scenario,k_means,208019063,3,1.53789e8,0.5799916,CosineDist,close,2.659422502407e6,1370
cross_scenario,k_means,2175589206,3,1.54419e8,0.6805827,CosineDist,close,2.675540187271e6,1392
cross_scenario,k_means,2331872192,3,1.53789e8,0.6283347,CosineDist,close,2.659422502407e6,1370
cross_scenario,k_means,2859914000,3,1.54509e8,0.6201852,CosineDist,close,2.6778441222599996e6,1352
cross_scenario,k_means,3409952330,3,1.54509e8,0.6191432,CosineDist,close,2.6778441222599996e6,1352
cross_scenario,k_means,488813374,3,1.54509e8,0.6155345,CosineDist,close,2.6778441222599996e6,1352
cross_scenario,k_means,1349996306,31,5.34066e7,16.340069,CosineDist,close,38249.893643,45
cross_scenario,k_means,1462714024,31,5.86734e7,16.4099362,CosineDist,close,182035.80845700004,139
cross_scenario,k_means,1579127763,31,5.33647e7,12.2178069,CosineDist,close,39032.598569,47
cross_scenario,k_means,1648351254,31,5.54717e7,12.8869071,CosineDist,close,98937.21161199998,94
cross_scenario,k_means,2030289235,31,6.12697e7,14.3699664,CosineDist,close,248747.43677600002,172
cross_scenario,k_means,2462588561,31,5.36666e7,13.873566,CosineDist,close,45610.154185,54
cross_scenario,k_means,2929172095,31,5.32044e7,12.579131,CosineDist,close,31625.455354999995,40
cross_scenario,k_means,2944528308,31,5.25898e7,12.4261989,CosineDist,close,11949.552827999998,21
cross_scenario,k_means,295145311,31,5.32485e7,13.4860892,CosineDist,close,34720.060208,43
cross_scenario,k_means,3899371692,31,5.25642e7,13.3546328,CosineDist,close,9065.610487999998,17
cross_scenario,k_means,1038419084,33,5.37607e7,13.4004751,CosineDist,close,51224.786085,57
cross_scenario,k_means,1109759726,33,5.43494e7,14.4495708,CosineDist,close,63220.784893,68
cross_scenario,k_means,1963882461,33,5.39754e7,14.5524793,CosineDist,close,55734.463948000004,71
cross_scenario,k_means,1989163906,33,5.28574e7,15.3510428,CosineDist,close,21647.790688,34
cross_scenario,k_means,2479233904,33,5.39153e7,13.5476102,CosineDist,close,53692.22469300001,59
cross_scenario,k_means,2497612078,33,5.66685e7,12.6806174,CosineDist,close,128829.91591800001,101
cross_scenario,k_means,3214090957,33,5.45024e7,14.0907004,CosineDist,close,69790.16313,67
cross_scenario,k_means,3465092140,33,5.55101e7,13.8558462,CosineDist,close,97550.881102,87
cross_scenario,k_means,4061834237,33,5.31396e7,16.9091779,CosineDist,close,30744.064043,39
cross_scenario,k_means,52313467,33,5.38179e7,13.554448,CosineDist,close,49450.196318,52
cross_scenario,k_means,1208640119,35,5.53395e7,15.075232,CosineDist,close,91182.58273200001,87
cross_scenario,k_means,1428058240,35,5.5363e7,15.3910431,CosineDist,close,93786.43213200002,89
cross_scenario,k_means,15941194,35,5.37455e7,16.752212,CosineDist,close,49020.979535,49
cross_scenario,k_means,2213813141,35,5.36327e7,15.1101754,CosineDist,close,44447.953270000005,46
cross_scenario,k_means,2291375163,35,5.33831e7,16.3102366,CosineDist,close,37840.630286,49
cross_scenario,k_means,236500538,35,5.37304e7,17.8984017,CosineDist,close,49673.230669,59
cross_scenario,k_means,252145784,35,5.33106e7,15.2916994,CosineDist,close,34654.059018,38
cross_scenario,k_means,2544196106,35,5.34077e7,15.8599713,CosineDist,close,38523.316033999996,42
cross_scenario,k_means,2745802022,35,5.331e7,17.5048476,CosineDist,close,38113.543321,50
cross_scenario,k_means,3596893902,35,5.34926e7,18.0919039,CosineDist,close,44364.013634,54
cross_scenario,k_means,1380354363,37,5.34109e7,18.2059981,CosineDist,close,37986.685470000004,45
cross_scenario,k_means,3048518942,37,5.56446e7,20.8909014,CosineDist,close,99401.50965500002,87
cross_scenario,k_means,3182806193,37,5.56829e7,17.4033339,CosineDist,close,101320.363356,96
cross_scenario,k_means,3244629827,37,5.25545e7,15.7636246,CosineDist,close,9350.900307999998,17
cross_scenario,k_means,3452769998,37,5.34246e7,16.4466973,CosineDist,close,39865.415613,48
cross_scenario,k_means,4262333788,37,5.25704e7,15.1757182,CosineDist,close,9697.336212000002,18
cross_scenario,k_means,45994245,37,5.39006e7,16.7883174,CosineDist,close,51475.41971100001,55
cross_scenario,k_means,67569244,37,5.27357e7,15.2091511,CosineDist,close,16297.096215000001,24
cross_scenario,k_means,814300562,37,5.33989e7,17.9560234,CosineDist,close,37332.42721899999,44
cross_scenario,k_means,870981686,37,5.48387e7,16.5642398,CosineDist,close,79644.51367399999,84
cross_scenario,k_means,1129760376,39,5.34588e7,23.3419816,CosineDist,close,42485.797672,50
cross_scenario,k_means,148104383,39,5.259e7,16.0895622,CosineDist,close,11986.188071999999,21
cross_scenario,k_means,1655289285,39,5.33071e7,19.8328806,CosineDist,close,35448.35828300001,43
cross_scenario,k_means,1845695973,39,5.32949e7,16.4368028,CosineDist,close,34252.241281999995,41
cross_scenario,k_means,2121257682,39,5.38583e7,16.7172016,CosineDist,close,50784.548805000006,54
cross_scenario,k_means,2943233938,39,5.39348e7,18.1694545,CosineDist,close,51280.445201999995,53
cross_scenario,k_means,3030918353,39,5.26559e7,17.3423156,CosineDist,close,15105.364784,26
cross_scenario,k_means,3096268031,39,5.33066e7,20.9272194,CosineDist,close,35435.565634,44
cross_scenario,k_means,3338611973,39,5.36733e7,16.7152194,CosineDist,close,46277.985339,56
cross_scenario,k_means,662283236,39,5.37337e7,17.4034156,CosineDist,close,47275.641435000005,52
cross_scenario,k_means,1005104349,41,5.3718e7,18.7526434,CosineDist,close,46045.575085000004,53
cross_scenario,k_means,1534696584,41,5.28996e7,18.6748842,CosineDist,close,23227.546194000002,32
cross_scenario,k_means,225016911,41,5.33998e7,18.6087319,CosineDist,close,38789.633476,43
cross_scenario,k_means,2317592996,41,5.34327e7,24.2910903,CosineDist,close,40224.04885,55
cross_scenario,k_means,2716090479,41,5.25851e7,15.8074302,CosineDist,close,10555.627232,19
cross_scenario,k_means,3258958499,41,5.32761e7,22.7598441,CosineDist,close,34563.330009,43
cross_scenario,k_means,329433595,41,5.34068e7,26.7981465,CosineDist,close,39428.36150400001,41
cross_scenario,k_means,3444774395,41,5.53499e7,20.6561871,CosineDist,close,91266.19089600001,79
cross_scenario,k_means,438234340,41,5.31391e7,20.7721894,CosineDist,close,29120.663300999997,32
cross_scenario,k_means,953901905,41,5.61336e7,18.3537603,CosineDist,close,113504.100794,99
cross_scenario,k_means,1660595499,5,7.41279e7,1.1733973,CosineDist,close,598244.5810359998,396
cross_scenario,k_means,1714105051,5,1.56388e8,1.5609217,CosineDist,close,2.726658852801e6,1415
cross_scenario,k_means,2169593505,5,1.54362e8,1.6671466,CosineDist,close,2.6648367915199995e6,1334
cross_scenario,k_means,2538991366,5,1.56012e8,1.4425754,CosineDist,close,2.70300009822e6,1291
cross_scenario,k_means,2909674750,5,7.70721e7,1.2644978,CosineDist,close,679948.119109,442
cross_scenario,k_means,3018546641,5,1.53431e8,1.8085615,CosineDist,close,2.640975509004e6,1307
cross_scenario,k_means,3634057553,5,1.52161e8,1.2574624,CosineDist,close,2.6122140840100003e6,1371
cross_scenario,k_means,4139823947,5,1.5619e8,1.5783989,CosineDist,close,2.72159737638e6,1377
cross_scenario,k_means,4197766176,5,7.74098e7,1.5238658,CosineDist,close,687573.157766,434
cross_scenario,k_means,5947179,5,7.78268e7,1.5377326,CosineDist,close,699272.3752199997,449
cross_scenario,k_means,1006581332,7,7.45764e7,1.8287607,CosineDist,close,604830.4915819999,358
cross_scenario,k_means,1176932870,7,7.39929e7,1.7805507,CosineDist,close,588975.5774859998,350
cross_scenario,k_means,1821427372,7,7.34445e7,1.974121,CosineDist,close,575445.7751919997,362
cross_scenario,k_means,2689963385,7,6.01115e7,1.9568356,CosineDist,close,232637.994883,209
cross_scenario,k_means,2751971336,7,7.37571e7,1.8549937,CosineDist,close,582956.3358279999,345
cross_scenario,k_means,3385142830,7,5.57598e7,1.7616033,CosineDist,close,110092.459746,111
cross_scenario,k_means,3409620994,7,7.45213e7,1.9041112,CosineDist,close,604367.8510849999,393
cross_scenario,k_means,447101461,7,7.69343e7,2.0848791,CosineDist,close,676239.141306,427
cross_scenario,k_means,468006976,7,1.58288e8,2.1202242,CosineDist,close,2.7541760522049996e6,1210
cross_scenario,k_means,880982686,7,1.53798e8,2.1898434,CosineDist,close,2.6483495644900003e6,1377
cross_scenario,k_means,1130292821,9,7.45729e7,2.7510662,CosineDist,close,605086.898401,377
cross_scenario,k_means,1392296365,9,7.41266e7,2.3425379,CosineDist,close,593508.2563819999,374
cross_scenario,k_means,2814468992,9,5.87273e7,3.021416,CosineDist,close,190565.787025,166
cross_scenario,k_means,3044209910,9,5.89592e7,2.3932233,CosineDist,close,198982.36670600003,169
cross_scenario,k_means,3261319673,9,7.50128e7,2.7879838,CosineDist,close,607265.1495480001,336
cross_scenario,k_means,3543870990,9,1.56021e8,3.6610405,CosineDist,close,2.703277361741e6,1171
cross_scenario,k_means,3602499071,9,7.45717e7,2.8838858,CosineDist,close,606930.076491,358
cross_scenario,k_means,3926221275,9,7.33201e7,2.9414503,CosineDist,close,563774.248912,320
cross_scenario,k_means,42413356,9,5.59914e7,2.7332314,CosineDist,close,118208.79901300001,122
cross_scenario,k_means,697383862,9,1.54921e8,3.3833181,CosineDist,close,2.6761211118409997e6,1240
cross_scenario,k_means,1355586937,11,5.90414e7,3.6996495,SqEuclidean,close,199257.75249199994,173
cross_scenario,k_means,1768760743,11,6.22855e7,3.3535441,SqEuclidean,close,278676.98266300006,192
cross_scenario,k_means,2652796558,11,5.57754e7,3.1800717,SqEuclidean,close,109373.74868500001,105
cross_scenario,k_means,3000698040,11,7.60257e7,3.6024273,SqEuclidean,close,636627.103012,370
cross_scenario,k_means,3160233726,11,6.72827e7,3.3713824,SqEuclidean,close,415762.33206600003,275
cross_scenario,k_means,3479820580,11,6.79083e7,3.3574889,SqEuclidean,close,424587.428024,256
cross_scenario,k_means,3649546841,11,8.32369e7,3.1948074,SqEuclidean,close,823401.7570390002,489
cross_scenario,k_means,4031091536,11,7.97745e7,3.1297205,SqEuclidean,close,741072.5800279999,458
cross_scenario,k_means,675182737,11,6.8413e7,3.1457684,SqEuclidean,close,444943.5546530001,300
cross_scenario,k_means,722170199,11,5.87455e7,3.2325451,SqEuclidean,close,189097.06924799996,156
cross_scenario,k_means,1020330993,13,6.89947e7,4.5020047,SqEuclidean,close,453657.897069,282
cross_scenario,k_means,1241334511,13,8.28059e7,3.7004002,SqEuclidean,close,810565.7815349998,460
cross_scenario,k_means,1561739573,13,5.54761e7,4.5582695,SqEuclidean,close,97934.88721100001,97
cross_scenario,k_means,2082789969,13,5.57633e7,4.2100663,SqEuclidean,close,108379.712936,110
cross_scenario,k_means,2422820678,13,6.79349e7,3.8470895,SqEuclidean,close,432508.654933,297
cross_scenario,k_means,373102896,13,8.52126e7,4.5786677,SqEuclidean,close,881368.555622,504
cross_scenario,k_means,3777256655,13,5.81096e7,4.5111786,SqEuclidean,close,167088.05209699998,132
cross_scenario,k_means,4101453586,13,6.39705e7,3.8542921,SqEuclidean,close,327032.882299,210
cross_scenario,k_means,419645993,13,5.60164e7,4.6918919,SqEuclidean,close,118873.251642,118
cross_scenario,k_means,772616242,13,6.81175e7,4.1706958,SqEuclidean,close,429361.87794800004,268
cross_scenario,k_means,1536731824,15,5.58991e7,5.4093198,SqEuclidean,close,109950.58771900002,99
cross_scenario,k_means,1944031661,15,5.54564e7,4.7285325,SqEuclidean,close,94653.358561,91
cross_scenario,k_means,195370354,15,5.54631e7,5.4077643,SqEuclidean,close,97678.523981,97
cross_scenario,k_means,2392820273,15,5.84783e7,5.3351405,SqEuclidean,close,175084.536907,134
cross_scenario,k_means,2931326369,15,5.53932e7,5.0731582,SqEuclidean,close,95608.58447900001,88
cross_scenario,k_means,3012361418,15,5.85251e7,5.9996931,SqEuclidean,close,182571.55152499996,149
cross_scenario,k_means,3763622817,15,5.62598e7,5.025763,SqEuclidean,close,124558.693012,121
cross_scenario,k_means,3796973136,15,8.5304e7,4.7727605,SqEuclidean,close,875071.807753,482
cross_scenario,k_means,3815196410,15,5.38516e7,4.3147553,SqEuclidean,close,50204.705236999995,54
cross_scenario,k_means,604489562,15,8.36205e7,4.7201794,SqEuclidean,close,831984.3891890002,458
cross_scenario,k_means,1587347134,17,6.37662e7,5.8662495,SqEuclidean,close,315804.561839,210
cross_scenario,k_means,186564236,17,6.8298e7,5.9281067,SqEuclidean,close,437800.81859100005,264
cross_scenario,k_means,2166881926,17,5.25884e7,5.2408572,SqEuclidean,close,11403.933829000001,21
cross_scenario,k_means,2186186592,17,5.83582e7,6.5372528,SqEuclidean,close,173467.63527099995,142
cross_scenario,k_means,2238747886,17,5.3315e7,5.8515528,SqEuclidean,close,36297.95784,46
cross_scenario,k_means,224585247,17,5.54296e7,5.9892185,SqEuclidean,close,96874.17887399999,93
cross_scenario,k_means,2339120676,17,6.52778e7,6.0859496,SqEuclidean,close,360059.69582900003,251
cross_scenario,k_means,3093014142,17,7.34626e7,6.1493678,SqEuclidean,close,568180.9741890001,334
cross_scenario,k_means,3258302586,17,5.36688e7,5.7080228,SqEuclidean,close,50848.653724,66
cross_scenario,k_means,3629043986,17,5.42183e7,5.7571969,SqEuclidean,close,59564.980984,63
cross_scenario,k_means,1088367163,19,5.40216e7,6.2648788,SqEuclidean,close,57767.558002000005,67
cross_scenario,k_means,1245540782,19,6.54646e7,7.3026503,SqEuclidean,close,358910.69339200004,237
cross_scenario,k_means,2410109332,19,5.55257e7,7.406479,SqEuclidean,close,97646.76993000002,89
cross_scenario,k_means,2455416769,19,5.54564e7,7.9591091,SqEuclidean,close,94627.77494299998,91
cross_scenario,k_means,2591120440,19,6.77471e7,6.2680966,SqEuclidean,close,418463.0226140001,263
cross_scenario,k_means,2650271871,19,5.54492e7,7.994445,SqEuclidean,close,95208.97482100001,81
cross_scenario,k_means,2789252227,19,6.78967e7,8.0002114,SqEuclidean,close,423131.709736,255
cross_scenario,k_means,3130995382,19,5.54152e7,6.8708346,SqEuclidean,close,93573.50395900001,89
cross_scenario,k_means,3357853995,19,6.76265e7,6.7957989,SqEuclidean,close,417608.6000530001,259
cross_scenario,k_means,824849990,19,5.83736e7,7.1329799,SqEuclidean,close,172538.861767,137
cross_scenario,k_means,1244389436,21,5.55171e7,8.3874871,SqEuclidean,close,99083.48891100001,99
cross_scenario,k_means,1393653782,21,7.49517e7,9.8515342,SqEuclidean,close,612061.880289,354
cross_scenario,k_means,1761682951,21,5.54266e7,8.2696076,SqEuclidean,close,96787.08520899998,96
cross_scenario,k_means,196162340,21,5.3913e7,8.5136116,SqEuclidean,close,56560.792812,70
cross_scenario,k_means,1984034111,21,5.54545e7,8.8762119,SqEuclidean,close,94629.033506,88
cross_scenario,k_means,2569047889,21,7.39315e7,8.3282807,SqEuclidean,close,580158.5301059999,338
cross_scenario,k_means,3286463093,21,5.60331e7,9.0547569,SqEuclidean,close,110961.480887,93
cross_scenario,k_means,4196464565,21,5.86419e7,9.0606185,SqEuclidean,close,181195.250806,127
cross_scenario,k_means,744301781,21,5.53729e7,7.9340918,SqEuclidean,close,93177.884518,87
cross_scenario,k_means,760014603,21,6.78856e7,8.5596075,SqEuclidean,close,422925.0007,265
cross_scenario,k_means,2193967569,23,5.37333e7,9.3405309,SqEuclidean,close,53210.413237999994,76
cross_scenario,k_means,2546464051,23,5.53903e7,10.407096,SqEuclidean,close,93789.014908,85
cross_scenario,k_means,2938742229,23,6.17383e7,9.2296952,SqEuclidean,close,260517.115927,172
cross_scenario,k_means,313447314,23,5.55552e7,9.2437469,SqEuclidean,close,98427.76836299997,95
cross_scenario,k_means,3164855826,23,5.5423e7,10.3019416,SqEuclidean,close,95048.73920000001,87
cross_scenario,k_means,3173192974,23,5.37104e7,9.325577,SqEuclidean,close,48259.395656,54
cross_scenario,k_means,3527549645,23,5.47296e7,9.720913,SqEuclidean,close,76819.34173,78
cross_scenario,k_means,3913193451,23,5.52424e7,9.5732014,SqEuclidean,close,89184.99417100001,87
cross_scenario,k_means,714332685,23,5.86861e7,9.4106508,SqEuclidean,close,181931.660476,136
cross_scenario,k_means,890890131,23,5.36417e7,8.742079,SqEuclidean,close,50297.35501700001,63
cross_scenario,k_means,1134130444,25,5.54555e7,10.8354864,SqEuclidean,close,98470.621017,93
cross_scenario,k_means,2658990538,25,5.53784e7,11.3228678,SqEuclidean,close,93701.212003,85
cross_scenario,k_means,2726541456,25,5.3921e7,9.8307202,SqEuclidean,close,53780.880432,61
cross_scenario,k_means,2894918851,25,5.84596e7,10.6566447,SqEuclidean,close,174548.637881,136
cross_scenario,k_means,3351175237,25,5.89535e7,11.4749022,SqEuclidean,close,188065.93535499997,128
cross_scenario,k_means,343301208,25,5.54015e7,11.3452649,SqEuclidean,close,93989.998348,85
cross_scenario,k_means,4135971217,25,5.32228e7,9.980237,SqEuclidean,close,35626.983075,46
cross_scenario,k_means,4145110716,25,6.35295e7,10.9622452,SqEuclidean,close,308588.15676499996,203
cross_scenario,k_means,448376330,25,5.54353e7,11.3464188,SqEuclidean,close,95441.749321,86
cross_scenario,k_means,47449323,25,5.55847e7,11.4119692,SqEuclidean,close,97253.64948700002,93
cross_scenario,k_means,1161276258,27,5.27725e7,10.8892476,SqEuclidean,close,19188.94476,32
cross_scenario,k_means,1233541653,27,5.5892e7,11.3408407,SqEuclidean,close,114895.658393,115
cross_scenario,k_means,1267936167,27,5.40836e7,11.0844652,SqEuclidean,close,56180.71261200001,62
cross_scenario,k_means,1653248667,27,5.38782e7,10.0324059,SqEuclidean,close,52691.52837200001,63
cross_scenario,k_means,2437521778,27,6.3016e7,11.0465131,SqEuclidean,close,296887.80337399995,200
cross_scenario,k_means,2524306086,27,5.3769e7,10.7580357,SqEuclidean,close,49801.457681,61
cross_scenario,k_means,2606414571,27,5.5432e7,11.1884074,SqEuclidean,close,93946.925552,84
cross_scenario,k_means,2821296471,27,5.27919e7,11.6566556,SqEuclidean,close,18154.183035000002,29
cross_scenario,k_means,3155655383,27,5.48951e7,11.7359083,SqEuclidean,close,86415.73848200002,99
cross_scenario,k_means,463779685,27,5.906e7,14.4588762,SqEuclidean,close,191706.91301100003,144
cross_scenario,k_means,1113698075,29,5.33218e7,12.6171439,SqEuclidean,close,35143.199897000006,46
cross_scenario,k_means,1125327650,29,5.38358e7,13.3803684,SqEuclidean,close,50074.22872200001,58
cross_scenario,k_means,1398119942,29,5.54096e7,12.5993542,SqEuclidean,close,94378.996995,93
cross_scenario,k_means,1669407957,29,5.33306e7,11.4483865,SqEuclidean,close,36470.31416299999,45
cross_scenario,k_means,1792506398,29,5.25791e7,12.7091722,SqEuclidean,close,9940.199263999999,17
cross_scenario,k_means,2439649745,29,5.26128e7,12.1308621,SqEuclidean,close,12723.594545999998,21
cross_scenario,k_means,2730667678,29,5.54311e7,13.3088672,SqEuclidean,close,94279.39660000002,93
cross_scenario,k_means,2843080965,29,5.5355e7,13.0047685,SqEuclidean,close,93123.940531,88
cross_scenario,k_means,3434031776,29,5.38491e7,12.2579088,SqEuclidean,close,52001.59602800001,63
cross_scenario,k_means,950202798,29,5.27238e7,12.536815,SqEuclidean,close,18055.207216999996,30
cross_scenario,k_means,1042382051,3,1.56148e8,0.5786692,SqEuclidean,close,2.7198088818999995e6,1376
cross_scenario,k_means,1617230705,3,1.53789e8,0.6065287,SqEuclidean,close,2.659422502407e6,1370
cross_scenario,k_means,1690918982,3,1.53789e8,0.5830527,SqEuclidean,close,2.659422502407e6,1370
cross_scenario,k_means,2011904635,3,1.5451e8,0.6440499,SqEuclidean,close,2.6778645041299993e6,1359
cross_scenario,k_means,208019063,3,1.53789e8,1.0713232,SqEuclidean,close,2.659422502407e6,1370
cross_scenario,k_means,2175589206,3,1.54419e8,0.6210489,SqEuclidean,close,2.675540187271e6,1392
cross_scenario,k_means,2331872192,3,1.53789e8,0.5624017,SqEuclidean,close,2.659422502407e6,1370
cross_scenario,k_means,2859914000,3,1.54509e8,0.6139132,SqEuclidean,close,2.6778441222599996e6,1352
cross_scenario,k_means,3409952330,3,1.54509e8,0.6460008,SqEuclidean,close,2.6778441222599996e6,1352
cross_scenario,k_means,488813374,3,1.54509e8,0.5923508,SqEuclidean,close,2.6778441222599996e6,1352
cross_scenario,k_means,1349996306,31,5.25656e7,12.1719349,SqEuclidean,close,9767.20679,18
cross_scenario,k_means,1462714024,31,5.87653e7,13.8699522,SqEuclidean,close,183970.37752899993,135
cross_scenario,k_means,1579127763,31,5.33402e7,12.4088579,SqEuclidean,close,36968.583546,43
cross_scenario,k_means,1648351254,31,5.55462e7,12.8671714,SqEuclidean,close,100831.66916600002,94
cross_scenario,k_means,2030289235,31,5.5919e7,14.4376887,SqEuclidean,close,106905.93346300001,88
cross_scenario,k_means,2462588561,31,5.53033e7,14.7139144,SqEuclidean,close,92000.27038899998,88
cross_scenario,k_means,2929172095,31,5.3671e7,12.6430479,SqEuclidean,close,45706.442884000004,51
cross_scenario,k_means,2944528308,31,5.25462e7,12.8554659,SqEuclidean,close,8835.224285999999,17
cross_scenario,k_means,295145311,31,5.32868e7,12.9106143,SqEuclidean,close,35699.40793,44
cross_scenario,k_means,3899371692,31,5.25485e7,11.8285178,SqEuclidean,close,8697.727249,15
cross_scenario,k_means,1038419084,33,5.35492e7,18.1841822,SqEuclidean,close,47307.793769,64
cross_scenario,k_means,1109759726,33,5.43795e7,14.7425629,SqEuclidean,close,65784.934934,68
cross_scenario,k_means,1963882461,33,5.25834e7,13.19349,SqEuclidean,close,11776.641053,21
cross_scenario,k_means,1989163906,33,5.37019e7,13.6092536,SqEuclidean,close,46870.242518,51
cross_scenario,k_means,2479233904,33,5.39521e7,14.383316,SqEuclidean,close,54636.560189,64
cross_scenario,k_means,2497612078,33,5.43587e7,14.4923201,SqEuclidean,close,70757.801824,82
cross_scenario,k_means,3214090957,33,5.34276e7,16.0593568,SqEuclidean,close,39286.21528699999,48
cross_scenario,k_means,3465092140,33,5.54628e7,13.0076234,SqEuclidean,close,95889.58071,81
cross_scenario,k_means,4061834237,33,5.40903e7,16.2953653,SqEuclidean,close,58115.15413899999,64
cross_scenario,k_means,52313467,33,5.37773e7,14.6385479,SqEuclidean,close,48405.89717499999,49
cross_scenario,k_means,1208640119,35,5.52557e7,14.3054758,SqEuclidean,close,90284.79161500001,85
cross_scenario,k_means,1428058240,35,5.52658e7,15.2915113,SqEuclidean,close,91270.845373,86
cross_scenario,k_means,15941194,35,5.38151e7,16.1876972,SqEuclidean,close,49783.25822799999,56
cross_scenario,k_means,2213813141,35,5.36608e7,14.5418254,SqEuclidean,close,45178.005493000004,50
cross_scenario,k_means,2291375163,35,5.34051e7,18.417635,SqEuclidean,close,38873.524208999996,48
cross_scenario,k_means,236500538,35,5.36833e7,15.9894585,SqEuclidean,close,47435.754268000004,51
cross_scenario,k_means,252145784,35,5.32312e7,14.5487257,SqEuclidean,close,32094.482054000004,40
cross_scenario,k_means,2544196106,35,5.34024e7,17.6292652,SqEuclidean,close,38825.169624,39
cross_scenario,k_means,2745802022,35,5.32703e7,16.9257749,SqEuclidean,close,35517.23977099999,41
cross_scenario,k_means,3596893902,35,5.34815e7,15.3874605,SqEuclidean,close,43628.298116,46
cross_scenario,k_means,1380354363,37,5.33922e7,19.0614361,SqEuclidean,close,37499.195986,43
cross_scenario,k_means,3048518942,37,5.57222e7,22.2451719,SqEuclidean,close,103496.46448899999,94
cross_scenario,k_means,3182806193,37,5.56935e7,16.4961913,SqEuclidean,close,101370.11525300001,88
cross_scenario,k_means,3244629827,37,5.25618e7,15.884246,SqEuclidean,close,9948.075399000001,18
cross_scenario,k_means,3452769998,37,5.26903e7,14.0190413,SqEuclidean,close,17183.77519,28
cross_scenario,k_means,4262333788,37,5.25701e7,14.8334079,SqEuclidean,close,10145.93864,18
cross_scenario,k_means,45994245,37,5.25904e7,17.2777567,SqEuclidean,close,11394.460380999999,21
cross_scenario,k_means,67569244,37,5.27338e7,15.9359397,SqEuclidean,close,16780.082082999998,22
cross_scenario,k_means,814300562,37,5.33845e7,21.1942216,SqEuclidean,close,36571.989708999994,43
cross_scenario,k_means,870981686,37,5.5259e7,17.2560374,SqEuclidean,close,91119.87399500002,83
cross_scenario,k_means,1129760376,39,5.3416e7,23.6751154,SqEuclidean,close,39156.198564,43
cross_scenario,k_means,148104383,39,5.26912e7,17.0373312,SqEuclidean,close,17088.619019,30
cross_scenario,k_means,1655289285,39,5.5778e7,21.5561459,SqEuclidean,close,103737.78459800001,85
cross_scenario,k_means,1845695973,39,5.27894e7,18.5955052,SqEuclidean,close,18056.508317000003,32
cross_scenario,k_means,2121257682,39,5.33535e7,17.7641189,SqEuclidean,close,36448.029977,44
cross_scenario,k_means,2943233938,39,5.39266e7,17.6490146,SqEuclidean,close,52353.491729999994,56
cross_scenario,k_means,3030918353,39,5.26478e7,16.8837581,SqEuclidean,close,13573.120454000002,24
cross_scenario,k_means,3096268031,39,5.32206e7,17.3416767,SqEuclidean,close,34112.359959,47
cross_scenario,k_means,3338611973,39,5.53825e7,17.5527469,SqEuclidean,close,93163.60698899999,85
cross_scenario,k_means,662283236,39,5.37083e7,18.3090686,SqEuclidean,close,46606.607377999986,45
cross_scenario,k_means,1005104349,41,5.52603e7,19.3348902,SqEuclidean,close,88687.79786,80
cross_scenario,k_means,1534696584,41,5.29011e7,18.6733887,SqEuclidean,close,23010.288018,32
cross_scenario,k_means,225016911,41,5.31727e7,19.9660644,SqEuclidean,close,31831.919253,36
cross_scenario,k_means,2317592996,41,5.28109e7,18.561648,SqEuclidean,close,21910.501369999998,31
cross_scenario,k_means,2716090479,41,5.25544e7,19.7329118,SqEuclidean,close,9727.789113000003,17
cross_scenario,k_means,3258958499,41,5.39207e7,20.0764971,SqEuclidean,close,52196.671185,59
cross_scenario,k_means,329433595,41,5.33983e7,20.5675298,SqEuclidean,close,38746.005942,45
cross_scenario,k_means,3444774395,41,5.54346e7,18.2624735,SqEuclidean,close,94208.479245,92
cross_scenario,k_means,438234340,41,5.31334e7,19.2007563,SqEuclidean,close,28975.372282999997,32
cross_scenario,k_means,953901905,41,5.53606e7,19.4344404,SqEuclidean,close,90443.63963200002,81
cross_scenario,k_means,1660595499,5,6.73406e7,1.1388343,SqEuclidean,close,417550.75581899995,297
cross_scenario,k_means,1714105051,5,1.55843e8,1.3077279,SqEuclidean,close,2.712569105397e6,1288
cross_scenario,k_means,2169593505,5,1.51898e8,1.3740867,SqEuclidean,close,2.603896423338e6,1273
cross_scenario,k_means,2538991366,5,1.53936e8,1.7823256,SqEuclidean,close,2.655813783853001e6,1308
cross_scenario,k_means,2909674750,5,8.76548e7,1.1388996,SqEuclidean,close,954651.5438679999,575
cross_scenario,k_means,3018546641,5,1.5378e8,1.3758917,SqEuclidean,close,2.652178489278e6,1302
cross_scenario,k_means,3634057553,5,1.55266e8,1.8402876,SqEuclidean,close,2.6902036602840004e6,1377
cross_scenario,k_means,4139823947,5,1.56773e8,1.3584898,SqEuclidean,close,2.736439390013e6,1349
cross_scenario,k_means,4197766176,5,8.7883e7,1.1199351,SqEuclidean,close,960369.2543930002,572
cross_scenario,k_means,5947179,5,8.19979e7,1.1486244,SqEuclidean,close,808094.8809470002,492
cross_scenario,k_means,1006581332,7,8.46369e7,1.7752478,SqEuclidean,close,867659.539107,488
cross_scenario,k_means,1176932870,7,8.42618e7,1.9584021,SqEuclidean,close,857014.930081,505
cross_scenario,k_means,1821427372,7,8.5184e7,1.78175,SqEuclidean,close,881779.070184,502
cross_scenario,k_means,2689963385,7,6.51739e7,1.9802659,SqEuclidean,close,363447.8641140001,271
cross_scenario,k_means,2751971336,7,8.45008e7,1.9647622,SqEuclidean,close,864262.1943290001,507
cross_scenario,k_means,3385142830,7,5.59871e7,1.7801531,SqEuclidean,close,117071.68961099998,120
cross_scenario,k_means,3409620994,7,8.44254e7,1.8436736,SqEuclidean,close,858043.7359929999,497
cross_scenario,k_means,447101461,7,8.72582e7,1.7950178,SqEuclidean,close,944443.6420520002,578
cross_scenario,k_means,468006976,7,1.56285e8,2.5659253,SqEuclidean,close,2.706141616997e6,1318
cross_scenario,k_means,880982686,7,1.54001e8,2.2521065,SqEuclidean,close,2.6556375713279992e6,1272
cross_scenario,k_means,1130292821,9,8.50999e7,2.376645,SqEuclidean,close,878034.0116320001,506
cross_scenario,k_means,1392296365,9,8.45503e7,2.8761254,SqEuclidean,close,858886.1132579999,495
cross_scenario,k_means,2814468992,9,6.31307e7,2.2906628,SqEuclidean,close,302159.725926,215
cross_scenario,k_means,3044209910,9,5.94998e7,2.5625692,SqEuclidean,close,212328.53869400002,183
cross_scenario,k_means,3261319673,9,8.34456e7,2.5155117,SqEuclidean,close,829179.3315099998,469
cross_scenario,k_means,3543870990,9,1.55446e8,3.4836584,SqEuclidean,close,2.684743979339e6,1280
cross_scenario,k_means,3602499071,9,6.77389e7,2.5600825,SqEuclidean,close,423312.713186,283
cross_scenario,k_means,3926221275,9,8.46671e7,2.8489845,SqEuclidean,close,864457.844798,505
cross_scenario,k_means,42413356,9,5.57509e7,2.5004332,SqEuclidean,close,110862.348733,111
cross_scenario,k_means,697383862,9,1.51972e8,3.4353721,SqEuclidean,close,2.602677122851e6,1207
stochastic,stochastic,0,0,5.26577e7,70.1774135,N/A,closemixed,12144.796523,14
cross_scenario,convex_hull,0,11,6.01534e7,4.1583929,CosineDist,closemixed,241808.72089300002,189
cross_scenario,convex_hull,0,13,6.07663e7,4.2598963,CosineDist,closemixed,256947.50742200002,211
cross_scenario,convex_hull,0,15,6.00963e7,7.2907224,CosineDist,closemixed,239949.74807800003,190
cross_scenario,convex_hull,0,17,6.00639e7,8.1809993,CosineDist,closemixed,239148.60868499998,185
cross_scenario,convex_hull,0,19,5.98925e7,10.5846949,CosineDist,closemixed,234771.560483,196
cross_scenario,convex_hull,0,21,5.84465e7,10.8903359,CosineDist,closemixed,194386.16437099993,160
cross_scenario,convex_hull,0,23,5.64331e7,11.8063557,CosineDist,closemixed,138740.654418,99
cross_scenario,convex_hull,0,25,5.64752e7,12.7558524,CosineDist,closemixed,140398.32576500005,108
cross_scenario,convex_hull,0,27,5.65807e7,15.7357762,CosineDist,closemixed,142862.32633700003,107
cross_scenario,convex_hull,0,29,5.65646e7,16.2529277,CosineDist,closemixed,142346.81516700005,109
cross_scenario,convex_hull,0,3,1.16127e8,0.9597733,CosineDist,closemixed,1.702396041214e6,829
cross_scenario,convex_hull,0,31,5.67128e7,18.5461946,CosineDist,closemixed,147289.316664,111
cross_scenario,convex_hull,0,33,5.69358e7,24.1271415,CosineDist,closemixed,152310.833166,114
cross_scenario,convex_hull,0,35,5.6909e7,24.4000527,CosineDist,closemixed,151631.849357,117
cross_scenario,convex_hull,0,37,5.69698e7,27.9514832,CosineDist,closemixed,153308.86572899998,117
cross_scenario,convex_hull,0,39,5.63671e7,29.9174517,CosineDist,closemixed,129972.710759,93
cross_scenario,convex_hull,0,41,5.53027e7,33.3082772,CosineDist,closemixed,103171.66952899999,71
cross_scenario,convex_hull,0,5,1.02916e8,1.4537259,CosineDist,closemixed,1.364274839033e6,708
cross_scenario,convex_hull,0,7,8.40511e7,2.2317576,CosineDist,closemixed,852442.132327,473
cross_scenario,convex_hull,0,9,8.54315e7,2.8286208,CosineDist,closemixed,894959.431662,521
cross_scenario,convex_hull,0,11,1.13119e8,3.4946686,SqEuclidean,closemixed,1.582685222285e6,580
cross_scenario,convex_hull,0,13,1.16105e8,4.0186723,SqEuclidean,closemixed,1.664676196676e6,621
cross_scenario,convex_hull,0,15,9.76166e7,7.0866022,SqEuclidean,closemixed,1.201425714926e6,450
cross_scenario,convex_hull,0,17,9.8139e7,8.3827965,SqEuclidean,closemixed,1.2149699598059996e6,427
cross_scenario,convex_hull,0,19,9.82782e7,11.1261003,SqEuclidean,closemixed,1.2164920296989998e6,455
cross_scenario,convex_hull,0,21,9.79129e7,14.7102531,SqEuclidean,closemixed,1.206729423384e6,470
cross_scenario,convex_hull,0,23,9.79295e7,12.9627032,SqEuclidean,closemixed,1.2068711558919998e6,468
cross_scenario,convex_hull,0,25,9.44541e7,14.3001281,SqEuclidean,closemixed,1.0912941643359999e6,442
cross_scenario,convex_hull,0,27,9.52211e7,15.3967598,SqEuclidean,closemixed,1.1241482935549999e6,405
cross_scenario,convex_hull,0,29,8.11244e7,17.3850681,SqEuclidean,closemixed,762399.3202970001,349
cross_scenario,convex_hull,0,3,1.15052e8,0.5439085,SqEuclidean,closemixed,1.640675338924e6,724
cross_scenario,convex_hull,0,31,8.1016e7,21.1369711,SqEuclidean,closemixed,759489.7515720002,375
cross_scenario,convex_hull,0,33,8.12402e7,21.4752697,SqEuclidean,closemixed,765215.1392489999,378
cross_scenario,convex_hull,0,35,5.44308e7,18.0222936,SqEuclidean,closemixed,56105.609510999995,73
cross_scenario,convex_hull,0,37,5.44519e7,19.2119818,SqEuclidean,closemixed,59050.55906,73
cross_scenario,convex_hull,0,39,5.42636e7,20.2867248,SqEuclidean,closemixed,56469.499627,67
cross_scenario,convex_hull,0,41,5.42928e7,18.3586376,SqEuclidean,closemixed,57234.940254,68
cross_scenario,convex_hull,0,5,1.05712e8,1.127702,SqEuclidean,closemixed,1.3874410366900002e6,625
cross_scenario,convex_hull,0,7,1.10228e8,2.0575366,SqEuclidean,closemixed,1.5085728756179998e6,606
cross_scenario,convex_hull,0,9,1.09851e8,2.5036825,SqEuclidean,closemixed,1.498631080166e6,581
cross_scenario,k_medoids,1355586937,11,7.54193e7,4.0258849,CosineDist,closemixed,636090.164156,403
cross_scenario,k_medoids,1768760743,11,7.12576e7,3.679432,CosineDist,closemixed,529039.844247,383
cross_scenario,k_medoids,2652796558,11,8.10252e7,3.7607822,CosineDist,closemixed,784307.6903819998,486
cross_scenario,k_medoids,3000698040,11,9.35789e7,5.0146971,CosineDist,closemixed,1.097194283916e6,688
cross_scenario,k_medoids,3160233726,11,6.15904e7,3.8126523,CosineDist,closemixed,281252.6930290001,222
cross_scenario,k_medoids,3479820580,11,7.47887e7,4.5481933,CosineDist,closemixed,622206.9957860002,447
cross_scenario,k_medoids,3649546841,11,6.03299e7,3.531933,CosineDist,closemixed,244474.254137,201
cross_scenario,k_medoids,4031091536,11,7.99188e7,3.99569,CosineDist,closemixed,759190.434872,443
cross_scenario,k_medoids,675182737,11,6.55669e7,3.7824494,CosineDist,closemixed,380890.13440000004,279
cross_scenario,k_medoids,722170199,11,6.32797e7,3.3245803,CosineDist,closemixed,322174.78196200007,235
cross_scenario,k_medoids,1020330993,13,6.26886e7,4.5279618,CosineDist,closemixed,310353.70266300003,234
cross_scenario,k_medoids,1241334511,13,6.3978e7,4.9937277,CosineDist,closemixed,336507.971779,238
cross_scenario,k_medoids,1561739573,13,5.75471e7,4.9018305,CosineDist,closemixed,164699.30565599998,153
cross_scenario,k_medoids,2082789969,13,7.66154e7,5.2048854,CosineDist,closemixed,673855.4524770001,451
cross_scenario,k_medoids,2422820678,13,6.58584e7,4.8254893,CosineDist,closemixed,393376.483602,273
cross_scenario,k_medoids,373102896,13,7.6022e7,6.1158904,CosineDist,closemixed,660158.0215840001,490
cross_scenario,k_medoids,3777256655,13,6.979e7,5.5614842,CosineDist,closemixed,494842.638583,437
cross_scenario,k_medoids,4101453586,13,6.86381e7,4.3982551,CosineDist,closemixed,452668.558452,278
cross_scenario,k_medoids,419645993,13,7.41329e7,5.0774892,CosineDist,closemixed,603286.785339,383
cross_scenario,k_medoids,772616242,13,6.23434e7,4.3579763,CosineDist,closemixed,301228.100188,236
cross_scenario,k_medoids,1536731824,15,7.90615e7,6.5931987,CosineDist,closemixed,725358.894421,468
cross_scenario,k_medoids,1944031661,15,9.2949e7,5.9431879,CosineDist,closemixed,1.0792466868059998e6,636
cross_scenario,k_medoids,195370354,15,6.75345e7,5.9354982,CosineDist,closemixed,435079.300852,329
cross_scenario,k_medoids,2392820273,15,6.7696e7,8.4432855,CosineDist,closemixed,443368.446423,339
cross_scenario,k_medoids,2931326369,15,9.42941e7,6.998489,CosineDist,closemixed,1.123433482124e6,663
cross_scenario,k_medoids,3012361418,15,6.4366e7,6.8443298,CosineDist,closemixed,356165.6332900001,264
cross_scenario,k_medoids,3763622817,15,7.78285e7,6.9216513,CosineDist,closemixed,702850.446019,472
cross_scenario,k_medoids,3796973136,15,5.49232e7,5.0241446,CosineDist,closemixed,92235.020444,89
cross_scenario,k_medoids,3815196410,15,5.9312e7,6.1708226,CosineDist,closemixed,213612.371909,134
cross_scenario,k_medoids,604489562,15,5.6643e7,5.0826201,CosineDist,closemixed,138976.775146,153
cross_scenario,k_medoids,1587347134,17,6.94845e7,9.7727648,CosineDist,closemixed,483646.2545419999,349
cross_scenario,k_medoids,186564236,17,7.08579e7,7.5161498,CosineDist,closemixed,501782.10444100003,332
cross_scenario,k_medoids,2166881926,17,5.57134e7,6.2864672,CosineDist,closemixed,118053.44975199999,98
cross_scenario,k_medoids,2186186592,17,8.34561e7,8.1333607,CosineDist,closemixed,837787.3735479999,584
cross_scenario,k_medoids,2238747886,17,5.87225e7,6.6716732,CosineDist,closemixed,200759.23177900008,160
cross_scenario,k_medoids,224585247,17,5.87216e7,5.9142491,CosineDist,closemixed,198775.958591,135
cross_scenario,k_medoids,2339120676,17,7.0411e7,7.6759255,CosineDist,closemixed,498917.3532199999,301
cross_scenario,k_medoids,3093014142,17,5.36055e7,6.295486,CosineDist,closemixed,47236.12155,51
cross_scenario,k_medoids,3258302586,17,5.85239e7,6.5690179,CosineDist,closemixed,198579.33628300004,169
cross_scenario,k_medoids,3629043986,17,6.03596e7,5.8628531,CosineDist,closemixed,242570.08021000001,176
cross_scenario,k_medoids,1088367163,19,5.77408e7,6.793935,CosineDist,closemixed,166056.39985599997,122
cross_scenario,k_medoids,1245540782,19,8.12462e7,11.5840352,CosineDist,closemixed,791498.672183,547
cross_scenario,k_medoids,2410109332,19,5.82516e7,9.0316083,CosineDist,closemixed,189404.68380600002,133
cross_scenario,k_medoids,2455416769,19,5.6627e7,8.6544664,CosineDist,closemixed,142918.78130000003,102
cross_scenario,k_medoids,2591120440,19,5.85781e7,8.8162631,CosineDist,closemixed,190423.35337099998,189
cross_scenario,k_medoids,2650271871,19,5.45771e7,7.1020527,CosineDist,closemixed,75467.138515,89
cross_scenario,k_medoids,2789252227,19,7.00686e7,9.5062195,CosineDist,closemixed,499730.64608200005,376
cross_scenario,k_medoids,3130995382,19,5.82662e7,8.8149225,CosineDist,closemixed,188280.05714599998,138
cross_scenario,k_medoids,3357853995,19,6.44724e7,8.2671791,CosineDist,closemixed,351005.51516899996,234
cross_scenario,k_medoids,824849990,19,6.25901e7,9.0640227,CosineDist,closemixed,309410.76738800004,235
cross_scenario,k_medoids,1244389436,21,5.66677e7,8.980245,CosineDist,closemixed,142793.958256,138
cross_scenario,k_medoids,1393653782,21,5.58141e7,8.4257306,CosineDist,closemixed,105175.28780600001,115
cross_scenario,k_medoids,1761682951,21,6.13926e7,9.9147281,CosineDist,closemixed,265562.07014,186
cross_scenario,k_medoids,196162340,21,5.79633e7,9.8739816,CosineDist,closemixed,183145.453414,162
cross_scenario,k_medoids,1984034111,21,6.03448e7,9.9167156,CosineDist,closemixed,245583.64492299999,193
cross_scenario,k_medoids,2569047889,21,7.59561e7,14.0092859,CosineDist,closemixed,642317.7135200001,412
cross_scenario,k_medoids,3286463093,21,6.08606e7,10.5125466,CosineDist,closemixed,254172.559499,229
cross_scenario,k_medoids,4196464565,21,5.99831e7,9.086251,CosineDist,closemixed,228827.293118,160
cross_scenario,k_medoids,744301781,21,5.99308e7,9.2243677,CosineDist,closemixed,221869.72483399994,141
cross_scenario,k_medoids,760014603,21,7.09932e7,11.1664921,CosineDist,closemixed,514877.07752600004,344
cross_scenario,k_medoids,2193967569,23,6.01223e7,11.3317763,CosineDist,closemixed,221147.16230700005,150
cross_scenario,k_medoids,2546464051,23,7.16246e7,12.3260917,CosineDist,closemixed,542813.868279,393
cross_scenario,k_medoids,2938742229,23,5.91495e7,10.7755635,CosineDist,closemixed,208921.918649,116
cross_scenario,k_medoids,313447314,23,5.43708e7,9.3303841,CosineDist,closemixed,72052.317269,75
cross_scenario,k_medoids,3164855826,23,5.40487e7,10.7333362,CosineDist,closemixed,67835.613961,68
cross_scenario,k_medoids,3173192974,23,6.06605e7,12.3736365,CosineDist,closemixed,255243.83270699994,204
cross_scenario,k_medoids,3527549645,23,5.79695e7,11.8056054,CosineDist,closemixed,172113.91989100003,144
cross_scenario,k_medoids,3913193451,23,7.11389e7,11.6350475,CosineDist,closemixed,514424.769872,329
cross_scenario,k_medoids,714332685,23,5.59378e7,9.9994567,CosineDist,closemixed,123116.385302,85
cross_scenario,k_medoids,890890131,23,5.82509e7,11.229999,CosineDist,closemixed,176285.137396,126
cross_scenario,k_medoids,1134130444,25,5.5686e7,13.3887244,CosineDist,closemixed,110751.57664700002,86
cross_scenario,k_medoids,2658990538,25,6.05986e7,14.4157568,CosineDist,closemixed,242416.89692000003,182
cross_scenario,k_medoids,2726541456,25,5.80069e7,12.0529313,CosineDist,closemixed,177117.22492500002,129
cross_scenario,k_medoids,2894918851,25,6.299e7,13.2485152,CosineDist,closemixed,312597.08292200003,223
cross_scenario,k_medoids,3351175237,25,6.37059e7,12.9974382,CosineDist,closemixed,334000.812314,234
cross_scenario,k_medoids,343301208,25,5.7557e7,16.8825312,CosineDist,closemixed,167408.56129199997,147
cross_scenario,k_medoids,4135971217,25,6.02996e7,14.2031265,CosineDist,closemixed,247426.03733000002,199
cross_scenario,k_medoids,4145110716,25,5.79274e7,12.7378561,CosineDist,closemixed,183703.536615,149
cross_scenario,k_medoids,448376330,25,6.26477e7,12.3914462,CosineDist,closemixed,299204.452438,192
cross_scenario,k_medoids,47449323,25,5.72044e7,12.7006095,CosineDist,closemixed,144913.31141599998,115
cross_scenario,k_medoids,1161276258,27,7.61119e7,18.4074643,CosineDist,closemixed,638708.7827290001,441
cross_scenario,k_medoids,1233541653,27,7.71318e7,15.1715274,CosineDist,closemixed,668028.792111,500
cross_scenario,k_medoids,1267936167,27,5.98851e7,17.8566182,CosineDist,closemixed,232587.678982,187
cross_scenario,k_medoids,1653248667,27,5.69458e7,16.7638437,CosineDist,closemixed,149017.32485399998,122
cross_scenario,k_medoids,2437521778,27,5.46492e7,11.4182301,CosineDist,closemixed,85401.341606,82
cross_scenario,k_medoids,2524306086,27,6.1657e7,13.8790778,CosineDist,closemixed,266352.7875999999,203
cross_scenario,k_medoids,2606414571,27,5.43067e7,13.586294,CosineDist,closemixed,63676.47884499999,66
cross_scenario,k_medoids,2821296471,27,7.3344e7,15.7775863,CosineDist,closemixed,578870.9749040001,303
cross_scenario,k_medoids,3155655383,27,5.34882e7,13.5900534,CosineDist,closemixed,44464.994174,48
cross_scenario,k_medoids,463779685,27,5.3653e7,14.17987,CosineDist,closemixed,40362.288930999996,47
cross_scenario,k_medoids,1113698075,29,5.61832e7,14.6751655,CosineDist,closemixed,128218.082763,141
cross_scenario,k_medoids,1125327650,29,5.58891e7,15.0555655,CosineDist,closemixed,106642.510571,73
cross_scenario,k_medoids,1398119942,29,6.03712e7,14.4615689,CosineDist,closemixed,242041.948081,193
cross_scenario,k_medoids,1669407957,29,5.48435e7,15.0214044,CosineDist,closemixed,91994.39520500002,71
cross_scenario,k_medoids,1792506398,29,5.55422e7,17.8172897,CosineDist,closemixed,102683.060833,82
cross_scenario,k_medoids,2439649745,29,5.54841e7,13.4998352,CosineDist,closemixed,110460.69401400001,85
cross_scenario,k_medoids,2730667678,29,5.54406e7,15.8099448,CosineDist,closemixed,100895.747442,69
cross_scenario,k_medoids,2843080965,29,5.71449e7,23.3631453,CosineDist,closemixed,155619.51184899997,115
cross_scenario,k_medoids,3434031776,29,5.3995e7,13.4300521,CosineDist,closemixed,65393.935071,62
cross_scenario,k_medoids,950202798,29,5.90821e7,15.9036462,CosineDist,closemixed,201056.255966,170
cross_scenario,k_medoids,1042382051,3,9.63811e7,0.6255948,CosineDist,closemixed,1.182984530568e6,722
cross_scenario,k_medoids,1617230705,3,9.60638e7,0.6352707,CosineDist,closemixed,1.1748237281489999e6,695
cross_scenario,k_medoids,1690918982,3,3.05727e8,0.6867013,CosineDist,closemixed,6.516632677155e6,2475
cross_scenario,k_medoids,2011904635,3,9.63477e7,0.5956258,CosineDist,closemixed,1.1821504897169997e6,714
cross_scenario,k_medoids,208019063,3,9.61198e7,0.6170625,CosineDist,closemixed,1.176223838006e6,702
cross_scenario,k_medoids,2175589206,3,9.53297e7,0.6903441,CosineDist,closemixed,1.1560515225079998e6,649
cross_scenario,k_medoids,2331872192,3,9.63811e7,0.5954944,CosineDist,closemixed,1.182984530568e6,722
cross_scenario,k_medoids,2859914000,3,9.64978e7,0.5901553,CosineDist,closemixed,1.1859036119640002e6,672
cross_scenario,k_medoids,3409952330,3,9.64978e7,0.6413484,CosineDist,closemixed,1.1859036119640002e6,672
cross_scenario,k_medoids,488813374,3,9.64978e7,0.605158,CosineDist,closemixed,1.1859036119640002e6,672
cross_scenario,k_medoids,1349996306,31,5.67669e7,21.4344163,CosineDist,closemixed,144643.52153199998,101
cross_scenario,k_medoids,1462714024,31,5.35667e7,14.2886789,CosineDist,closemixed,52448.765416999995,50
cross_scenario,k_medoids,1579127763,31,5.39683e7,13.0224357,CosineDist,closemixed,55296.199508000005,73
cross_scenario,k_medoids,1648351254,31,6.31725e7,20.6648935,CosineDist,closemixed,301478.504176,195
cross_scenario,k_medoids,2030289235,31,5.74752e7,17.1943131,CosineDist,closemixed,165256.15677200002,135
cross_scenario,k_medoids,2462588561,31,5.45109e7,19.1707191,CosineDist,closemixed,74138.88416300001,56
cross_scenario,k_medoids,2929172095,31,5.31448e7,15.5422146,CosineDist,closemixed,26651.278580000002,30
cross_scenario,k_medoids,2944528308,31,6.00037e7,14.4618166,CosineDist,closemixed,234320.81066299995,177
cross_scenario,k_medoids,295145311,31,5.43933e7,17.0111229,CosineDist,closemixed,78239.13346900002,64
cross_scenario,k_medoids,3899371692,31,6.44071e7,18.6579813,CosineDist,closemixed,343419.561746,227
cross_scenario,k_medoids,1038419084,33,5.32713e7,14.1367745,CosineDist,closemixed,41546.445104,43
cross_scenario,k_medoids,1109759726,33,5.42014e7,16.472516,CosineDist,closemixed,69462.98072,65
cross_scenario,k_medoids,1963882461,33,5.42741e7,17.2269236,CosineDist,closemixed,76574.65521,57
cross_scenario,k_medoids,1989163906,33,5.5388e7,19.8241871,CosineDist,closemixed,108089.98548699998,75
cross_scenario,k_medoids,2479233904,33,5.53776e7,22.565543,CosineDist,closemixed,90918.30583500002,81
cross_scenario,k_medoids,2497612078,33,5.54319e7,19.0083153,CosineDist,closemixed,93080.84315500001,74
cross_scenario,k_medoids,3214090957,33,5.32675e7,16.3212405,CosineDist,closemixed,38799.235909,45
cross_scenario,k_medoids,3465092140,33,5.34405e7,14.7831823,CosineDist,closemixed,46949.958352999995,49
cross_scenario,k_medoids,4061834237,33,5.30208e7,16.9795372,CosineDist,closemixed,23574.379399000005,30
cross_scenario,k_medoids,52313467,33,5.66885e7,20.4048334,CosineDist,closemixed,147693.50804800002,105
cross_scenario,k_medoids,1208640119,35,5.45968e7,18.4895742,CosineDist,closemixed,86702.97274000001,64
cross_scenario,k_medoids,1428058240,35,6.1627e7,18.3461554,CosineDist,closemixed,265438.550141,193
cross_scenario,k_medoids,15941194,35,5.62026e7,27.8792176,CosineDist,closemixed,129434.951437,100
cross_scenario,k_medoids,2213813141,35,5.35979e7,19.6959494,CosineDist,closemixed,46056.525793999994,55
cross_scenario,k_medoids,2291375163,35,5.31181e7,15.8377081,CosineDist,closemixed,35574.077303000005,42
cross_scenario,k_medoids,236500538,35,5.34807e7,16.8405962,CosineDist,closemixed,47281.51169399999,44
cross_scenario,k_medoids,252145784,35,5.75115e7,19.8945176,CosineDist,closemixed,167521.206957,131
cross_scenario,k_medoids,2544196106,35,5.4946e7,22.633537,CosineDist,closemixed,82776.900837,60
cross_scenario,k_medoids,2745802022,35,5.52621e7,17.0713168,CosineDist,closemixed,99860.97955700001,73
cross_scenario,k_medoids,3596893902,35,5.73261e7,19.8218024,CosineDist,closemixed,156763.14677199998,115
cross_scenario,k_medoids,1380354363,37,5.44788e7,20.2894389,CosineDist,closemixed,78664.02864,59
cross_scenario,k_medoids,3048518942,37,7.0479e7,25.2716054,CosineDist,closemixed,495863.24320300005,319
cross_scenario,k_medoids,3182806193,37,5.49081e7,21.4458973,CosineDist,closemixed,86878.89718000001,74
cross_scenario,k_medoids,3244629827,37,5.48434e7,21.8790346,CosineDist,closemixed,95911.471204,82
cross_scenario,k_medoids,3452769998,37,5.6593e7,24.2303227,CosineDist,closemixed,137267.102593,102
cross_scenario,k_medoids,4262333788,37,5.50304e7,18.807547,CosineDist,closemixed,98653.386457,71
cross_scenario,k_medoids,45994245,37,5.38807e7,17.2643584,CosineDist,closemixed,61729.04561300001,59
cross_scenario,k_medoids,67569244,37,5.66887e7,20.8224774,CosineDist,closemixed,138461.42598499998,103
cross_scenario,k_medoids,814300562,37,5.43848e7,25.6445127,CosineDist,closemixed,76822.698975,55
cross_scenario,k_medoids,870981686,37,5.7583e7,22.4765847,CosineDist,closemixed,167458.54030499997,128
cross_scenario,k_medoids,1129760376,39,5.44727e7,19.6288875,CosineDist,closemixed,73249.85004999998,57
cross_scenario,k_medoids,148104383,39,5.50343e7,19.3900279,CosineDist,closemixed,100041.80358500003,80
cross_scenario,k_medoids,1655289285,39,5.53045e7,21.0969206,CosineDist,closemixed,105107.80251300002,75
cross_scenario,k_medoids,1845695973,39,5.4726e7,30.2592375,CosineDist,closemixed,83586.19030799999,66
cross_scenario,k_medoids,2121257682,39,5.73451e7,32.0553456,CosineDist,closemixed,151025.52181599996,124
cross_scenario,k_medoids,2943233938,39,5.33074e7,19.6356646,CosineDist,closemixed,37595.09944300001,41
cross_scenario,k_medoids,3030918353,39,5.37746e7,18.2773217,CosineDist,closemixed,60245.860605999995,63
cross_scenario,k_medoids,3096268031,39,5.47632e7,20.5917616,CosineDist,closemixed,88182.03589499998,71
cross_scenario,k_medoids,3338611973,39,5.51828e7,21.0997554,CosineDist,closemixed,95141.71612,64
cross_scenario,k_medoids,662283236,39,5.69066e7,30.8490926,CosineDist,closemixed,144903.26778599998,110
cross_scenario,k_medoids,1005104349,41,5.31435e7,20.9884025,CosineDist,closemixed,38644.739765000006,37
cross_scenario,k_medoids,1534696584,41,5.29931e7,22.0163794,CosineDist,closemixed,31242.151972,33
cross_scenario,k_medoids,225016911,41,5.52225e7,29.0072927,CosineDist,closemixed,100112.363266,79
cross_scenario,k_medoids,2317592996,41,5.30922e7,19.495383,CosineDist,closemixed,32844.045442,42
cross_scenario,k_medoids,2716090479,41,5.34028e7,19.838346,CosineDist,closemixed,47983.62124300001,52
cross_scenario,k_medoids,3258958499,41,5.38596e7,22.0898141,CosineDist,closemixed,54613.331914,41
cross_scenario,k_medoids,329433595,41,5.28259e7,21.3172726,CosineDist,closemixed,24235.65178699999,29
cross_scenario,k_medoids,3444774395,41,6.12324e7,27.3631821,CosineDist,closemixed,271205.598086,216
cross_scenario,k_medoids,438234340,41,5.30431e7,20.4358557,CosineDist,closemixed,30324.397329,35
cross_scenario,k_medoids,953901905,41,5.38306e7,27.0176566,CosineDist,closemixed,53464.959693,37
cross_scenario,k_medoids,1660595499,5,9.66984e7,1.578714,CosineDist,closemixed,1.190997636322e6,723
cross_scenario,k_medoids,1714105051,5,9.78867e7,1.227486,CosineDist,closemixed,1.221328496727e6,700
cross_scenario,k_medoids,2169593505,5,6.01817e7,1.1841018,CosineDist,closemixed,231700.07426700005,219
cross_scenario,k_medoids,2538991366,5,8.0248e7,1.37305,CosineDist,closemixed,768784.2755740001,536
cross_scenario,k_medoids,2909674750,5,9.94486e7,1.2287715,CosineDist,closemixed,1.2613758674760002e6,739
cross_scenario,k_medoids,3018546641,5,7.52075e7,1.2198784,CosineDist,closemixed,638549.9558009998,502
cross_scenario,k_medoids,3634057553,5,9.02542e7,1.1788476,CosineDist,closemixed,1.021599486699e6,621
cross_scenario,k_medoids,4139823947,5,9.57268e7,1.2767274,CosineDist,closemixed,1.1661266359350001e6,682
cross_scenario,k_medoids,4197766176,5,9.71055e7,1.2330027,CosineDist,closemixed,1.201305045355e6,666
cross_scenario,k_medoids,5947179,5,9.48547e7,1.3002061,CosineDist,closemixed,1.143724062539e6,667
cross_scenario,k_medoids,1006581332,7,8.3352e7,1.8599607,CosineDist,closemixed,849612.5153109999,575
cross_scenario,k_medoids,1176932870,7,7.88783e7,2.2104526,CosineDist,closemixed,733232.618181,516
cross_scenario,k_medoids,1821427372,7,9.47171e7,2.1238273,CosineDist,closemixed,1.1312679858039997e6,653
cross_scenario,k_medoids,2689963385,7,9.56546e7,1.9824183,CosineDist,closemixed,1.159776914204e6,711
cross_scenario,k_medoids,2751971336,7,7.59244e7,2.1183111,CosineDist,closemixed,652760.6333539999,438
cross_scenario,k_medoids,3385142830,7,6.8917e7,2.0261762,CosineDist,closemixed,471702.69223300007,312
cross_scenario,k_medoids,3409620994,7,7.9214e7,2.2285039,CosineDist,closemixed,736405.7564480001,471
cross_scenario,k_medoids,447101461,7,9.55864e7,2.0809194,CosineDist,closemixed,1.1623854595310001e6,678
cross_scenario,k_medoids,468006976,7,9.07017e7,2.0828598,CosineDist,closemixed,1.03723957793e6,660
cross_scenario,k_medoids,880982686,7,8.06644e7,1.7698395,CosineDist,closemixed,779685.5229870001,517
cross_scenario,k_medoids,1130292821,9,7.75034e7,3.5716461,CosineDist,closemixed,698552.91971,499
cross_scenario,k_medoids,1392296365,9,8.04493e7,2.6342056,CosineDist,closemixed,774702.035823,516
cross_scenario,k_medoids,2814468992,9,7.01492e7,2.9127526,CosineDist,closemixed,500318.1153409999,328
cross_scenario,k_medoids,3044209910,9,5.60226e7,2.8431845,CosineDist,closemixed,119142.80877199999,124
cross_scenario,k_medoids,3261319673,9,7.9453e7,2.6439675,CosineDist,closemixed,748808.7401940001,525
cross_scenario,k_medoids,3543870990,9,8.25455e7,3.2523786,CosineDist,closemixed,828830.3554440002,574
cross_scenario,k_medoids,3602499071,9,9.13017e7,3.4691303,CosineDist,closemixed,1.0485188634639999e6,626
cross_scenario,k_medoids,3926221275,9,8.47386e7,3.2339376,CosineDist,closemixed,878309.0941519999,507
cross_scenario,k_medoids,42413356,9,7.96097e7,4.6982938,CosineDist,closemixed,750911.9605650001,510
cross_scenario,k_medoids,697383862,9,1.01038e8,3.0442551,CosineDist,closemixed,1.301872637913e6,837
cross_scenario,k_medoids,1355586937,11,7.65712e7,4.1045362,SqEuclidean,closemixed,669236.8011309999,423
cross_scenario,k_medoids,1768760743,11,7.54953e7,3.9582853,SqEuclidean,closemixed,638109.7979659999,447
cross_scenario,k_medoids,2652796558,11,9.15637e7,4.5962961,SqEuclidean,closemixed,1.053766570588e6,715
cross_scenario,k_medoids,3000698040,11,9.73886e7,3.9634424,SqEuclidean,closemixed,1.2083949823860002e6,738
cross_scenario,k_medoids,3160233726,11,7.85597e7,4.5187043,SqEuclidean,closemixed,724674.6514949999,462
cross_scenario,k_medoids,3479820580,11,8.58718e7,4.1660845,SqEuclidean,closemixed,912189.186635,515
cross_scenario,k_medoids,3649546841,11,9.96952e7,3.9065696,SqEuclidean,closemixed,1.2668893028049998e6,653
cross_scenario,k_medoids,4031091536,11,9.84905e7,4.1661924,SqEuclidean,closemixed,1.236145857176e6,745
cross_scenario,k_medoids,675182737,11,7.41184e7,3.8473561,SqEuclidean,closemixed,607590.1151330001,385
cross_scenario,k_medoids,722170199,11,7.68164e7,4.0666495,SqEuclidean,closemixed,680064.1610689999,478
cross_scenario,k_medoids,1020330993,13,6.15767e7,4.7005658,SqEuclidean,closemixed,274197.98123499996,237
cross_scenario,k_medoids,1241334511,13,6.86078e7,5.2585884,SqEuclidean,closemixed,461049.98807,342
cross_scenario,k_medoids,1561739573,13,8.61823e7,6.5029668,SqEuclidean,closemixed,920125.441882,549
cross_scenario,k_medoids,2082789969,13,7.79212e7,5.5677786,SqEuclidean,closemixed,704209.4273479999,448
cross_scenario,k_medoids,2422820678,13,9.75581e7,4.4849839,SqEuclidean,closemixed,1.2128868410959998e6,715
cross_scenario,k_medoids,373102896,13,6.47209e7,4.452198,SqEuclidean,closemixed,358295.984174,254
cross_scenario,k_medoids,3777256655,13,8.89413e7,5.6881975,SqEuclidean,closemixed,987550.9264290001,603
cross_scenario,k_medoids,4101453586,13,9.23343e7,4.9705063,SqEuclidean,closemixed,1.070126088488e6,689
cross_scenario,k_medoids,419645993,13,7.05593e7,5.1632646,SqEuclidean,closemixed,510915.0960099999,349
cross_scenario,k_medoids,772616242,13,7.79732e7,5.5581819,SqEuclidean,closemixed,707833.088059,502
cross_scenario,k_medoids,1536731824,15,6.94596e7,6.1763011,SqEuclidean,closemixed,472406.39602499997,352
cross_scenario,k_medoids,1944031661,15,7.87545e7,7.7633241,SqEuclidean,closemixed,720572.225118,444
cross_scenario,k_medoids,195370354,15,8.07519e7,7.1896259,SqEuclidean,closemixed,777295.053194,539
cross_scenario,k_medoids,2392820273,15,7.60289e7,7.5466309,SqEuclidean,closemixed,660465.052857,455
cross_scenario,k_medoids,2931326369,15,8.42753e7,6.5036313,SqEuclidean,closemixed,866585.8367170001,601
cross_scenario,k_medoids,3012361418,15,7.07264e7,5.5068696,SqEuclidean,closemixed,521041.67687500006,392
cross_scenario,k_medoids,3763622817,15,7.1942e7,8.3028028,SqEuclidean,closemixed,540857.6109409999,353
cross_scenario,k_medoids,3796973136,15,8.89991e7,7.4958507,SqEuclidean,closemixed,990238.4816989999,535
cross_scenario,k_medoids,3815196410,15,7.72927e7,6.7031784,SqEuclidean,closemixed,692072.156556,527
cross_scenario,k_medoids,604489562,15,8.49514e7,8.8866761,SqEuclidean,closemixed,883884.1980099998,611
cross_scenario,k_medoids,1587347134,17,6.99731e7,7.443662,SqEuclidean,closemixed,501605.72747200006,366
cross_scenario,k_medoids,186564236,17,7.08782e7,7.5099061,SqEuclidean,closemixed,510326.34822600003,301
cross_scenario,k_medoids,2166881926,17,6.53248e7,7.0001546,SqEuclidean,closemixed,378062.7892809999,296
cross_scenario,k_medoids,2186186592,17,8.03047e7,6.9337274,SqEuclidean,closemixed,769082.5698700001,513
cross_scenario,k_medoids,2238747886,17,5.4767e7,5.9221538,SqEuclidean,closemixed,88475.45476,83
cross_scenario,k_medoids,224585247,17,7.5608e7,8.210259,SqEuclidean,closemixed,643384.3487790001,409
cross_scenario,k_medoids,2339120676,17,8.75698e7,7.7985967,SqEuclidean,closemixed,949603.5664439998,639
cross_scenario,k_medoids,3093014142,17,8.09631e7,7.2143386,SqEuclidean,closemixed,772651.5278060001,594
cross_scenario,k_medoids,3258302586,17,5.71202e7,7.3655629,SqEuclidean,closemixed,153574.330887,136
cross_scenario,k_medoids,3629043986,17,6.51983e7,6.3405338,SqEuclidean,closemixed,364369.83596199995,214
cross_scenario,k_medoids,1088367163,19,6.70002e7,10.1908899,SqEuclidean,closemixed,408030.92842899996,343
cross_scenario,k_medoids,1245540782,19,7.78223e7,7.2702375,SqEuclidean,closemixed,706779.5426900001,454
cross_scenario,k_medoids,2410109332,19,7.90141e7,12.1525181,SqEuclidean,closemixed,729619.7703059999,451
cross_scenario,k_medoids,2455416769,19,9.66827e7,8.314832,SqEuclidean,closemixed,1.1872238552230003e6,686
cross_scenario,k_medoids,2591120440,19,7.45197e7,11.8256332,SqEuclidean,closemixed,615284.8681470001,462
cross_scenario,k_medoids,2650271871,19,6.70948e7,7.6861067,SqEuclidean,closemixed,423142.730708,316
cross_scenario,k_medoids,2789252227,19,7.01777e7,10.7226822,SqEuclidean,closemixed,502771.385709,371
cross_scenario,k_medoids,3130995382,19,6.62696e7,7.9031281,SqEuclidean,closemixed,403286.08989199996,282
cross_scenario,k_medoids,3357853995,19,5.67686e7,7.7221051,SqEuclidean,closemixed,134986.51810699998,145
cross_scenario,k_medoids,824849990,19,6.04565e7,9.4311766,SqEuclidean,closemixed,251872.578224,207
cross_scenario,k_medoids,1244389436,21,6.26501e7,11.5934934,SqEuclidean,closemixed,297012.8874940001,207
cross_scenario,k_medoids,1393653782,21,7.2598e7,13.7448078,SqEuclidean,closemixed,554832.048694,348
cross_scenario,k_medoids,1761682951,21,7.09702e7,9.854391,SqEuclidean,closemixed,526698.4439940001,431
cross_scenario,k_medoids,196162340,21,5.87685e7,12.9590507,SqEuclidean,closemixed,205879.375363,167
cross_scenario,k_medoids,1984034111,21,8.40243e7,14.8095791,SqEuclidean,closemixed,859493.0314490001,612
cross_scenario,k_medoids,2569047889,21,7.57661e7,11.3120275,SqEuclidean,closemixed,639837.824029,391
cross_scenario,k_medoids,3286463093,21,8.30029e7,13.1730292,SqEuclidean,closemixed,833772.5959940001,475
cross_scenario,k_medoids,4196464565,21,6.19277e7,10.2232875,SqEuclidean,closemixed,282554.31341599993,199
cross_scenario,k_medoids,744301781,21,7.87016e7,13.4149898,SqEuclidean,closemixed,710607.4344620002,471
cross_scenario,k_medoids,760014603,21,7.17543e7,12.8524043,SqEuclidean,closemixed,539105.6000670003,392
cross_scenario,k_medoids,2193967569,23,7.30106e7,14.2376279,SqEuclidean,closemixed,563277.0695309999,382
cross_scenario,k_medoids,2546464051,23,5.81924e7,10.6907837,SqEuclidean,closemixed,181264.289861,179
cross_scenario,k_medoids,2938742229,23,6.3671e7,9.6585642,SqEuclidean,closemixed,332438.76982100005,245
cross_scenario,k_medoids,313447314,23,7.41113e7,13.6001832,SqEuclidean,closemixed,601376.8958610002,380
cross_scenario,k_medoids,3164855826,23,6.15696e7,14.3963483,SqEuclidean,closemixed,281975.745275,246
cross_scenario,k_medoids,3173192974,23,9.05104e7,10.4900233,SqEuclidean,closemixed,1.025700310456e6,625
cross_scenario,k_medoids,3527549645,23,6.63256e7,15.3897627,SqEuclidean,closemixed,391539.2579309999,336
cross_scenario,k_medoids,3913193451,23,7.5337e7,13.7424011,SqEuclidean,closemixed,633681.08546,397
cross_scenario,k_medoids,714332685,23,7.52411e7,14.3590113,SqEuclidean,closemixed,622735.2443910001,411
cross_scenario,k_medoids,890890131,23,6.29079e7,11.7871777,SqEuclidean,closemixed,307294.916778,212
cross_scenario,k_medoids,1134130444,25,5.74988e7,12.0508309,SqEuclidean,closemixed,167054.21576700002,121
cross_scenario,k_medoids,2658990538,25,7.2513e7,13.2474673,SqEuclidean,closemixed,556570.4637010002,319
cross_scenario,k_medoids,2726541456,25,7.49901e7,12.9375817,SqEuclidean,closemixed,626781.1139949999,414
cross_scenario,k_medoids,2894918851,25,5.5725e7,11.0826674,SqEuclidean,closemixed,108116.565939,115
cross_scenario,k_medoids,3351175237,25,6.84808e7,13.0912875,SqEuclidean,closemixed,452140.65020300006,378
cross_scenario,k_medoids,343301208,25,5.90603e7,11.9990482,SqEuclidean,closemixed,212795.568457,167
cross_scenario,k_medoids,4135971217,25,6.26888e7,14.8884273,SqEuclidean,closemixed,310482.770426,260
cross_scenario,k_medoids,4145110716,25,6.10124e7,13.6555591,SqEuclidean,closemixed,260148.77643499998,201
cross_scenario,k_medoids,448376330,25,8.29364e7,16.4429447,SqEuclidean,closemixed,829802.7892,463
cross_scenario,k_medoids,47449323,25,5.71698e7,11.3609948,SqEuclidean,closemixed,155231.44182600002,123
cross_scenario,k_medoids,1161276258,27,7.29048e7,17.5576354,SqEuclidean,closemixed,574436.3757389999,393
cross_scenario,k_medoids,1233541653,27,6.72585e7,15.5593639,SqEuclidean,closemixed,415335.50519899995,327
cross_scenario,k_medoids,1267936167,27,5.91744e7,14.3082226,SqEuclidean,closemixed,205374.398409,157
cross_scenario,k_medoids,1653248667,27,5.44464e7,11.3611692,SqEuclidean,closemixed,79998.19415699999,80
cross_scenario,k_medoids,2437521778,27,6.19774e7,17.0246692,SqEuclidean,closemixed,270521.494427,179
cross_scenario,k_medoids,2524306086,27,5.70938e7,13.2169648,SqEuclidean,closemixed,147065.64986199996,101
cross_scenario,k_medoids,2606414571,27,7.28433e7,16.3728213,SqEuclidean,closemixed,569094.0746170001,405
cross_scenario,k_medoids,2821296471,27,6.35817e7,15.4538966,SqEuclidean,closemixed,315720.013179,197
cross_scenario,k_medoids,3155655383,27,5.42538e7,11.5916947,SqEuclidean,closemixed,70724.96653899999,84
cross_scenario,k_medoids,463779685,27,5.97471e7,13.5007976,SqEuclidean,closemixed,221769.714791,159
cross_scenario,k_medoids,1113698075,29,5.44736e7,12.1725689,SqEuclidean,closemixed,73210.21900800001,80
cross_scenario,k_medoids,1125327650,29,5.32473e7,13.5856139,SqEuclidean,closemixed,35398.313791,46
cross_scenario,k_medoids,1398119942,29,7.37308e7,16.6843905,SqEuclidean,closemixed,593512.2388540001,385
cross_scenario,k_medoids,1669407957,29,6.18523e7,15.3512507,SqEuclidean,closemixed,270505.15169,194
cross_scenario,k_medoids,1792506398,29,5.64005e7,14.770774,SqEuclidean,closemixed,138603.041757,108
cross_scenario,k_medoids,2439649745,29,6.68345e7,16.6007763,SqEuclidean,closemixed,399728.9958419999,256
cross_scenario,k_medoids,2730667678,29,6.4776e7,18.3175891,SqEuclidean,closemixed,350646.426132,278
cross_scenario,k_medoids,2843080965,29,5.86247e7,14.649619,SqEuclidean,closemixed,202932.84774100003,165
cross_scenario,k_medoids,3434031776,29,6.0268e7,15.8436699,SqEuclidean,closemixed,231411.70282499996,191
cross_scenario,k_medoids,950202798,29,6.14991e7,12.5997116,SqEuclidean,closemixed,269028.36569600005,200
cross_scenario,k_medoids,1042382051,3,2.2813e9,0.6030919,SqEuclidean,closemixed,5.711180729939e7,9449
cross_scenario,k_medoids,1617230705,3,9.60638e7,0.5985843,SqEuclidean,closemixed,1.1748237281489999e6,695
cross_scenario,k_medoids,1690918982,3,9.60638e7,0.5839698,SqEuclidean,closemixed,1.1748237281489999e6,695
cross_scenario,k_medoids,2011904635,3,9.63477e7,0.5975872,SqEuclidean,closemixed,1.1821504897169997e6,714
cross_scenario,k_medoids,208019063,3,9.61198e7,0.6319195,SqEuclidean,closemixed,1.176223838006e6,702
cross_scenario,k_medoids,2175589206,3,9.63811e7,0.8743818,SqEuclidean,closemixed,1.182984530568e6,722
cross_scenario,k_medoids,2331872192,3,2.28134e9,0.6455492,SqEuclidean,closemixed,5.7112877877369e7,9432
cross_scenario,k_medoids,2859914000,3,9.64978e7,0.6232651,SqEuclidean,closemixed,1.1859036119640002e6,672
cross_scenario,k_medoids,3409952330,3,9.64978e7,0.5866608,SqEuclidean,closemixed,1.1859036119640002e6,672
cross_scenario,k_medoids,488813374,3,2.2813e9,0.6305839,SqEuclidean,closemixed,5.711180729939e7,9449
cross_scenario,k_medoids,1349996306,31,5.7491e7,16.1566856,SqEuclidean,closemixed,167459.5165,111
cross_scenario,k_medoids,1462714024,31,5.40483e7,13.9162682,SqEuclidean,closemixed,63620.76665399999,60
cross_scenario,k_medoids,1579127763,31,6.18861e7,14.5470352,SqEuclidean,closemixed,277033.500901,169
cross_scenario,k_medoids,1648351254,31,6.24122e7,20.3171193,SqEuclidean,closemixed,292119.507626,218
cross_scenario,k_medoids,2030289235,31,5.73154e7,15.9344304,SqEuclidean,closemixed,160897.15756700002,142
cross_scenario,k_medoids,2462588561,31,5.32112e7,13.7232823,SqEuclidean,closemixed,34707.254145,45
cross_scenario,k_medoids,2929172095,31,5.89739e7,15.6688415,SqEuclidean,closemixed,206961.533429,164
cross_scenario,k_medoids,2944528308,31,5.62798e7,16.1562972,SqEuclidean,closemixed,131696.064056,108
cross_scenario,k_medoids,295145311,31,7.12257e7,20.1055419,SqEuclidean,closemixed,531635.4632170001,394
cross_scenario,k_medoids,3899371692,31,7.27684e7,19.9623798,SqEuclidean,closemixed,571224.095594,407
cross_scenario,k_medoids,1038419084,33,5.79495e7,24.1668275,SqEuclidean,closemixed,177523.192201,141
cross_scenario,k_medoids,1109759726,33,5.32307e7,14.9050695,SqEuclidean,closemixed,40169.98512499999,40
cross_scenario,k_medoids,1963882461,33,5.90707e7,19.2123826,SqEuclidean,closemixed,200527.84840599995,144
cross_scenario,k_medoids,1989163906,33,5.76256e7,19.4361931,SqEuclidean,closemixed,172737.56630999997,134
cross_scenario,k_medoids,2479233904,33,5.39438e7,14.2764544,SqEuclidean,closemixed,63719.291092,61
cross_scenario,k_medoids,2497612078,33,5.52918e7,16.3056343,SqEuclidean,closemixed,93956.94989,63
cross_scenario,k_medoids,3214090957,33,5.38542e7,13.9674903,SqEuclidean,closemixed,50754.209771999995,75
cross_scenario,k_medoids,3465092140,33,5.73241e7,17.6864255,SqEuclidean,closemixed,161998.771976,113
cross_scenario,k_medoids,4061834237,33,6.76821e7,20.2711725,SqEuclidean,closemixed,421665.9224500001,264
cross_scenario,k_medoids,52313467,33,5.54048e7,17.0366726,SqEuclidean,closemixed,105478.60199499999,106
cross_scenario,k_medoids,1208640119,35,5.75048e7,24.535389,SqEuclidean,closemixed,167761.037816,128
cross_scenario,k_medoids,1428058240,35,6.18583e7,20.0288992,SqEuclidean,closemixed,270200.145127,196
cross_scenario,k_medoids,15941194,35,5.87319e7,22.9330104,SqEuclidean,closemixed,194493.688971,114
cross_scenario,k_medoids,2213813141,35,6.43808e7,18.6677314,SqEuclidean,closemixed,334281.82763899997,236
cross_scenario,k_medoids,2291375163,35,5.36102e7,16.5587611,SqEuclidean,closemixed,51072.243127999995,54
cross_scenario,k_medoids,236500538,35,5.32559e7,16.5849745,SqEuclidean,closemixed,37068.776885,37
cross_scenario,k_medoids,252145784,35,5.47788e7,17.3485585,SqEuclidean,closemixed,90462.236651,87
cross_scenario,k_medoids,2544196106,35,5.4467e7,16.522469,SqEuclidean,closemixed,64263.672205999996,84
cross_scenario,k_medoids,2745802022,35,6.10144e7,20.7703225,SqEuclidean,closemixed,259129.393509,186
cross_scenario,k_medoids,3596893902,35,5.37911e7,16.8212044,SqEuclidean,closemixed,55311.767447,56
cross_scenario,k_medoids,1380354363,37,6.01522e7,21.9514241,SqEuclidean,closemixed,238289.029266,170
cross_scenario,k_medoids,3048518942,37,6.77603e7,30.9032465,SqEuclidean,closemixed,436471.6939139999,288
cross_scenario,k_medoids,3182806193,37,5.76983e7,22.4609563,SqEuclidean,closemixed,161270.94371100006,129
cross_scenario,k_medoids,3244629827,37,5.57945e7,25.3452952,SqEuclidean,closemixed,110421.23785999998,80
cross_scenario,k_medoids,3452769998,37,5.70704e7,22.585087,SqEuclidean,closemixed,152244.954379,114
cross_scenario,k_medoids,4262333788,37,6.01858e7,22.5595881,SqEuclidean,closemixed,229353.04464799995,165
cross_scenario,k_medoids,45994245,37,5.37639e7,19.2412264,SqEuclidean,closemixed,57257.23729,66
cross_scenario,k_medoids,67569244,37,5.74772e7,21.041929,SqEuclidean,closemixed,159114.430435,157
cross_scenario,k_medoids,814300562,37,5.81513e7,22.5877223,SqEuclidean,closemixed,178694.28671500002,140
cross_scenario,k_medoids,870981686,37,5.72049e7,28.4741503,SqEuclidean,closemixed,155947.98499700002,111
cross_scenario,k_medoids,1129760376,39,5.58167e7,20.0964744,SqEuclidean,closemixed,120030.57267000001,88
cross_scenario,k_medoids,148104383,39,5.72055e7,30.4504412,SqEuclidean,closemixed,152763.305361,148
cross_scenario,k_medoids,1655289285,39,5.38768e7,22.5882885,SqEuclidean,closemixed,61252.162387,52
cross_scenario,k_medoids,1845695973,39,5.3997e7,19.137551,SqEuclidean,closemixed,64910.56878499999,62
cross_scenario,k_medoids,2121257682,39,6.12811e7,20.2314635,SqEuclidean,closemixed,251470.933084,142
cross_scenario,k_medoids,2943233938,39,6.08729e7,21.6929767,SqEuclidean,closemixed,240353.71557999996,153
cross_scenario,k_medoids,3030918353,39,5.44561e7,19.3537561,SqEuclidean,closemixed,72337.37785,82
cross_scenario,k_medoids,3096268031,39,5.96144e7,25.3659866,SqEuclidean,closemixed,231252.56430900007,189
cross_scenario,k_medoids,3338611973,39,7.68248e7,31.6774668,SqEuclidean,closemixed,652116.199182,468
cross_scenario,k_medoids,662283236,39,7.67765e7,25.8247383,SqEuclidean,closemixed,661130.922973,388
cross_scenario,k_medoids,1005104349,41,5.39443e7,22.9007016,SqEuclidean,closemixed,54507.93576800001,62
cross_scenario,k_medoids,1534696584,41,5.5882e7,30.5119748,SqEuclidean,closemixed,123438.58694600001,100
cross_scenario,k_medoids,225016911,41,5.39046e7,20.6254603,SqEuclidean,closemixed,53478.906230000015,62
cross_scenario,k_medoids,2317592996,41,5.50736e7,28.060716,SqEuclidean,closemixed,85792.03868099999,68
cross_scenario,k_medoids,2716090479,41,5.54458e7,29.6675243,SqEuclidean,closemixed,108904.10960099999,76
cross_scenario,k_medoids,3258958499,41,5.6044e7,32.4095235,SqEuclidean,closemixed,120235.826821,114
cross_scenario,k_medoids,329433595,41,5.86282e7,20.8103474,SqEuclidean,closemixed,184640.335066,138
cross_scenario,k_medoids,3444774395,41,6.25267e7,32.1546084,SqEuclidean,closemixed,297857.18595899997,238
cross_scenario,k_medoids,438234340,41,5.65962e7,23.6680618,SqEuclidean,closemixed,131307.76075800002,95
cross_scenario,k_medoids,953901905,41,5.6228e7,26.0693844,SqEuclidean,closemixed,115594.17913199999,85
cross_scenario,k_medoids,1660595499,5,9.79082e7,1.1236954,SqEuclidean,closemixed,1.2218878165419996e6,760
cross_scenario,k_medoids,1714105051,5,9.86367e7,1.2618158,SqEuclidean,closemixed,1.2404988154890004e6,763
cross_scenario,k_medoids,2169593505,5,6.00154e7,1.2254856,SqEuclidean,closemixed,227319.702607,219
cross_scenario,k_medoids,2538991366,5,8.04523e7,1.3844155,SqEuclidean,closemixed,773986.292703,538
cross_scenario,k_medoids,2909674750,5,1.00109e8,1.5623105,SqEuclidean,closemixed,1.2757955935049998e6,696
cross_scenario,k_medoids,3018546641,5,9.38305e7,1.5212511,SqEuclidean,closemixed,1.117334260555e6,726
cross_scenario,k_medoids,3634057553,5,9.78431e7,1.219417,SqEuclidean,closemixed,1.2202605429069998e6,720
cross_scenario,k_medoids,4139823947,5,9.88202e7,1.2414042,SqEuclidean,closemixed,1.2453636758529998e6,681
cross_scenario,k_medoids,4197766176,5,9.81002e7,1.2309492,SqEuclidean,closemixed,1.226829485715e6,717
cross_scenario,k_medoids,5947179,5,9.20182e7,1.1738412,SqEuclidean,closemixed,1.065521533004e6,632
cross_scenario,k_medoids,1006581332,7,9.64915e7,2.0776907,SqEuclidean,closemixed,1.1856275885240003e6,730
cross_scenario,k_medoids,1176932870,7,8.34647e7,2.2318452,SqEuclidean,closemixed,848980.5506089999,494
cross_scenario,k_medoids,1821427372,7,8.90811e7,2.2874316,SqEuclidean,closemixed,990347.4039089999,597
cross_scenario,k_medoids,2689963385,7,9.47906e7,1.9123548,SqEuclidean,closemixed,1.1386330596330003e6,633
cross_scenario,k_medoids,2751971336,7,8.34522e7,2.0691012,SqEuclidean,closemixed,852172.848212,581
cross_scenario,k_medoids,3385142830,7,8.36037e7,1.8688245,SqEuclidean,closemixed,855677.9510300001,640
cross_scenario,k_medoids,3409620994,7,9.4919e7,1.8338072,SqEuclidean,closemixed,1.1410908841219996e6,671
cross_scenario,k_medoids,447101461,7,9.7419e7,2.0144047,SqEuclidean,closemixed,1.2092147901959997e6,717
cross_scenario,k_medoids,468006976,7,6.85754e7,1.858125,SqEuclidean,closemixed,460384.93558,311
cross_scenario,k_medoids,880982686,7,9.54174e7,1.9386012,SqEuclidean,closemixed,1.1581659227999998e6,696
cross_scenario,k_medoids,1130292821,9,7.1143e7,2.5526394,SqEuclidean,closemixed,531398.4666359999,446
cross_scenario,k_medoids,1392296365,9,9.39882e7,3.101573,SqEuclidean,closemixed,1.117051867597e6,661
cross_scenario,k_medoids,2814468992,9,9.25273e7,2.4628536,SqEuclidean,closemixed,1.0746910666109999e6,677
cross_scenario,k_medoids,3044209910,9,7.68852e7,3.183782,SqEuclidean,closemixed,680120.373179,465
cross_scenario,k_medoids,3261319673,9,8.4929e7,3.3692602,SqEuclidean,closemixed,887498.4812470002,519
cross_scenario,k_medoids,3543870990,9,8.20444e7,2.3881413,SqEuclidean,closemixed,815898.6349300001,561
cross_scenario,k_medoids,3602499071,9,8.84204e7,3.5712255,SqEuclidean,closemixed,977768.709143,553
cross_scenario,k_medoids,3926221275,9,9.86235e7,2.7881261,SqEuclidean,closemixed,1.2398610023860002e6,731
cross_scenario,k_medoids,42413356,9,6.88933e7,2.5094754,SqEuclidean,closemixed,472243.65611400007,364
cross_scenario,k_medoids,697383862,9,9.91734e7,2.7722181,SqEuclidean,closemixed,1.254416639196e6,756
cross_scenario,k_means,1355586937,11,8.51386e7,4.2303893,CosineDist,closemixed,890076.115366,546
cross_scenario,k_means,1768760743,11,9.47142e7,3.7215499,CosineDist,closemixed,1.1417013747509997e6,758
cross_scenario,k_means,2652796558,11,8.66563e7,4.3066699,CosineDist,closemixed,931039.7220350002,608
cross_scenario,k_means,3000698040,11,9.20329e7,4.2220065,CosineDist,closemixed,1.0684951902669999e6,724
cross_scenario,k_means,3160233726,11,7.52266e7,3.9606686,CosineDist,closemixed,635007.0340770001,414
cross_scenario,k_means,3479820580,11,8.08875e7,4.1875304,CosineDist,closemixed,778928.6022330002,422
cross_scenario,k_means,3649546841,11,9.4413e7,4.4321718,CosineDist,closemixed,1.1232616598669996e6,732
cross_scenario,k_means,4031091536,11,9.83751e7,3.878778,CosineDist,closemixed,1.2361170395159996e6,721
cross_scenario,k_means,675182737,11,7.71205e7,3.1964672,CosineDist,closemixed,683727.6537919999,416
cross_scenario,k_means,722170199,11,7.64166e7,3.2596828,CosineDist,closemixed,659302.6509250001,415
cross_scenario,k_means,1020330993,13,7.32062e7,4.2207455,CosineDist,closemixed,583545.9331189999,376
cross_scenario,k_means,1241334511,13,7.16247e7,4.5908821,CosineDist,closemixed,542996.155689,359
cross_scenario,k_means,1561739573,13,7.3382e7,4.2255913,CosineDist,closemixed,592228.931352,420
cross_scenario,k_means,2082789969,13,6.09669e7,3.879907,CosineDist,closemixed,261480.80721,199
cross_scenario,k_means,2422820678,13,8.04111e7,4.2027815,CosineDist,closemixed,772886.9708819999,481
cross_scenario,k_means,373102896,13,6.52871e7,4.8844575,CosineDist,closemixed,368207.5430410001,266
cross_scenario,k_means,3777256655,13,7.49994e7,4.7441678,CosineDist,closemixed,631728.0953159999,418
cross_scenario,k_means,4101453586,13,9.47168e7,6.1911351,CosineDist,closemixed,1.133944991204e6,708
cross_scenario,k_means,419645993,13,8.23026e7,4.7097434,CosineDist,closemixed,821236.24478,534
cross_scenario,k_means,772616242,13,7.04461e7,5.876634,CosineDist,closemixed,513702.47139699996,422
cross_scenario,k_means,1536731824,15,6.80079e7,6.801885,CosineDist,closemixed,446537.44009299995,370
cross_scenario,k_means,1944031661,15,8.69144e7,5.1237582,CosineDist,closemixed,938405.2498200001,619
cross_scenario,k_means,195370354,15,7.37373e7,4.8738323,CosineDist,closemixed,598794.0263900001,393
cross_scenario,k_means,2392820273,15,6.69059e7,4.8600807,CosineDist,closemixed,421068.89946000004,304
cross_scenario,k_means,2931326369,15,8.34253e7,4.780057,CosineDist,closemixed,844178.140128,504
cross_scenario,k_means,3012361418,15,6.83538e7,5.4882104,CosineDist,closemixed,458457.248457,319
cross_scenario,k_means,3763622817,15,8.20348e7,5.5998037,CosineDist,closemixed,805378.598132,533
cross_scenario,k_means,3796973136,15,7.61403e7,5.8323049,CosineDist,closemixed,650073.0820940001,387
cross_scenario,k_means,3815196410,15,7.0727e7,5.2183259,CosineDist,closemixed,518939.105012,340
cross_scenario,k_means,604489562,15,6.94062e7,5.6692236,CosineDist,closemixed,485403.23184699996,362
cross_scenario,k_means,1587347134,17,6.94874e7,7.0541438,CosineDist,closemixed,489554.46363300004,353
cross_scenario,k_means,186564236,17,6.71461e7,5.8424048,CosineDist,closemixed,421660.355204,291
cross_scenario,k_means,2166881926,17,6.60339e7,5.7172503,CosineDist,closemixed,399329.100575,285
cross_scenario,k_means,2186186592,17,6.81381e7,6.2261952,CosineDist,closemixed,445901.79361200007,310
cross_scenario,k_means,2238747886,17,7.2879e7,6.6839778,CosineDist,closemixed,574740.3315519998,400
cross_scenario,k_means,224585247,17,7.5692e7,9.3188953,CosineDist,closemixed,639543.3561070001,413
cross_scenario,k_means,2339120676,17,8.30114e7,7.3959619,CosineDist,closemixed,835856.4408509999,554
cross_scenario,k_means,3093014142,17,7.67412e7,7.7011544,CosineDist,closemixed,666167.200801,538
cross_scenario,k_means,3258302586,17,5.77973e7,7.835833,CosineDist,closemixed,172001.24998400002,141
cross_scenario,k_means,3629043986,17,6.4754e7,6.3551496,CosineDist,closemixed,360597.361752,252
cross_scenario,k_means,1088367163,19,6.98645e7,9.0686191,CosineDist,closemixed,496651.5380600001,342
cross_scenario,k_means,1245540782,19,7.72258e7,9.84236,CosineDist,closemixed,692345.4025140001,499
cross_scenario,k_means,2410109332,19,7.08247e7,7.9298344,CosineDist,closemixed,520929.286866,362
cross_scenario,k_means,2455416769,19,7.92232e7,10.71014,CosineDist,closemixed,731791.9975320002,440
cross_scenario,k_means,2591120440,19,7.08773e7,8.9965289,CosineDist,closemixed,523100.25775,410
cross_scenario,k_means,2650271871,19,6.56585e7,8.1465946,CosineDist,closemixed,387738.11551800004,307
cross_scenario,k_means,2789252227,19,8.3309e7,11.8632245,CosineDist,closemixed,843332.9056880001,568
cross_scenario,k_means,3130995382,19,6.53164e7,9.0072334,CosineDist,closemixed,369599.49479799997,235
cross_scenario,k_means,3357853995,19,7.80613e7,7.8469615,CosineDist,closemixed,701861.7615319999,464
cross_scenario,k_means,824849990,19,6.89191e7,8.9147634,CosineDist,closemixed,473925.713574,340
cross_scenario,k_means,1244389436,21,6.34319e7,9.9330124,CosineDist,closemixed,326845.41446,268
cross_scenario,k_means,1393653782,21,6.51765e7,10.3028162,CosineDist,closemixed,361201.20111600007,240
cross_scenario,k_means,1761682951,21,7.19081e7,12.7327121,CosineDist,closemixed,553712.6279189999,401
cross_scenario,k_means,196162340,21,5.92659e7,10.7119023,CosineDist,closemixed,218901.480714,161
cross_scenario,k_means,1984034111,21,7.66173e7,11.6044988,CosineDist,closemixed,667879.07153,474
cross_scenario,k_means,2569047889,21,7.81112e7,11.14189,CosineDist,closemixed,700875.955863,443
cross_scenario,k_means,3286463093,21,6.61421e7,11.0484603,CosineDist,closemixed,398761.356593,296
cross_scenario,k_means,4196464565,21,6.19604e7,11.1841826,CosineDist,closemixed,285113.728882,222
cross_scenario,k_means,744301781,21,7.23598e7,12.4184783,CosineDist,closemixed,553565.672074,381
cross_scenario,k_means,760014603,21,7.19792e7,9.4917572,CosineDist,closemixed,550865.446831,374
cross_scenario,k_means,2193967569,23,6.7361e7,9.7865276,CosineDist,closemixed,420066.443248,266
cross_scenario,k_means,2546464051,23,6.84191e7,9.364943,CosineDist,closemixed,450868.51496099995,308
cross_scenario,k_means,2938742229,23,6.13338e7,9.5546558,CosineDist,closemixed,269254.986713,180
cross_scenario,k_means,313447314,23,7.56689e7,12.8723797,CosineDist,closemixed,649332.23245,449
cross_scenario,k_means,3164855826,23,8.41317e7,14.2465692,CosineDist,closemixed,853104.6334,529
cross_scenario,k_means,3173192974,23,7.00863e7,10.6426648,CosineDist,closemixed,494504.776871,344
cross_scenario,k_means,3527549645,23,5.92451e7,10.4365019,CosineDist,closemixed,203884.59502100002,186
cross_scenario,k_means,3913193451,23,6.4792e7,13.3565667,CosineDist,closemixed,360201.114162,274
cross_scenario,k_means,714332685,23,8.49843e7,11.630325,CosineDist,closemixed,881250.4924789999,599
cross_scenario,k_means,890890131,23,7.37572e7,17.5393235,CosineDist,closemixed,593645.039216,423
cross_scenario,k_means,1134130444,25,5.7208e7,11.0352467,CosineDist,closemixed,162826.32828500003,145
cross_scenario,k_means,2658990538,25,6.33158e7,12.1356463,CosineDist,closemixed,322809.45989100006,231
cross_scenario,k_means,2726541456,25,6.83501e7,16.7653071,CosineDist,closemixed,451184.93269499997,355
cross_scenario,k_means,2894918851,25,5.98722e7,13.6053622,CosineDist,closemixed,227853.95339699998,179
cross_scenario,k_means,3351175237,25,6.24062e7,10.5194078,CosineDist,closemixed,293910.365874,194
cross_scenario,k_means,343301208,25,5.81769e7,9.3162969,CosineDist,closemixed,185352.56055499997,186
cross_scenario,k_means,4135971217,25,7.10832e7,13.2796145,CosineDist,closemixed,528084.7638410002,330
cross_scenario,k_means,4145110716,25,6.56567e7,13.3100899,CosineDist,closemixed,381125.494736,282
cross_scenario,k_means,448376330,25,7.68075e7,15.5067604,CosineDist,closemixed,668676.9860699999,458
cross_scenario,k_means,47449323,25,5.87794e7,10.3627721,CosineDist,closemixed,194916.83098099998,186
cross_scenario,k_means,1161276258,27,6.76244e7,14.4349899,CosineDist,closemixed,428399.33094700007,288
cross_scenario,k_means,1233541653,27,6.7512e7,13.283432,CosineDist,closemixed,427667.4001499999,252
cross_scenario,k_means,1267936167,27,6.9955e7,17.32215,CosineDist,closemixed,496757.3183919999,374
cross_scenario,k_means,1653248667,27,6.1244e7,16.981876,CosineDist,closemixed,271652.34536800004,214
cross_scenario,k_means,2437521778,27,6.64293e7,16.2866216,CosineDist,closemixed,399227.937246,298
cross_scenario,k_means,2524306086,27,5.89829e7,11.3618201,CosineDist,closemixed,207147.669383,159
cross_scenario,k_means,2606414571,27,6.32651e7,13.5392752,CosineDist,closemixed,315449.07979600003,218
cross_scenario,k_means,2821296471,27,6.29468e7,15.4609947,CosineDist,closemixed,308963.257949,196
cross_scenario,k_means,3155655383,27,6.15911e7,15.5136908,CosineDist,closemixed,275113.55748600006,200
cross_scenario,k_means,463779685,27,6.10969e7,15.6765214,CosineDist,closemixed,255716.56490200004,189
cross_scenario,k_means,1113698075,29,6.35409e7,15.0298959,CosineDist,closemixed,322170.9510849999,208
cross_scenario,k_means,1125327650,29,5.37394e7,12.9366097,CosineDist,closemixed,50249.66002500001,59
cross_scenario,k_means,1398119942,29,6.55413e7,15.2458959,CosineDist,closemixed,379382.394944,275
cross_scenario,k_means,1669407957,29,5.94642e7,15.3411361,CosineDist,closemixed,210770.22893700004,170
cross_scenario,k_means,1792506398,29,5.80854e7,18.0915552,CosineDist,closemixed,184653.111346,151
cross_scenario,k_means,2439649745,29,6.52447e7,22.7052674,CosineDist,closemixed,364441.23453699995,278
cross_scenario,k_means,2730667678,29,6.21254e7,17.6844466,CosineDist,closemixed,279818.16429199994,237
cross_scenario,k_means,2843080965,29,5.56456e7,15.1080294,CosineDist,closemixed,116938.28216300001,104
cross_scenario,k_means,3434031776,29,6.84794e7,15.2835005,CosineDist,closemixed,456489.209777,322
cross_scenario,k_means,950202798,29,5.97835e7,13.0699139,CosineDist,closemixed,222590.05183900002,147
cross_scenario,k_means,1042382051,3,9.97762e7,0.6119527,CosineDist,closemixed,1.2734147101760001e6,763
cross_scenario,k_means,1617230705,3,9.84469e7,0.5952396,CosineDist,closemixed,1.2393627287719997e6,734
cross_scenario,k_means,1690918982,3,9.84469e7,0.5962143,CosineDist,closemixed,1.2393627287719997e6,734
cross_scenario,k_means,2011904635,3,9.99225e7,0.644121,CosineDist,closemixed,1.277144878655e6,764
cross_scenario,k_means,208019063,3,9.84469e7,0.6059733,CosineDist,closemixed,1.2393627287719997e6,734
cross_scenario,k_means,2175589206,3,9.97762e7,0.6436889,CosineDist,closemixed,1.2734147101760001e6,763
cross_scenario,k_means,2331872192,3,1.19297e9,0.6013243,CosineDist,closemixed,2.9289313493270997e7,6646
cross_scenario,k_means,2859914000,3,9.96694e7,0.6765693,CosineDist,closemixed,1.27069568754e6,761
cross_scenario,k_means,3409952330,3,9.96694e7,0.7326207,CosineDist,closemixed,1.27069568754e6,761
cross_scenario,k_means,488813374,3,9.96694e7,0.7250772,CosineDist,closemixed,1.27069568754e6,761
cross_scenario,k_means,1349996306,31,5.46973e7,16.2607093,CosineDist,closemixed,83953.152267,71
cross_scenario,k_means,1462714024,31,6.44248e7,18.9249978,CosineDist,closemixed,342201.365584,239
cross_scenario,k_means,1579127763,31,6.13543e7,14.9986067,CosineDist,closemixed,259032.88104799998,148
cross_scenario,k_means,1648351254,31,6.04409e7,16.5739163,CosineDist,closemixed,242275.514825,189
cross_scenario,k_means,2030289235,31,5.59075e7,13.8562615,CosineDist,closemixed,118295.61892800003,121
cross_scenario,k_means,2462588561,31,6.89337e7,16.1334399,CosineDist,closemixed,452225.58833100006,363
cross_scenario,k_means,2929172095,31,5.98802e7,16.0662627,CosineDist,closemixed,224642.419762,195
cross_scenario,k_means,2944528308,31,5.6245e7,16.5149569,CosineDist,closemixed,124372.98717300002,103
cross_scenario,k_means,295145311,31,7.85168e7,18.1403653,CosineDist,closemixed,708249.9741719998,472
cross_scenario,k_means,3899371692,31,6.73274e7,18.3083482,CosineDist,closemixed,424806.7710189999,301
cross_scenario,k_means,1038419084,33,5.85098e7,19.2581337,CosineDist,closemixed,192037.45031300007,160
cross_scenario,k_means,1109759726,33,5.49122e7,15.9472505,CosineDist,closemixed,90472.601705,73
cross_scenario,k_means,1963882461,33,7.93164e7,23.5982268,CosineDist,closemixed,719506.7464540001,436
cross_scenario,k_means,1989163906,33,6.72427e7,21.1532747,CosineDist,closemixed,422628.4272309999,288
cross_scenario,k_means,2479233904,33,5.56049e7,21.6387932,CosineDist,closemixed,114331.71637399998,103
cross_scenario,k_means,2497612078,33,5.574e7,15.3377219,CosineDist,closemixed,112146.551742,79
cross_scenario,k_means,3214090957,33,6.01579e7,17.5518893,CosineDist,closemixed,239672.368745,207
cross_scenario,k_means,3465092140,33,5.73816e7,25.7253211,CosineDist,closemixed,160464.75222599998,121
cross_scenario,k_means,4061834237,33,6.71276e7,17.9895053,CosineDist,closemixed,413287.35850299994,335
cross_scenario,k_means,52313467,33,6.24561e7,20.850913,CosineDist,closemixed,303909.827306,248
cross_scenario,k_means,1208640119,35,5.6947e7,20.7722787,CosineDist,closemixed,142392.71707299998,120
cross_scenario,k_means,1428058240,35,5.97163e7,20.5657652,CosineDist,closemixed,228733.703398,176
cross_scenario,k_means,15941194,35,5.82005e7,15.839818,CosineDist,closemixed,177161.103421,134
cross_scenario,k_means,2213813141,35,6.46486e7,22.347541,CosineDist,closemixed,344334.04682200006,243
cross_scenario,k_means,2291375163,35,5.89e7,19.8987911,CosineDist,closemixed,203445.98718899998,166
cross_scenario,k_means,236500538,35,5.68095e7,19.056723,CosineDist,closemixed,145161.851717,102
cross_scenario,k_means,252145784,35,5.89684e7,21.5435733,CosineDist,closemixed,206065.56749,165
cross_scenario,k_means,2544196106,35,6.6765e7,20.4348966,CosineDist,closemixed,398037.773678,253
cross_scenario,k_means,2745802022,35,6.03974e7,18.2067285,CosineDist,closemixed,241957.51348499997,192
cross_scenario,k_means,3596893902,35,5.58211e7,17.3670713,CosineDist,closemixed,119025.72928700002,103
cross_scenario,k_means,1380354363,37,5.58757e7,17.1765886,CosineDist,closemixed,121972.481059,100
cross_scenario,k_means,3048518942,37,6.79884e7,30.1810274,CosineDist,closemixed,440035.427942,311
cross_scenario,k_means,3182806193,37,5.75409e7,23.4807239,CosineDist,closemixed,165296.476444,137
cross_scenario,k_means,3244629827,37,6.20401e7,29.3215601,CosineDist,closemixed,289776.994503,258
cross_scenario,k_means,3452769998,37,5.80142e7,22.2542342,CosineDist,closemixed,182908.951909,128
cross_scenario,k_means,4262333788,37,5.96269e7,20.7495844,CosineDist,closemixed,215336.18521300002,175
cross_scenario,k_means,45994245,37,5.42226e7,19.0846342,CosineDist,closemixed,70287.967244,75
cross_scenario,k_means,67569244,37,6.59356e7,26.593683,CosineDist,closemixed,395041.391744,295
cross_scenario,k_means,814300562,37,5.70435e7,17.4155545,CosineDist,closemixed,149084.69505800004,123
cross_scenario,k_means,870981686,37,5.38503e7,17.8481748,CosineDist,closemixed,62608.80479700001,57
cross_scenario,k_means,1129760376,39,5.88414e7,27.6806014,CosineDist,closemixed,203878.578319,174
cross_scenario,k_means,148104383,39,6.57956e7,21.2966527,CosineDist,closemixed,377126.13934700005,250
cross_scenario,k_means,1655289285,39,5.74758e7,23.6245308,CosineDist,closemixed,159750.866462,120
cross_scenario,k_means,1845695973,39,5.35045e7,22.2959232,CosineDist,closemixed,46162.574593,49
cross_scenario,k_means,2121257682,39,6.23845e7,21.3546204,CosineDist,closemixed,286135.6997490001,188
cross_scenario,k_means,2943233938,39,6.15927e7,27.5232131,CosineDist,closemixed,265801.095546,186
cross_scenario,k_means,3030918353,39,5.97142e7,26.7789014,CosineDist,closemixed,219329.42676400003,174
cross_scenario,k_means,3096268031,39,5.90035e7,20.0558742,CosineDist,closemixed,203335.65924900005,140
cross_scenario,k_means,3338611973,39,6.84622e7,29.9849018,CosineDist,closemixed,443193.600253,343
cross_scenario,k_means,662283236,39,7.66167e7,27.3949301,CosineDist,closemixed,655258.812507,402
cross_scenario,k_means,1005104349,41,6.41474e7,31.8898781,CosineDist,closemixed,333200.77867900004,236
cross_scenario,k_means,1534696584,41,5.70912e7,24.4937785,CosineDist,closemixed,152321.698073,118
cross_scenario,k_means,225016911,41,5.41943e7,20.4310571,CosineDist,closemixed,60806.832431,71
cross_scenario,k_means,2317592996,41,5.74521e7,25.0441171,CosineDist,closemixed,157915.113377,122
cross_scenario,k_means,2716090479,41,5.56076e7,23.1387862,CosineDist,closemixed,113167.74604,78
cross_scenario,k_means,3258958499,41,5.77842e7,26.1735054,CosineDist,closemixed,162039.60216200002,140
cross_scenario,k_means,329433595,41,5.79089e7,24.2348472,CosineDist,closemixed,169200.952662,132
cross_scenario,k_means,3444774395,41,5.8661e7,29.2998734,CosineDist,closemixed,193470.76075,173
cross_scenario,k_means,438234340,41,5.88636e7,21.0797945,CosineDist,closemixed,206032.30463199998,163
cross_scenario,k_means,953901905,41,5.62589e7,29.7307578,CosineDist,closemixed,125762.148396,99
cross_scenario,k_means,1660595499,5,1.00066e8,1.4731836,CosineDist,closemixed,1.280496100327e6,778
cross_scenario,k_means,1714105051,5,1.01014e8,1.6096042,CosineDist,closemixed,1.304884690732e6,760
cross_scenario,k_means,2169593505,5,8.13054e7,1.4603352,CosineDist,closemixed,795078.617439,496
cross_scenario,k_means,2538991366,5,9.28777e7,1.4672821,CosineDist,closemixed,1.096461736624e6,750
cross_scenario,k_means,2909674750,5,9.86478e7,1.3363841,CosineDist,closemixed,1.2431855596209997e6,711
cross_scenario,k_means,3018546641,5,8.96774e7,1.9247447,CosineDist,closemixed,1.0110008487169999e6,690
cross_scenario,k_means,3634057553,5,9.96495e7,1.383067,CosineDist,closemixed,1.2698461911300004e6,744
cross_scenario,k_means,4139823947,5,9.84368e7,1.5445222,CosineDist,closemixed,1.2371859704260002e6,753
cross_scenario,k_means,4197766176,5,9.89366e7,1.7560527,CosineDist,closemixed,1.251691042502e6,701
cross_scenario,k_means,5947179,5,9.82241e7,1.3679562,CosineDist,closemixed,1.2319197260670003e6,704
cross_scenario,k_means,1006581332,7,9.56769e7,1.9251726,CosineDist,closemixed,1.167043263173e6,715
cross_scenario,k_means,1176932870,7,8.50662e7,1.9135999,CosineDist,closemixed,891070.5625039998,516
cross_scenario,k_means,1821427372,7,9.14103e7,1.9962566,CosineDist,closemixed,1.0565455279509998e6,718
cross_scenario,k_means,2689963385,7,9.81809e7,2.0387769,CosineDist,closemixed,1.2291147581699998e6,722
cross_scenario,k_means,2751971336,7,8.76932e7,1.9390797,CosineDist,closemixed,958752.0531910004,625
cross_scenario,k_means,3385142830,7,7.98075e7,2.5769219,CosineDist,closemixed,760052.054705,563
cross_scenario,k_means,3409620994,7,9.94425e7,2.1844471,CosineDist,closemixed,1.264590501795e6,748
cross_scenario,k_means,447101461,7,1.00033e8,2.1128987,CosineDist,closemixed,1.2785424767439996e6,730
cross_scenario,k_means,468006976,7,8.13195e7,1.9537759,CosineDist,closemixed,796746.2730769998,503
cross_scenario,k_means,880982686,7,8.24658e7,1.9701561,CosineDist,closemixed,820586.8392430001,529
cross_scenario,k_means,1130292821,9,6.56872e7,2.9882391,CosineDist,closemixed,376510.26221300004,238
cross_scenario,k_means,1392296365,9,9.279e7,3.45694,CosineDist,closemixed,1.0890725808439995e6,716
cross_scenario,k_means,2814468992,9,9.51037e7,2.8883853,CosineDist,closemixed,1.1504042866800001e6,665
cross_scenario,k_means,3044209910,9,7.17711e7,2.8023465,CosineDist,closemixed,546975.7838999999,336
cross_scenario,k_means,3261319673,9,7.36889e7,2.9990038,CosineDist,closemixed,599386.900305,393
cross_scenario,k_means,3543870990,9,8.64552e7,3.1768525,CosineDist,closemixed,930581.2599589998,652
cross_scenario,k_means,3602499071,9,7.73969e7,3.2654605,CosineDist,closemixed,685931.7499950001,440
cross_scenario,k_means,3926221275,9,9.69282e7,3.1792843,CosineDist,closemixed,1.1894330854460003e6,687
cross_scenario,k_means,42413356,9,6.75899e7,2.833626,CosineDist,closemixed,440057.2183159999,302
cross_scenario,k_means,697383862,9,9.33242e7,2.5305027,CosineDist,closemixed,1.1064681497389995e6,688
cross_scenario,k_means,1355586937,11,8.53452e7,4.7249699,SqEuclidean,closemixed,895587.284922,542
cross_scenario,k_means,1768760743,11,9.38588e7,3.7467662,SqEuclidean,closemixed,1.119145841588e6,717
cross_scenario,k_means,2652796558,11,8.86108e7,3.9851989,SqEuclidean,closemixed,981038.659873,619
cross_scenario,k_means,3000698040,11,9.59383e7,4.187569,SqEuclidean,closemixed,1.168483035064e6,730
cross_scenario,k_means,3160233726,11,7.27204e7,3.2667343,SqEuclidean,closemixed,569687.8994499999,366
cross_scenario,k_means,3479820580,11,8.15556e7,4.0420456,SqEuclidean,closemixed,794284.489976,432
cross_scenario,k_means,3649546841,11,9.64457e7,4.5363399,SqEuclidean,closemixed,1.180405735781e6,717
cross_scenario,k_means,4031091536,11,9.93437e7,3.9301185,SqEuclidean,closemixed,1.2592047340720005e6,731
cross_scenario,k_means,675182737,11,7.74066e7,3.247535,SqEuclidean,closemixed,692257.213355,451
cross_scenario,k_means,722170199,11,7.6169e7,3.4708257,SqEuclidean,closemixed,660189.7181879999,430
cross_scenario,k_means,1020330993,13,7.39779e7,4.4994599,SqEuclidean,closemixed,603110.728428,396
cross_scenario,k_means,1241334511,13,6.98358e7,4.0923728,SqEuclidean,closemixed,495775.50563900004,330
cross_scenario,k_means,1561739573,13,7.60808e7,4.2607143,SqEuclidean,closemixed,661569.3404539999,451
cross_scenario,k_means,2082789969,13,6.45043e7,4.0729073,SqEuclidean,closemixed,353006.21931700007,246
cross_scenario,k_means,2422820678,13,7.89838e7,4.1532478,SqEuclidean,closemixed,734134.2822420001,466
cross_scenario,k_means,373102896,13,6.29044e7,4.9057555,SqEuclidean,closemixed,303967.8287189999,233
cross_scenario,k_means,3777256655,13,7.87768e7,4.50998,SqEuclidean,closemixed,724755.9158280002,462
cross_scenario,k_means,4101453586,13,9.23115e7,5.9665894,SqEuclidean,closemixed,1.072253295972e6,693
cross_scenario,k_means,419645993,13,8.02966e7,4.4657732,SqEuclidean,closemixed,768173.0833680001,511
cross_scenario,k_means,772616242,13,7.01578e7,6.3290838,SqEuclidean,closemixed,505325.45717099996,429
cross_scenario,k_means,1536731824,15,6.63332e7,5.6520268,SqEuclidean,closemixed,402608.2219229999,301
cross_scenario,k_means,1944031661,15,8.63496e7,5.713554,SqEuclidean,closemixed,922644.3213749998,576
cross_scenario,k_means,195370354,15,7.29383e7,4.8785253,SqEuclidean,closemixed,578094.3580870001,375
cross_scenario,k_means,2392820273,15,7.09352e7,4.812412,SqEuclidean,closemixed,525078.5898679999,348
cross_scenario,k_means,2931326369,15,8.23039e7,5.7539686,SqEuclidean,closemixed,815008.1734569999,485
cross_scenario,k_means,3012361418,15,6.89084e7,5.2374532,SqEuclidean,closemixed,472697.02640900004,321
cross_scenario,k_means,3763622817,15,8.50209e7,4.999341,SqEuclidean,closemixed,886174.6363779999,532
cross_scenario,k_means,3796973136,15,8.17614e7,6.4761333,SqEuclidean,closemixed,793382.9223159996,433
cross_scenario,k_means,3815196410,15,7.05004e7,4.9359607,SqEuclidean,closemixed,512195.26862399996,350
cross_scenario,k_means,604489562,15,7.33494e7,5.3866294,SqEuclidean,closemixed,587923.3671749999,383
cross_scenario,k_means,1587347134,17,6.83943e7,7.4006745,SqEuclidean,closemixed,457614.79414199997,323
cross_scenario,k_means,186564236,17,6.95034e7,5.8888047,SqEuclidean,closemixed,487521.4274719999,350
cross_scenario,k_means,2166881926,17,6.69959e7,6.7966939,SqEuclidean,closemixed,424385.529221,298
cross_scenario,k_means,2186186592,17,7.09931e7,6.2122844,SqEuclidean,closemixed,526588.103605,345
cross_scenario,k_means,2238747886,17,6.04116e7,6.8194051,SqEuclidean,closemixed,248689.337894,213
cross_scenario,k_means,224585247,17,7.57507e7,9.5166009,SqEuclidean,closemixed,641238.908701,437
cross_scenario,k_means,2339120676,17,8.30172e7,7.6774834,SqEuclidean,closemixed,837290.820734,529
cross_scenario,k_means,3093014142,17,7.17938e7,7.2824961,SqEuclidean,closemixed,535258.0444779999,404
cross_scenario,k_means,3258302586,17,5.77292e7,8.3105936,SqEuclidean,closemixed,170327.64290700003,133
cross_scenario,k_means,3629043986,17,6.48872e7,6.6307802,SqEuclidean,closemixed,364139.322908,248
cross_scenario,k_means,1088367163,19,7.04882e7,7.5489259,SqEuclidean,closemixed,512907.27194700006,408
cross_scenario,k_means,1245540782,19,7.74283e7,9.0804448,SqEuclidean,closemixed,697443.845075,505
cross_scenario,k_means,2410109332,19,7.02722e7,8.5025833,SqEuclidean,closemixed,506504.850055,359
cross_scenario,k_means,2455416769,19,8.36754e7,8.6193779,SqEuclidean,closemixed,847655.1395530001,500
cross_scenario,k_means,2591120440,19,6.56349e7,8.9907732,SqEuclidean,closemixed,387250.06863100006,303
cross_scenario,k_means,2650271871,19,6.49875e7,8.2893611,SqEuclidean,closemixed,370022.219531,283
cross_scenario,k_means,2789252227,19,8.41425e7,10.147624,SqEuclidean,closemixed,863901.1967950001,566
cross_scenario,k_means,3130995382,19,6.76026e7,8.1035681,SqEuclidean,closemixed,428741.780135,257
cross_scenario,k_means,3357853995,19,7.27192e7,7.1571393,SqEuclidean,closemixed,567260.039311,384
cross_scenario,k_means,824849990,19,6.72262e7,8.1456647,SqEuclidean,closemixed,422532.713871,301
cross_scenario,k_means,1244389436,21,6.29072e7,10.5475021,SqEuclidean,closemixed,312085.34718299995,266
cross_scenario,k_means,1393653782,21,6.37436e7,8.8684989,SqEuclidean,closemixed,325446.56181700004,227
cross_scenario,k_means,1761682951,21,7.14195e7,11.3394375,SqEuclidean,closemixed,541560.928157,402
cross_scenario,k_means,196162340,21,5.92525e7,9.7887249,SqEuclidean,closemixed,219044.005133,155
cross_scenario,k_means,1984034111,21,7.65665e7,12.0456588,SqEuclidean,closemixed,667049.357966,488
cross_scenario,k_means,2569047889,21,6.72175e7,11.0594599,SqEuclidean,closemixed,418521.37227999995,318
cross_scenario,k_means,3286463093,21,6.96153e7,11.5101942,SqEuclidean,closemixed,488524.43899,341
cross_scenario,k_means,4196464565,21,6.20303e7,10.5087169,SqEuclidean,closemixed,287004.882955,224
cross_scenario,k_means,744301781,21,7.23361e7,11.4905845,SqEuclidean,closemixed,550656.625087,418
cross_scenario,k_means,760014603,21,7.48455e7,8.244195,SqEuclidean,closemixed,622417.2469120001,400
cross_scenario,k_means,2193967569,23,7.03077e7,9.7825929,SqEuclidean,closemixed,503675.70135399996,316
cross_scenario,k_means,2546464051,23,6.7727e7,9.6384562,SqEuclidean,closemixed,432355.39606999996,288
cross_scenario,k_means,2938742229,23,6.18966e7,9.2816792,SqEuclidean,closemixed,284862.8132,205
cross_scenario,k_means,313447314,23,7.07673e7,11.4544825,SqEuclidean,closemixed,511712.633381,366
cross_scenario,k_means,3164855826,23,8.29389e7,15.0468318,SqEuclidean,closemixed,822589.696921,555
cross_scenario,k_means,3173192974,23,7.06762e7,10.3411531,SqEuclidean,closemixed,509587.24232600007,359
cross_scenario,k_means,3527549645,23,6.16982e7,9.6203256,SqEuclidean,closemixed,267718.37071399996,219
cross_scenario,k_means,3913193451,23,6.51896e7,12.7445457,SqEuclidean,closemixed,368288.24236100004,295
cross_scenario,k_means,714332685,23,8.51811e7,11.7770643,SqEuclidean,closemixed,886150.087165,588
cross_scenario,k_means,890890131,23,7.37326e7,17.6800923,SqEuclidean,closemixed,593022.5270779999,442
cross_scenario,k_means,1134130444,25,5.8227e7,11.5399562,SqEuclidean,closemixed,191210.78558300002,165
cross_scenario,k_means,2658990538,25,6.48717e7,12.2538197,SqEuclidean,closemixed,363130.327188,256
cross_scenario,k_means,2726541456,25,6.56173e7,12.9809753,SqEuclidean,closemixed,384085.767643,277
cross_scenario,k_means,2894918851,25,6.45879e7,15.0064181,SqEuclidean,closemixed,350181.515276,258
cross_scenario,k_means,3351175237,25,6.28951e7,10.8245907,SqEuclidean,closemixed,307771.584152,217
cross_scenario,k_means,343301208,25,5.94154e7,10.0601379,SqEuclidean,closemixed,221085.03703000004,219
cross_scenario,k_means,4135971217,25,7.135e7,16.4776805,SqEuclidean,closemixed,537542.4922369999,395
cross_scenario,k_means,4145110716,25,6.07248e7,11.3211221,SqEuclidean,closemixed,252889.50670399997,188
cross_scenario,k_means,448376330,25,7.51517e7,14.3952106,SqEuclidean,closemixed,626277.361559,438
cross_scenario,k_means,47449323,25,5.88587e7,11.4118768,SqEuclidean,closemixed,196935.44873100004,188
cross_scenario,k_means,1161276258,27,6.7916e7,13.261347,SqEuclidean,closemixed,441705.566176,282
cross_scenario,k_means,1233541653,27,6.71063e7,13.7504394,SqEuclidean,closemixed,417520.246338,267
cross_scenario,k_means,1267936167,27,6.58038e7,15.0012698,SqEuclidean,closemixed,386862.5553790001,319
cross_scenario,k_means,1653248667,27,6.2374e7,17.9858039,SqEuclidean,closemixed,302149.968074,226
cross_scenario,k_means,2437521778,27,6.45196e7,20.2588425,SqEuclidean,closemixed,351446.553407,297
cross_scenario,k_means,2524306086,27,5.72589e7,14.870193,SqEuclidean,closemixed,157728.59884100003,120
cross_scenario,k_means,2606414571,27,6.12799e7,13.8179309,SqEuclidean,closemixed,262330.30179799994,205
cross_scenario,k_means,2821296471,27,6.28018e7,14.8330444,SqEuclidean,closemixed,303419.83602399996,188
cross_scenario,k_means,3155655383,27,5.86238e7,13.1538019,SqEuclidean,closemixed,198463.20491800003,165
cross_scenario,k_means,463779685,27,6.12799e7,19.3682291,SqEuclidean,closemixed,260965.60000799995,189
cross_scenario,k_means,1113698075,29,6.22796e7,12.4968144,SqEuclidean,closemixed,287675.195503,179
cross_scenario,k_means,1125327650,29,5.46057e7,12.6166612,SqEuclidean,closemixed,82002.09489500002,85
cross_scenario,k_means,1398119942,29,6.617e7,15.4348882,SqEuclidean,closemixed,391951.408047,272
cross_scenario,k_means,1669407957,29,6.09639e7,17.1058189,SqEuclidean,closemixed,251536.290018,196
cross_scenario,k_means,1792506398,29,5.64147e7,15.3777246,SqEuclidean,closemixed,139310.41483299996,100
cross_scenario,k_means,2439649745,29,6.74122e7,15.9084286,SqEuclidean,closemixed,425423.86677700013,313
cross_scenario,k_means,2730667678,29,6.17447e7,16.1277875,SqEuclidean,closemixed,268801.574093,226
cross_scenario,k_means,2843080965,29,5.56867e7,17.2855681,SqEuclidean,closemixed,118030.769295,100
cross_scenario,k_means,3434031776,29,7.00303e7,16.6172198,SqEuclidean,closemixed,497683.55816,355
cross_scenario,k_means,950202798,29,6.1282e7,11.9680984,SqEuclidean,closemixed,267177.8102049999,204
cross_scenario,k_means,1042382051,3,1.19448e9,0.5912417,SqEuclidean,closemixed,2.9328448448914e7,6751
cross_scenario,k_means,1617230705,3,9.84469e7,0.578383,SqEuclidean,closemixed,1.2393627287719997e6,734
cross_scenario,k_means,1690918982,3,9.84469e7,0.6074214,SqEuclidean,closemixed,1.2393627287719997e6,734
cross_scenario,k_means,2011904635,3,9.99225e7,0.877206,SqEuclidean,closemixed,1.277144878655e6,764
cross_scenario,k_means,208019063,3,9.84469e7,0.6045078,SqEuclidean,closemixed,1.2393627287719997e6,734
cross_scenario,k_means,2175589206,3,9.97762e7,0.9616864,SqEuclidean,closemixed,1.2734147101760001e6,763
cross_scenario,k_means,2331872192,3,1.19934e9,0.6397941,SqEuclidean,closemixed,2.9452019780332e7,6805
cross_scenario,k_means,2859914000,3,9.96694e7,0.5915332,SqEuclidean,closemixed,1.27069568754e6,761
cross_scenario,k_means,3409952330,3,9.96694e7,0.596745,SqEuclidean,closemixed,1.27069568754e6,761
cross_scenario,k_means,488813374,3,1.20871e9,0.5888676,SqEuclidean,closemixed,2.9691232267386e7,6775
cross_scenario,k_means,1349996306,31,5.44235e7,16.6520722,SqEuclidean,closemixed,76920.91862999999,72
cross_scenario,k_means,1462714024,31,6.52209e7,16.9293182,SqEuclidean,closemixed,359658.468938,242
cross_scenario,k_means,1579127763,31,6.13411e7,13.1625501,SqEuclidean,closemixed,262463.1043270001,171
cross_scenario,k_means,1648351254,31,6.10359e7,15.0845996,SqEuclidean,closemixed,261121.055509,204
cross_scenario,k_means,2030289235,31,5.91095e7,20.3818926,SqEuclidean,closemixed,205860.165886,166
cross_scenario,k_means,2462588561,31,6.07049e7,17.1994815,SqEuclidean,closemixed,239966.60434200004,195
cross_scenario,k_means,2929172095,31,6.4541e7,17.1337485,SqEuclidean,closemixed,344610.8833700001,269
cross_scenario,k_means,2944528308,31,5.60039e7,16.40045,SqEuclidean,closemixed,118169.836703,97
cross_scenario,k_means,295145311,31,8.33704e7,21.475705,SqEuclidean,closemixed,835376.167781,504
cross_scenario,k_means,3899371692,31,6.39924e7,17.1195184,SqEuclidean,closemixed,335742.562652,268
cross_scenario,k_means,1038419084,33,5.83792e7,19.4605267,SqEuclidean,closemixed,188680.97625199996,157
cross_scenario,k_means,1109759726,33,5.43238e7,19.9549575,SqEuclidean,closemixed,74011.978826,69
cross_scenario,k_means,1963882461,33,7.922e7,19.0381357,SqEuclidean,closemixed,712256.554552,451
cross_scenario,k_means,1989163906,33,5.60511e7,15.6103906,SqEuclidean,closemixed,125785.76051999998,107
cross_scenario,k_means,2479233904,33,5.80329e7,17.8506896,SqEuclidean,closemixed,179674.791012,149
cross_scenario,k_means,2497612078,33,5.53311e7,15.4650388,SqEuclidean,closemixed,102415.277917,74
cross_scenario,k_means,3214090957,33,6.02474e7,16.0326076,SqEuclidean,closemixed,241964.86683900002,206
cross_scenario,k_means,3465092140,33,5.73502e7,24.2399281,SqEuclidean,closemixed,159665.52465500004,122
cross_scenario,k_means,4061834237,33,6.76027e7,21.0079895,SqEuclidean,closemixed,425623.606465,338
cross_scenario,k_means,52313467,33,6.21305e7,23.1726828,SqEuclidean,closemixed,295569.6716550001,236
cross_scenario,k_means,1208640119,35,5.90815e7,19.8321029,SqEuclidean,closemixed,213518.195115,169
cross_scenario,k_means,1428058240,35,5.99804e7,20.7523555,SqEuclidean,closemixed,233115.30940699996,183
cross_scenario,k_means,15941194,35,5.80297e7,17.2371311,SqEuclidean,closemixed,172860.855349,135
cross_scenario,k_means,2213813141,35,6.49481e7,28.803216,SqEuclidean,closemixed,351990.411616,260
cross_scenario,k_means,2291375163,35,5.87781e7,18.7689539,SqEuclidean,closemixed,199155.808113,160
cross_scenario,k_means,236500538,35,5.50849e7,15.7506578,SqEuclidean,closemixed,97764.569312,84
cross_scenario,k_means,252145784,35,5.76884e7,16.5512395,SqEuclidean,closemixed,171608.95259099998,139
cross_scenario,k_means,2544196106,35,6.60008e7,20.2436246,SqEuclidean,closemixed,378657.619735,234
cross_scenario,k_means,2745802022,35,5.99481e7,23.0052787,SqEuclidean,closemixed,227733.495844,202
cross_scenario,k_means,3596893902,35,5.62056e7,21.1501636,SqEuclidean,closemixed,132472.94770100003,104
cross_scenario,k_means,1380354363,37,5.76157e7,17.4240718,SqEuclidean,closemixed,171311.800186,129
cross_scenario,k_means,3048518942,37,6.7894e7,30.9473737,SqEuclidean,closemixed,436394.29507100006,298
cross_scenario,k_means,3182806193,37,6.00798e7,22.7084205,SqEuclidean,closemixed,231413.50919500002,177
cross_scenario,k_means,3244629827,37,5.75069e7,29.4273045,SqEuclidean,closemixed,169640.07111999998,140
cross_scenario,k_means,3452769998,37,5.80176e7,20.8745033,SqEuclidean,closemixed,183037.31666900002,130
cross_scenario,k_means,4262333788,37,5.97212e7,22.7272763,SqEuclidean,closemixed,217776.48250299995,174
cross_scenario,k_means,45994245,37,5.40331e7,18.8638881,SqEuclidean,closemixed,64628.928303999994,71
cross_scenario,k_means,67569244,37,6.50676e7,22.4002231,SqEuclidean,closemixed,372491.206604,275
cross_scenario,k_means,814300562,37,5.76481e7,17.9540878,SqEuclidean,closemixed,164873.795312,125
cross_scenario,k_means,870981686,37,5.39419e7,20.47936,SqEuclidean,closemixed,64931.656457,59
cross_scenario,k_means,1129760376,39,5.88173e7,32.5188052,SqEuclidean,closemixed,203293.431017,166
cross_scenario,k_means,148104383,39,6.47335e7,22.7084868,SqEuclidean,closemixed,349014.290939,248
cross_scenario,k_means,1655289285,39,5.75997e7,22.4779524,SqEuclidean,closemixed,168303.43611600003,120
cross_scenario,k_means,1845695973,39,5.34728e7,19.1284781,SqEuclidean,closemixed,45353.968905,47
cross_scenario,k_means,2121257682,39,6.65045e7,25.6432264,SqEuclidean,closemixed,401357.36971999996,294
cross_scenario,k_means,2943233938,39,6.14769e7,27.2681384,SqEuclidean,closemixed,262671.171116,184
cross_scenario,k_means,3030918353,39,5.94614e7,28.2128699,SqEuclidean,closemixed,213535.81185699996,170
cross_scenario,k_means,3096268031,39,5.99649e7,20.3599213,SqEuclidean,closemixed,230121.532138,154
cross_scenario,k_means,3338611973,39,6.65959e7,29.6795604,SqEuclidean,closemixed,396166.339675,302
cross_scenario,k_means,662283236,39,7.66544e7,26.4674231,SqEuclidean,closemixed,656237.610327,414
cross_scenario,k_means,1005104349,41,6.42612e7,29.2899127,SqEuclidean,closemixed,336123.521363,237
cross_scenario,k_means,1534696584,41,5.62753e7,26.2068121,SqEuclidean,closemixed,130263.58020399998,110
cross_scenario,k_means,225016911,41,5.41517e7,21.9441308,SqEuclidean,closemixed,60800.715569,74
cross_scenario,k_means,2317592996,41,5.82794e7,20.5123556,SqEuclidean,closemixed,175843.64687300002,126
cross_scenario,k_means,2716090479,41,5.56066e7,24.3075493,SqEuclidean,closemixed,113247.93723300002,76
cross_scenario,k_means,3258958499,41,5.77842e7,25.9796603,SqEuclidean,closemixed,162039.60216200002,140
cross_scenario,k_means,329433595,41,5.79152e7,24.2227942,SqEuclidean,closemixed,169408.445872,134
cross_scenario,k_means,3444774395,41,5.91561e7,28.0035424,SqEuclidean,closemixed,206145.46968000004,192
cross_scenario,k_means,438234340,41,5.92236e7,21.3715607,SqEuclidean,closemixed,214352.12181399998,167
cross_scenario,k_means,953901905,41,5.63431e7,26.8429844,SqEuclidean,closemixed,128853.64982200002,104
cross_scenario,k_means,1660595499,5,9.94928e7,1.3967191,SqEuclidean,closemixed,1.266108674163e6,719
cross_scenario,k_means,1714105051,5,1.01014e8,1.3942638,SqEuclidean,closemixed,1.304884690732e6,760
cross_scenario,k_means,2169593505,5,6.83561e7,1.270336,SqEuclidean,closemixed,459790.44278899994,310
cross_scenario,k_means,2538991366,5,8.50793e7,1.2657428,SqEuclidean,closemixed,894682.455514,548
cross_scenario,k_means,2909674750,5,9.59589e7,1.4148666,SqEuclidean,closemixed,1.1704503668010002e6,663
cross_scenario,k_means,3018546641,5,8.96774e7,1.521961,SqEuclidean,closemixed,1.0110008487169999e6,690
cross_scenario,k_means,3634057553,5,9.99907e7,1.4811547,SqEuclidean,closemixed,1.278848881419e6,718
cross_scenario,k_means,4139823947,5,9.73879e7,1.3434508,SqEuclidean,closemixed,1.2105308253789998e6,750
cross_scenario,k_means,4197766176,5,9.89366e7,1.2776787,SqEuclidean,closemixed,1.251691042502e6,701
cross_scenario,k_means,5947179,5,9.80283e7,1.644685,SqEuclidean,closemixed,1.226207686236e6,707
cross_scenario,k_means,1006581332,7,8.69672e7,1.9259502,SqEuclidean,closemixed,943515.1013650001,593
cross_scenario,k_means,1176932870,7,8.59046e7,1.8863049,SqEuclidean,closemixed,914836.9005209999,546
cross_scenario,k_means,1821427372,7,9.2406e7,1.9988312,SqEuclidean,closemixed,1.082681806143e6,692
cross_scenario,k_means,2689963385,7,9.57711e7,2.0375027,SqEuclidean,closemixed,1.166559166905e6,688
cross_scenario,k_means,2751971336,7,8.65466e7,2.2114236,SqEuclidean,closemixed,928029.3188629999,627
cross_scenario,k_means,3385142830,7,7.9571e7,2.7675335,SqEuclidean,closemixed,753979.211544,553
cross_scenario,k_means,3409620994,7,1.01342e8,2.2066193,SqEuclidean,closemixed,1.313132935578e6,784
cross_scenario,k_means,447101461,7,1.02026e8,2.1117437,SqEuclidean,closemixed,1.32964371074e6,797
cross_scenario,k_means,468006976,7,7.83275e7,1.8892475,SqEuclidean,closemixed,719001.56635,445
cross_scenario,k_means,880982686,7,8.02846e7,2.1808441,SqEuclidean,closemixed,764773.976787,475
cross_scenario,k_means,1130292821,9,6.55916e7,2.6302249,SqEuclidean,closemixed,380026.636902,274
cross_scenario,k_means,1392296365,9,9.29672e7,3.5197816,SqEuclidean,closemixed,1.089642345814e6,675
cross_scenario,k_means,2814468992,9,9.55629e7,2.9972309,SqEuclidean,closemixed,1.162392106831e6,663
cross_scenario,k_means,3044209910,9,7.06645e7,2.6841822,SqEuclidean,closemixed,518706.00988299993,321
cross_scenario,k_means,3261319673,9,7.36878e7,2.7561213,SqEuclidean,closemixed,598747.9417930002,392
cross_scenario,k_means,3543870990,9,9.05766e7,2.8506634,SqEuclidean,closemixed,1.0358697695010001e6,625
cross_scenario,k_means,3602499071,9,7.72547e7,2.8820162,SqEuclidean,closemixed,682270.6809059998,438
cross_scenario,k_means,3926221275,9,9.6683e7,2.675217,SqEuclidean,closemixed,1.185067799457e6,698
cross_scenario,k_means,42413356,9,6.7887e7,2.6672544,SqEuclidean,closemixed,447096.48349300004,298
cross_scenario,k_means,697383862,9,9.5077e7,2.8046336,SqEuclidean,closemixed,1.151043991474e6,675
stochastic,stochastic,0,0,4.54766e7,86.4382696,N/A,softmax,11753.378599,7
cross_scenario,convex_hull,0,11,4.55284e7,3.4210036,CosineDist,softmax,7125.878116,7
cross_scenario,convex_hull,0,13,4.55026e7,4.5648019,CosineDist,softmax,8162.18437,7
cross_scenario,convex_hull,0,15,4.54989e7,5.4670008,CosineDist,softmax,8207.841452,7
cross_scenario,convex_hull,0,17,4.54983e7,5.9169994,CosineDist,softmax,8167.92415,7
cross_scenario,convex_hull,0,19,4.55009e7,7.8840249,CosineDist,softmax,8743.176638,7
cross_scenario,convex_hull,0,21,4.54999e7,7.9248627,CosineDist,softmax,9176.438541000001,7
cross_scenario,convex_hull,0,23,4.54943e7,9.0309551,CosineDist,softmax,9053.228156,7
cross_scenario,convex_hull,0,25,4.54932e7,10.3181067,CosineDist,softmax,9171.213778,7
cross_scenario,convex_hull,0,27,4.54936e7,12.4677264,CosineDist,softmax,9119.251610000001,7
cross_scenario,convex_hull,0,29,4.54831e7,13.4310567,CosineDist,softmax,10086.905624,7
cross_scenario,convex_hull,0,3,4.69006e7,0.6231038,CosineDist,softmax,0.0,0
cross_scenario,convex_hull,0,31,4.54806e7,13.2056904,CosineDist,softmax,11327.146943,7
cross_scenario,convex_hull,0,33,4.548e7,14.3983153,CosineDist,softmax,11168.231543,7
cross_scenario,convex_hull,0,35,4.54787e7,16.5555437,CosineDist,softmax,11321.904365,7
cross_scenario,convex_hull,0,37,4.54781e7,18.0709153,CosineDist,softmax,11327.947082,7
cross_scenario,convex_hull,0,39,4.54781e7,19.3757216,CosineDist,softmax,11242.39706,7
cross_scenario,convex_hull,0,41,4.5478e7,21.0434198,CosineDist,softmax,11225.53035,7
cross_scenario,convex_hull,0,5,4.57408e7,1.3407045,CosineDist,softmax,7664.694859999999,7
cross_scenario,convex_hull,0,7,4.57114e7,1.9275994,CosineDist,softmax,9704.515354,7
cross_scenario,convex_hull,0,9,4.55584e7,2.7562804,CosineDist,softmax,7240.8373360000005,7
cross_scenario,convex_hull,0,11,4.55177e7,3.7540131,SqEuclidean,softmax,16671.359264,7
cross_scenario,convex_hull,0,13,4.55026e7,4.6694648,SqEuclidean,softmax,16840.017653,7
cross_scenario,convex_hull,0,15,4.54989e7,5.9610708,SqEuclidean,softmax,17184.222994,7
cross_scenario,convex_hull,0,17,4.54932e7,6.8646106,SqEuclidean,softmax,17184.222994,7
cross_scenario,convex_hull,0,19,4.54935e7,7.999132,SqEuclidean,softmax,17264.20667,7
cross_scenario,convex_hull,0,21,4.54937e7,9.2566996,SqEuclidean,softmax,17302.368551,7
cross_scenario,convex_hull,0,23,4.54945e7,10.5494471,SqEuclidean,softmax,17256.168992,7
cross_scenario,convex_hull,0,25,4.54957e7,11.1425783,SqEuclidean,softmax,17410.572657999997,7
cross_scenario,convex_hull,0,27,4.54949e7,13.3635536,SqEuclidean,softmax,17487.860142,7
cross_scenario,convex_hull,0,29,4.54882e7,14.7863947,SqEuclidean,softmax,16516.413884,7
cross_scenario,convex_hull,0,3,4.82786e7,0.8416821,SqEuclidean,softmax,0.0,0
cross_scenario,convex_hull,0,31,4.54877e7,16.2067645,SqEuclidean,softmax,15221.811789,7
cross_scenario,convex_hull,0,33,4.54832e7,16.1595526,SqEuclidean,softmax,13567.500431,7
cross_scenario,convex_hull,0,35,4.54823e7,18.793438,SqEuclidean,softmax,13170.575955,7
cross_scenario,convex_hull,0,37,4.54823e7,21.2606053,SqEuclidean,softmax,13152.447771000001,7
cross_scenario,convex_hull,0,39,4.5482e7,24.383046,SqEuclidean,softmax,12977.754593,7
cross_scenario,convex_hull,0,41,4.5479e7,25.5537534,SqEuclidean,softmax,13277.75204,7
cross_scenario,convex_hull,0,5,4.55644e7,1.3854625,SqEuclidean,softmax,18127.861213999997,7
cross_scenario,convex_hull,0,7,4.55281e7,2.1397393,SqEuclidean,softmax,16823.804086,7
cross_scenario,convex_hull,0,9,4.55274e7,3.0029187,SqEuclidean,softmax,16341.272069999999,7
cross_scenario,k_medoids,1355586937,11,5.68908e7,3.4084323,CosineDist,softmax,322440.879186,98
cross_scenario,k_medoids,1768760743,11,6.0989e7,3.4887089,CosineDist,softmax,447995.05964999995,148
cross_scenario,k_medoids,2652796558,11,4.54858e7,3.3982949,CosineDist,softmax,11535.014819,7
cross_scenario,k_medoids,3000698040,11,4.54825e7,3.5382852,CosineDist,softmax,10406.296503,7
cross_scenario,k_medoids,3160233726,11,4.54874e7,3.2350027,CosineDist,softmax,9700.154727,7
cross_scenario,k_medoids,3479820580,11,4.54957e7,3.3998219,CosineDist,softmax,9035.516721,7
cross_scenario,k_medoids,3649546841,11,5.68967e7,3.2181621,CosineDist,softmax,339274.056447,95
cross_scenario,k_medoids,4031091536,11,4.5482e7,2.9572768,CosineDist,softmax,10006.560456000001,7
cross_scenario,k_medoids,675182737,11,4.54849e7,3.9190002,CosineDist,softmax,10335.681945,7
cross_scenario,k_medoids,722170199,11,4.6431e7,3.7477715,CosineDist,softmax,51676.08042400001,17
cross_scenario,k_medoids,1020330993,13,4.54835e7,3.7792424,CosineDist,softmax,11407.887583000002,7
cross_scenario,k_medoids,1241334511,13,4.54962e7,4.4406016,CosineDist,softmax,9085.692875,7
cross_scenario,k_medoids,1561739573,13,5.7233e7,4.4140659,CosineDist,softmax,347973.81056699995,95
cross_scenario,k_medoids,2082789969,13,4.54871e7,3.8965778,CosineDist,softmax,10582.246419,7
cross_scenario,k_medoids,2422820678,13,6.10489e7,4.4308915,CosineDist,softmax,431700.14290900005,133
cross_scenario,k_medoids,373102896,13,4.64285e7,4.2900171,CosineDist,softmax,51676.08042400001,17
cross_scenario,k_medoids,3777256655,13,4.5491e7,4.345422,CosineDist,softmax,9855.437376999998,7
cross_scenario,k_medoids,4101453586,13,4.54824e7,4.5143299,CosineDist,softmax,10997.200410000001,7
cross_scenario,k_medoids,419645993,13,5.65564e7,4.5712431,CosineDist,softmax,313571.837115,102
cross_scenario,k_medoids,772616242,13,4.54834e7,4.5351509,CosineDist,softmax,13145.339810999998,7
cross_scenario,k_medoids,1536731824,15,4.54809e7,5.3733547,CosineDist,softmax,10544.386319,7
cross_scenario,k_medoids,1944031661,15,4.54793e7,5.0579875,CosineDist,softmax,10380.545916000001,7
cross_scenario,k_medoids,195370354,15,5.70821e7,5.0572157,CosineDist,softmax,326110.94231,99
cross_scenario,k_medoids,2392820273,15,4.54855e7,5.0388461,CosineDist,softmax,10735.343373999998,7
cross_scenario,k_medoids,2931326369,15,4.54822e7,5.1129123,CosineDist,softmax,11937.092512000001,7
cross_scenario,k_medoids,3012361418,15,4.54879e7,5.3041053,CosineDist,softmax,10442.759844,7
cross_scenario,k_medoids,3763622817,15,4.54821e7,4.6550765,CosineDist,softmax,10465.011812,7
cross_scenario,k_medoids,3796973136,15,4.54881e7,5.1327669,CosineDist,softmax,11226.761333,7
cross_scenario,k_medoids,3815196410,15,4.54875e7,4.7829744,CosineDist,softmax,10917.415515999997,7
cross_scenario,k_medoids,604489562,15,4.54843e7,5.3138576,CosineDist,softmax,11416.675427000002,7
cross_scenario,k_medoids,1587347134,17,4.54823e7,6.1504868,CosineDist,softmax,10999.713877999999,7
cross_scenario,k_medoids,186564236,17,4.54867e7,6.1241652,CosineDist,softmax,9892.161658,7
cross_scenario,k_medoids,2166881926,17,4.54843e7,5.7905688,CosineDist,softmax,9834.913983,7
cross_scenario,k_medoids,2186186592,17,4.54823e7,5.7914545,CosineDist,softmax,10326.5467,7
cross_scenario,k_medoids,2238747886,17,4.65558e7,5.8747396,CosineDist,softmax,55768.51857200001,20
cross_scenario,k_medoids,224585247,17,5.66124e7,7.1261377,CosineDist,softmax,313969.655797,89
cross_scenario,k_medoids,2339120676,17,4.5483e7,6.2618219,CosineDist,softmax,10811.799876,7
cross_scenario,k_medoids,3093014142,17,4.54867e7,5.7474485,CosineDist,softmax,10840.536062000001,7
cross_scenario,k_medoids,3258302586,17,5.65544e7,6.1983045,CosineDist,softmax,313092.35489500005,95
cross_scenario,k_medoids,3629043986,17,4.54851e7,5.7723367,CosineDist,softmax,11826.143567,7
cross_scenario,k_medoids,1088367163,19,4.54815e7,6.9209524,CosineDist,softmax,10230.712068,7
cross_scenario,k_medoids,1245540782,19,4.54824e7,7.3840869,CosineDist,softmax,11586.875534,7
cross_scenario,k_medoids,2410109332,19,4.54831e7,7.1225475,CosineDist,softmax,10917.415515999997,7
cross_scenario,k_medoids,2455416769,19,4.54862e7,7.6437666,CosineDist,softmax,10053.942723,7
cross_scenario,k_medoids,2591120440,19,4.54836e7,6.6306819,CosineDist,softmax,9647.326176,7
cross_scenario,k_medoids,2650271871,19,4.54853e7,7.1251598,CosineDist,softmax,10895.451024000002,7
cross_scenario,k_medoids,2789252227,19,4.54815e7,7.1882194,CosineDist,softmax,10417.626996,7
cross_scenario,k_medoids,3130995382,19,4.54872e7,6.9193776,CosineDist,softmax,9682.995633999999,7
cross_scenario,k_medoids,3357853995,19,4.54815e7,7.0917222,CosineDist,softmax,11760.119804,7
cross_scenario,k_medoids,824849990,19,4.54809e7,6.9244207,CosineDist,softmax,10379.356208000001,7
cross_scenario,k_medoids,1244389436,21,4.54786e7,8.2396173,CosineDist,softmax,11144.546606,7
cross_scenario,k_medoids,1393653782,21,4.54826e7,8.919361,CosineDist,softmax,11515.988699,7
cross_scenario,k_medoids,1761682951,21,4.54788e7,8.8919304,CosineDist,softmax,10854.561807,7
cross_scenario,k_medoids,196162340,21,4.54774e7,8.6866617,CosineDist,softmax,11535.922831,7
cross_scenario,k_medoids,1984034111,21,4.54788e7,8.4359214,CosineDist,softmax,11174.908590000001,7
cross_scenario,k_medoids,2569047889,21,4.54821e7,9.216785,CosineDist,softmax,10277.034082,7
cross_scenario,k_medoids,3286463093,21,5.66695e7,12.1362366,CosineDist,softmax,315886.51596700004,93
cross_scenario,k_medoids,4196464565,21,4.54795e7,7.8993299,CosineDist,softmax,10520.560461,7
cross_scenario,k_medoids,744301781,21,4.64263e7,9.5756273,CosineDist,softmax,51676.08042400001,17
cross_scenario,k_medoids,760014603,21,4.54797e7,8.437158,CosineDist,softmax,11142.22855,7
cross_scenario,k_medoids,2193967569,23,4.54791e7,9.8969116,CosineDist,softmax,11203.999367,7
cross_scenario,k_medoids,2546464051,23,4.5488e7,9.1117849,CosineDist,softmax,10905.824239,7
cross_scenario,k_medoids,2938742229,23,4.54807e7,9.6551092,CosineDist,softmax,11194.766504,7
cross_scenario,k_medoids,313447314,23,4.54788e7,8.9341528,CosineDist,softmax,11221.340215,7
cross_scenario,k_medoids,3164855826,23,4.54777e7,10.1087348,CosineDist,softmax,11167.765041000002,7
cross_scenario,k_medoids,3173192974,23,4.54779e7,9.4967882,CosineDist,softmax,11461.160641,7
cross_scenario,k_medoids,3527549645,23,4.54804e7,9.0393883,CosineDist,softmax,11494.921562,7
cross_scenario,k_medoids,3913193451,23,4.54782e7,11.1920105,CosineDist,softmax,11371.677522000002,7
cross_scenario,k_medoids,714332685,23,4.54817e7,14.9677398,CosineDist,softmax,12853.108084000001,7
cross_scenario,k_medoids,890890131,23,4.54877e7,9.8373572,CosineDist,softmax,11377.135987,7
cross_scenario,k_medoids,1134130444,25,4.54794e7,10.2646906,CosineDist,softmax,12083.816530999999,7
cross_scenario,k_medoids,2658990538,25,4.54772e7,10.7112762,CosineDist,softmax,12246.949484,7
cross_scenario,k_medoids,2726541456,25,4.54779e7,11.187556,CosineDist,softmax,10892.020081,7
cross_scenario,k_medoids,2894918851,25,4.54781e7,10.3011248,CosineDist,softmax,10944.206514000001,7
cross_scenario,k_medoids,3351175237,25,4.54786e7,10.5341685,CosineDist,softmax,11260.269462000002,7
cross_scenario,k_medoids,343301208,25,4.54785e7,10.5523042,CosineDist,softmax,10661.754520999999,7
cross_scenario,k_medoids,4135971217,25,4.54805e7,10.4482899,CosineDist,softmax,10901.332493,7
cross_scenario,k_medoids,4145110716,25,4.54787e7,10.1569808,CosineDist,softmax,10410.569706,7
cross_scenario,k_medoids,448376330,25,4.54782e7,10.8441529,CosineDist,softmax,11911.367960000001,7
cross_scenario,k_medoids,47449323,25,4.54788e7,11.3107642,CosineDist,softmax,11601.121833000001,7
cross_scenario,k_medoids,1161276258,27,4.5478e7,12.0813992,CosineDist,softmax,10647.531088,7
cross_scenario,k_medoids,1233541653,27,4.54784e7,12.9676863,CosineDist,softmax,10733.193658999999,7
cross_scenario,k_medoids,1267936167,27,4.54789e7,11.6240693,CosineDist,softmax,10763.386007000001,7
cross_scenario,k_medoids,1653248667,27,4.54796e7,12.082485,CosineDist,softmax,10338.333076,7
cross_scenario,k_medoids,2437521778,27,4.54786e7,11.9400253,CosineDist,softmax,11063.211542,7
cross_scenario,k_medoids,2524306086,27,4.5478e7,11.90641,CosineDist,softmax,11163.534536000001,7
cross_scenario,k_medoids,2606414571,27,4.54789e7,12.1588751,CosineDist,softmax,10058.243071000003,7
cross_scenario,k_medoids,2821296471,27,4.54784e7,12.0697109,CosineDist,softmax,11038.104283,7
cross_scenario,k_medoids,3155655383,27,4.54792e7,11.0613873,CosineDist,softmax,10778.830709999998,7
cross_scenario,k_medoids,463779685,27,4.54779e7,10.5330428,CosineDist,softmax,11056.115289,7
cross_scenario,k_medoids,1113698075,29,4.54787e7,12.1441946,CosineDist,softmax,12645.405493,7
cross_scenario,k_medoids,1125327650,29,4.54787e7,12.2173892,CosineDist,softmax,11480.119664,7
cross_scenario,k_medoids,1398119942,29,4.54781e7,13.6185299,CosineDist,softmax,11755.710336999999,7
cross_scenario,k_medoids,1669407957,29,4.54777e7,12.1299193,CosineDist,softmax,10905.232417000001,7
cross_scenario,k_medoids,1792506398,29,4.54776e7,12.295082,CosineDist,softmax,10517.302652000002,7
cross_scenario,k_medoids,2439649745,29,4.54779e7,13.4661897,CosineDist,softmax,11438.779293,7
cross_scenario,k_medoids,2730667678,29,4.54802e7,12.394312,CosineDist,softmax,10336.387359,7
cross_scenario,k_medoids,2843080965,29,4.54823e7,12.7944607,CosineDist,softmax,10576.448946,7
cross_scenario,k_medoids,3434031776,29,4.54781e7,13.8562043,CosineDist,softmax,11418.141173,7
cross_scenario,k_medoids,950202798,29,4.54788e7,12.1476805,CosineDist,softmax,10785.936828999998,7
cross_scenario,k_medoids,1042382051,3,8.75389e7,1.0014337,CosineDist,softmax,1.137516416659e6,436
cross_scenario,k_medoids,1617230705,3,1.1725e8,0.6344975,CosineDist,softmax,1.9010132748389998e6,598
cross_scenario,k_medoids,1690918982,3,8.71802e7,0.6509333,CosineDist,softmax,1.128348929624e6,425
cross_scenario,k_medoids,2011904635,3,8.56704e7,0.7435389,CosineDist,softmax,1.088196765673e6,368
cross_scenario,k_medoids,208019063,3,8.75389e7,0.6715578,CosineDist,softmax,1.137516416659e6,436
cross_scenario,k_medoids,2175589206,3,8.71802e7,0.6868983,CosineDist,softmax,1.128348929624e6,425
cross_scenario,k_medoids,2331872192,3,1.13873e8,0.6301847,CosineDist,softmax,1.7865264438689998e6,604
cross_scenario,k_medoids,2859914000,3,8.61855e7,0.6904185,CosineDist,softmax,1.1019242808899998e6,373
cross_scenario,k_medoids,3409952330,3,1.16798e8,0.7886933,CosineDist,softmax,1.8913832647050002e6,673
cross_scenario,k_medoids,488813374,3,8.7124e7,0.6404952,CosineDist,softmax,1.12542511103e6,377
cross_scenario,k_medoids,1349996306,31,4.54779e7,14.8977609,CosineDist,softmax,10749.608954,7
cross_scenario,k_medoids,1462714024,31,4.54778e7,15.130514,CosineDist,softmax,11438.779293,7
cross_scenario,k_medoids,1579127763,31,4.54779e7,12.8121118,CosineDist,softmax,11000.973294,7
cross_scenario,k_medoids,1648351254,31,4.54779e7,14.4443259,CosineDist,softmax,11364.755991999999,7
cross_scenario,k_medoids,2030289235,31,4.54785e7,14.4771108,CosineDist,softmax,10889.383487,7
cross_scenario,k_medoids,2462588561,31,4.54778e7,13.354449,CosineDist,softmax,11443.377273,7
cross_scenario,k_medoids,2929172095,31,4.548e7,13.3727257,CosineDist,softmax,11777.529999,7
cross_scenario,k_medoids,2944528308,31,4.54783e7,14.4518626,CosineDist,softmax,11019.708675,7
cross_scenario,k_medoids,295145311,31,4.54783e7,13.9685557,CosineDist,softmax,11764.254619000001,7
cross_scenario,k_medoids,3899371692,31,4.54781e7,13.7881318,CosineDist,softmax,11410.300025,7
cross_scenario,k_medoids,1038419084,33,4.54785e7,15.1122354,CosineDist,softmax,11031.283258,7
cross_scenario,k_medoids,1109759726,33,4.54779e7,15.3069391,CosineDist,softmax,10936.323817999999,7
cross_scenario,k_medoids,1963882461,33,4.54797e7,15.5485072,CosineDist,softmax,10407.792202,7
cross_scenario,k_medoids,1989163906,33,4.54777e7,14.594685,CosineDist,softmax,11023.070552000001,7
cross_scenario,k_medoids,2479233904,33,4.54776e7,15.259421,CosineDist,softmax,11136.327977,7
cross_scenario,k_medoids,2497612078,33,4.54775e7,15.9877417,CosineDist,softmax,11377.135987,7
cross_scenario,k_medoids,3214090957,33,4.5478e7,15.8839297,CosineDist,softmax,11306.668013,7
cross_scenario,k_medoids,3465092140,33,4.54783e7,16.090069,CosineDist,softmax,11269.410446,7
cross_scenario,k_medoids,4061834237,33,4.54793e7,18.1414171,CosineDist,softmax,10521.88128,7
cross_scenario,k_medoids,52313467,33,4.54778e7,16.2360749,CosineDist,softmax,10886.067203999999,7
cross_scenario,k_medoids,1208640119,35,4.54778e7,17.3211494,CosineDist,softmax,11247.923662,7
cross_scenario,k_medoids,1428058240,35,4.54812e7,18.9271,CosineDist,softmax,12291.482525,7
cross_scenario,k_medoids,15941194,35,4.54786e7,16.2565269,CosineDist,softmax,10577.362389000002,7
cross_scenario,k_medoids,2213813141,35,4.5478e7,16.4713898,CosineDist,softmax,11200.229424000001,7
cross_scenario,k_medoids,2291375163,35,4.54779e7,16.7296152,CosineDist,softmax,11345.699757,7
cross_scenario,k_medoids,236500538,35,4.54782e7,18.7132192,CosineDist,softmax,11106.527990999999,7
cross_scenario,k_medoids,252145784,35,4.54783e7,17.9472586,CosineDist,softmax,10730.449167,7
cross_scenario,k_medoids,2544196106,35,4.54775e7,15.8906286,CosineDist,softmax,11536.009164,7
cross_scenario,k_medoids,2745802022,35,4.54777e7,16.5285656,CosineDist,softmax,11085.974457,7
cross_scenario,k_medoids,3596893902,35,4.54776e7,18.0646615,CosineDist,softmax,10829.971372999998,7
cross_scenario,k_medoids,1380354363,37,4.54772e7,19.1791122,CosineDist,softmax,11358.572364000001,7
cross_scenario,k_medoids,3048518942,37,4.5478e7,20.4712498,CosineDist,softmax,12122.728298000002,7
cross_scenario,k_medoids,3182806193,37,4.54806e7,20.8818083,CosineDist,softmax,11987.710635,7
cross_scenario,k_medoids,3244629827,37,4.54773e7,17.643465,CosineDist,softmax,11000.877652,7
cross_scenario,k_medoids,3452769998,37,4.54773e7,18.1115784,CosineDist,softmax,11076.93496,7
cross_scenario,k_medoids,4262333788,37,4.54781e7,18.6854123,CosineDist,softmax,11457.091277,7
cross_scenario,k_medoids,45994245,37,4.54786e7,16.7626181,CosineDist,softmax,10696.922039000001,7
cross_scenario,k_medoids,67569244,37,4.54777e7,17.3993497,CosineDist,softmax,10968.685876000001,7
cross_scenario,k_medoids,814300562,37,4.54792e7,19.7810733,CosineDist,softmax,12014.407683000001,7
cross_scenario,k_medoids,870981686,37,4.5478e7,18.1448392,CosineDist,softmax,11740.430910000001,7
cross_scenario,k_medoids,1129760376,39,4.54776e7,18.0485509,CosineDist,softmax,13028.651736,7
cross_scenario,k_medoids,148104383,39,4.54769e7,21.0132115,CosineDist,softmax,12008.47117,7
cross_scenario,k_medoids,1655289285,39,4.54777e7,19.3369553,CosineDist,softmax,11688.473446,7
cross_scenario,k_medoids,1845695973,39,4.54775e7,20.9392838,CosineDist,softmax,11287.651936,7
cross_scenario,k_medoids,2121257682,39,4.54786e7,18.7205842,CosineDist,softmax,10453.738556,7
cross_scenario,k_medoids,2943233938,39,4.54777e7,21.8262019,CosineDist,softmax,11007.710778,7
cross_scenario,k_medoids,3030918353,39,4.54778e7,19.3371787,CosineDist,softmax,12015.278716,7
cross_scenario,k_medoids,3096268031,39,4.54796e7,18.9732996,CosineDist,softmax,11339.885817,7
cross_scenario,k_medoids,3338611973,39,4.54798e7,18.2831586,CosineDist,softmax,11628.589198000001,7
cross_scenario,k_medoids,662283236,39,4.54784e7,20.7025467,CosineDist,softmax,12195.951820999999,7
cross_scenario,k_medoids,1005104349,41,4.54781e7,19.6478726,CosineDist,softmax,11786.754981,7
cross_scenario,k_medoids,1534696584,41,4.5477e7,21.453262,CosineDist,softmax,11993.459275999998,7
cross_scenario,k_medoids,225016911,41,4.54773e7,24.0096127,CosineDist,softmax,11459.200839000001,7
cross_scenario,k_medoids,2317592996,41,4.54771e7,20.9344292,CosineDist,softmax,12496.058437,7
cross_scenario,k_medoids,2716090479,41,4.54775e7,21.7504716,CosineDist,softmax,11378.940084000002,7
cross_scenario,k_medoids,3258958499,41,4.54778e7,20.6287441,CosineDist,softmax,11464.947607999999,7
cross_scenario,k_medoids,329433595,41,4.54774e7,22.6794389,CosineDist,softmax,11474.336964999999,7
cross_scenario,k_medoids,3444774395,41,4.54776e7,22.6562863,CosineDist,softmax,11700.896826,7
cross_scenario,k_medoids,438234340,41,4.5477e7,21.3780778,CosineDist,softmax,11987.198697,7
cross_scenario,k_medoids,953901905,41,4.54773e7,21.8002555,CosineDist,softmax,11794.962430999998,7
cross_scenario,k_medoids,1660595499,5,4.67748e7,1.3730384,CosineDist,softmax,60826.586986,29
cross_scenario,k_medoids,1714105051,5,1.69802e8,1.2782565,CosineDist,softmax,3.228796310513e6,1080
cross_scenario,k_medoids,2169593505,5,8.67401e7,1.2322811,CosineDist,softmax,1.0960940383130002e6,396
cross_scenario,k_medoids,2538991366,5,5.82382e7,1.1870473,CosineDist,softmax,375633.876306,165
cross_scenario,k_medoids,2909674750,5,6.24167e7,1.2827296,CosineDist,softmax,486458.668229,196
cross_scenario,k_medoids,3018546641,5,6.49923e7,1.3581595,CosineDist,softmax,531908.2771489999,180
cross_scenario,k_medoids,3634057553,5,7.71335e7,1.6131897,CosineDist,softmax,849759.0047729999,287
cross_scenario,k_medoids,4139823947,5,7.8533e7,1.6562465,CosineDist,softmax,905222.015082,299
cross_scenario,k_medoids,4197766176,5,6.42762e7,1.4332309,CosineDist,softmax,534656.91372,176
cross_scenario,k_medoids,5947179,5,8.20553e7,1.5547911,CosineDist,softmax,995762.4692559998,349
cross_scenario,k_medoids,1006581332,7,6.28017e7,1.8311683,CosineDist,softmax,495660.3309019999,157
cross_scenario,k_medoids,1176932870,7,5.74122e7,2.3188745,CosineDist,softmax,353706.80688299995,108
cross_scenario,k_medoids,1821427372,7,4.67565e7,2.4033247,CosineDist,softmax,60826.586986,29
cross_scenario,k_medoids,2689963385,7,4.67419e7,2.5847565,CosineDist,softmax,60826.586986,29
cross_scenario,k_medoids,2751971336,7,7.78162e7,2.0442408,CosineDist,softmax,867336.8242670001,267
cross_scenario,k_medoids,3385142830,7,4.55034e7,1.9383342,CosineDist,softmax,10823.140767,7
cross_scenario,k_medoids,3409620994,7,6.46856e7,1.9092065,CosineDist,softmax,545151.3046779998,180
cross_scenario,k_medoids,447101461,7,6.12322e7,2.0279256,CosineDist,softmax,454205.230519,128
cross_scenario,k_medoids,468006976,7,5.56135e7,2.1621315,CosineDist,softmax,306543.18558900006,96
cross_scenario,k_medoids,880982686,7,5.77818e7,1.9933862,CosineDist,softmax,363038.261678,108
cross_scenario,k_medoids,1130292821,9,6.10306e7,2.6278278,CosineDist,softmax,431471.6623490001,136
cross_scenario,k_medoids,1392296365,9,5.70913e7,2.6440148,CosineDist,softmax,326500.17413,91
cross_scenario,k_medoids,2814468992,9,8.26603e7,2.9272195,CosineDist,softmax,1.0092702905789997e6,298
cross_scenario,k_medoids,3044209910,9,5.69951e7,2.9183262,CosineDist,softmax,323114.59596699994,88
cross_scenario,k_medoids,3261319673,9,4.64304e7,2.5477626,CosineDist,softmax,51676.08042400001,17
cross_scenario,k_medoids,3543870990,9,6.25271e7,2.824027,CosineDist,softmax,468353.93452699995,145
cross_scenario,k_medoids,3602499071,9,5.73696e7,2.7626513,CosineDist,softmax,351008.859303,104
cross_scenario,k_medoids,3926221275,9,4.64236e7,2.6529649,CosineDist,softmax,51676.08042400001,17
cross_scenario,k_medoids,42413356,9,8.32449e7,2.7507196,CosineDist,softmax,1.0062016776679999e6,301
cross_scenario,k_medoids,697383862,9,4.6754e7,2.9033099,CosineDist,softmax,60826.586986,29
cross_scenario,k_medoids,1355586937,11,5.73417e7,3.8840645,SqEuclidean,softmax,351298.85936299997,108
cross_scenario,k_medoids,1768760743,11,5.69764e7,3.9117159,SqEuclidean,softmax,341336.866893,85
cross_scenario,k_medoids,2652796558,11,4.54894e7,3.7906017,SqEuclidean,softmax,10074.707787000001,7
cross_scenario,k_medoids,3000698040,11,4.64466e7,3.8158798,SqEuclidean,softmax,51676.08042400001,17
cross_scenario,k_medoids,3160233726,11,5.65679e7,3.5410914,SqEuclidean,softmax,314086.49095,88
cross_scenario,k_medoids,3479820580,11,8.44913e7,3.9715624,SqEuclidean,softmax,1.0371453665150001e6,300
cross_scenario,k_medoids,3649546841,11,4.64275e7,3.5606843,SqEuclidean,softmax,51676.08042400001,17
cross_scenario,k_medoids,4031091536,11,4.55022e7,3.8127735,SqEuclidean,softmax,10429.878558999999,7
cross_scenario,k_medoids,675182737,11,4.64306e7,3.5229601,SqEuclidean,softmax,51676.08042400001,17
cross_scenario,k_medoids,722170199,11,4.64235e7,3.2421197,SqEuclidean,softmax,51676.08042400001,17
cross_scenario,k_medoids,1020330993,13,6.08472e7,4.5351084,SqEuclidean,softmax,426426.9313440001,135
cross_scenario,k_medoids,1241334511,13,4.54801e7,4.8319353,SqEuclidean,softmax,10969.781979000001,7
cross_scenario,k_medoids,1561739573,13,4.64263e7,4.5508847,SqEuclidean,softmax,51676.08042400001,17
cross_scenario,k_medoids,2082789969,13,4.54849e7,4.6074051,SqEuclidean,softmax,10088.573207,7
cross_scenario,k_medoids,2422820678,13,5.71502e7,4.4100487,SqEuclidean,softmax,345846.916613,98
cross_scenario,k_medoids,373102896,13,4.64211e7,4.7225306,SqEuclidean,softmax,51676.08042400001,17
cross_scenario,k_medoids,3777256655,13,4.54866e7,5.0167615,SqEuclidean,softmax,10885.028855,7
cross_scenario,k_medoids,4101453586,13,4.54841e7,4.8092068,SqEuclidean,softmax,11524.51317,7
cross_scenario,k_medoids,419645993,13,5.71292e7,5.1046526,SqEuclidean,softmax,327731.0018060001,93
cross_scenario,k_medoids,772616242,13,4.54829e7,4.53311,SqEuclidean,softmax,10364.764471000002,7
cross_scenario,k_medoids,1536731824,15,5.63317e7,5.5180807,SqEuclidean,softmax,307031.35368599993,90
cross_scenario,k_medoids,1944031661,15,4.54823e7,5.5865431,SqEuclidean,softmax,11381.849569,7
cross_scenario,k_medoids,195370354,15,5.63134e7,6.3557681,SqEuclidean,softmax,306666.62057900004,84
cross_scenario,k_medoids,2392820273,15,4.64202e7,5.6422768,SqEuclidean,softmax,51676.08042400001,17
cross_scenario,k_medoids,2931326369,15,4.54809e7,5.2560251,SqEuclidean,softmax,10476.308338,7
cross_scenario,k_medoids,3012361418,15,4.54826e7,6.0288076,SqEuclidean,softmax,10362.355243999998,7
cross_scenario,k_medoids,3763622817,15,4.54809e7,5.2789781,SqEuclidean,softmax,11431.716897,7
cross_scenario,k_medoids,3796973136,15,5.62126e7,5.9608716,SqEuclidean,softmax,304194.05042100005,92
cross_scenario,k_medoids,3815196410,15,4.54791e7,5.2378832,SqEuclidean,softmax,10633.083344,7
cross_scenario,k_medoids,604489562,15,4.54855e7,5.95541,SqEuclidean,softmax,10468.580073000001,7
cross_scenario,k_medoids,1587347134,17,4.54821e7,7.1039171,SqEuclidean,softmax,9794.640041,7
cross_scenario,k_medoids,186564236,17,5.68102e7,7.031434,SqEuclidean,softmax,318972.8547949999,91
cross_scenario,k_medoids,2166881926,17,5.70353e7,6.8834898,SqEuclidean,softmax,325268.22613100003,96
cross_scenario,k_medoids,2186186592,17,4.54809e7,6.3521594,SqEuclidean,softmax,10022.760357000001,7
cross_scenario,k_medoids,2238747886,17,5.71057e7,7.6639326,SqEuclidean,softmax,327166.547663,91
cross_scenario,k_medoids,224585247,17,5.64707e7,6.9196204,SqEuclidean,softmax,311200.95381800004,95
cross_scenario,k_medoids,2339120676,17,4.54808e7,6.7209895,SqEuclidean,softmax,10304.572181000003,7
cross_scenario,k_medoids,3093014142,17,4.5483e7,6.5637503,SqEuclidean,softmax,12768.186812,7
cross_scenario,k_medoids,3258302586,17,5.66921e7,7.1801621,SqEuclidean,softmax,316449.496448,93
cross_scenario,k_medoids,3629043986,17,4.54829e7,7.1868205,SqEuclidean,softmax,10512.032873,7
cross_scenario,k_medoids,1088367163,19,5.60262e7,8.6522618,SqEuclidean,softmax,299808.993142,90
cross_scenario,k_medoids,1245540782,19,4.54844e7,7.4068366,SqEuclidean,softmax,10452.605637,7
cross_scenario,k_medoids,2410109332,19,4.54794e7,7.0240512,SqEuclidean,softmax,10885.752235,7
cross_scenario,k_medoids,2455416769,19,4.54811e7,8.419589,SqEuclidean,softmax,11858.421796999999,7
cross_scenario,k_medoids,2591120440,19,4.54824e7,7.8981142,SqEuclidean,softmax,9797.191321,7
cross_scenario,k_medoids,2650271871,19,4.5478e7,7.871439,SqEuclidean,softmax,11024.944680999999,7
cross_scenario,k_medoids,2789252227,19,4.54836e7,7.8876041,SqEuclidean,softmax,10113.805626000001,7
cross_scenario,k_medoids,3130995382,19,4.54779e7,7.5614907,SqEuclidean,softmax,10837.810469,7
cross_scenario,k_medoids,3357853995,19,4.54803e7,7.6839593,SqEuclidean,softmax,10351.009438000001,7
cross_scenario,k_medoids,824849990,19,4.54786e7,8.007468,SqEuclidean,softmax,11479.68039,7
cross_scenario,k_medoids,1244389436,21,5.71765e7,8.780091,SqEuclidean,softmax,329182.226716,98
cross_scenario,k_medoids,1393653782,21,4.54789e7,8.8531949,SqEuclidean,softmax,10799.078238,7
cross_scenario,k_medoids,1761682951,21,4.54783e7,8.341785,SqEuclidean,softmax,10506.438300000002,7
cross_scenario,k_medoids,196162340,21,4.54793e7,8.683593,SqEuclidean,softmax,11335.064874999998,7
cross_scenario,k_medoids,1984034111,21,5.71457e7,9.3080488,SqEuclidean,softmax,328533.70557000005,100
cross_scenario,k_medoids,2569047889,21,4.54798e7,9.4975495,SqEuclidean,softmax,9976.330127000001,7
cross_scenario,k_medoids,3286463093,21,5.70711e7,9.4325027,SqEuclidean,softmax,326554.32586899993,96
cross_scenario,k_medoids,4196464565,21,4.54849e7,8.6836055,SqEuclidean,softmax,11570.890602,7
cross_scenario,k_medoids,744301781,21,5.68044e7,9.1316285,SqEuclidean,softmax,337069.20318300003,86
cross_scenario,k_medoids,760014603,21,4.5478e7,9.3006974,SqEuclidean,softmax,11784.385789,7
cross_scenario,k_medoids,2193967569,23,4.54803e7,9.9658814,SqEuclidean,softmax,11212.953366000002,7
cross_scenario,k_medoids,2546464051,23,4.54828e7,10.3111482,SqEuclidean,softmax,10883.817754000002,7
cross_scenario,k_medoids,2938742229,23,4.54805e7,11.3789394,SqEuclidean,softmax,10287.578961,7
cross_scenario,k_medoids,313447314,23,4.54802e7,9.924423,SqEuclidean,softmax,10695.29166,7
cross_scenario,k_medoids,3164855826,23,4.54782e7,9.9794325,SqEuclidean,softmax,10570.490027,7
cross_scenario,k_medoids,3173192974,23,4.54797e7,11.2427858,SqEuclidean,softmax,10831.158095,7
cross_scenario,k_medoids,3527549645,23,4.54814e7,11.2268834,SqEuclidean,softmax,9769.087972000001,7
cross_scenario,k_medoids,3913193451,23,4.54784e7,10.0424069,SqEuclidean,softmax,10488.835138999999,7
cross_scenario,k_medoids,714332685,23,4.54802e7,10.7831024,SqEuclidean,softmax,11575.948466,7
cross_scenario,k_medoids,890890131,23,4.54793e7,10.1633148,SqEuclidean,softmax,11209.061081,7
cross_scenario,k_medoids,1134130444,25,4.54781e7,11.5624152,SqEuclidean,softmax,10835.676225,7
cross_scenario,k_medoids,2658990538,25,4.5483e7,12.2086344,SqEuclidean,softmax,9786.264654,7
cross_scenario,k_medoids,2726541456,25,4.5479e7,12.3572823,SqEuclidean,softmax,10726.763359999999,7
cross_scenario,k_medoids,2894918851,25,4.54776e7,12.4856443,SqEuclidean,softmax,10845.185668999999,7
cross_scenario,k_medoids,3351175237,25,4.54879e7,11.8882413,SqEuclidean,softmax,10599.919863999998,7
cross_scenario,k_medoids,343301208,25,4.54787e7,10.984739,SqEuclidean,softmax,11420.710669999999,7
cross_scenario,k_medoids,4135971217,25,4.54788e7,11.8474973,SqEuclidean,softmax,11251.937230999998,7
cross_scenario,k_medoids,4145110716,25,4.54789e7,11.712908,SqEuclidean,softmax,10297.812896000001,7
cross_scenario,k_medoids,448376330,25,4.54793e7,11.5054727,SqEuclidean,softmax,10329.502411,7
cross_scenario,k_medoids,47449323,25,4.54812e7,11.6139949,SqEuclidean,softmax,11331.876210999999,7
cross_scenario,k_medoids,1161276258,27,4.54796e7,12.8452178,SqEuclidean,softmax,11304.055023,7
cross_scenario,k_medoids,1233541653,27,4.54788e7,13.9187395,SqEuclidean,softmax,10822.660857000003,7
cross_scenario,k_medoids,1267936167,27,4.54784e7,14.845397,SqEuclidean,softmax,11466.880490999998,7
cross_scenario,k_medoids,1653248667,27,4.54783e7,13.4062159,SqEuclidean,softmax,10516.805492,7
cross_scenario,k_medoids,2437521778,27,4.54806e7,14.3046571,SqEuclidean,softmax,11199.383691000003,7
cross_scenario,k_medoids,2524306086,27,4.54787e7,14.1776495,SqEuclidean,softmax,10847.227727000001,7
cross_scenario,k_medoids,2606414571,27,4.54781e7,14.4764854,SqEuclidean,softmax,11248.459739,7
cross_scenario,k_medoids,2821296471,27,4.54788e7,15.1854094,SqEuclidean,softmax,10403.314591,7
cross_scenario,k_medoids,3155655383,27,4.5478e7,12.6717959,SqEuclidean,softmax,10580.628886999999,7
cross_scenario,k_medoids,463779685,27,4.54778e7,14.0026955,SqEuclidean,softmax,10596.673341,7
cross_scenario,k_medoids,1113698075,29,4.54788e7,15.3649912,SqEuclidean,softmax,10648.464665,7
cross_scenario,k_medoids,1125327650,29,4.54825e7,13.8657103,SqEuclidean,softmax,11066.965291000002,7
cross_scenario,k_medoids,1398119942,29,4.54779e7,15.3591898,SqEuclidean,softmax,10687.877154,7
cross_scenario,k_medoids,1669407957,29,4.54829e7,14.6102572,SqEuclidean,softmax,10068.678193,7
cross_scenario,k_medoids,1792506398,29,4.54787e7,13.6524949,SqEuclidean,softmax,10500.755392000001,7
cross_scenario,k_medoids,2439649745,29,4.54782e7,13.7919674,SqEuclidean,softmax,10892.562461000001,7
cross_scenario,k_medoids,2730667678,29,4.5478e7,13.3903565,SqEuclidean,softmax,10559.822025,7
cross_scenario,k_medoids,2843080965,29,4.54782e7,15.7164646,SqEuclidean,softmax,10281.024173999998,7
cross_scenario,k_medoids,3434031776,29,4.54794e7,14.6131226,SqEuclidean,softmax,11020.596057,7
cross_scenario,k_medoids,950202798,29,4.54798e7,15.2042216,SqEuclidean,softmax,11786.629114000001,7
cross_scenario,k_medoids,1042382051,3,1.3746e8,0.7735977,SqEuclidean,softmax,2.424297287181999e6,827
cross_scenario,k_medoids,1617230705,3,2.14515e8,0.7167465,SqEuclidean,softmax,4.400816479650999e6,1704
cross_scenario,k_medoids,1690918982,3,9.16562e7,0.6866159,SqEuclidean,softmax,1.2440288065719996e6,554
cross_scenario,k_medoids,2011904635,3,8.74613e7,0.7179638,SqEuclidean,softmax,1.1355376406180004e6,406
cross_scenario,k_medoids,208019063,3,1.03232e8,0.7291052,SqEuclidean,softmax,1.5438141125720006e6,577
cross_scenario,k_medoids,2175589206,3,1.09963e8,1.0474784,SqEuclidean,softmax,1.716159933223e6,587
cross_scenario,k_medoids,2331872192,3,1.50723e8,0.7768144,SqEuclidean,softmax,2.763656966709e6,946
cross_scenario,k_medoids,2859914000,3,9.16562e7,0.7158716,SqEuclidean,softmax,1.2440288065719996e6,554
cross_scenario,k_medoids,3409952330,3,1.66151e8,0.8652985,SqEuclidean,softmax,3.1586879098079996e6,953
cross_scenario,k_medoids,488813374,3,1.09963e8,0.7854852,SqEuclidean,softmax,1.716159933223e6,587
cross_scenario,k_medoids,1349996306,31,4.54806e7,15.7295413,SqEuclidean,softmax,10396.801839,7
cross_scenario,k_medoids,1462714024,31,4.54782e7,16.7225751,SqEuclidean,softmax,10902.536174,7
cross_scenario,k_medoids,1579127763,31,4.5478e7,16.0747873,SqEuclidean,softmax,11167.704780000002,7
cross_scenario,k_medoids,1648351254,31,4.54802e7,16.5573653,SqEuclidean,softmax,11331.974033999999,7
cross_scenario,k_medoids,2030289235,31,4.5478e7,15.8688803,SqEuclidean,softmax,11010.425087999998,7
cross_scenario,k_medoids,2462588561,31,4.54792e7,16.3752721,SqEuclidean,softmax,10417.145824,7
cross_scenario,k_medoids,2929172095,31,4.5478e7,16.626413,SqEuclidean,softmax,10893.722359,7
cross_scenario,k_medoids,2944528308,31,4.54793e7,17.3908676,SqEuclidean,softmax,10681.621458,7
cross_scenario,k_medoids,295145311,31,4.54779e7,16.5515711,SqEuclidean,softmax,10554.386687999999,7
cross_scenario,k_medoids,3899371692,31,4.54797e7,18.1962946,SqEuclidean,softmax,11537.659476,7
cross_scenario,k_medoids,1038419084,33,4.54797e7,20.192436,SqEuclidean,softmax,10005.984972999999,7
cross_scenario,k_medoids,1109759726,33,4.54779e7,17.4812297,SqEuclidean,softmax,11529.555669,7
cross_scenario,k_medoids,1963882461,33,4.5478e7,17.0750876,SqEuclidean,softmax,10878.418187000001,7
cross_scenario,k_medoids,1989163906,33,4.5478e7,17.9251402,SqEuclidean,softmax,11017.521324,7
cross_scenario,k_medoids,2479233904,33,4.5478e7,16.5057907,SqEuclidean,softmax,10931.577646999998,7
cross_scenario,k_medoids,2497612078,33,4.54802e7,17.3838251,SqEuclidean,softmax,10283.329726999998,7
cross_scenario,k_medoids,3214090957,33,4.54778e7,18.6936339,SqEuclidean,softmax,11057.674314,7
cross_scenario,k_medoids,3465092140,33,4.54779e7,18.454378,SqEuclidean,softmax,11115.802278,7
cross_scenario,k_medoids,4061834237,33,4.54777e7,18.0423183,SqEuclidean,softmax,11322.715714000002,7
cross_scenario,k_medoids,52313467,33,4.54783e7,19.1022084,SqEuclidean,softmax,10869.576138,7
cross_scenario,k_medoids,1208640119,35,4.54781e7,19.1311046,SqEuclidean,softmax,11266.100906999998,7
cross_scenario,k_medoids,1428058240,35,4.54782e7,17.704104,SqEuclidean,softmax,11124.382601,7
cross_scenario,k_medoids,15941194,35,4.54777e7,18.3614798,SqEuclidean,softmax,11799.345108,7
cross_scenario,k_medoids,2213813141,35,4.54776e7,20.4057957,SqEuclidean,softmax,10964.557473,7
cross_scenario,k_medoids,2291375163,35,4.54781e7,20.0648986,SqEuclidean,softmax,11127.470188000001,7
cross_scenario,k_medoids,236500538,35,4.54772e7,18.2784037,SqEuclidean,softmax,11310.172143,7
cross_scenario,k_medoids,252145784,35,4.54776e7,18.7071284,SqEuclidean,softmax,11173.356351999999,7
cross_scenario,k_medoids,2544196106,35,4.54776e7,18.3479322,SqEuclidean,softmax,10772.578206999999,7
cross_scenario,k_medoids,2745802022,35,4.54782e7,19.8076009,SqEuclidean,softmax,10685.294147,7
cross_scenario,k_medoids,3596893902,35,4.54771e7,21.3472411,SqEuclidean,softmax,11736.683979999998,7
cross_scenario,k_medoids,1380354363,37,4.5478e7,20.0401368,SqEuclidean,softmax,10792.091927,7
cross_scenario,k_medoids,3048518942,37,4.54777e7,22.1791444,SqEuclidean,softmax,11130.923784999999,7
cross_scenario,k_medoids,3182806193,37,4.54778e7,23.8311323,SqEuclidean,softmax,11035.920201,7
cross_scenario,k_medoids,3244629827,37,4.5477e7,20.6138837,SqEuclidean,softmax,11317.803055,7
cross_scenario,k_medoids,3452769998,37,4.54779e7,22.2341234,SqEuclidean,softmax,10499.455108,7
cross_scenario,k_medoids,4262333788,37,4.54779e7,20.8454216,SqEuclidean,softmax,10833.498151,7
cross_scenario,k_medoids,45994245,37,4.54781e7,20.4626151,SqEuclidean,softmax,10842.874561,7
cross_scenario,k_medoids,67569244,37,4.54783e7,26.3958092,SqEuclidean,softmax,10480.927779,7
cross_scenario,k_medoids,814300562,37,4.54773e7,23.5395593,SqEuclidean,softmax,11225.557015,7
cross_scenario,k_medoids,870981686,37,4.54783e7,22.6837707,SqEuclidean,softmax,11289.483117000002,7
cross_scenario,k_medoids,1129760376,39,4.5477e7,22.4369484,SqEuclidean,softmax,11540.531054000001,7
cross_scenario,k_medoids,148104383,39,4.54777e7,21.3482787,SqEuclidean,softmax,11497.238259,7
cross_scenario,k_medoids,1655289285,39,4.54774e7,22.2744723,SqEuclidean,softmax,11029.889843999998,7
cross_scenario,k_medoids,1845695973,39,4.54771e7,21.9760432,SqEuclidean,softmax,11870.999082999999,7
cross_scenario,k_medoids,2121257682,39,4.54777e7,25.1584714,SqEuclidean,softmax,10543.997217,7
cross_scenario,k_medoids,2943233938,39,4.54785e7,23.646175,SqEuclidean,softmax,11172.371065,7
cross_scenario,k_medoids,3030918353,39,4.54778e7,23.3978849,SqEuclidean,softmax,10835.471279000001,7
cross_scenario,k_medoids,3096268031,39,4.54776e7,24.3023811,SqEuclidean,softmax,10879.17719,7
cross_scenario,k_medoids,3338611973,39,4.54774e7,22.0453038,SqEuclidean,softmax,11786.839324,7
cross_scenario,k_medoids,662283236,39,4.54778e7,22.4166721,SqEuclidean,softmax,11457.638991,7
cross_scenario,k_medoids,1005104349,41,4.54768e7,22.6928095,SqEuclidean,softmax,11414.048004,7
cross_scenario,k_medoids,1534696584,41,4.54769e7,22.8322206,SqEuclidean,softmax,11139.217733,7
cross_scenario,k_medoids,225016911,41,4.54776e7,26.0731806,SqEuclidean,softmax,11283.141705,7
cross_scenario,k_medoids,2317592996,41,4.54775e7,25.2341888,SqEuclidean,softmax,11688.473446,7
cross_scenario,k_medoids,2716090479,41,4.54778e7,24.4600524,SqEuclidean,softmax,11314.480951000001,7
cross_scenario,k_medoids,3258958499,41,4.54773e7,23.3557838,SqEuclidean,softmax,11039.810114,7
cross_scenario,k_medoids,329433595,41,4.54773e7,23.3692187,SqEuclidean,softmax,10870.334266,7
cross_scenario,k_medoids,3444774395,41,4.54775e7,22.5994175,SqEuclidean,softmax,11079.955527,7
cross_scenario,k_medoids,438234340,41,4.54778e7,21.7580771,SqEuclidean,softmax,10972.106335,7
cross_scenario,k_medoids,953901905,41,4.54774e7,22.172071,SqEuclidean,softmax,11705.904110999998,7
cross_scenario,k_medoids,1660595499,5,9.1243e7,1.2652206,SqEuclidean,softmax,1.2333428392040005e6,440
cross_scenario,k_medoids,1714105051,5,4.55315e7,1.2333277,SqEuclidean,softmax,7459.600168,7
cross_scenario,k_medoids,2169593505,5,1.20704e8,1.4477973,SqEuclidean,softmax,1.9700861418779995e6,673
cross_scenario,k_medoids,2538991366,5,6.33454e7,1.3295032,SqEuclidean,softmax,510393.74343699997,192
cross_scenario,k_medoids,2909674750,5,9.3269e7,1.3366688,SqEuclidean,softmax,1.2849508895290003e6,452
cross_scenario,k_medoids,3018546641,5,8.81087e7,1.2411495,SqEuclidean,softmax,1.1520111080739999e6,435
cross_scenario,k_medoids,3634057553,5,8.16228e7,1.7103971,SqEuclidean,softmax,985113.930582,353
cross_scenario,k_medoids,4139823947,5,7.85346e7,1.2793153,SqEuclidean,softmax,905179.7996590001,292
cross_scenario,k_medoids,4197766176,5,9.04102e7,1.3803151,SqEuclidean,softmax,1.2109273198809999e6,383
cross_scenario,k_medoids,5947179,5,6.39305e7,1.3367135,SqEuclidean,softmax,525654.693965,171
cross_scenario,k_medoids,1006581332,7,7.7851e7,2.0952541,SqEuclidean,softmax,886227.39808,289
cross_scenario,k_medoids,1176932870,7,6.16467e7,2.2340658,SqEuclidean,softmax,464787.910294,131
cross_scenario,k_medoids,1821427372,7,7.78807e7,2.2384673,SqEuclidean,softmax,869761.2864310003,288
cross_scenario,k_medoids,2689963385,7,6.04191e7,2.16359,SqEuclidean,softmax,415669.420044,141
cross_scenario,k_medoids,2751971336,7,7.78499e7,2.4101664,SqEuclidean,softmax,868122.7439650004,282
cross_scenario,k_medoids,3385142830,7,8.17189e7,2.3890241,SqEuclidean,softmax,985016.7378669999,285
cross_scenario,k_medoids,3409620994,7,6.25354e7,2.2907224,SqEuclidean,softmax,488572.38518899994,154
cross_scenario,k_medoids,447101461,7,6.28886e7,2.1558637,SqEuclidean,softmax,497918.98423100007,136
cross_scenario,k_medoids,468006976,7,5.89432e7,2.2434562,SqEuclidean,softmax,393897.85019599996,165
cross_scenario,k_medoids,880982686,7,7.86984e7,2.4471845,SqEuclidean,softmax,909427.0662809999,275
cross_scenario,k_medoids,1130292821,9,6.15613e7,2.8910504,SqEuclidean,softmax,462619.391065,128
cross_scenario,k_medoids,1392296365,9,8.39063e7,2.9694296,SqEuclidean,softmax,1.02232060651e6,309
cross_scenario,k_medoids,2814468992,9,5.72856e7,3.1806571,SqEuclidean,softmax,349154.022888,93
cross_scenario,k_medoids,3044209910,9,5.62648e7,3.2786842,SqEuclidean,softmax,304260.955994,90
cross_scenario,k_medoids,3261319673,9,4.55025e7,2.669759,SqEuclidean,softmax,10454.141824,7
cross_scenario,k_medoids,3543870990,9,4.64269e7,2.6267928,SqEuclidean,softmax,51676.08042400001,17
cross_scenario,k_medoids,3602499071,9,4.6447e7,2.528232,SqEuclidean,softmax,51676.08042400001,17
cross_scenario,k_medoids,3926221275,9,4.64333e7,2.7886053,SqEuclidean,softmax,51676.08042400001,17
cross_scenario,k_medoids,42413356,9,6.19297e7,2.7961369,SqEuclidean,softmax,471921.0409229998,128
cross_scenario,k_medoids,697383862,9,4.64243e7,2.5741161,SqEuclidean,softmax,51676.08042400001,17
cross_scenario,k_means,1355586937,11,5.68783e7,3.1984034,CosineDist,softmax,338081.16733299993,87
cross_scenario,k_means,1768760743,11,5.65083e7,3.5542302,CosineDist,softmax,328645.26970700006,97
cross_scenario,k_means,2652796558,11,4.54843e7,3.2208037,CosineDist,softmax,11389.484946,7
cross_scenario,k_means,3000698040,11,4.54866e7,3.4534113,CosineDist,softmax,11794.093959000002,7
cross_scenario,k_means,3160233726,11,5.65957e7,3.9957826,CosineDist,softmax,313968.227825,95
cross_scenario,k_means,3479820580,11,6.48534e7,4.1621894,CosineDist,softmax,530789.035383,178
cross_scenario,k_means,3649546841,11,4.6123e7,3.3357731,CosineDist,softmax,38439.632698999994,17
cross_scenario,k_means,4031091536,11,4.54865e7,3.024472,CosineDist,softmax,11705.998916999999,7
cross_scenario,k_means,675182737,11,4.6121e7,3.25263,CosineDist,softmax,38439.632698999994,17
cross_scenario,k_means,722170199,11,4.63627e7,3.2780021,CosineDist,softmax,49549.343337000006,17
cross_scenario,k_means,1020330993,13,5.59815e7,4.7414421,CosineDist,softmax,297494.537652,88
cross_scenario,k_means,1241334511,13,4.54823e7,4.4236817,CosineDist,softmax,11320.293493999998,7
cross_scenario,k_means,1561739573,13,4.64186e7,4.7540924,CosineDist,softmax,51494.31348599999,17
cross_scenario,k_means,2082789969,13,4.54892e7,3.9663857,CosineDist,softmax,12034.897695,7
cross_scenario,k_means,2422820678,13,5.69379e7,4.0448871,CosineDist,softmax,322083.6296560001,94
cross_scenario,k_means,373102896,13,4.63762e7,4.2484841,CosineDist,softmax,49962.139008,17
cross_scenario,k_means,3777256655,13,4.54784e7,5.2426768,CosineDist,softmax,11877.651909,7
cross_scenario,k_means,4101453586,13,4.54861e7,4.1225987,CosineDist,softmax,11674.457276999998,7
cross_scenario,k_means,419645993,13,5.66148e7,4.6555132,CosineDist,softmax,313933.678494,93
cross_scenario,k_means,772616242,13,4.54816e7,4.023801,CosineDist,softmax,11693.534032000001,7
cross_scenario,k_means,1536731824,15,5.62771e7,6.0502956,CosineDist,softmax,305211.31120999996,92
cross_scenario,k_means,1944031661,15,4.54821e7,4.9590995,CosineDist,softmax,11756.024879,7
cross_scenario,k_means,195370354,15,5.60807e7,5.8376523,CosineDist,softmax,300102.963538,96
cross_scenario,k_means,2392820273,15,4.64177e7,5.8468764,CosineDist,softmax,51494.31348599999,17
cross_scenario,k_means,2931326369,15,4.54828e7,5.2730979,CosineDist,softmax,11594.507203000001,7
cross_scenario,k_means,3012361418,15,4.54798e7,5.1460202,CosineDist,softmax,11665.014103,7
cross_scenario,k_means,3763622817,15,4.54815e7,5.3958336,CosineDist,softmax,10865.862594000002,7
cross_scenario,k_means,3796973136,15,5.65937e7,5.7156196,CosineDist,softmax,313098.57712000003,88
cross_scenario,k_means,3815196410,15,4.54788e7,5.4738683,CosineDist,softmax,11597.920166,7
cross_scenario,k_means,604489562,15,4.54799e7,5.5015679,CosineDist,softmax,11416.389201,7
cross_scenario,k_means,1587347134,17,4.54788e7,6.2456267,CosineDist,softmax,11623.107184,7
cross_scenario,k_means,186564236,17,5.66673e7,6.6233593,CosineDist,softmax,315500.06738499994,92
cross_scenario,k_means,2166881926,17,5.66562e7,6.7787092,CosineDist,softmax,314506.31390700006,93
cross_scenario,k_means,2186186592,17,4.54785e7,7.3358554,CosineDist,softmax,11763.201319,7
cross_scenario,k_means,2238747886,17,5.66241e7,7.8278041,CosineDist,softmax,314438.470637,88
cross_scenario,k_means,224585247,17,5.62759e7,7.6888103,CosineDist,softmax,305499.526668,91
cross_scenario,k_means,2339120676,17,4.54866e7,6.0761791,CosineDist,softmax,11296.869713,7
cross_scenario,k_means,3093014142,17,4.54821e7,6.4140777,CosineDist,softmax,10229.871226999998,7
cross_scenario,k_means,3258302586,17,5.63551e7,7.1012927,CosineDist,softmax,307531.84478899994,93
cross_scenario,k_means,3629043986,17,4.54811e7,6.517202,CosineDist,softmax,11689.285507999999,7
cross_scenario,k_means,1088367163,19,5.60588e7,8.4007451,CosineDist,softmax,300283.0448090001,95
cross_scenario,k_means,1245540782,19,4.5482e7,8.6326415,CosineDist,softmax,11263.966415999997,7
cross_scenario,k_means,2410109332,19,4.54804e7,7.7248841,CosineDist,softmax,11767.233890999998,7
cross_scenario,k_means,2455416769,19,4.54807e7,7.638246,CosineDist,softmax,11393.397701,7
cross_scenario,k_means,2591120440,19,4.5479e7,8.0530526,CosineDist,softmax,11599.989973,7
cross_scenario,k_means,2650271871,19,4.54785e7,7.4273981,CosineDist,softmax,11789.866433999998,7
cross_scenario,k_means,2789252227,19,4.54787e7,7.4991548,CosineDist,softmax,11777.825543,7
cross_scenario,k_means,3130995382,19,4.54789e7,9.187125,CosineDist,softmax,11370.216814999998,7
cross_scenario,k_means,3357853995,19,4.54789e7,7.3997197,CosineDist,softmax,11652.729132,7
cross_scenario,k_means,824849990,19,4.54799e7,7.7523381,CosineDist,softmax,11460.853471000002,7
cross_scenario,k_means,1244389436,21,5.68639e7,9.1309204,CosineDist,softmax,320605.704205,93
cross_scenario,k_means,1393653782,21,4.54776e7,9.4604335,CosineDist,softmax,12184.226781,7
cross_scenario,k_means,1761682951,21,4.54811e7,8.5682577,CosineDist,softmax,11475.449228000001,7
cross_scenario,k_means,196162340,21,4.54812e7,9.7867493,CosineDist,softmax,10328.893755000001,7
cross_scenario,k_means,1984034111,21,5.65838e7,10.7000379,CosineDist,softmax,313519.666608,92
cross_scenario,k_means,2569047889,21,4.54776e7,9.0038579,CosineDist,softmax,11413.513958,7
cross_scenario,k_means,3286463093,21,5.66518e7,9.4842815,CosineDist,softmax,315425.504892,91
cross_scenario,k_means,4196464565,21,4.54824e7,10.5485074,CosineDist,softmax,11544.770992,7
cross_scenario,k_means,744301781,21,5.6693e7,9.2559615,CosineDist,softmax,316191.849673,83
cross_scenario,k_means,760014603,21,4.54801e7,8.5875279,CosineDist,softmax,10882.902379,7
cross_scenario,k_means,2193967569,23,4.54812e7,8.5021523,CosineDist,softmax,11414.383847,7
cross_scenario,k_means,2546464051,23,4.54784e7,8.507761,CosineDist,softmax,11787.040610000002,7
cross_scenario,k_means,2938742229,23,4.5479e7,8.9378498,CosineDist,softmax,11391.83164,7
cross_scenario,k_means,313447314,23,4.54783e7,9.3027493,CosineDist,softmax,11414.355585000001,7
cross_scenario,k_means,3164855826,23,4.54787e7,10.3164699,CosineDist,softmax,10949.882899000002,7
cross_scenario,k_means,3173192974,23,4.54787e7,8.6314526,CosineDist,softmax,11691.940232,7
cross_scenario,k_means,3527549645,23,4.5479e7,9.4397128,CosineDist,softmax,11456.759918999998,7
cross_scenario,k_means,3913193451,23,4.54781e7,9.4438125,CosineDist,softmax,11077.096862,7
cross_scenario,k_means,714332685,23,4.54788e7,8.9655144,CosineDist,softmax,11678.434892,7
cross_scenario,k_means,890890131,23,4.5479e7,9.2321916,CosineDist,softmax,11577.854994000001,7
cross_scenario,k_means,1134130444,25,4.54773e7,10.6724854,CosineDist,softmax,11277.459330000002,7
cross_scenario,k_means,2658990538,25,4.54783e7,11.0803515,CosineDist,softmax,11559.071369,7
cross_scenario,k_means,2726541456,25,4.54773e7,10.9308871,CosineDist,softmax,11537.881076,7
cross_scenario,k_means,2894918851,25,4.54776e7,10.4670706,CosineDist,softmax,10945.452883000002,7
cross_scenario,k_means,3351175237,25,4.54788e7,9.5089682,CosineDist,softmax,11670.286016,7
cross_scenario,k_means,343301208,25,4.54792e7,10.959674,CosineDist,softmax,11098.368654000002,7
cross_scenario,k_means,4135971217,25,4.54779e7,10.5606422,CosineDist,softmax,11230.058244999998,7
cross_scenario,k_means,4145110716,25,4.54789e7,10.5738364,CosineDist,softmax,11341.917463,7
cross_scenario,k_means,448376330,25,4.54777e7,10.949481,CosineDist,softmax,11341.917463,7
cross_scenario,k_means,47449323,25,4.54809e7,9.8910313,CosineDist,softmax,11620.357491,7
cross_scenario,k_means,1161276258,27,4.54782e7,12.0652913,CosineDist,softmax,11630.274642999999,7
cross_scenario,k_means,1233541653,27,4.54775e7,12.7476607,CosineDist,softmax,11532.672285,7
cross_scenario,k_means,1267936167,27,4.54781e7,11.5864692,CosineDist,softmax,11484.447716,7
cross_scenario,k_means,1653248667,27,4.5479e7,12.4528667,CosineDist,softmax,11407.67079,7
cross_scenario,k_means,2437521778,27,4.54779e7,12.733619,CosineDist,softmax,11088.966734,7
cross_scenario,k_means,2524306086,27,4.54778e7,11.4800824,CosineDist,softmax,11593.500662,7
cross_scenario,k_means,2606414571,27,4.54777e7,11.3186453,CosineDist,softmax,11542.848553000002,7
cross_scenario,k_means,2821296471,27,4.54781e7,12.2274235,CosineDist,softmax,10980.647516,7
cross_scenario,k_means,3155655383,27,4.54786e7,11.8399205,CosineDist,softmax,11223.603620000002,7
cross_scenario,k_means,463779685,27,4.54772e7,13.9298769,CosineDist,softmax,11532.672285,7
cross_scenario,k_means,1113698075,29,4.54771e7,12.7854721,CosineDist,softmax,11421.368319,7
cross_scenario,k_means,1125327650,29,4.54796e7,14.7525851,CosineDist,softmax,11349.011615,7
cross_scenario,k_means,1398119942,29,4.54782e7,14.4972574,CosineDist,softmax,11519.163153999998,7
cross_scenario,k_means,1669407957,29,4.54775e7,13.0087034,CosineDist,softmax,11225.456578999998,7
cross_scenario,k_means,1792506398,29,4.54772e7,13.0908087,CosineDist,softmax,11529.555669,7
cross_scenario,k_means,2439649745,29,4.54775e7,14.6401287,CosineDist,softmax,11535.533376000001,7
cross_scenario,k_means,2730667678,29,4.5478e7,12.8110072,CosineDist,softmax,11542.765313999998,7
cross_scenario,k_means,2843080965,29,4.54778e7,13.1195811,CosineDist,softmax,10933.424096,7
cross_scenario,k_means,3434031776,29,4.54785e7,13.0432128,CosineDist,softmax,11566.189880000002,7
cross_scenario,k_means,950202798,29,4.54777e7,12.9155142,CosineDist,softmax,11504.823927000001,7
cross_scenario,k_means,1042382051,3,1.10576e8,0.6659933,CosineDist,softmax,1.7316532129759998e6,643
cross_scenario,k_means,1617230705,3,2.26647e8,0.7505167,CosineDist,softmax,4.711266925369e6,1882
cross_scenario,k_means,1690918982,3,9.91059e7,0.785575,CosineDist,softmax,1.4357273295180004e6,504
cross_scenario,k_means,2011904635,3,9.70263e7,0.9931922,CosineDist,softmax,1.3824737436620004e6,496
cross_scenario,k_means,208019063,3,1.10576e8,0.6212076,CosineDist,softmax,1.7316532129759998e6,643
cross_scenario,k_means,2175589206,3,1.0107e8,8.6450165,CosineDist,softmax,1.4860949615820001e6,511
cross_scenario,k_means,2331872192,3,1.10576e8,0.6169627,CosineDist,softmax,1.7316532129759998e6,643
cross_scenario,k_means,2859914000,3,9.91059e7,0.8207723,CosineDist,softmax,1.4357273295180004e6,504
cross_scenario,k_means,3409952330,3,1.12345e8,0.6787746,CosineDist,softmax,1.777099741511e6,614
cross_scenario,k_means,488813374,3,1.20617e8,0.9968567,CosineDist,softmax,1.9887529115310002e6,672
cross_scenario,k_means,1349996306,31,4.54787e7,15.4494627,CosineDist,softmax,11683.853726000001,7
cross_scenario,k_means,1462714024,31,4.54777e7,15.179264,CosineDist,softmax,11166.445057,7
cross_scenario,k_means,1579127763,31,4.54773e7,14.9896383,CosineDist,softmax,11413.266754,7
cross_scenario,k_means,1648351254,31,4.54775e7,15.7205169,CosineDist,softmax,11632.367919,7
cross_scenario,k_means,2030289235,31,4.54771e7,14.7361112,CosineDist,softmax,11788.577960999999,7
cross_scenario,k_means,2462588561,31,4.54778e7,14.4411069,CosineDist,softmax,11326.463162,7
cross_scenario,k_means,2929172095,31,4.54776e7,15.1071409,CosineDist,softmax,11261.874640999999,7
cross_scenario,k_means,2944528308,31,4.54775e7,15.4535951,CosineDist,softmax,11403.633775,7
cross_scenario,k_means,295145311,31,4.54792e7,15.4596925,CosineDist,softmax,11346.746479000001,7
cross_scenario,k_means,3899371692,31,4.54778e7,16.0481341,CosineDist,softmax,11655.905326,7
cross_scenario,k_means,1038419084,33,4.54779e7,14.6984115,CosineDist,softmax,11464.75813,7
cross_scenario,k_means,1109759726,33,4.54782e7,16.3980545,CosineDist,softmax,11222.830601,7
cross_scenario,k_means,1963882461,33,4.54771e7,14.6814614,CosineDist,softmax,11529.555669,7
cross_scenario,k_means,1989163906,33,4.54779e7,16.6242988,CosineDist,softmax,11305.706189999997,7
cross_scenario,k_means,2479233904,33,4.54781e7,16.9824947,CosineDist,softmax,11115.000998000001,7
cross_scenario,k_means,2497612078,33,4.548e7,16.529151,CosineDist,softmax,11424.394798000001,7
cross_scenario,k_means,3214090957,33,4.54779e7,15.0745389,CosineDist,softmax,11256.291158,7
cross_scenario,k_means,3465092140,33,4.54773e7,15.0370685,CosineDist,softmax,11388.308453,7
cross_scenario,k_means,4061834237,33,4.54772e7,15.5298739,CosineDist,softmax,11301.697852000001,7
cross_scenario,k_means,52313467,33,4.54779e7,16.170922,CosineDist,softmax,11238.346513999999,7
cross_scenario,k_means,1208640119,35,4.54778e7,16.4935669,CosineDist,softmax,11184.631964,7
cross_scenario,k_means,1428058240,35,4.54779e7,19.7339431,CosineDist,softmax,11222.690374,7
cross_scenario,k_means,15941194,35,4.54776e7,19.7702204,CosineDist,softmax,11540.65924,7
cross_scenario,k_means,2213813141,35,4.54778e7,19.4191342,CosineDist,softmax,11266.031519,7
cross_scenario,k_means,2291375163,35,4.54771e7,16.8132645,CosineDist,softmax,11414.76142,7
cross_scenario,k_means,236500538,35,4.54777e7,17.0940725,CosineDist,softmax,11477.536017999999,7
cross_scenario,k_means,252145784,35,4.54773e7,16.7209721,CosineDist,softmax,11529.162828,7
cross_scenario,k_means,2544196106,35,4.54775e7,17.5548362,CosineDist,softmax,11194.272323,7
cross_scenario,k_means,2745802022,35,4.54779e7,19.4133541,CosineDist,softmax,10967.824026999997,7
cross_scenario,k_means,3596893902,35,4.5477e7,16.5051833,CosineDist,softmax,11722.455380999998,7
cross_scenario,k_means,1380354363,37,4.5477e7,22.0511692,CosineDist,softmax,11497.096854,7
cross_scenario,k_means,3048518942,37,4.54782e7,22.1277285,CosineDist,softmax,11475.818078999999,7
cross_scenario,k_means,3182806193,37,4.54773e7,19.2175906,CosineDist,softmax,11322.221553000001,7
cross_scenario,k_means,3244629827,37,4.54775e7,21.6343945,CosineDist,softmax,11376.326104,7
cross_scenario,k_means,3452769998,37,4.54771e7,21.5198521,CosineDist,softmax,11552.773786,7
cross_scenario,k_means,4262333788,37,4.54772e7,18.3076347,CosineDist,softmax,11468.716698,7
cross_scenario,k_means,45994245,37,4.54769e7,20.3293212,CosineDist,softmax,11315.23423,7
cross_scenario,k_means,67569244,37,4.54772e7,17.5284678,CosineDist,softmax,11242.195435,7
cross_scenario,k_means,814300562,37,4.54774e7,17.2945056,CosineDist,softmax,11589.850702,7
cross_scenario,k_means,870981686,37,4.54782e7,21.9468934,CosineDist,softmax,11493.800975999999,7
cross_scenario,k_means,1129760376,39,4.54772e7,22.4008692,CosineDist,softmax,11739.988608000001,7
cross_scenario,k_means,148104383,39,4.5477e7,20.7351255,CosineDist,softmax,11532.672285,7
cross_scenario,k_means,1655289285,39,4.54773e7,22.2597213,CosineDist,softmax,11197.857725999998,7
cross_scenario,k_means,1845695973,39,4.5477e7,22.8516965,CosineDist,softmax,11865.080204,7
cross_scenario,k_means,2121257682,39,4.54772e7,23.5523474,CosineDist,softmax,11474.472675999998,7
cross_scenario,k_means,2943233938,39,4.54779e7,20.6965804,CosineDist,softmax,11254.012250000002,7
cross_scenario,k_means,3030918353,39,4.54776e7,22.6179361,CosineDist,softmax,11062.580478999998,7
cross_scenario,k_means,3096268031,39,4.54774e7,20.2128357,CosineDist,softmax,11096.908646,7
cross_scenario,k_means,3338611973,39,4.54772e7,19.4779653,CosineDist,softmax,11837.250735,7
cross_scenario,k_means,662283236,39,4.54774e7,20.3316947,CosineDist,softmax,11396.898122,7
cross_scenario,k_means,1005104349,41,4.54768e7,19.8826324,CosineDist,softmax,11736.737382,7
cross_scenario,k_means,1534696584,41,4.54776e7,21.8853044,CosineDist,softmax,11337.956382,7
cross_scenario,k_means,225016911,41,4.54769e7,20.7105241,CosineDist,softmax,11522.502247999997,7
cross_scenario,k_means,2317592996,41,4.54771e7,24.7010331,CosineDist,softmax,11210.809948999999,7
cross_scenario,k_means,2716090479,41,4.54771e7,21.8130184,CosineDist,softmax,11509.58062,7
cross_scenario,k_means,3258958499,41,4.54772e7,22.8506058,CosineDist,softmax,11354.768106000001,7
cross_scenario,k_means,329433595,41,4.54771e7,23.7258229,CosineDist,softmax,11306.030845,7
cross_scenario,k_means,3444774395,41,4.54772e7,21.5978865,CosineDist,softmax,11772.577233,7
cross_scenario,k_means,438234340,41,4.54778e7,23.4702668,CosineDist,softmax,11246.428058999998,7
cross_scenario,k_means,953901905,41,4.54771e7,20.5812118,CosineDist,softmax,11596.166641,7
cross_scenario,k_means,1660595499,5,7.84976e7,1.3995806,CosineDist,softmax,902453.7468740001,311
cross_scenario,k_means,1714105051,5,7.075e7,1.206817,CosineDist,softmax,683226.4788109997,257
cross_scenario,k_means,2169593505,5,1.04678e8,1.2883528,CosineDist,softmax,1.5573902307960002e6,511
cross_scenario,k_means,2538991366,5,6.02248e7,1.2456131,CosineDist,softmax,429387.827496,153
cross_scenario,k_means,2909674750,5,7.70187e7,1.1555247,CosineDist,softmax,866484.057105,275
cross_scenario,k_means,3018546641,5,1.00329e8,1.1925654,CosineDist,softmax,1.4667080612740002e6,485
cross_scenario,k_means,3634057553,5,7.27396e7,1.4190192,CosineDist,softmax,754925.320182,312
cross_scenario,k_means,4139823947,5,7.85823e7,1.1623995,CosineDist,softmax,906176.4952779999,258
cross_scenario,k_means,4197766176,5,8.86251e7,1.5627262,CosineDist,softmax,1.1649227601319999e6,340
cross_scenario,k_means,5947179,5,7.08036e7,1.216756,CosineDist,softmax,704751.4669069998,231
cross_scenario,k_means,1006581332,7,7.76975e7,2.1357512,CosineDist,softmax,882189.7252539999,292
cross_scenario,k_means,1176932870,7,5.99366e7,2.5732094,CosineDist,softmax,418955.48636099993,113
cross_scenario,k_means,1821427372,7,7.06766e7,2.2763235,CosineDist,softmax,682985.972766,250
cross_scenario,k_means,2689963385,7,6.48021e7,2.2533689,CosineDist,softmax,530498.852623,180
cross_scenario,k_means,2751971336,7,8.11809e7,1.8517619,CosineDist,softmax,953821.8590869998,345
cross_scenario,k_means,3385142830,7,7.13469e7,2.1094577,CosineDist,softmax,717184.866143,217
cross_scenario,k_means,3409620994,7,6.30915e7,2.1534971,CosineDist,softmax,503168.741082,165
cross_scenario,k_means,447101461,7,6.6272e7,2.2328998,CosineDist,softmax,585557.5399430001,179
cross_scenario,k_means,468006976,7,5.73402e7,2.506292,CosineDist,softmax,351568.68362400006,108
cross_scenario,k_means,880982686,7,7.20873e7,2.1820893,CosineDist,softmax,737485.0896529999,253
cross_scenario,k_means,1130292821,9,5.75678e7,2.4378053,CosineDist,softmax,351592.518221,104
cross_scenario,k_means,1392296365,9,6.60328e7,2.6929178,CosineDist,softmax,560632.116013,201
cross_scenario,k_means,2814468992,9,5.83658e7,2.9678973,CosineDist,softmax,377378.8050570001,109
cross_scenario,k_means,3044209910,9,5.6742e7,2.3933037,CosineDist,softmax,317238.80480199994,99
cross_scenario,k_means,3261319673,9,4.54877e7,2.4647419,CosineDist,softmax,10815.259456,7
cross_scenario,k_means,3543870990,9,4.61933e7,2.4738133,CosineDist,softmax,41586.299321,17
cross_scenario,k_means,3602499071,9,4.64953e7,2.7376817,CosineDist,softmax,53473.35181,19
cross_scenario,k_means,3926221275,9,4.6124e7,2.4623055,CosineDist,softmax,38439.632698999994,17
cross_scenario,k_means,42413356,9,6.62611e7,2.552461,CosineDist,softmax,584886.750994,172
cross_scenario,k_means,697383862,9,4.64177e7,2.2028892,CosineDist,softmax,51494.31348599999,17
cross_scenario,k_means,1355586937,11,5.86539e7,4.1956725,SqEuclidean,softmax,384793.0257799999,107
cross_scenario,k_means,1768760743,11,5.66988e7,3.7652526,SqEuclidean,softmax,333474.823098,89
cross_scenario,k_means,2652796558,11,4.54865e7,3.2483268,SqEuclidean,softmax,11794.093959000002,7
cross_scenario,k_means,3000698040,11,4.54996e7,3.3089074,SqEuclidean,softmax,10531.443308000002,7
cross_scenario,k_means,3160233726,11,5.63876e7,4.0199626,SqEuclidean,softmax,307745.052959,90
cross_scenario,k_means,3479820580,11,6.49108e7,3.2953705,SqEuclidean,softmax,532249.439387,190
cross_scenario,k_means,3649546841,11,4.54842e7,3.8580516,SqEuclidean,softmax,11518.563475,7
cross_scenario,k_means,4031091536,11,4.54995e7,3.2966684,SqEuclidean,softmax,10242.989383999999,7
cross_scenario,k_means,675182737,11,4.61204e7,2.9080729,SqEuclidean,softmax,38439.632698999994,17
cross_scenario,k_means,722170199,11,4.63601e7,3.768429,SqEuclidean,softmax,49549.343337000006,17
cross_scenario,k_means,1020330993,13,5.74516e7,4.4121803,SqEuclidean,softmax,336896.347978,101
cross_scenario,k_means,1241334511,13,4.54828e7,4.6398269,SqEuclidean,softmax,11352.361381,7
cross_scenario,k_means,1561739573,13,4.64182e7,4.4896428,SqEuclidean,softmax,51494.31348599999,17
cross_scenario,k_means,2082789969,13,4.54841e7,4.7188373,SqEuclidean,softmax,11723.027717999998,7
cross_scenario,k_means,2422820678,13,5.69957e7,4.4096684,SqEuclidean,softmax,323871.01440700004,97
cross_scenario,k_means,373102896,13,4.64136e7,4.1090081,SqEuclidean,softmax,51494.31348599999,17
cross_scenario,k_means,3777256655,13,4.54782e7,5.1003209,SqEuclidean,softmax,11865.409703000001,7
cross_scenario,k_means,4101453586,13,4.54892e7,4.2718413,SqEuclidean,softmax,11695.901771999997,7
cross_scenario,k_means,419645993,13,5.65581e7,4.4277882,SqEuclidean,softmax,312585.11460200005,96
cross_scenario,k_means,772616242,13,4.54815e7,4.3318769,SqEuclidean,softmax,11696.605658,7
cross_scenario,k_means,1536731824,15,5.7596e7,5.6312779,SqEuclidean,softmax,340407.78669399995,100
cross_scenario,k_means,1944031661,15,4.54826e7,5.3375901,SqEuclidean,softmax,11945.973133000001,7
cross_scenario,k_means,195370354,15,5.70492e7,5.8570543,SqEuclidean,softmax,324661.68632900005,87
cross_scenario,k_means,2392820273,15,4.63573e7,5.4973344,SqEuclidean,softmax,49549.343337000006,17
cross_scenario,k_means,2931326369,15,4.54805e7,4.9390804,SqEuclidean,softmax,11626.179854,7
cross_scenario,k_means,3012361418,15,4.54799e7,5.02349,SqEuclidean,softmax,11355.044880000001,7
cross_scenario,k_means,3763622817,15,4.54814e7,5.4220655,SqEuclidean,softmax,10836.144871999999,7
cross_scenario,k_means,3796973136,15,5.64877e7,5.4538857,SqEuclidean,softmax,310323.645904,77
cross_scenario,k_means,3815196410,15,4.54792e7,5.3043719,SqEuclidean,softmax,11287.113766999997,7
cross_scenario,k_means,604489562,15,4.54802e7,4.7130948,SqEuclidean,softmax,10649.701665000002,7
cross_scenario,k_means,1587347134,17,4.5478e7,6.7389372,SqEuclidean,softmax,11877.049627,7
cross_scenario,k_means,186564236,17,5.68201e7,6.890413,SqEuclidean,softmax,319103.179375,90
cross_scenario,k_means,2166881926,17,5.69982e7,6.8518966,SqEuclidean,softmax,323300.1135069999,92
cross_scenario,k_means,2186186592,17,4.54788e7,6.941612,SqEuclidean,softmax,11573.834468000001,7
cross_scenario,k_means,2238747886,17,5.70727e7,7.1128251,SqEuclidean,softmax,326163.7626540001,94
cross_scenario,k_means,224585247,17,5.66432e7,6.8674525,SqEuclidean,softmax,314981.743381,90
cross_scenario,k_means,2339120676,17,4.54846e7,6.061694,SqEuclidean,softmax,11688.648878999998,7
cross_scenario,k_means,3093014142,17,4.5483e7,5.8029832,SqEuclidean,softmax,9442.607893,7
cross_scenario,k_means,3258302586,17,5.6644e7,6.4313652,SqEuclidean,softmax,315054.981578,98
cross_scenario,k_means,3629043986,17,4.54829e7,6.0295235,SqEuclidean,softmax,11691.413627999997,7
cross_scenario,k_means,1088367163,19,5.69025e7,8.197418,SqEuclidean,softmax,321885.131003,98
cross_scenario,k_means,1245540782,19,4.54789e7,8.0361792,SqEuclidean,softmax,11489.018297999999,7
cross_scenario,k_means,2410109332,19,4.54804e7,7.5167151,SqEuclidean,softmax,11767.233890999998,7
cross_scenario,k_means,2455416769,19,4.54805e7,7.0631147,SqEuclidean,softmax,11592.32457,7
cross_scenario,k_means,2591120440,19,4.5479e7,7.0404413,SqEuclidean,softmax,11691.266641000002,7
cross_scenario,k_means,2650271871,19,4.54803e7,7.8125803,SqEuclidean,softmax,11823.589740000001,7
cross_scenario,k_means,2789252227,19,4.54788e7,7.9248999,SqEuclidean,softmax,11702.310038,7
cross_scenario,k_means,3130995382,19,4.54783e7,7.1046435,SqEuclidean,softmax,11539.539439999999,7
cross_scenario,k_means,3357853995,19,4.54787e7,6.7425881,SqEuclidean,softmax,11786.220558,7
cross_scenario,k_means,824849990,19,4.54798e7,6.8208446,SqEuclidean,softmax,11507.142220000002,7
cross_scenario,k_means,1244389436,21,5.66646e7,9.1505193,SqEuclidean,softmax,315511.099581,93
cross_scenario,k_means,1393653782,21,4.54776e7,8.3896753,SqEuclidean,softmax,11476.555393,7
cross_scenario,k_means,1761682951,21,4.54797e7,8.9653341,SqEuclidean,softmax,11058.81228,7
cross_scenario,k_means,196162340,21,4.54812e7,8.6168015,SqEuclidean,softmax,10328.893755000001,7
cross_scenario,k_means,1984034111,21,5.66706e7,10.1946341,SqEuclidean,softmax,315916.430663,97
cross_scenario,k_means,2569047889,21,4.54783e7,8.3779952,SqEuclidean,softmax,10627.735342,7
cross_scenario,k_means,3286463093,21,5.62034e7,9.2038642,SqEuclidean,softmax,303763.847385,89
cross_scenario,k_means,4196464565,21,4.54825e7,9.6789224,SqEuclidean,softmax,11495.596505,7
cross_scenario,k_means,744301781,21,5.6675e7,10.0679249,SqEuclidean,softmax,315882.16653,88
cross_scenario,k_means,760014603,21,4.54815e7,8.8261853,SqEuclidean,softmax,11497.14616,7
cross_scenario,k_means,2193967569,23,4.54794e7,9.1949195,SqEuclidean,softmax,11659.676022,7
cross_scenario,k_means,2546464051,23,4.54786e7,9.4956721,SqEuclidean,softmax,11878.464803,7
cross_scenario,k_means,2938742229,23,4.54785e7,11.0472373,SqEuclidean,softmax,10975.104404000002,7
cross_scenario,k_means,313447314,23,4.54783e7,9.355112,SqEuclidean,softmax,11156.120214,7
cross_scenario,k_means,3164855826,23,4.54803e7,10.1410893,SqEuclidean,softmax,11256.424965999999,7
cross_scenario,k_means,3173192974,23,4.54781e7,11.0759482,SqEuclidean,softmax,11124.748378,7
cross_scenario,k_means,3527549645,23,4.548e7,9.2829749,SqEuclidean,softmax,11289.130148999999,7
cross_scenario,k_means,3913193451,23,4.54781e7,10.0651085,SqEuclidean,softmax,11012.650174000002,7
cross_scenario,k_means,714332685,23,4.54787e7,9.5468076,SqEuclidean,softmax,11657.580187,7
cross_scenario,k_means,890890131,23,4.5479e7,11.3765575,SqEuclidean,softmax,11577.854994000001,7
cross_scenario,k_means,1134130444,25,4.54773e7,10.9750816,SqEuclidean,softmax,11341.917463,7
cross_scenario,k_means,2658990538,25,4.54783e7,10.5858112,SqEuclidean,softmax,11559.071369,7
cross_scenario,k_means,2726541456,25,4.54778e7,10.9510096,SqEuclidean,softmax,11669.077215000001,7
cross_scenario,k_means,2894918851,25,4.54773e7,10.8272881,SqEuclidean,softmax,10959.134923,7
cross_scenario,k_means,3351175237,25,4.54782e7,12.230454,SqEuclidean,softmax,11801.907399,7
cross_scenario,k_means,343301208,25,4.54784e7,10.5747053,SqEuclidean,softmax,11098.368654000002,7
cross_scenario,k_means,4135971217,25,4.54779e7,10.8256209,SqEuclidean,softmax,11231.068802,7
cross_scenario,k_means,4145110716,25,4.54787e7,10.901293,SqEuclidean,softmax,11342.568768000001,7
cross_scenario,k_means,448376330,25,4.54774e7,10.864485,SqEuclidean,softmax,11456.564546,7
cross_scenario,k_means,47449323,25,4.54801e7,12.9474897,SqEuclidean,softmax,11432.371367000002,7
cross_scenario,k_means,1161276258,27,4.54783e7,12.5677583,SqEuclidean,softmax,11625.271372,7
cross_scenario,k_means,1233541653,27,4.54772e7,13.6756898,SqEuclidean,softmax,11532.672285,7
cross_scenario,k_means,1267936167,27,4.54806e7,12.4742323,SqEuclidean,softmax,12026.839179,7
cross_scenario,k_means,1653248667,27,4.54777e7,12.4003538,SqEuclidean,softmax,11234.260253999999,7
cross_scenario,k_means,2437521778,27,4.54775e7,12.4258071,SqEuclidean,softmax,11506.309733000002,7
cross_scenario,k_means,2524306086,27,4.54778e7,13.3956351,SqEuclidean,softmax,10901.69667,7
cross_scenario,k_means,2606414571,27,4.54777e7,11.6008849,SqEuclidean,softmax,11395.506849000001,7
cross_scenario,k_means,2821296471,27,4.5478e7,12.8481304,SqEuclidean,softmax,11030.584809,7
cross_scenario,k_means,3155655383,27,4.54789e7,11.3939757,SqEuclidean,softmax,11196.683494000003,7
cross_scenario,k_means,463779685,27,4.54772e7,12.9266185,SqEuclidean,softmax,11532.672285,7
cross_scenario,k_means,1113698075,29,4.54771e7,14.2502384,SqEuclidean,softmax,11421.368319,7
cross_scenario,k_means,1125327650,29,4.54796e7,14.8654001,SqEuclidean,softmax,11349.011615,7
cross_scenario,k_means,1398119942,29,4.54783e7,12.8494968,SqEuclidean,softmax,11519.290152,7
cross_scenario,k_means,1669407957,29,4.54778e7,13.6748843,SqEuclidean,softmax,11360.193759,7
cross_scenario,k_means,1792506398,29,4.54772e7,13.6982612,SqEuclidean,softmax,11542.848553000002,7
cross_scenario,k_means,2439649745,29,4.54781e7,13.630344,SqEuclidean,softmax,11490.381022999998,7
cross_scenario,k_means,2730667678,29,4.54781e7,14.10615,SqEuclidean,softmax,11339.267220000002,7
cross_scenario,k_means,2843080965,29,4.54778e7,12.7581008,SqEuclidean,softmax,10933.424096,7
cross_scenario,k_means,3434031776,29,4.54781e7,14.2751924,SqEuclidean,softmax,11289.130148999999,7
cross_scenario,k_means,950202798,29,4.54777e7,14.4802969,SqEuclidean,softmax,11693.490418,7
cross_scenario,k_means,1042382051,3,1.19639e8,0.6885286,SqEuclidean,softmax,1.964796830184e6,658
cross_scenario,k_means,1617230705,3,2.63914e8,0.6800179,SqEuclidean,softmax,5.665914415564e6,2093
cross_scenario,k_means,1690918982,3,1.15119e8,0.9009803,SqEuclidean,softmax,1.8485387962379998e6,689
cross_scenario,k_means,2011904635,3,1.06648e8,0.6259121,SqEuclidean,softmax,1.6289208317139999e6,566
cross_scenario,k_means,208019063,3,1.19639e8,0.6602556,SqEuclidean,softmax,1.964796830184e6,658
cross_scenario,k_means,2175589206,3,1.2001e8,0.6886609,SqEuclidean,softmax,1.9735313018720003e6,717
cross_scenario,k_means,2331872192,3,1.273e8,0.677127,SqEuclidean,softmax,2.1616203822639994e6,797
cross_scenario,k_means,2859914000,3,1.15119e8,0.646987,SqEuclidean,softmax,1.8485387962379998e6,689
cross_scenario,k_means,3409952330,3,1.18762e8,0.6751007,SqEuclidean,softmax,1.942291740582e6,696
cross_scenario,k_means,488813374,3,1.29846e8,0.7086808,SqEuclidean,softmax,2.226144451737e6,787
cross_scenario,k_means,1349996306,31,4.54782e7,16.3534289,SqEuclidean,softmax,11381.645378000001,7
cross_scenario,k_means,1462714024,31,4.54775e7,15.4430386,SqEuclidean,softmax,11239.712703,7
cross_scenario,k_means,1579127763,31,4.54773e7,15.0667797,SqEuclidean,softmax,11517.828794000001,7
cross_scenario,k_means,1648351254,31,4.54773e7,14.3992053,SqEuclidean,softmax,11547.385835,7
cross_scenario,k_means,2030289235,31,4.54777e7,15.0473502,SqEuclidean,softmax,11626.063759,7
cross_scenario,k_means,2462588561,31,4.5478e7,15.1804653,SqEuclidean,softmax,11296.478075000003,7
cross_scenario,k_means,2929172095,31,4.54773e7,13.9943873,SqEuclidean,softmax,11200.253926000001,7
cross_scenario,k_means,2944528308,31,4.54775e7,15.4626719,SqEuclidean,softmax,11403.633775,7
cross_scenario,k_means,295145311,31,4.54793e7,15.9191343,SqEuclidean,softmax,11267.045103,7
cross_scenario,k_means,3899371692,31,4.54778e7,14.5029625,SqEuclidean,softmax,11865.079598999999,7
cross_scenario,k_means,1038419084,33,4.54776e7,16.2186429,SqEuclidean,softmax,11487.048625000001,7
cross_scenario,k_means,1109759726,33,4.54771e7,16.9429133,SqEuclidean,softmax,11533.508293,7
cross_scenario,k_means,1963882461,33,4.54769e7,16.0580564,SqEuclidean,softmax,11542.848553000002,7
cross_scenario,k_means,1989163906,33,4.54778e7,16.210264,SqEuclidean,softmax,11339.222465,7
cross_scenario,k_means,2479233904,33,4.54772e7,17.8508436,SqEuclidean,softmax,11421.368319,7
cross_scenario,k_means,2497612078,33,4.54775e7,15.6814564,SqEuclidean,softmax,11404.912306,7
cross_scenario,k_means,3214090957,33,4.54781e7,16.9279503,SqEuclidean,softmax,11252.577964999999,7
cross_scenario,k_means,3465092140,33,4.54773e7,16.9195345,SqEuclidean,softmax,11421.663208999998,7
cross_scenario,k_means,4061834237,33,4.54771e7,16.6213337,SqEuclidean,softmax,11111.406479000001,7
cross_scenario,k_means,52313467,33,4.54779e7,16.2701555,SqEuclidean,softmax,11238.346513999999,7
cross_scenario,k_means,1208640119,35,4.54777e7,20.0274758,SqEuclidean,softmax,11171.998451,7
cross_scenario,k_means,1428058240,35,4.54785e7,17.3524208,SqEuclidean,softmax,11269.194913999998,7
cross_scenario,k_means,15941194,35,4.54773e7,17.1761967,SqEuclidean,softmax,11551.539835,7
cross_scenario,k_means,2213813141,35,4.54778e7,17.1255108,SqEuclidean,softmax,11266.031519,7
cross_scenario,k_means,2291375163,35,4.54771e7,17.797248,SqEuclidean,softmax,11414.76142,7
cross_scenario,k_means,236500538,35,4.54777e7,17.0112177,SqEuclidean,softmax,11298.668188,7
cross_scenario,k_means,252145784,35,4.54773e7,15.6589119,SqEuclidean,softmax,11615.12808,7
cross_scenario,k_means,2544196106,35,4.54771e7,17.9122748,SqEuclidean,softmax,11291.520097,7
cross_scenario,k_means,2745802022,35,4.54779e7,16.0424057,SqEuclidean,softmax,10933.099838999999,7
cross_scenario,k_means,3596893902,35,4.54769e7,17.6669101,SqEuclidean,softmax,11778.450186999999,7
cross_scenario,k_means,1380354363,37,4.54769e7,18.9565005,SqEuclidean,softmax,11461.5192,7
cross_scenario,k_means,3048518942,37,4.54781e7,21.8642326,SqEuclidean,softmax,11497.883264,7
cross_scenario,k_means,3182806193,37,4.54773e7,18.0076236,SqEuclidean,softmax,11343.909058,7
cross_scenario,k_means,3244629827,37,4.54775e7,18.4096118,SqEuclidean,softmax,11371.153639999999,7
cross_scenario,k_means,3452769998,37,4.54771e7,19.1385979,SqEuclidean,softmax,11159.310522000002,7
cross_scenario,k_means,4262333788,37,4.54772e7,16.6634678,SqEuclidean,softmax,11499.60787,7
cross_scenario,k_means,45994245,37,4.5477e7,18.0116023,SqEuclidean,softmax,11314.765581,7
cross_scenario,k_means,67569244,37,4.54774e7,18.2340662,SqEuclidean,softmax,11242.195435,7
cross_scenario,k_means,814300562,37,4.54774e7,17.1753957,SqEuclidean,softmax,11637.827253000001,7
cross_scenario,k_means,870981686,37,4.54785e7,17.8251914,SqEuclidean,softmax,11677.507429000001,7
cross_scenario,k_means,1129760376,39,4.54772e7,18.3610182,SqEuclidean,softmax,11860.377394,7
cross_scenario,k_means,148104383,39,4.54772e7,20.3016981,SqEuclidean,softmax,11674.926728999999,7
cross_scenario,k_means,1655289285,39,4.54773e7,19.1004977,SqEuclidean,softmax,11259.591260000001,7
cross_scenario,k_means,1845695973,39,4.5477e7,21.5746331,SqEuclidean,softmax,11689.51829,7
cross_scenario,k_means,2121257682,39,4.54771e7,20.0992075,SqEuclidean,softmax,11607.695401,7
cross_scenario,k_means,2943233938,39,4.54777e7,21.0113439,SqEuclidean,softmax,11286.259582000002,7
cross_scenario,k_means,3030918353,39,4.54775e7,19.7391972,SqEuclidean,softmax,11094.803793999998,7
cross_scenario,k_means,3096268031,39,4.54774e7,19.593152,SqEuclidean,softmax,11017.270602,7
cross_scenario,k_means,3338611973,39,4.54771e7,18.2423757,SqEuclidean,softmax,11797.642961,7
cross_scenario,k_means,662283236,39,4.54774e7,19.6587368,SqEuclidean,softmax,11396.898122,7
cross_scenario,k_means,1005104349,41,4.54768e7,20.3696518,SqEuclidean,softmax,11647.045633,7
cross_scenario,k_means,1534696584,41,4.54782e7,23.5381018,SqEuclidean,softmax,11478.332314000001,7
cross_scenario,k_means,225016911,41,4.54772e7,22.2831376,SqEuclidean,softmax,11328.172348,7
cross_scenario,k_means,2317592996,41,4.5477e7,21.8790241,SqEuclidean,softmax,11229.043914,7
cross_scenario,k_means,2716090479,41,4.54771e7,22.0487324,SqEuclidean,softmax,11514.880077999998,7
cross_scenario,k_means,3258958499,41,4.54772e7,23.2046875,SqEuclidean,softmax,11426.922099,7
cross_scenario,k_means,329433595,41,4.54771e7,21.8853681,SqEuclidean,softmax,11306.030845,7
cross_scenario,k_means,3444774395,41,4.54772e7,20.8273035,SqEuclidean,softmax,11776.307473000003,7
cross_scenario,k_means,438234340,41,4.54778e7,20.25718,SqEuclidean,softmax,11245.923082000001,7
cross_scenario,k_means,953901905,41,4.5477e7,21.3070619,SqEuclidean,softmax,11596.166641,7
cross_scenario,k_means,1660595499,5,9.00695e7,1.7097975,SqEuclidean,softmax,1.202462002595e6,422
cross_scenario,k_means,1714105051,5,7.4193e7,1.3792941,SqEuclidean,softmax,772932.4527770001,267
cross_scenario,k_means,2169593505,5,1.12126e8,1.324686,SqEuclidean,softmax,1.748685761825e6,562
cross_scenario,k_means,2538991366,5,6.43422e7,1.2493402,SqEuclidean,softmax,537437.458394,198
cross_scenario,k_means,2909674750,5,9.97665e7,1.3042881,SqEuclidean,softmax,1.4528250524e6,499
cross_scenario,k_means,3018546641,5,1.00329e8,1.156027,SqEuclidean,softmax,1.4667080612740002e6,485
cross_scenario,k_means,3634057553,5,7.96178e7,1.6982321,SqEuclidean,softmax,931138.4423250001,315
cross_scenario,k_means,4139823947,5,7.92537e7,1.259374,SqEuclidean,softmax,924207.6861820001,305
cross_scenario,k_means,4197766176,5,9.43501e7,1.303934,SqEuclidean,softmax,1.3119573893370004e6,413
cross_scenario,k_means,5947179,5,7.02984e7,1.7854209,SqEuclidean,softmax,691951.320498,230
cross_scenario,k_means,1006581332,7,8.09322e7,2.266434,SqEuclidean,softmax,966343.942276,306
cross_scenario,k_means,1176932870,7,5.89988e7,2.2670849,SqEuclidean,softmax,394970.9839699999,110
cross_scenario,k_means,1821427372,7,7.43825e7,2.2367337,SqEuclidean,softmax,779365.5807480001,269
cross_scenario,k_means,2689963385,7,6.46511e7,2.1472457,SqEuclidean,softmax,525823.213211,189
cross_scenario,k_means,2751971336,7,8.36749e7,2.2195372,SqEuclidean,softmax,1.0190690044559998e6,330
cross_scenario,k_means,3385142830,7,6.46282e7,1.8352008,SqEuclidean,softmax,543821.7902309999,171
cross_scenario,k_means,3409620994,7,6.42046e7,1.9254806,SqEuclidean,softmax,532629.8646849999,188
cross_scenario,k_means,447101461,7,6.6491e7,2.1218129,SqEuclidean,softmax,591169.6084020002,204
cross_scenario,k_means,468006976,7,5.79755e7,2.2825418,SqEuclidean,softmax,368785.88489700004,151
cross_scenario,k_means,880982686,7,7.15707e7,2.1869317,SqEuclidean,softmax,724435.8759209999,277
cross_scenario,k_means,1130292821,9,6.50979e7,2.6130486,SqEuclidean,softmax,550179.1796690001,179
cross_scenario,k_means,1392296365,9,6.5114e7,2.7210357,SqEuclidean,softmax,537057.606531,178
cross_scenario,k_means,2814468992,9,5.83658e7,2.8169655,SqEuclidean,softmax,377378.8050570001,109
cross_scenario,k_means,3044209910,9,5.78985e7,2.6841461,SqEuclidean,softmax,347836.24379000004,108
cross_scenario,k_means,3261319673,9,4.55039e7,2.810741,SqEuclidean,softmax,10619.290947,7
cross_scenario,k_means,3543870990,9,4.61933e7,2.9001288,SqEuclidean,softmax,41586.299321,17
cross_scenario,k_means,3602499071,9,4.6443e7,2.8593565,SqEuclidean,softmax,51494.31348599999,17
cross_scenario,k_means,3926221275,9,4.63628e7,2.6581225,SqEuclidean,softmax,49549.343337000006,17
cross_scenario,k_means,42413356,9,6.00037e7,2.9363093,SqEuclidean,softmax,421023.562171,128
cross_scenario,k_means,697383862,9,4.64177e7,2.3435786,SqEuclidean,softmax,51494.31348599999,17
cross_scenario,conical_hull,0,11,4.43817e7,3.5619672,SqEuclidean,centered,9850.258436999999,7
cross_scenario,conical_hull,0,13,4.435e7,4.0238518,SqEuclidean,centered,10850.063788,7
cross_scenario,conical_hull,0,15,4.43032e7,5.4925537,SqEuclidean,centered,9501.083051,7
cross_scenario,conical_hull,0,17,4.43054e7,7.1799178,SqEuclidean,centered,9458.235883000001,7
cross_scenario,conical_hull,0,19,4.42323e7,6.4880898,SqEuclidean,centered,10046.07778,7
cross_scenario,conical_hull,0,21,4.42118e7,9.4559106,SqEuclidean,centered,10038.632082,7
cross_scenario,conical_hull,0,23,4.42114e7,9.9355143,SqEuclidean,centered,9361.530111,7
cross_scenario,conical_hull,0,25,4.4211e7,13.1506728,SqEuclidean,centered,9663.568447,7
cross_scenario,conical_hull,0,27,4.42088e7,13.6911809,SqEuclidean,centered,9220.646537999999,7
cross_scenario,conical_hull,0,29,4.42146e7,15.0107092,SqEuclidean,centered,9875.622715999998,7
cross_scenario,conical_hull,0,3,4.80039e7,0.7516638,SqEuclidean,centered,0.0,0
cross_scenario,conical_hull,0,31,4.41963e7,18.0903515,SqEuclidean,centered,9412.674490000001,7
cross_scenario,conical_hull,0,33,4.41864e7,17.9433657,SqEuclidean,centered,9552.495432,7
cross_scenario,conical_hull,0,35,4.41841e7,19.7663132,SqEuclidean,centered,9258.252837,7
cross_scenario,conical_hull,0,37,4.4178e7,21.2109618,SqEuclidean,centered,9458.597547,7
cross_scenario,conical_hull,0,39,4.41723e7,25.5344647,SqEuclidean,centered,8991.752802,7
cross_scenario,conical_hull,0,41,4.41749e7,26.1023481,SqEuclidean,centered,9351.226537999999,7
cross_scenario,conical_hull,0,5,4.45993e7,1.4094055,SqEuclidean,centered,10207.788293,7
cross_scenario,conical_hull,0,7,4.45745e7,2.1479571,SqEuclidean,centered,9756.472481,7
cross_scenario,conical_hull,0,9,4.45368e7,2.8207284,SqEuclidean,centered,13754.482715999999,7
cross_scenario,conical_hull,0,11,5.50685e7,3.8496107,SqEuclidean,close,66457.45220699998,60
cross_scenario,conical_hull,0,13,5.50778e7,4.9300911,SqEuclidean,close,66838.180701,42
cross_scenario,conical_hull,0,15,5.50044e7,6.3591115,SqEuclidean,close,65346.219526,51
cross_scenario,conical_hull,0,17,5.47526e7,8.8196861,SqEuclidean,close,59092.046965,48
cross_scenario,conical_hull,0,19,5.44206e7,8.9117394,SqEuclidean,close,51135.84267,46
cross_scenario,conical_hull,0,21,5.3431e7,8.8293449,SqEuclidean,close,22058.971545999997,23
cross_scenario,conical_hull,0,23,5.35147e7,10.0416032,SqEuclidean,close,24176.141506000004,21
cross_scenario,conical_hull,0,25,5.34312e7,12.5455709,SqEuclidean,close,28349.621333,31
cross_scenario,conical_hull,0,27,5.34037e7,14.0219632,SqEuclidean,close,27656.527629,28
cross_scenario,conical_hull,0,29,5.28018e7,18.479798,SqEuclidean,close,9442.805035,10
cross_scenario,conical_hull,0,3,7.99456e7,0.7700274,SqEuclidean,close,745578.3618160002,492
cross_scenario,conical_hull,0,31,5.28115e7,18.9759332,SqEuclidean,close,23741.449115,32
cross_scenario,conical_hull,0,33,5.28084e7,19.1068158,SqEuclidean,close,23692.562024,31
cross_scenario,conical_hull,0,35,5.26586e7,19.5913125,SqEuclidean,close,16028.178563000001,25
cross_scenario,conical_hull,0,37,5.26585e7,20.1881864,SqEuclidean,close,16030.117765,25
cross_scenario,conical_hull,0,39,5.255e7,20.751421,SqEuclidean,close,9644.829469999999,15
cross_scenario,conical_hull,0,41,5.25527e7,21.3514561,SqEuclidean,close,9630.416238999998,15
cross_scenario,conical_hull,0,5,7.92442e7,1.5140436,SqEuclidean,close,736265.0829189998,456
cross_scenario,conical_hull,0,7,5.70942e7,2.0877599,SqEuclidean,close,144451.36706400002,119
cross_scenario,conical_hull,0,9,5.69243e7,2.7015506,SqEuclidean,close,143014.50353800002,129
cross_scenario,conical_hull,0,11,6.78663e7,4.413493,SqEuclidean,closemixed,430429.24349799997,268
cross_scenario,conical_hull,0,13,6.75355e7,5.0849756,SqEuclidean,closemixed,421701.4508770001,270
cross_scenario,conical_hull,0,15,6.82357e7,7.1994761,SqEuclidean,closemixed,439655.37000800006,275
cross_scenario,conical_hull,0,17,6.71987e7,8.7344875,SqEuclidean,closemixed,414798.708581,261
cross_scenario,conical_hull,0,19,6.46397e7,10.4137137,SqEuclidean,closemixed,351460.187547,209
cross_scenario,conical_hull,0,21,5.5323e7,9.5295884,SqEuclidean,closemixed,100127.470691,98
cross_scenario,conical_hull,0,23,5.53118e7,9.9228909,SqEuclidean,closemixed,100176.99711499999,98
cross_scenario,conical_hull,0,25,5.53016e7,10.9529934,SqEuclidean,closemixed,99894.06844499998,96
cross_scenario,conical_hull,0,27,5.53079e7,12.8155043,SqEuclidean,closemixed,99735.42850099999,93
cross_scenario,conical_hull,0,29,5.46285e7,14.0931755,SqEuclidean,closemixed,82210.957367,80
cross_scenario,conical_hull,0,3,9.41347e7,0.5962583,SqEuclidean,closemixed,1.10120709066e6,445
cross_scenario,conical_hull,0,31,5.47225e7,17.3672472,SqEuclidean,closemixed,84583.62891,80
cross_scenario,conical_hull,0,33,5.4825e7,16.4946259,SqEuclidean,closemixed,87827.930008,82
cross_scenario,conical_hull,0,35,5.45803e7,20.1782448,SqEuclidean,closemixed,80150.09858800001,76
cross_scenario,conical_hull,0,37,5.30305e7,21.368933,SqEuclidean,closemixed,32916.851857999995,35
cross_scenario,conical_hull,0,39,5.29581e7,22.739332,SqEuclidean,closemixed,30536.191462999996,31
cross_scenario,conical_hull,0,41,5.31467e7,1384.6647017,SqEuclidean,closemixed,37776.72380399999,33
cross_scenario,conical_hull,0,5,9.44474e7,1.4164102,SqEuclidean,closemixed,1.10921389944e6,408
cross_scenario,conical_hull,0,7,9.65916e7,2.320782,SqEuclidean,closemixed,1.164015499847e6,467
cross_scenario,conical_hull,0,9,9.62743e7,3.0666883,SqEuclidean,closemixed,1.1558439931459995e6,426
cross_scenario,conical_hull,0,11,4.55054e7,3.7108631,SqEuclidean,softmax,9990.372336,7
cross_scenario,conical_hull,0,13,4.55176e7,4.7965869,SqEuclidean,softmax,10195.962348000001,7
cross_scenario,conical_hull,0,15,4.55152e7,6.6060309,SqEuclidean,softmax,10009.722538000002,7
cross_scenario,conical_hull,0,17,4.54882e7,6.0053486,SqEuclidean,softmax,13531.293403999998,7
cross_scenario,conical_hull,0,19,4.54883e7,7.3792803,SqEuclidean,softmax,13605.397197,7
cross_scenario,conical_hull,0,21,4.54885e7,8.9819308,SqEuclidean,softmax,13797.467367000001,7
cross_scenario,conical_hull,0,23,4.54884e7,8.7525453,SqEuclidean,softmax,13751.361904,7
cross_scenario,conical_hull,0,25,4.54882e7,11.1947381,SqEuclidean,softmax,13654.061119,7
cross_scenario,conical_hull,0,27,4.54877e7,12.2295897,SqEuclidean,softmax,14449.328135,7
cross_scenario,conical_hull,0,29,4.54866e7,13.9309634,SqEuclidean,softmax,14079.682408,7
cross_scenario,conical_hull,0,3,4.72053e7,0.6111362,SqEuclidean,softmax,0.0,0
cross_scenario,conical_hull,0,31,4.54866e7,14.837559,SqEuclidean,softmax,14080.515424,7
cross_scenario,conical_hull,0,33,4.54865e7,16.4448383,SqEuclidean,softmax,15740.549533,7
cross_scenario,conical_hull,0,35,4.54859e7,17.675885,SqEuclidean,softmax,15788.578824,7
cross_scenario,conical_hull,0,37,4.54794e7,18.6611122,SqEuclidean,softmax,12626.286578000001,7
cross_scenario,conical_hull,0,39,4.54793e7,19.9340154,SqEuclidean,softmax,12154.865088999999,7
cross_scenario,conical_hull,0,41,4.54794e7,20.4170224,SqEuclidean,softmax,12162.993955,7
cross_scenario,conical_hull,0,5,4.63139e7,1.2996489,SqEuclidean,softmax,10285.2288,7
cross_scenario,conical_hull,0,7,4.55123e7,2.0140924,SqEuclidean,softmax,11144.972354,7
cross_scenario,conical_hull,0,9,4.55057e7,2.9566534,SqEuclidean,softmax,9990.372336,7
