method,clustering,seed,num_periods,cost,time,distance,data,loss,loss_ct
cross_scenario,convex_hull,0,11,4.46211e7,6.5017021,CosineDist,centered,11005.073398,7
cross_scenario,convex_hull,0,13,4.4731e7,6.3781393,CosineDist,centered,11641.106905000002,10
cross_scenario,convex_hull,0,15,4.4697e7,6.2694647,CosineDist,centered,11227.051077999999,7
cross_scenario,convex_hull,0,17,4.46447e7,5.8392406,CosineDist,centered,11545.684757,7
cross_scenario,convex_hull,0,19,4.46544e7,6.2102832,CosineDist,centered,10846.209481,7
cross_scenario,convex_hull,0,21,4.46403e7,5.8058733,CosineDist,centered,11045.137417999998,7
cross_scenario,convex_hull,0,23,4.464e7,6.4631778,CosineDist,centered,10789.540863999999,7
cross_scenario,convex_hull,0,25,4.46359e7,5.9683728,CosineDist,centered,10198.229711,7
cross_scenario,convex_hull,0,27,4.45968e7,6.5989067,CosineDist,centered,11184.017710999999,7
cross_scenario,convex_hull,0,29,4.45891e7,6.2520145,CosineDist,centered,11183.108709,7
cross_scenario,convex_hull,0,3,4.70105e7,5.8528947,CosineDist,centered,0.0,0
cross_scenario,convex_hull,0,31,4.45816e7,7.0548104,CosineDist,centered,11555.809706,7
cross_scenario,convex_hull,0,33,4.45874e7,6.901134,CosineDist,centered,11563.663454,7
cross_scenario,convex_hull,0,35,4.45274e7,6.3531028,CosineDist,centered,10750.35874,7
cross_scenario,convex_hull,0,37,4.45303e7,6.6813824,CosineDist,centered,10943.528476000001,7
cross_scenario,convex_hull,0,39,4.45412e7,6.7752008,CosineDist,centered,10584.486813999998,7
cross_scenario,convex_hull,0,41,4.45371e7,6.4784456,CosineDist,centered,11285.343948,7
cross_scenario,convex_hull,0,5,4.47144e7,7.6513946,CosineDist,centered,10387.170553,7
cross_scenario,convex_hull,0,7,4.4778e7,7.174899,CosineDist,centered,11174.179163000003,7
cross_scenario,convex_hull,0,9,4.47305e7,5.9892562,CosineDist,centered,11177.270413,7
cross_scenario,convex_hull,0,11,4.47772e7,6.5365739,SqEuclidean,centered,8890.489428,7
cross_scenario,convex_hull,0,13,4.47209e7,5.7442833,SqEuclidean,centered,8664.876192,7
cross_scenario,convex_hull,0,15,4.46949e7,5.8682964,SqEuclidean,centered,8112.365067999999,7
cross_scenario,convex_hull,0,17,4.46477e7,5.8811177,SqEuclidean,centered,8100.495001,7
cross_scenario,convex_hull,0,19,4.46554e7,6.3650255,SqEuclidean,centered,11109.503799999999,7
cross_scenario,convex_hull,0,21,4.46552e7,6.4774543,SqEuclidean,centered,10988.653357,7
cross_scenario,convex_hull,0,23,4.46187e7,6.5137791,SqEuclidean,centered,10765.169385,7
cross_scenario,convex_hull,0,25,4.46138e7,6.7578961,SqEuclidean,centered,10431.062324,7
cross_scenario,convex_hull,0,27,4.46094e7,6.3930233,SqEuclidean,centered,10501.735512,7
cross_scenario,convex_hull,0,29,4.46115e7,6.1629962,SqEuclidean,centered,10506.093277999998,7
cross_scenario,convex_hull,0,3,4.99771e7,5.8235284,SqEuclidean,centered,9322.465516,16
cross_scenario,convex_hull,0,31,4.461e7,6.5602601,SqEuclidean,centered,10318.890841,7
cross_scenario,convex_hull,0,33,4.45989e7,6.6584049,SqEuclidean,centered,10644.034112999998,7
cross_scenario,convex_hull,0,35,4.45884e7,6.8639641,SqEuclidean,centered,10735.707042,7
cross_scenario,convex_hull,0,37,4.45889e7,6.2333612,SqEuclidean,centered,10825.602704,7
cross_scenario,convex_hull,0,39,4.45572e7,6.6398196,SqEuclidean,centered,11744.873437,7
cross_scenario,convex_hull,0,41,4.45506e7,6.5002029,SqEuclidean,centered,12360.867109,7
cross_scenario,convex_hull,0,5,4.50034e7,6.4118314,SqEuclidean,centered,6218.552072,7
cross_scenario,convex_hull,0,7,4.48811e7,6.6211162,SqEuclidean,centered,11546.107787,7
cross_scenario,convex_hull,0,9,4.47782e7,5.4180106,SqEuclidean,centered,9376.411022,7
cross_scenario,k_medoids,1355586937,11,1.24332e8,5.2461912,CosineDist,centered,2.121952110697e6,662
cross_scenario,k_medoids,1768760743,11,1.29943e8,4.7007292,CosineDist,centered,2.2664212249760004e6,830
cross_scenario,k_medoids,2652796558,11,4.47366e7,5.9980782,CosineDist,centered,8208.318366,7
cross_scenario,k_medoids,3000698040,11,1.09183e8,5.2369281,CosineDist,centered,1.730467042505e6,544
cross_scenario,k_medoids,3160233726,11,5.03272e7,5.8369615,CosineDist,centered,169621.22682600003,116
cross_scenario,k_medoids,3479820580,11,9.51191e7,5.9498554,CosineDist,centered,1.3653189503349997e6,349
cross_scenario,k_medoids,3649546841,11,1.2272e8,5.3978611,CosineDist,centered,2.0776181796449998e6,804
cross_scenario,k_medoids,4031091536,11,4.45545e7,5.7437237,CosineDist,centered,6678.277650999999,7
cross_scenario,k_medoids,675182737,11,1.07279e8,5.7422756,CosineDist,centered,1.668484857693e6,417
cross_scenario,k_medoids,722170199,11,1.28991e8,5.4511185,CosineDist,centered,2.240841861409e6,770
cross_scenario,k_medoids,1020330993,13,4.72777e7,5.6859747,CosineDist,centered,92661.64164000003,58
cross_scenario,k_medoids,1241334511,13,4.45484e7,5.8286828,CosineDist,centered,6449.467651,7
cross_scenario,k_medoids,1561739573,13,4.45931e7,5.7129702,CosineDist,centered,7656.840401,7
cross_scenario,k_medoids,2082789969,13,4.45849e7,5.8423941,CosineDist,centered,8682.844009,7
cross_scenario,k_medoids,2422820678,13,4.45795e7,6.1676714,CosineDist,centered,8082.173541,7
cross_scenario,k_medoids,373102896,13,1.02448e8,5.4817319,CosineDist,centered,1.558465892889e6,416
cross_scenario,k_medoids,3777256655,13,4.45456e7,6.3183283,CosineDist,centered,7720.397317999999,7
cross_scenario,k_medoids,4101453586,13,1.1257e8,5.1983628,CosineDist,centered,1.807565112834e6,458
cross_scenario,k_medoids,419645993,13,1.05466e8,5.9218819,CosineDist,centered,1.6236490553859996e6,414
cross_scenario,k_medoids,772616242,13,4.45649e7,5.9817214,CosineDist,centered,8977.854311,7
cross_scenario,k_medoids,1536731824,15,4.45643e7,5.6718326,CosineDist,centered,7735.604982,7
cross_scenario,k_medoids,1944031661,15,9.39139e7,5.6275602,CosineDist,centered,1.318546373847e6,312
cross_scenario,k_medoids,195370354,15,4.95646e7,5.5102473,CosineDist,centered,150399.489267,106
cross_scenario,k_medoids,2392820273,15,1.15292e8,5.479491,CosineDist,centered,1.8853749259940004e6,609
cross_scenario,k_medoids,2931326369,15,8.86721e7,5.544046,CosineDist,centered,1.188490465493e6,270
cross_scenario,k_medoids,3012361418,15,4.45322e7,5.9229376,CosineDist,centered,8757.84044,7
cross_scenario,k_medoids,3763622817,15,9.74199e7,5.8492074,CosineDist,centered,1.4139158123030001e6,349
cross_scenario,k_medoids,3796973136,15,1.08474e8,5.5286581,CosineDist,centered,1.703010020955e6,554
cross_scenario,k_medoids,3815196410,15,4.45645e7,5.6723107,CosineDist,centered,7305.779489,7
cross_scenario,k_medoids,604489562,15,4.4625e7,6.0657202,CosineDist,centered,12748.915705,7
cross_scenario,k_medoids,1587347134,17,1.07695e8,6.1029644,CosineDist,centered,1.6796234184179998e6,429
cross_scenario,k_medoids,186564236,17,4.70917e7,5.6300769,CosineDist,centered,89693.68604299998,57
cross_scenario,k_medoids,2166881926,17,4.45681e7,5.90753,CosineDist,centered,12443.062272,7
cross_scenario,k_medoids,2186186592,17,4.45228e7,5.8652091,CosineDist,centered,7010.410408,7
cross_scenario,k_medoids,2238747886,17,1.16357e8,5.604349,CosineDist,centered,1.918445274191e6,579
cross_scenario,k_medoids,224585247,17,1.01754e8,5.7368793,CosineDist,centered,1.5406787709779993e6,398
cross_scenario,k_medoids,2339120676,17,4.45864e7,5.6147603,CosineDist,centered,7608.116122,7
cross_scenario,k_medoids,3093014142,17,4.45471e7,6.0718388,CosineDist,centered,8632.332187,7
cross_scenario,k_medoids,3258302586,17,1.22033e8,6.2260254,CosineDist,centered,2.0629576251130004e6,724
cross_scenario,k_medoids,3629043986,17,4.45662e7,6.0287221,CosineDist,centered,6462.032786,7
cross_scenario,k_medoids,1088367163,19,4.6617e7,5.6436763,CosineDist,centered,76437.044589,52
cross_scenario,k_medoids,1245540782,19,4.45903e7,5.9758092,CosineDist,centered,8392.848686,7
cross_scenario,k_medoids,2410109332,19,4.45277e7,6.2802953,CosineDist,centered,10234.344500000001,7
cross_scenario,k_medoids,2455416769,19,4.45514e7,5.7213355,CosineDist,centered,10369.661794,7
cross_scenario,k_medoids,2591120440,19,1.01425e8,6.0365269,CosineDist,centered,1.518715410263e6,386
cross_scenario,k_medoids,2650271871,19,4.45495e7,6.424455,CosineDist,centered,9029.308162000001,7
cross_scenario,k_medoids,2789252227,19,4.46963e7,6.2693092,CosineDist,centered,12473.326356999998,7
cross_scenario,k_medoids,3130995382,19,9.45543e7,5.9661901,CosineDist,centered,1.352116269638e6,293
cross_scenario,k_medoids,3357853995,19,4.46565e7,5.6384661,CosineDist,centered,13469.918862,7
cross_scenario,k_medoids,824849990,19,9.1208e7,5.675565,CosineDist,centered,1.252686335854e6,280
cross_scenario,k_medoids,1244389436,21,4.4529e7,5.6912791,CosineDist,centered,8412.90998,7
cross_scenario,k_medoids,1393653782,21,4.4549e7,6.057676,CosineDist,centered,7179.173644,7
cross_scenario,k_medoids,1761682951,21,4.45624e7,6.0422922,CosineDist,centered,7826.741859,7
cross_scenario,k_medoids,196162340,21,4.4552e7,5.8548971,CosineDist,centered,9138.606373,7
cross_scenario,k_medoids,1984034111,21,4.45316e7,5.6878903,CosineDist,centered,9872.08337,7
cross_scenario,k_medoids,2569047889,21,4.453e7,6.3022633,CosineDist,centered,9507.431194,7
cross_scenario,k_medoids,3286463093,21,9.89639e7,5.5216981,CosineDist,centered,1.459543150103e6,323
cross_scenario,k_medoids,4196464565,21,4.45452e7,6.0802405,CosineDist,centered,8809.728667,7
cross_scenario,k_medoids,744301781,21,1.12859e8,6.152882,CosineDist,centered,1.826526171297e6,501
cross_scenario,k_medoids,760014603,21,4.45607e7,6.7932058,CosineDist,centered,9065.491427,7
cross_scenario,k_medoids,2193967569,23,4.45572e7,6.1962338,CosineDist,centered,10564.721888,7
cross_scenario,k_medoids,2546464051,23,9.21596e7,6.0358365,CosineDist,centered,1.2777780669979998e6,273
cross_scenario,k_medoids,2938742229,23,4.45599e7,6.4740118,CosineDist,centered,8799.045331,7
cross_scenario,k_medoids,313447314,23,4.45346e7,6.2609168,CosineDist,centered,8357.248055,7
cross_scenario,k_medoids,3164855826,23,4.45169e7,6.3054885,CosineDist,centered,7571.494972,7
cross_scenario,k_medoids,3173192974,23,4.45688e7,6.2642531,CosineDist,centered,8272.853016,7
cross_scenario,k_medoids,3527549645,23,4.45282e7,6.5825687,CosineDist,centered,8498.611191000002,7
cross_scenario,k_medoids,3913193451,23,4.45257e7,6.6406765,CosineDist,centered,6401.853268,7
cross_scenario,k_medoids,714332685,23,4.63883e7,6.3084752,CosineDist,centered,70729.406914,43
cross_scenario,k_medoids,890890131,23,4.66393e7,6.1590526,CosineDist,centered,77357.80582400001,48
cross_scenario,k_medoids,1134130444,25,4.70548e7,5.639351,CosineDist,centered,88785.384112,57
cross_scenario,k_medoids,2658990538,25,9.19758e7,5.651754,CosineDist,centered,1.286226134193e6,306
cross_scenario,k_medoids,2726541456,25,4.45758e7,5.9713643,CosineDist,centered,8268.951274000001,7
cross_scenario,k_medoids,2894918851,25,4.66191e7,5.8645241,CosineDist,centered,76437.044589,52
cross_scenario,k_medoids,3351175237,25,1.00068e8,6.0561781,CosineDist,centered,1.480341272136e6,332
cross_scenario,k_medoids,343301208,25,1.05272e8,5.9696313,CosineDist,centered,1.621000265445e6,358
cross_scenario,k_medoids,4135971217,25,4.45922e7,6.384496,CosineDist,centered,8895.41969,7
cross_scenario,k_medoids,4145110716,25,4.45432e7,6.3895481,CosineDist,centered,8980.160712,7
cross_scenario,k_medoids,448376330,25,4.45094e7,6.8791913,CosineDist,centered,7267.0508709999995,7
cross_scenario,k_medoids,47449323,25,4.45936e7,7.2569294,CosineDist,centered,9023.949434999999,7
cross_scenario,k_medoids,1161276258,27,4.4518e7,6.6520577,CosineDist,centered,6729.037195000001,7
cross_scenario,k_medoids,1233541653,27,4.45095e7,5.861932,CosineDist,centered,8126.155229,7
cross_scenario,k_medoids,1267936167,27,9.60539e7,6.0543505,CosineDist,centered,1.3817298449509996e6,302
cross_scenario,k_medoids,1653248667,27,4.45248e7,6.0994517,CosineDist,centered,7618.393722999999,7
cross_scenario,k_medoids,2437521778,27,4.45716e7,6.6140096,CosineDist,centered,11232.093579,7
cross_scenario,k_medoids,2524306086,27,4.45155e7,6.368882,CosineDist,centered,9280.88588,7
cross_scenario,k_medoids,2606414571,27,4.45661e7,6.0448973,CosineDist,centered,12259.830786999999,7
cross_scenario,k_medoids,2821296471,27,4.45184e7,6.1896488,CosineDist,centered,8557.326687,7
cross_scenario,k_medoids,3155655383,27,4.45189e7,7.3318548,CosineDist,centered,8792.95205,7
cross_scenario,k_medoids,463779685,27,4.45406e7,6.545213,CosineDist,centered,10623.761683,7
cross_scenario,k_medoids,1113698075,29,4.45216e7,6.708306,CosineDist,centered,9652.371865000001,7
cross_scenario,k_medoids,1125327650,29,4.45285e7,6.67995,CosineDist,centered,8304.392058,7
cross_scenario,k_medoids,1398119942,29,9.8972e7,6.534118,CosineDist,centered,1.459005749932e6,330
cross_scenario,k_medoids,1669407957,29,4.45571e7,6.4069916,CosineDist,centered,9170.447726999999,7
cross_scenario,k_medoids,1792506398,29,4.94341e7,6.431612,CosineDist,centered,149709.78528100002,106
cross_scenario,k_medoids,2439649745,29,4.45638e7,6.2366022,CosineDist,centered,10416.943835,7
cross_scenario,k_medoids,2730667678,29,4.45526e7,6.2389539,CosineDist,centered,7940.163024999999,7
cross_scenario,k_medoids,2843080965,29,4.45374e7,6.0512209,CosineDist,centered,9595.918899999999,7
cross_scenario,k_medoids,3434031776,29,4.96364e7,5.9412265,CosineDist,centered,153520.615483,106
cross_scenario,k_medoids,950202798,29,4.46168e7,6.2661546,CosineDist,centered,9304.563061,7
cross_scenario,k_medoids,1042382051,3,1.45148e8,5.0518135,CosineDist,centered,2.655049165091e6,1012
cross_scenario,k_medoids,1617230705,3,1.70132e8,5.2184078,CosineDist,centered,3.2911271376390005e6,1322
cross_scenario,k_medoids,1690918982,3,1.48848e8,5.9960547,CosineDist,centered,2.750354603698e6,1032
cross_scenario,k_medoids,2011904635,3,1.93392e8,4.9777009,CosineDist,centered,3.89291826524e6,1740
cross_scenario,k_medoids,208019063,3,1.65036e8,5.5186037,CosineDist,centered,3.161722359114e6,1243
cross_scenario,k_medoids,2175589206,3,1.57686e8,5.3629463,CosineDist,centered,2.9744261135919997e6,1226
cross_scenario,k_medoids,2331872192,3,5.03839e7,6.2679439,CosineDist,centered,172925.76973899995,118
cross_scenario,k_medoids,2859914000,3,5.04541e7,6.116446,CosineDist,centered,172925.76973899995,118
cross_scenario,k_medoids,3409952330,3,1.34571e8,4.9756241,CosineDist,centered,2.3831408944839993e6,866
cross_scenario,k_medoids,488813374,3,1.66304e8,5.2932074,CosineDist,centered,3.1965623772289995e6,1295
cross_scenario,k_medoids,1349996306,31,4.45348e7,6.2616388,CosineDist,centered,8090.79138,7
cross_scenario,k_medoids,1462714024,31,4.45269e7,5.8766408,CosineDist,centered,6883.390900999999,7
cross_scenario,k_medoids,1579127763,31,4.45195e7,6.0818841,CosineDist,centered,8578.675941,7
cross_scenario,k_medoids,1648351254,31,4.45169e7,6.9076842,CosineDist,centered,8245.348531,7
cross_scenario,k_medoids,2030289235,31,4.45286e7,6.9197347,CosineDist,centered,9607.281096,7
cross_scenario,k_medoids,2462588561,31,4.45375e7,6.4587121,CosineDist,centered,9351.028781,7
cross_scenario,k_medoids,2929172095,31,4.45782e7,6.6398857,CosineDist,centered,9860.786651,7
cross_scenario,k_medoids,2944528308,31,4.45172e7,6.5445716,CosineDist,centered,9106.705478,7
cross_scenario,k_medoids,295145311,31,1.06866e8,5.9938848,CosineDist,centered,1.661814089288e6,445
cross_scenario,k_medoids,3899371692,31,4.45136e7,6.7968833,CosineDist,centered,9204.056271,7
cross_scenario,k_medoids,1038419084,33,4.45089e7,7.0239607,CosineDist,centered,8810.441787,7
cross_scenario,k_medoids,1109759726,33,4.45631e7,6.260026,CosineDist,centered,10537.399516000001,7
cross_scenario,k_medoids,1963882461,33,4.45137e7,6.5003755,CosineDist,centered,7638.419871,7
cross_scenario,k_medoids,1989163906,33,4.45462e7,6.3393904,CosineDist,centered,9845.579042,7
cross_scenario,k_medoids,2479233904,33,1.02792e8,5.947487,CosineDist,centered,1.557869462359e6,361
cross_scenario,k_medoids,2497612078,33,4.45478e7,5.6745706,CosineDist,centered,9695.794544000002,7
cross_scenario,k_medoids,3214090957,33,4.45607e7,6.1734673,CosineDist,centered,8506.787377999999,7
cross_scenario,k_medoids,3465092140,33,4.45618e7,6.8773714,CosineDist,centered,8826.75163,7
cross_scenario,k_medoids,4061834237,33,4.4512e7,6.5170155,CosineDist,centered,9363.429088,7
cross_scenario,k_medoids,52313467,33,4.45207e7,6.8679405,CosineDist,centered,10540.729545999999,7
cross_scenario,k_medoids,1208640119,35,4.45242e7,7.5335795,CosineDist,centered,9667.076774000001,7
cross_scenario,k_medoids,1428058240,35,4.45188e7,6.4982367,CosineDist,centered,8114.173536,7
cross_scenario,k_medoids,15941194,35,9.18666e7,6.2422618,CosineDist,centered,1.2831112027099999e6,265
cross_scenario,k_medoids,2213813141,35,4.4512e7,7.0109025,CosineDist,centered,8354.631789,7
cross_scenario,k_medoids,2291375163,35,4.45436e7,7.1050352,CosineDist,centered,8412.679956,7
cross_scenario,k_medoids,236500538,35,4.45265e7,6.236066,CosineDist,centered,9214.614258000001,7
cross_scenario,k_medoids,252145784,35,4.45319e7,6.5114062,CosineDist,centered,8582.972434000001,7
cross_scenario,k_medoids,2544196106,35,4.45554e7,6.1264116,CosineDist,centered,11202.319274,7
cross_scenario,k_medoids,2745802022,35,4.45099e7,6.8219797,CosineDist,centered,9738.784547,7
cross_scenario,k_medoids,3596893902,35,4.45287e7,6.2014958,CosineDist,centered,9304.780047999999,7
cross_scenario,k_medoids,1380354363,37,4.53721e7,5.8629278,CosineDist,centered,42263.194253999995,17
cross_scenario,k_medoids,3048518942,37,4.45572e7,6.5043797,CosineDist,centered,8487.584626,7
cross_scenario,k_medoids,3182806193,37,4.45228e7,6.641069,CosineDist,centered,8963.398412999999,7
cross_scenario,k_medoids,3244629827,37,4.45334e7,6.8232515,CosineDist,centered,9721.648273,7
cross_scenario,k_medoids,3452769998,37,4.45108e7,6.5198734,CosineDist,centered,8896.027796,7
cross_scenario,k_medoids,4262333788,37,4.45303e7,6.8415802,CosineDist,centered,10611.477184,7
cross_scenario,k_medoids,45994245,37,4.45277e7,6.6433629,CosineDist,centered,8330.554171,7
cross_scenario,k_medoids,67569244,37,4.45335e7,6.8098949,CosineDist,centered,9171.568816,7
cross_scenario,k_medoids,814300562,37,4.45019e7,6.4809478,CosineDist,centered,7913.946952,7
cross_scenario,k_medoids,870981686,37,4.45075e7,6.7760191,CosineDist,centered,7997.250883,7
cross_scenario,k_medoids,1129760376,39,4.45376e7,6.4901166,CosineDist,centered,9029.310894,7
cross_scenario,k_medoids,148104383,39,4.45458e7,7.1581054,CosineDist,centered,9769.392788,7
cross_scenario,k_medoids,1655289285,39,4.45103e7,7.7980062,CosineDist,centered,9098.403505999999,7
cross_scenario,k_medoids,1845695973,39,4.45102e7,6.3903003,CosineDist,centered,7533.5839430000005,7
cross_scenario,k_medoids,2121257682,39,4.45287e7,6.4848652,CosineDist,centered,7977.696137,7
cross_scenario,k_medoids,2943233938,39,4.45085e7,6.6980697,CosineDist,centered,8794.067546999999,7
cross_scenario,k_medoids,3030918353,39,4.45193e7,6.9447247,CosineDist,centered,8369.74665,7
cross_scenario,k_medoids,3096268031,39,4.45195e7,6.9952113,CosineDist,centered,9403.076349,7
cross_scenario,k_medoids,3338611973,39,9.5931e7,7.0839266,CosineDist,centered,1.378400851564e6,296
cross_scenario,k_medoids,662283236,39,4.45187e7,6.5208238,CosineDist,centered,8506.644728,7
cross_scenario,k_medoids,1005104349,41,4.45282e7,6.693588,CosineDist,centered,9280.553409,7
cross_scenario,k_medoids,1534696584,41,4.4532e7,6.5576939,CosineDist,centered,9644.298764000001,7
cross_scenario,k_medoids,225016911,41,1.00058e8,6.0141949,CosineDist,centered,1.483436231395e6,338
cross_scenario,k_medoids,2317592996,41,4.45299e7,6.6555855,CosineDist,centered,9477.821775,7
cross_scenario,k_medoids,2716090479,41,4.45519e7,7.091789,CosineDist,centered,9549.861741,7
cross_scenario,k_medoids,3258958499,41,4.45108e7,7.0170861,CosineDist,centered,8696.3386,7
cross_scenario,k_medoids,329433595,41,4.45275e7,6.0982458,CosineDist,centered,9179.908135,7
cross_scenario,k_medoids,3444774395,41,4.45431e7,5.8869047,CosineDist,centered,9883.922661999999,7
cross_scenario,k_medoids,438234340,41,4.45292e7,6.305571,CosineDist,centered,8956.118314,7
cross_scenario,k_medoids,953901905,41,4.45533e7,6.5754294,CosineDist,centered,10512.533271,7
cross_scenario,k_medoids,1660595499,5,1.33642e8,5.8107713,CosineDist,centered,2.341381256168e6,819
cross_scenario,k_medoids,1714105051,5,4.46357e7,6.7370313,CosineDist,centered,7179.702327,7
cross_scenario,k_medoids,2169593505,5,1.29066e8,5.6896816,CosineDist,centered,2.2252817897679997e6,767
cross_scenario,k_medoids,2538991366,5,1.46793e8,5.8573402,CosineDist,centered,2.692861115634e6,1173
cross_scenario,k_medoids,2909674750,5,1.45279e8,5.2977344,CosineDist,centered,2.658093428895e6,1000
cross_scenario,k_medoids,3018546641,5,1.29164e8,5.2996788,CosineDist,centered,2.226548856563001e6,764
cross_scenario,k_medoids,3634057553,5,1.30869e8,4.9655965,CosineDist,centered,2.27025025834e6,774
cross_scenario,k_medoids,4139823947,5,1.42323e8,4.8124783,CosineDist,centered,2.582885501018e6,1027
cross_scenario,k_medoids,4197766176,5,1.3759e8,5.6458167,CosineDist,centered,2.460235694945e6,1070
cross_scenario,k_medoids,5947179,5,1.37037e8,5.4010929,CosineDist,centered,2.445728511293e6,1030
cross_scenario,k_medoids,1006581332,7,1.35805e8,5.3120182,CosineDist,centered,2.4187276690599998e6,911
cross_scenario,k_medoids,1176932870,7,5.0252e7,5.8005946,CosineDist,centered,169621.22682600003,116
cross_scenario,k_medoids,1821427372,7,1.35964e8,5.5330924,CosineDist,centered,2.4205830636909995e6,839
cross_scenario,k_medoids,2689963385,7,1.97048e8,5.8365496,CosineDist,centered,3.987458869028e6,1907
cross_scenario,k_medoids,2751971336,7,1.03986e8,5.1636898,CosineDist,centered,1.584190745056e6,421
cross_scenario,k_medoids,3385142830,7,1.0423e8,5.708219,CosineDist,centered,1.5916839517679997e6,399
cross_scenario,k_medoids,3409620994,7,1.26254e8,5.8154531,CosineDist,centered,2.1695913875409993e6,741
cross_scenario,k_medoids,447101461,7,1.10863e8,5.969914,CosineDist,centered,1.7732354875450004e6,581
cross_scenario,k_medoids,468006976,7,1.02251e8,5.703784,CosineDist,centered,1.5523453230309999e6,433
cross_scenario,k_medoids,880982686,7,1.62854e8,5.6028611,CosineDist,centered,3.109886619754e6,1294
cross_scenario,k_medoids,1130292821,9,1.31107e8,5.8009316,CosineDist,centered,2.29753448827e6,765
cross_scenario,k_medoids,1392296365,9,5.0442e7,5.8376095,CosineDist,centered,172925.76973899995,118
cross_scenario,k_medoids,2814468992,9,1.08815e8,5.8572332,CosineDist,centered,1.7077213651190002e6,495
cross_scenario,k_medoids,3044209910,9,1.16293e8,5.9031066,CosineDist,centered,1.9156637088909994e6,640
cross_scenario,k_medoids,3261319673,9,4.83121e7,5.8030491,CosineDist,centered,120712.39338800003,83
cross_scenario,k_medoids,3543870990,9,4.45513e7,5.9779501,CosineDist,centered,7496.54178,7
cross_scenario,k_medoids,3602499071,9,1.37458e8,5.7451496,CosineDist,centered,2.4559475173580004e6,988
cross_scenario,k_medoids,3926221275,9,1.00607e8,5.6157031,CosineDist,centered,1.493321617928e6,403
cross_scenario,k_medoids,42413356,9,1.50175e8,5.4549795,CosineDist,centered,2.778119428243e6,1189
cross_scenario,k_medoids,697383862,9,1.15296e8,5.8392051,CosineDist,centered,1.8907227639200003e6,615
cross_scenario,k_medoids,1355586937,11,5.03353e7,5.63664,SqEuclidean,centered,172925.76973899995,118
cross_scenario,k_medoids,1768760743,11,4.45675e7,5.8862609,SqEuclidean,centered,6963.312043999999,7
cross_scenario,k_medoids,2652796558,11,5.04093e7,6.7967689,SqEuclidean,centered,172925.76973899995,118
cross_scenario,k_medoids,3000698040,11,5.02968e7,6.7148977,SqEuclidean,centered,169621.22682600003,116
cross_scenario,k_medoids,3160233726,11,4.45759e7,7.0111015,SqEuclidean,centered,6077.561197,7
cross_scenario,k_medoids,3479820580,11,9.12919e7,6.0332324,SqEuclidean,centered,1.2666901339020005e6,365
cross_scenario,k_medoids,3649546841,11,1.2987e8,5.6260781,SqEuclidean,centered,2.2652346170739997e6,722
cross_scenario,k_medoids,4031091536,11,4.45897e7,5.9719872,SqEuclidean,centered,6587.222392,7
cross_scenario,k_medoids,675182737,11,1.13555e8,6.1788669,SqEuclidean,centered,1.8456720763840002e6,560
cross_scenario,k_medoids,722170199,11,1.17087e8,5.9307468,SqEuclidean,centered,1.9345616282970002e6,598
cross_scenario,k_medoids,1020330993,13,1.04775e8,5.8962989,SqEuclidean,centered,1.6047351995909999e6,448
cross_scenario,k_medoids,1241334511,13,1.43661e8,5.7270235,SqEuclidean,centered,2.608342831654e6,901
cross_scenario,k_medoids,1561739573,13,1.10286e8,6.2796619,SqEuclidean,centered,1.745458399916e6,437
cross_scenario,k_medoids,2082789969,13,4.45681e7,6.3540955,SqEuclidean,centered,8203.822395,7
cross_scenario,k_medoids,2422820678,13,1.00925e8,6.5046196,SqEuclidean,centered,1.5055087636509999e6,377
cross_scenario,k_medoids,373102896,13,9.8847e7,6.8153614,SqEuclidean,centered,1.4556364545310002e6,328
cross_scenario,k_medoids,3777256655,13,1.2506e8,5.7982694,SqEuclidean,centered,2.1307137310380004e6,688
cross_scenario,k_medoids,4101453586,13,1.01708e8,5.4506694,SqEuclidean,centered,1.5275705757739998e6,338
cross_scenario,k_medoids,419645993,13,1.01595e8,5.9153356,SqEuclidean,centered,1.5227918022029998e6,407
cross_scenario,k_medoids,772616242,13,5.03359e7,6.3664907,SqEuclidean,centered,169621.22682600003,116
cross_scenario,k_medoids,1536731824,15,1.18374e8,5.7508679,SqEuclidean,centered,1.958030322184e6,554
cross_scenario,k_medoids,1944031661,15,4.45548e7,6.4923647,SqEuclidean,centered,7243.098533999999,7
cross_scenario,k_medoids,195370354,15,1.22288e8,5.8797631,SqEuclidean,centered,2.0546739002709996e6,634
cross_scenario,k_medoids,2392820273,15,1.01544e8,5.7169185,SqEuclidean,centered,1.525080265012e6,381
cross_scenario,k_medoids,2931326369,15,4.45484e7,6.3293028,SqEuclidean,centered,8287.533422999999,7
cross_scenario,k_medoids,3012361418,15,4.46229e7,6.1120085,SqEuclidean,centered,10376.681539,7
cross_scenario,k_medoids,3763622817,15,4.45679e7,6.1957763,SqEuclidean,centered,7407.736509,7
cross_scenario,k_medoids,3796973136,15,1.14504e8,5.8246824,SqEuclidean,centered,1.852670915254e6,491
cross_scenario,k_medoids,3815196410,15,4.45559e7,6.6643277,SqEuclidean,centered,7944.669353,7
cross_scenario,k_medoids,604489562,15,4.45775e7,6.408606,SqEuclidean,centered,10045.12185,7
cross_scenario,k_medoids,1587347134,17,4.456e7,6.6180892,SqEuclidean,centered,8175.345975,7
cross_scenario,k_medoids,186564236,17,4.65844e7,6.0151659,SqEuclidean,centered,76437.044589,52
cross_scenario,k_medoids,2166881926,17,4.99321e7,5.8708979,SqEuclidean,centered,163140.74542300001,111
cross_scenario,k_medoids,2186186592,17,4.4536e7,6.4210051,SqEuclidean,centered,7773.214131000001,7
cross_scenario,k_medoids,2238747886,17,1.00774e8,6.4801429,SqEuclidean,centered,1.5144298200039999e6,380
cross_scenario,k_medoids,224585247,17,1.31833e8,6.4189746,SqEuclidean,centered,2.316118282149e6,882
cross_scenario,k_medoids,2339120676,17,4.45412e7,6.2002883,SqEuclidean,centered,6612.77884,7
cross_scenario,k_medoids,3093014142,17,4.45768e7,6.5284458,SqEuclidean,centered,9376.320917000001,7
cross_scenario,k_medoids,3258302586,17,4.64549e7,5.8575418,SqEuclidean,centered,72859.866502,46
cross_scenario,k_medoids,3629043986,17,4.4536e7,6.4479294,SqEuclidean,centered,5993.870140000001,7
cross_scenario,k_medoids,1088367163,19,9.82773e7,5.5123778,SqEuclidean,centered,1.4352821500159998e6,347
cross_scenario,k_medoids,1245540782,19,4.45261e7,6.3851077,SqEuclidean,centered,8230.389508,7
cross_scenario,k_medoids,2410109332,19,4.45192e7,6.3149966,SqEuclidean,centered,6932.224403,7
cross_scenario,k_medoids,2455416769,19,4.80035e7,5.9201043,SqEuclidean,centered,113115.65126900001,79
cross_scenario,k_medoids,2591120440,19,1.17723e8,6.3588502,SqEuclidean,centered,1.9533525707479997e6,577
cross_scenario,k_medoids,2650271871,19,4.45396e7,6.7343948,SqEuclidean,centered,11852.936389,7
cross_scenario,k_medoids,2789252227,19,4.45566e7,6.0001631,SqEuclidean,centered,8856.354363999999,7
cross_scenario,k_medoids,3130995382,19,4.66068e7,6.0188883,SqEuclidean,centered,76437.044589,52
cross_scenario,k_medoids,3357853995,19,4.62575e7,6.2909398,SqEuclidean,centered,67572.36418699998,41
cross_scenario,k_medoids,824849990,19,1.22249e8,5.7002853,SqEuclidean,centered,2.0545326618740004e6,639
cross_scenario,k_medoids,1244389436,21,4.6279e7,5.7577207,SqEuclidean,centered,67572.36418699998,41
cross_scenario,k_medoids,1393653782,21,4.45689e7,6.1382488,SqEuclidean,centered,8858.847848000001,7
cross_scenario,k_medoids,1761682951,21,4.45472e7,6.1368973,SqEuclidean,centered,7020.453519,7
cross_scenario,k_medoids,196162340,21,4.45351e7,5.8027484,SqEuclidean,centered,9048.965398,7
cross_scenario,k_medoids,1984034111,21,4.45431e7,5.7317818,SqEuclidean,centered,10089.605237,7
cross_scenario,k_medoids,2569047889,21,4.45341e7,6.1959821,SqEuclidean,centered,9322.262597999998,7
cross_scenario,k_medoids,3286463093,21,1.0664e8,5.8980452,SqEuclidean,centered,1.6546969326900002e6,378
cross_scenario,k_medoids,4196464565,21,4.46317e7,6.1037034,SqEuclidean,centered,8543.629272,7
cross_scenario,k_medoids,744301781,21,1.03082e8,5.3990618,SqEuclidean,centered,1.5739098705389998e6,387
cross_scenario,k_medoids,760014603,21,4.45337e7,5.6608311,SqEuclidean,centered,6984.712436,7
cross_scenario,k_medoids,2193967569,23,4.45593e7,6.562257,SqEuclidean,centered,8164.307763000001,7
cross_scenario,k_medoids,2546464051,23,4.45347e7,5.9117082,SqEuclidean,centered,7082.058256,7
cross_scenario,k_medoids,2938742229,23,4.45371e7,5.8574065,SqEuclidean,centered,8463.389044000001,7
cross_scenario,k_medoids,313447314,23,4.45733e7,6.3772116,SqEuclidean,centered,8940.645272,7
cross_scenario,k_medoids,3164855826,23,4.45169e7,6.7298779,SqEuclidean,centered,8542.336374,7
cross_scenario,k_medoids,3173192974,23,4.45434e7,6.1964709,SqEuclidean,centered,9318.225027,7
cross_scenario,k_medoids,3527549645,23,4.45182e7,6.495523,SqEuclidean,centered,7710.140099,7
cross_scenario,k_medoids,3913193451,23,4.45326e7,6.0474886,SqEuclidean,centered,6629.88866,7
cross_scenario,k_medoids,714332685,23,4.453e7,6.3117478,SqEuclidean,centered,9656.01143,7
cross_scenario,k_medoids,890890131,23,4.46306e7,6.1346558,SqEuclidean,centered,8347.674164,7
cross_scenario,k_medoids,1134130444,25,4.45353e7,6.3230697,SqEuclidean,centered,6048.114865999999,7
cross_scenario,k_medoids,2658990538,25,8.98011e7,6.3013077,SqEuclidean,centered,1.217962113132e6,268
cross_scenario,k_medoids,2726541456,25,4.45823e7,6.3235774,SqEuclidean,centered,9202.381003999999,7
cross_scenario,k_medoids,2894918851,25,4.66763e7,6.1772784,SqEuclidean,centered,76437.044589,52
cross_scenario,k_medoids,3351175237,25,9.92172e7,5.8406597,SqEuclidean,centered,1.465483999803e6,326
cross_scenario,k_medoids,343301208,25,9.95423e7,5.9754564,SqEuclidean,centered,1.4670473021900002e6,352
cross_scenario,k_medoids,4135971217,25,4.45328e7,6.6113618,SqEuclidean,centered,8509.278317,7
cross_scenario,k_medoids,4145110716,25,4.45251e7,6.63571,SqEuclidean,centered,8482.439529,7
cross_scenario,k_medoids,448376330,25,4.45125e7,7.4797605,SqEuclidean,centered,7324.34967,7
cross_scenario,k_medoids,47449323,25,4.45201e7,6.7552644,SqEuclidean,centered,7794.147886000001,7
cross_scenario,k_medoids,1161276258,27,4.45323e7,7.0956744,SqEuclidean,centered,8492.137372000001,7
cross_scenario,k_medoids,1233541653,27,4.45177e7,6.9257889,SqEuclidean,centered,9269.886374000002,7
cross_scenario,k_medoids,1267936167,27,9.8757e7,6.6037807,SqEuclidean,centered,1.4478524050830002e6,328
cross_scenario,k_medoids,1653248667,27,4.45195e7,6.0263312,SqEuclidean,centered,8872.374382999998,7
cross_scenario,k_medoids,2437521778,27,4.45415e7,6.2441418,SqEuclidean,centered,8486.591578,7
cross_scenario,k_medoids,2524306086,27,4.45197e7,6.2211051,SqEuclidean,centered,9803.739391,7
cross_scenario,k_medoids,2606414571,27,4.45296e7,6.3818297,SqEuclidean,centered,9376.183131,7
cross_scenario,k_medoids,2821296471,27,4.4582e7,7.0243302,SqEuclidean,centered,9488.680235,7
cross_scenario,k_medoids,3155655383,27,4.45145e7,6.4321366,SqEuclidean,centered,8702.719523,7
cross_scenario,k_medoids,463779685,27,4.45249e7,6.628299,SqEuclidean,centered,10446.509311000002,7
cross_scenario,k_medoids,1113698075,29,4.45078e7,6.2979258,SqEuclidean,centered,8132.373589999999,7
cross_scenario,k_medoids,1125327650,29,4.45197e7,6.3310545,SqEuclidean,centered,7422.229147,7
cross_scenario,k_medoids,1398119942,29,9.65539e7,6.1384358,SqEuclidean,centered,1.3937126558669996e6,328
cross_scenario,k_medoids,1669407957,29,4.45667e7,6.3330369,SqEuclidean,centered,9992.081812999999,7
cross_scenario,k_medoids,1792506398,29,4.45336e7,6.1743122,SqEuclidean,centered,11202.261633,7
cross_scenario,k_medoids,2439649745,29,4.45349e7,6.5379871,SqEuclidean,centered,8729.439564999999,7
cross_scenario,k_medoids,2730667678,29,4.45444e7,6.1576329,SqEuclidean,centered,10188.332126,7
cross_scenario,k_medoids,2843080965,29,4.45431e7,6.7485477,SqEuclidean,centered,8682.798112,7
cross_scenario,k_medoids,3434031776,29,4.45237e7,6.1616378,SqEuclidean,centered,7062.363349,7
cross_scenario,k_medoids,950202798,29,4.45477e7,6.3442912,SqEuclidean,centered,10836.207469,7
cross_scenario,k_medoids,1042382051,3,1.30475e8,6.0091376,SqEuclidean,centered,2.276206906213e6,900
cross_scenario,k_medoids,1617230705,3,1.50047e8,5.0963884,SqEuclidean,centered,2.7781345215069996e6,1084
cross_scenario,k_medoids,1690918982,3,1.63862e8,5.2353722,SqEuclidean,centered,3.132075717532e6,1318
cross_scenario,k_medoids,2011904635,3,1.47908e8,5.951097,SqEuclidean,centered,2.724329581412e6,1032
cross_scenario,k_medoids,208019063,3,5.03192e7,6.5241115,SqEuclidean,centered,169621.22682600003,116
cross_scenario,k_medoids,2175589206,3,1.67762e8,5.0628163,SqEuclidean,centered,3.2319885012310003e6,1399
cross_scenario,k_medoids,2331872192,3,1.37084e8,5.0836186,SqEuclidean,centered,2.425819639353e6,893
cross_scenario,k_medoids,2859914000,3,4.48923e7,6.5316155,SqEuclidean,centered,11120.306141999998,11
cross_scenario,k_medoids,3409952330,3,1.48736e8,6.2878718,SqEuclidean,centered,2.743165547347e6,1090
cross_scenario,k_medoids,488813374,3,1.54145e8,6.2360986,SqEuclidean,centered,2.879807962053e6,1182
cross_scenario,k_medoids,1349996306,31,4.45152e7,6.2169419,SqEuclidean,centered,8627.622353,7
cross_scenario,k_medoids,1462714024,31,4.45187e7,6.0568669,SqEuclidean,centered,9909.171573,7
cross_scenario,k_medoids,1579127763,31,4.45194e7,6.675741,SqEuclidean,centered,8225.915449,7
cross_scenario,k_medoids,1648351254,31,4.45249e7,6.8029986,SqEuclidean,centered,8196.478905,7
cross_scenario,k_medoids,2030289235,31,4.45395e7,6.7553962,SqEuclidean,centered,8548.997616,7
cross_scenario,k_medoids,2462588561,31,4.45239e7,6.6987172,SqEuclidean,centered,11248.610821,7
cross_scenario,k_medoids,2929172095,31,4.45433e7,6.1844306,SqEuclidean,centered,11818.61614,7
cross_scenario,k_medoids,2944528308,31,4.45445e7,6.3355451,SqEuclidean,centered,10258.347264,7
cross_scenario,k_medoids,295145311,31,4.45316e7,6.2417723,SqEuclidean,centered,9123.458448000001,7
cross_scenario,k_medoids,3899371692,31,4.45166e7,6.2805253,SqEuclidean,centered,9436.428254,7
cross_scenario,k_medoids,1038419084,33,4.45582e7,6.4658272,SqEuclidean,centered,10397.571074,7
cross_scenario,k_medoids,1109759726,33,4.45554e7,6.2644498,SqEuclidean,centered,8911.545868000001,7
cross_scenario,k_medoids,1963882461,33,4.45409e7,6.3311211,SqEuclidean,centered,9456.131738999999,7
cross_scenario,k_medoids,1989163906,33,4.45212e7,6.8374651,SqEuclidean,centered,9879.095325999999,7
cross_scenario,k_medoids,2479233904,33,4.45166e7,6.5286055,SqEuclidean,centered,9129.876331,7
cross_scenario,k_medoids,2497612078,33,4.6048e7,7.1808124,SqEuclidean,centered,62057.959408,36
cross_scenario,k_medoids,3214090957,33,4.45707e7,5.955856,SqEuclidean,centered,8826.063119,7
cross_scenario,k_medoids,3465092140,33,4.45149e7,5.9847697,SqEuclidean,centered,8118.359109999999,7
cross_scenario,k_medoids,4061834237,33,4.4501e7,6.252528,SqEuclidean,centered,7772.289245000001,7
cross_scenario,k_medoids,52313467,33,9.21099e7,5.9785566,SqEuclidean,centered,1.2755433859240003e6,251
cross_scenario,k_medoids,1208640119,35,4.4531e7,6.5561292,SqEuclidean,centered,9599.446143,7
cross_scenario,k_medoids,1428058240,35,4.4532e7,6.9706271,SqEuclidean,centered,8087.272086,7
cross_scenario,k_medoids,15941194,35,4.62709e7,6.3042507,SqEuclidean,centered,67572.36418699998,41
cross_scenario,k_medoids,2213813141,35,4.45112e7,6.7957741,SqEuclidean,centered,8997.700947999998,7
cross_scenario,k_medoids,2291375163,35,4.45031e7,7.0191517,SqEuclidean,centered,8393.204727,7
cross_scenario,k_medoids,236500538,35,4.4541e7,7.1427892,SqEuclidean,centered,9660.847842,7
cross_scenario,k_medoids,252145784,35,4.45137e7,6.1484174,SqEuclidean,centered,8975.763562,7
cross_scenario,k_medoids,2544196106,35,4.45241e7,6.6223019,SqEuclidean,centered,8756.385005999999,7
cross_scenario,k_medoids,2745802022,35,4.45102e7,6.7524269,SqEuclidean,centered,8105.041035000001,7
cross_scenario,k_medoids,3596893902,35,4.45075e7,6.9954363,SqEuclidean,centered,8214.743093,7
cross_scenario,k_medoids,1380354363,37,4.45285e7,7.2930997,SqEuclidean,centered,9899.542558,7
cross_scenario,k_medoids,3048518942,37,4.45559e7,7.2592621,SqEuclidean,centered,8946.726071000001,7
cross_scenario,k_medoids,3182806193,37,4.45723e7,6.7253712,SqEuclidean,centered,7161.666184,7
cross_scenario,k_medoids,3244629827,37,4.45731e7,6.8373165,SqEuclidean,centered,9823.547529,7
cross_scenario,k_medoids,3452769998,37,4.45059e7,7.915549,SqEuclidean,centered,7640.8369410000005,7
cross_scenario,k_medoids,4262333788,37,4.45184e7,7.7638818,SqEuclidean,centered,9198.114677,7
cross_scenario,k_medoids,45994245,37,4.45202e7,7.5578682,SqEuclidean,centered,8280.808127,7
cross_scenario,k_medoids,67569244,37,4.45417e7,7.757407,SqEuclidean,centered,8638.570097000002,7
cross_scenario,k_medoids,814300562,37,4.45185e7,7.6931068,SqEuclidean,centered,8358.424945,7
cross_scenario,k_medoids,870981686,37,4.45104e7,7.004828,SqEuclidean,centered,8343.633829,7
cross_scenario,k_medoids,1129760376,39,4.45081e7,6.8484629,SqEuclidean,centered,8540.506851,7
cross_scenario,k_medoids,148104383,39,4.45496e7,7.4136222,SqEuclidean,centered,10662.434305,7
cross_scenario,k_medoids,1655289285,39,4.45131e7,7.4350435,SqEuclidean,centered,9596.911707000001,7
cross_scenario,k_medoids,1845695973,39,4.45054e7,8.0326064,SqEuclidean,centered,8074.82799,7
cross_scenario,k_medoids,2121257682,39,4.45085e7,7.9204792,SqEuclidean,centered,8907.932127,7
cross_scenario,k_medoids,2943233938,39,4.45206e7,7.0667645,SqEuclidean,centered,8608.335357000002,7
cross_scenario,k_medoids,3030918353,39,4.45173e7,7.5284258,SqEuclidean,centered,8352.988969,7
cross_scenario,k_medoids,3096268031,39,4.45653e7,7.7908832,SqEuclidean,centered,9331.849680000003,7
cross_scenario,k_medoids,3338611973,39,9.58663e7,6.4299107,SqEuclidean,centered,1.3768237125920001e6,290
cross_scenario,k_medoids,662283236,39,4.45421e7,6.1483617,SqEuclidean,centered,7724.074074,7
cross_scenario,k_medoids,1005104349,41,4.45199e7,6.4575424,SqEuclidean,centered,10241.1456,7
cross_scenario,k_medoids,1534696584,41,4.45116e7,6.4495385,SqEuclidean,centered,10022.394694999999,7
cross_scenario,k_medoids,225016911,41,4.45353e7,6.4823888,SqEuclidean,centered,10473.788537,7
cross_scenario,k_medoids,2317592996,41,4.4512e7,6.3967825,SqEuclidean,centered,9100.832935999999,7
cross_scenario,k_medoids,2716090479,41,4.45557e7,6.3095616,SqEuclidean,centered,9649.696623,7
cross_scenario,k_medoids,3258958499,41,4.45188e7,6.2356846,SqEuclidean,centered,8750.789537999999,7
cross_scenario,k_medoids,329433595,41,4.53212e7,5.596985,SqEuclidean,centered,41842.121158,17
cross_scenario,k_medoids,3444774395,41,4.45095e7,5.5116553,SqEuclidean,centered,9726.538465,7
cross_scenario,k_medoids,438234340,41,4.45344e7,5.7204529,SqEuclidean,centered,8731.643696,7
cross_scenario,k_medoids,953901905,41,4.4517e7,6.7380085,SqEuclidean,centered,9906.127291,7
cross_scenario,k_medoids,1660595499,5,1.09449e8,5.0864689,SqEuclidean,centered,1.7360227683800003e6,584
cross_scenario,k_medoids,1714105051,5,1.3424e8,4.7482358,SqEuclidean,centered,2.354024347473e6,806
cross_scenario,k_medoids,2169593505,5,1.29504e8,5.2091856,SqEuclidean,centered,2.2364116639759997e6,744
cross_scenario,k_medoids,2538991366,5,1.36536e8,4.6047323,SqEuclidean,centered,2.4350366299699997e6,1012
cross_scenario,k_medoids,2909674750,5,1.31823e8,5.0080588,SqEuclidean,centered,2.311983383029e6,820
cross_scenario,k_medoids,3018546641,5,1.44488e8,5.1819358,SqEuclidean,centered,2.637472870737001e6,1007
cross_scenario,k_medoids,3634057553,5,1.48872e8,4.8542247,SqEuclidean,centered,2.7501649402190004e6,1039
cross_scenario,k_medoids,4139823947,5,1.56614e8,4.7710872,SqEuclidean,centered,2.948328925168e6,1187
cross_scenario,k_medoids,4197766176,5,1.45844e8,5.1931367,SqEuclidean,centered,2.6720823031740002e6,1002
cross_scenario,k_medoids,5947179,5,1.57076e8,4.661225,SqEuclidean,centered,2.958402346857e6,1229
cross_scenario,k_medoids,1006581332,7,5.02096e7,5.4000235,SqEuclidean,centered,169621.22682600003,116
cross_scenario,k_medoids,1176932870,7,1.3022e8,4.7658176,SqEuclidean,centered,2.2710470002989997e6,792
cross_scenario,k_medoids,1821427372,7,5.03397e7,5.4739952,SqEuclidean,centered,172925.76973899995,118
cross_scenario,k_medoids,2689963385,7,4.66226e7,6.1225432,SqEuclidean,centered,76437.044589,52
cross_scenario,k_medoids,2751971336,7,1.50962e8,5.3292215,SqEuclidean,centered,2.802021150498e6,1127
cross_scenario,k_medoids,3385142830,7,1.29991e8,5.5822939,SqEuclidean,centered,2.2638131119629997e6,871
cross_scenario,k_medoids,3409620994,7,1.44686e8,5.6030881,SqEuclidean,centered,2.641134205649e6,1052
cross_scenario,k_medoids,447101461,7,1.33716e8,5.2084452,SqEuclidean,centered,2.358848021063001e6,838
cross_scenario,k_medoids,468006976,7,1.14521e8,5.603003,SqEuclidean,centered,1.8669008810140006e6,620
cross_scenario,k_medoids,880982686,7,1.95805e8,5.3054732,SqEuclidean,centered,3.9557843041750006e6,1866
cross_scenario,k_medoids,1130292821,9,1.24606e8,5.5583412,SqEuclidean,centered,2.1306242285789996e6,714
cross_scenario,k_medoids,1392296365,9,4.74565e7,5.6088324,SqEuclidean,centered,94377.18805600001,60
cross_scenario,k_medoids,2814468992,9,5.02798e7,5.6584433,SqEuclidean,centered,169621.22682600003,116
cross_scenario,k_medoids,3044209910,9,5.0205e7,5.7969108,SqEuclidean,centered,169621.22682600003,116
cross_scenario,k_medoids,3261319673,9,1.252e8,4.9287811,SqEuclidean,centered,2.12614565127e6,633
cross_scenario,k_medoids,3543870990,9,4.4691e7,5.8230914,SqEuclidean,centered,8008.556184,7
cross_scenario,k_medoids,3602499071,9,4.99512e7,5.564524,SqEuclidean,centered,161804.85969299998,111
cross_scenario,k_medoids,3926221275,9,1.08124e8,5.3347479,SqEuclidean,centered,1.7033119538530004e6,496
cross_scenario,k_medoids,42413356,9,5.03383e7,5.474078,SqEuclidean,centered,169621.22682600003,116
cross_scenario,k_medoids,697383862,9,1.22655e8,5.2190392,SqEuclidean,centered,2.079296136933e6,649
cross_scenario,k_means,1355586937,11,5.03307e7,5.4903876,CosineDist,centered,169621.22682600003,116
cross_scenario,k_means,1768760743,11,4.46634e7,6.0617947,CosineDist,centered,8011.794643,7
cross_scenario,k_means,2652796558,11,5.03178e7,5.5907165,CosineDist,centered,169621.22682600003,116
cross_scenario,k_means,3000698040,11,5.029e7,5.5841202,CosineDist,centered,169621.22682600003,116
cross_scenario,k_means,3160233726,11,4.46657e7,5.4747608,CosineDist,centered,7121.002076999999,7
cross_scenario,k_means,3479820580,11,1.00748e8,5.304135,CosineDist,centered,1.509810972813e6,373
cross_scenario,k_means,3649546841,11,1.25805e8,5.4233477,CosineDist,centered,2.158554154974e6,716
cross_scenario,k_means,4031091536,11,4.46554e7,5.7247216,CosineDist,centered,6814.6957840000005,7
cross_scenario,k_means,675182737,11,1.49462e8,5.0415307,CosineDist,centered,2.770084694538e6,1118
cross_scenario,k_means,722170199,11,1.40151e8,5.5101291,CosineDist,centered,2.5143808368410002e6,918
cross_scenario,k_means,1020330993,13,1.19605e8,5.1856063,CosineDist,centered,1.9853223995339999e6,623
cross_scenario,k_means,1241334511,13,1.00824e8,6.0112943,CosineDist,centered,1.4981058765430006e6,413
cross_scenario,k_means,1561739573,13,1.29135e8,5.8215051,CosineDist,centered,2.2320949545309995e6,683
cross_scenario,k_means,2082789969,13,4.46257e7,5.9005042,CosineDist,centered,6775.277506000001,7
cross_scenario,k_means,2422820678,13,1.15288e8,5.9224668,CosineDist,centered,1.8726227545420001e6,550
cross_scenario,k_means,373102896,13,9.39029e7,5.8630753,CosineDist,centered,1.319124875902e6,282
cross_scenario,k_means,3777256655,13,4.467e7,7.1421598,CosineDist,centered,7971.608074000001,7
cross_scenario,k_means,4101453586,13,1.06599e8,6.2824336,CosineDist,centered,1.649062154437e6,471
cross_scenario,k_means,419645993,13,4.46659e7,6.0943077,CosineDist,centered,7495.008588,7
cross_scenario,k_means,772616242,13,5.03009e7,5.9877698,CosineDist,centered,169621.22682600003,116
cross_scenario,k_means,1536731824,15,1.15391e8,5.5360716,CosineDist,centered,1.8788555056430001e6,574
cross_scenario,k_means,1944031661,15,4.46375e7,5.8982481,CosineDist,centered,6455.188561000001,7
cross_scenario,k_means,195370354,15,1.15728e8,5.5218652,CosineDist,centered,1.884166244136e6,566
cross_scenario,k_means,2392820273,15,1.2215e8,5.4852732,CosineDist,centered,2.0497460770299998e6,591
cross_scenario,k_means,2931326369,15,4.46385e7,5.8215166,CosineDist,centered,7176.05496,7
cross_scenario,k_means,3012361418,15,4.46508e7,6.3621456,CosineDist,centered,7659.75093,7
cross_scenario,k_means,3763622817,15,4.46546e7,6.3615285,CosineDist,centered,6772.8723660000005,7
cross_scenario,k_means,3796973136,15,1.17896e8,5.9675992,CosineDist,centered,1.941656577075e6,570
cross_scenario,k_means,3815196410,15,4.46295e7,6.2012479,CosineDist,centered,7940.933137,7
cross_scenario,k_means,604489562,15,4.46622e7,5.8714319,CosineDist,centered,7913.48347,7
cross_scenario,k_means,1587347134,17,4.46273e7,5.8188439,CosineDist,centered,7678.155234,7
cross_scenario,k_means,186564236,17,4.99514e7,5.3481269,CosineDist,centered,161721.34867600005,111
cross_scenario,k_means,2166881926,17,4.81059e7,5.7534753,CosineDist,centered,113462.45853299998,80
cross_scenario,k_means,2186186592,17,4.46503e7,5.9910736,CosineDist,centered,6902.987343999999,7
cross_scenario,k_means,2238747886,17,8.90966e7,5.6246267,CosineDist,centered,1.1910771178110004e6,251
cross_scenario,k_means,224585247,17,5.02566e7,5.5177487,CosineDist,centered,169621.22682600003,116
cross_scenario,k_means,2339120676,17,4.46579e7,5.6755043,CosineDist,centered,7141.603519999999,7
cross_scenario,k_means,3093014142,17,4.46112e7,5.9606731,CosineDist,centered,6287.967913,7
cross_scenario,k_means,3258302586,17,4.46222e7,5.7757377,CosineDist,centered,7386.290183,7
cross_scenario,k_means,3629043986,17,4.46411e7,5.671388,CosineDist,centered,7607.613951,7
cross_scenario,k_means,1088367163,19,1.04044e8,5.5675888,CosineDist,centered,1.583354711752e6,394
cross_scenario,k_means,1245540782,19,4.4633e7,5.9282849,CosineDist,centered,6869.008641999999,7
cross_scenario,k_means,2410109332,19,4.46131e7,5.8319431,CosineDist,centered,6931.988832,7
cross_scenario,k_means,2455416769,19,4.46023e7,6.0484198,CosineDist,centered,8192.665756999999,7
cross_scenario,k_means,2591120440,19,4.82018e7,5.6176611,CosineDist,centered,116112.25349199997,81
cross_scenario,k_means,2650271871,19,4.46179e7,5.8305271,CosineDist,centered,7651.318824999999,7
cross_scenario,k_means,2789252227,19,4.46417e7,6.0262397,CosineDist,centered,6649.745857999999,7
cross_scenario,k_means,3130995382,19,4.99543e7,5.5096945,CosineDist,centered,161721.34867600005,111
cross_scenario,k_means,3357853995,19,4.45972e7,5.5805754,CosineDist,centered,6986.613623,7
cross_scenario,k_means,824849990,19,1.21855e8,5.3380494,CosineDist,centered,2.0462499167120003e6,650
cross_scenario,k_means,1244389436,21,4.46254e7,5.6409913,CosineDist,centered,7797.795005,7
cross_scenario,k_means,1393653782,21,4.46044e7,5.7686645,CosineDist,centered,6986.805923,7
cross_scenario,k_means,1761682951,21,4.46348e7,5.9310497,CosineDist,centered,7661.770378,7
cross_scenario,k_means,196162340,21,4.46165e7,6.4543743,CosineDist,centered,6826.647106,7
cross_scenario,k_means,1984034111,21,4.46017e7,6.3578933,CosineDist,centered,8066.9081719999995,8
cross_scenario,k_means,2569047889,21,4.46206e7,6.1598962,CosineDist,centered,7868.900159999999,7
cross_scenario,k_means,3286463093,21,1.11144e8,5.4057984,CosineDist,centered,1.7700749925110003e6,540
cross_scenario,k_means,4196464565,21,4.45976e7,5.7726047,CosineDist,centered,7624.556207,7
cross_scenario,k_means,744301781,21,1.22328e8,5.2272825,CosineDist,centered,2.0577970603460001e6,611
cross_scenario,k_means,760014603,21,4.46418e7,5.6988881,CosineDist,centered,6997.883762,7
cross_scenario,k_means,2193967569,23,4.45899e7,5.8363995,CosineDist,centered,7473.582648,7
cross_scenario,k_means,2546464051,23,4.46082e7,5.7632203,CosineDist,centered,7127.687167,7
cross_scenario,k_means,2938742229,23,4.45913e7,6.2015033,CosineDist,centered,7649.047027,7
cross_scenario,k_means,313447314,23,4.46133e7,6.0731188,CosineDist,centered,7500.567431,7
cross_scenario,k_means,3164855826,23,4.45776e7,6.1401532,CosineDist,centered,8198.551770999999,7
cross_scenario,k_means,3173192974,23,4.46108e7,5.7310777,CosineDist,centered,7334.749564,7
cross_scenario,k_means,3527549645,23,4.46033e7,5.9390998,CosineDist,centered,7191.857567,7
cross_scenario,k_means,3913193451,23,4.45854e7,6.0112332,CosineDist,centered,8089.897416999999,7
cross_scenario,k_means,714332685,23,4.45725e7,5.9399657,CosineDist,centered,7206.983378,7
cross_scenario,k_means,890890131,23,4.46089e7,5.7782171,CosineDist,centered,7876.619250999999,7
cross_scenario,k_means,1134130444,25,4.4577e7,5.9707305,CosineDist,centered,7748.372135999999,7
cross_scenario,k_means,2658990538,25,1.0315e8,5.9142255,CosineDist,centered,1.56117215369e6,376
cross_scenario,k_means,2726541456,25,4.45569e7,5.981712,CosineDist,centered,7289.4359939999995,7
cross_scenario,k_means,2894918851,25,4.45703e7,6.1660604,CosineDist,centered,7112.561712000001,7
cross_scenario,k_means,3351175237,25,8.55856e7,5.9195033,CosineDist,centered,1.102341157172e6,242
cross_scenario,k_means,343301208,25,1.12359e8,5.2075797,CosineDist,centered,1.8048255976980003e6,474
cross_scenario,k_means,4135971217,25,4.45735e7,5.9461109,CosineDist,centered,7476.6573690000005,7
cross_scenario,k_means,4145110716,25,4.46193e7,5.709004,CosineDist,centered,6538.607611,7
cross_scenario,k_means,448376330,25,4.45943e7,6.0668266,CosineDist,centered,7525.801542,7
cross_scenario,k_means,47449323,25,4.45996e7,6.4840653,CosineDist,centered,7187.7222170000005,7
cross_scenario,k_means,1161276258,27,4.45814e7,5.7507818,CosineDist,centered,7750.5442140000005,7
cross_scenario,k_means,1233541653,27,4.45863e7,5.8699543,CosineDist,centered,8009.143433,7
cross_scenario,k_means,1267936167,27,4.45643e7,5.8609999,CosineDist,centered,7914.187165999999,7
cross_scenario,k_means,1653248667,27,4.45893e7,6.0157418,CosineDist,centered,7620.879432,7
cross_scenario,k_means,2437521778,27,4.45798e7,6.0210693,CosineDist,centered,7271.995702,7
cross_scenario,k_means,2524306086,27,4.45824e7,5.7830319,CosineDist,centered,7958.597864,7
cross_scenario,k_means,2606414571,27,4.46018e7,5.83423,CosineDist,centered,7799.447309,7
cross_scenario,k_means,2821296471,27,4.45909e7,5.9469576,CosineDist,centered,8411.798534,7
cross_scenario,k_means,3155655383,27,4.45676e7,5.9523798,CosineDist,centered,7958.985096999999,7
cross_scenario,k_means,463779685,27,4.45757e7,5.9328494,CosineDist,centered,8048.612151999999,7
cross_scenario,k_means,1113698075,29,4.45933e7,6.0789197,CosineDist,centered,6995.742845999999,7
cross_scenario,k_means,1125327650,29,4.45779e7,5.6493442,CosineDist,centered,7383.31091,7
cross_scenario,k_means,1398119942,29,1.01278e8,5.5005204,CosineDist,centered,1.514917288554e6,350
cross_scenario,k_means,1669407957,29,4.45808e7,5.6510568,CosineDist,centered,6879.957303,7
cross_scenario,k_means,1792506398,29,4.45668e7,5.860449,CosineDist,centered,7541.37598,7
cross_scenario,k_means,2439649745,29,4.45562e7,5.9886994,CosineDist,centered,7901.804808000001,7
cross_scenario,k_means,2730667678,29,4.45688e7,5.7520049,CosineDist,centered,7521.796732999999,7
cross_scenario,k_means,2843080965,29,4.4647e7,5.6475832,CosineDist,centered,7441.591724,10
cross_scenario,k_means,3434031776,29,4.45643e7,5.9405641,CosineDist,centered,7769.530395,7
cross_scenario,k_means,950202798,29,4.45914e7,5.5938327,CosineDist,centered,7632.5107689999995,7
cross_scenario,k_means,1042382051,3,2.1167e8,4.7502911,CosineDist,centered,4.361454905947e6,2096
cross_scenario,k_means,1617230705,3,2.17606e8,4.9092078,CosineDist,centered,4.512495815635e6,2191
cross_scenario,k_means,1690918982,3,2.08976e8,4.5906773,CosineDist,centered,4.291587883230001e6,2280
cross_scenario,k_means,2011904635,3,2.12767e8,5.0966988,CosineDist,centered,4.388012385908e6,2366
cross_scenario,k_means,208019063,3,5.04033e7,5.5057024,CosineDist,centered,169621.22682600003,116
cross_scenario,k_means,2175589206,3,2.31176e8,4.7912175,CosineDist,centered,4.860905680903e6,2702
cross_scenario,k_means,2331872192,3,1.81096e8,5.0294166,CosineDist,centered,3.562162101091e6,1549
cross_scenario,k_means,2859914000,3,4.49326e7,5.6027253,CosineDist,centered,6207.352263000001,7
cross_scenario,k_means,3409952330,3,1.8392e8,5.2766328,CosineDist,centered,3.649000610358998e6,1888
cross_scenario,k_means,488813374,3,1.83778e8,5.2904681,CosineDist,centered,3.6468118496769997e6,1738
cross_scenario,k_means,1349996306,31,4.45865e7,5.7724177,CosineDist,centered,8302.691633,7
cross_scenario,k_means,1462714024,31,4.45783e7,5.8085548,CosineDist,centered,8255.630114000001,7
cross_scenario,k_means,1579127763,31,4.45833e7,5.9488841,CosineDist,centered,7763.5854340000005,7
cross_scenario,k_means,1648351254,31,4.45875e7,5.8337051,CosineDist,centered,7954.290932999999,7
cross_scenario,k_means,2030289235,31,4.45711e7,6.342244,CosineDist,centered,7839.454331,7
cross_scenario,k_means,2462588561,31,4.45797e7,6.7124274,CosineDist,centered,8129.777318,7
cross_scenario,k_means,2929172095,31,4.45746e7,5.8833482,CosineDist,centered,8389.072587,7
cross_scenario,k_means,2944528308,31,4.45726e7,6.1774203,CosineDist,centered,7855.202718,7
cross_scenario,k_means,295145311,31,4.45654e7,6.3827565,CosineDist,centered,8528.84825,7
cross_scenario,k_means,3899371692,31,4.45632e7,6.545303,CosineDist,centered,7593.014787,7
cross_scenario,k_means,1038419084,33,4.46045e7,6.2970887,CosineDist,centered,8248.461268,7
cross_scenario,k_means,1109759726,33,4.45668e7,5.8558185,CosineDist,centered,8390.243112,7
cross_scenario,k_means,1963882461,33,4.45782e7,5.8969288,CosineDist,centered,7598.149239,7
cross_scenario,k_means,1989163906,33,4.4566e7,5.7466892,CosineDist,centered,8214.619875,7
cross_scenario,k_means,2479233904,33,4.45653e7,6.1199356,CosineDist,centered,7748.981782999999,7
cross_scenario,k_means,2497612078,33,4.45725e7,5.6962434,CosineDist,centered,7221.498907,7
cross_scenario,k_means,3214090957,33,4.45659e7,6.0082459,CosineDist,centered,8021.405059000001,7
cross_scenario,k_means,3465092140,33,4.45509e7,5.9265158,CosineDist,centered,7347.12733,7
cross_scenario,k_means,4061834237,33,4.4552e7,6.1618577,CosineDist,centered,7991.659705,7
cross_scenario,k_means,52313467,33,9.91387e7,5.9223821,CosineDist,centered,1.4629915532330002e6,323
cross_scenario,k_means,1208640119,35,4.45621e7,6.1857349,CosineDist,centered,7870.474899999999,7
cross_scenario,k_means,1428058240,35,4.45678e7,6.4774423,CosineDist,centered,8016.410399,7
cross_scenario,k_means,15941194,35,4.45538e7,6.2407265,CosineDist,centered,8337.5383,7
cross_scenario,k_means,2213813141,35,4.4572e7,6.4526617,CosineDist,centered,7472.176579000001,7
cross_scenario,k_means,2291375163,35,4.45561e7,5.7937726,CosineDist,centered,7785.140281999999,7
cross_scenario,k_means,236500538,35,4.45559e7,5.8764543,CosineDist,centered,7663.744106,7
cross_scenario,k_means,252145784,35,4.45664e7,5.8351333,CosineDist,centered,7977.114468,7
cross_scenario,k_means,2544196106,35,4.45821e7,6.4529258,CosineDist,centered,8109.276783999999,7
cross_scenario,k_means,2745802022,35,4.45671e7,6.2531575,CosineDist,centered,8216.255887,7
cross_scenario,k_means,3596893902,35,4.45617e7,5.8983899,CosineDist,centered,8165.932694,7
cross_scenario,k_means,1380354363,37,4.45732e7,6.3360923,CosineDist,centered,8526.896283,7
cross_scenario,k_means,3048518942,37,4.4572e7,5.84139,CosineDist,centered,8116.134832999999,7
cross_scenario,k_means,3182806193,37,4.45608e7,6.2364718,CosineDist,centered,7846.689204,7
cross_scenario,k_means,3244629827,37,4.4569e7,5.6816349,CosineDist,centered,8435.322117,7
cross_scenario,k_means,3452769998,37,4.45576e7,6.5860058,CosineDist,centered,7813.197853999999,7
cross_scenario,k_means,4262333788,37,4.45751e7,5.7529557,CosineDist,centered,8108.98048,7
cross_scenario,k_means,45994245,37,4.45849e7,6.1582799,CosineDist,centered,7964.647563,7
cross_scenario,k_means,67569244,37,4.45544e7,5.7273426,CosineDist,centered,7986.757813,7
cross_scenario,k_means,814300562,37,4.45613e7,6.0143397,CosineDist,centered,7986.569527,7
cross_scenario,k_means,870981686,37,4.45824e7,5.9391489,CosineDist,centered,7336.904117,7
cross_scenario,k_means,1129760376,39,4.45572e7,6.1637925,CosineDist,centered,7925.014009,7
cross_scenario,k_means,148104383,39,4.45565e7,6.2113235,CosineDist,centered,8910.637981,7
cross_scenario,k_means,1655289285,39,4.45559e7,6.4175827,CosineDist,centered,8756.347445,7
cross_scenario,k_means,1845695973,39,4.45454e7,6.1808212,CosineDist,centered,8431.772403,7
cross_scenario,k_means,2121257682,39,4.45649e7,5.7069337,CosineDist,centered,8138.864807999999,7
cross_scenario,k_means,2943233938,39,4.45641e7,6.1296093,CosineDist,centered,8441.833238,7
cross_scenario,k_means,3030918353,39,4.4542e7,5.7907815,CosineDist,centered,8110.842510999999,7
cross_scenario,k_means,3096268031,39,4.45696e7,6.2643152,CosineDist,centered,7115.252488,7
cross_scenario,k_means,3338611973,39,9.95592e7,5.6607539,CosineDist,centered,1.4694849138850002e6,312
cross_scenario,k_means,662283236,39,4.45639e7,5.6519417,CosineDist,centered,8235.059784000001,7
cross_scenario,k_means,1005104349,41,4.45491e7,5.6331435,CosineDist,centered,7958.716432,7
cross_scenario,k_means,1534696584,41,4.45607e7,6.0455644,CosineDist,centered,7979.247490000001,7
cross_scenario,k_means,225016911,41,4.45595e7,6.5196622,CosineDist,centered,8135.042782,7
cross_scenario,k_means,2317592996,41,4.45525e7,6.5409192,CosineDist,centered,7878.9167609999995,7
cross_scenario,k_means,2716090479,41,4.45614e7,6.0268351,CosineDist,centered,8753.109642,7
cross_scenario,k_means,3258958499,41,4.45582e7,5.830315,CosineDist,centered,7770.597868999999,7
cross_scenario,k_means,329433595,41,4.45461e7,5.6378798,CosineDist,centered,8473.305391,7
cross_scenario,k_means,3444774395,41,4.45796e7,5.6906374,CosineDist,centered,8253.520884,7
cross_scenario,k_means,438234340,41,4.4553e7,5.9765829,CosineDist,centered,8013.102569,7
cross_scenario,k_means,953901905,41,4.45379e7,6.1151321,CosineDist,centered,8262.739173,7
cross_scenario,k_means,1660595499,5,1.9471e8,5.8071556,CosineDist,centered,3.927025187253999e6,1826
cross_scenario,k_means,1714105051,5,1.68187e8,4.8089201,CosineDist,centered,3.2325785712e6,1284
cross_scenario,k_means,2169593505,5,1.02444e8,6.1144726,CosineDist,centered,1.536228219492e6,385
cross_scenario,k_means,2538991366,5,5.04635e7,5.6639618,CosineDist,centered,171530.53316599995,117
cross_scenario,k_means,2909674750,5,1.94124e8,4.8700837,CosineDist,centered,3.9126274707810003e6,2131
cross_scenario,k_means,3018546641,5,1.89933e8,5.312192,CosineDist,centered,3.8060180415659994e6,1748
cross_scenario,k_means,3634057553,5,1.4052e8,5.0517122,CosineDist,centered,2.5385575927390005e6,966
cross_scenario,k_means,4139823947,5,1.50433e8,5.5982284,CosineDist,centered,2.791049184124e6,1094
cross_scenario,k_means,4197766176,5,1.93042e8,5.3491699,CosineDist,centered,3.883244448919e6,1836
cross_scenario,k_means,5947179,5,1.72859e8,6.095447,CosineDist,centered,3.3637180977439997e6,1573
cross_scenario,k_means,1006581332,7,4.46771e7,6.3641548,CosineDist,centered,6096.414818,7
cross_scenario,k_means,1176932870,7,1.34822e8,5.7904366,CosineDist,centered,2.376899222910001e6,827
cross_scenario,k_means,1821427372,7,5.02985e7,5.6159409,CosineDist,centered,169621.22682600003,116
cross_scenario,k_means,2689963385,7,5.04631e7,5.3830916,CosineDist,centered,172925.76973899995,118
cross_scenario,k_means,2751971336,7,1.75779e8,5.2125902,CosineDist,centered,3.4409354975760006e6,1556
cross_scenario,k_means,3385142830,7,1.37609e8,5.414755,CosineDist,centered,2.4475969329999993e6,822
cross_scenario,k_means,3409620994,7,1.61903e8,5.1498375,CosineDist,centered,3.088115678151e6,1418
cross_scenario,k_means,447101461,7,1.51629e8,5.5598959,CosineDist,centered,2.822651927838e6,1124
cross_scenario,k_means,468006976,7,1.40576e8,5.6869433,CosineDist,centered,2.5391956310459995e6,941
cross_scenario,k_means,880982686,7,1.59517e8,5.5414279,CosineDist,centered,3.0245775859840005e6,1283
cross_scenario,k_means,1130292821,9,1.14052e8,5.660097,CosineDist,centered,1.8528860395470003e6,523
cross_scenario,k_means,1392296365,9,4.46934e7,5.7084188,CosineDist,centered,7836.588621999998,7
cross_scenario,k_means,2814468992,9,5.03435e7,5.3609995,CosineDist,centered,169621.22682600003,116
cross_scenario,k_means,3044209910,9,5.02896e7,5.6653969,CosineDist,centered,169621.22682600003,116
cross_scenario,k_means,3261319673,9,1.28451e8,5.5519901,CosineDist,centered,2.2093984070989992e6,713
cross_scenario,k_means,3543870990,9,4.46717e7,5.7229932,CosineDist,centered,6908.627592999999,7
cross_scenario,k_means,3602499071,9,5.0421e7,5.3590124,CosineDist,centered,172103.596162,117
cross_scenario,k_means,3926221275,9,1.1924e8,5.5986247,CosineDist,centered,1.9888554315990005e6,650
cross_scenario,k_means,42413356,9,5.0315e7,5.5938271,CosineDist,centered,169621.22682600003,116
cross_scenario,k_means,697383862,9,1.3654e8,5.5535301,CosineDist,centered,2.419251355575001e6,830
cross_scenario,k_means,1355586937,11,5.03217e7,5.7263996,SqEuclidean,centered,169621.22682600003,116
cross_scenario,k_means,1768760743,11,4.46306e7,5.8493797,SqEuclidean,centered,7025.328894,7
cross_scenario,k_means,2652796558,11,5.02904e7,5.4833849,SqEuclidean,centered,169621.22682600003,116
cross_scenario,k_means,3000698040,11,5.04158e7,5.5069851,SqEuclidean,centered,172925.76973899995,118
cross_scenario,k_means,3160233726,11,4.46371e7,5.526811,SqEuclidean,centered,6358.950661000001,7
cross_scenario,k_means,3479820580,11,1.11791e8,5.6834198,SqEuclidean,centered,1.7818221332070003e6,496
cross_scenario,k_means,3649546841,11,1.52031e8,5.6830051,SqEuclidean,centered,2.8328834462879994e6,1134
cross_scenario,k_means,4031091536,11,4.46592e7,6.5629987,SqEuclidean,centered,7920.359138,7
cross_scenario,k_means,675182737,11,1.08896e8,5.5245861,SqEuclidean,centered,1.7202968080649998e6,539
cross_scenario,k_means,722170199,11,1.11616e8,5.2563075,SqEuclidean,centered,1.7799286299640003e6,490
cross_scenario,k_means,1020330993,13,1.25205e8,5.478575,SqEuclidean,centered,2.1292418328e6,760
cross_scenario,k_means,1241334511,13,1.04403e8,5.6162065,SqEuclidean,centered,1.5920527572390002e6,467
cross_scenario,k_means,1561739573,13,1.32767e8,5.0917506,SqEuclidean,centered,2.3245103444560003e6,807
cross_scenario,k_means,2082789969,13,4.46383e7,6.1984235,SqEuclidean,centered,6790.133054,7
cross_scenario,k_means,2422820678,13,1.21595e8,6.1029267,SqEuclidean,centered,2.0358015115510002e6,598
cross_scenario,k_means,373102896,13,9.53908e7,5.6294656,SqEuclidean,centered,1.358003416562e6,311
cross_scenario,k_means,3777256655,13,4.47063e7,5.891964,SqEuclidean,centered,6704.50396,7
cross_scenario,k_means,4101453586,13,4.46523e7,5.7914189,SqEuclidean,centered,7576.761,7
cross_scenario,k_means,419645993,13,1.11246e8,5.6546093,SqEuclidean,centered,1.7683561733329997e6,495
cross_scenario,k_means,772616242,13,4.465e7,6.0461916,SqEuclidean,centered,7076.738588,7
cross_scenario,k_means,1536731824,15,1.06836e8,5.6254502,SqEuclidean,centered,1.654079879458e6,482
cross_scenario,k_means,1944031661,15,4.46436e7,6.0877529,SqEuclidean,centered,6821.9569409999995,7
cross_scenario,k_means,195370354,15,1.25377e8,5.5431823,SqEuclidean,centered,2.1332620086719994e6,694
cross_scenario,k_means,2392820273,15,1.25602e8,5.4453582,SqEuclidean,centered,2.139049535653e6,650
cross_scenario,k_means,2931326369,15,4.46074e7,6.2739936,SqEuclidean,centered,6990.313228,7
cross_scenario,k_means,3012361418,15,4.46241e7,6.2381511,SqEuclidean,centered,7569.573493,7
cross_scenario,k_means,3763622817,15,4.46524e7,5.7675568,SqEuclidean,centered,7470.585690999999,7
cross_scenario,k_means,3796973136,15,1.13367e8,5.1516172,SqEuclidean,centered,1.8262846957780002e6,522
cross_scenario,k_means,3815196410,15,4.46435e7,5.8567156,SqEuclidean,centered,7750.071739,7
cross_scenario,k_means,604489562,15,4.46927e7,5.8305153,SqEuclidean,centered,7399.414076999999,7
cross_scenario,k_means,1587347134,17,4.46191e7,6.0434125,SqEuclidean,centered,7589.658294,7
cross_scenario,k_means,186564236,17,4.45972e7,6.1774749,SqEuclidean,centered,7130.513806,7
cross_scenario,k_means,2166881926,17,4.88122e7,5.6666219,SqEuclidean,centered,132692.57502700004,93
cross_scenario,k_means,2186186592,17,4.46616e7,6.5113136,SqEuclidean,centered,6492.593573,7
cross_scenario,k_means,2238747886,17,8.86737e7,6.2134446,SqEuclidean,centered,1.181136650064e6,249
cross_scenario,k_means,224585247,17,5.02594e7,5.916037,SqEuclidean,centered,169621.22682600003,116
cross_scenario,k_means,2339120676,17,4.46587e7,6.2238619,SqEuclidean,centered,7093.335954,7
cross_scenario,k_means,3093014142,17,4.46495e7,6.0101702,SqEuclidean,centered,7433.263859,7
cross_scenario,k_means,3258302586,17,5.02756e7,5.8196608,SqEuclidean,centered,169621.22682600003,116
cross_scenario,k_means,3629043986,17,4.46057e7,6.1560424,SqEuclidean,centered,7321.704819,7
cross_scenario,k_means,1088367163,19,1.03674e8,6.1324448,SqEuclidean,centered,1.5740753409109998e6,408
cross_scenario,k_means,1245540782,19,4.46194e7,5.6616115,SqEuclidean,centered,7076.69114,7
cross_scenario,k_means,2410109332,19,4.46096e7,5.9790336,SqEuclidean,centered,6839.308413000001,7
cross_scenario,k_means,2455416769,19,4.45982e7,5.893039,SqEuclidean,centered,7762.025371,7
cross_scenario,k_means,2591120440,19,1.05825e8,5.7620608,SqEuclidean,centered,1.6403821508829999e6,569
cross_scenario,k_means,2650271871,19,4.46094e7,5.878841,SqEuclidean,centered,7459.76606,7
cross_scenario,k_means,2789252227,19,4.46339e7,5.7984577,SqEuclidean,centered,6596.317123,7
cross_scenario,k_means,3130995382,19,5.02646e7,5.6146224,SqEuclidean,centered,169621.22682600003,116
cross_scenario,k_means,3357853995,19,4.4615e7,6.0884087,SqEuclidean,centered,6608.3489420000005,7
cross_scenario,k_means,824849990,19,1.1381e8,5.5614057,SqEuclidean,centered,1.8354294785550002e6,509
cross_scenario,k_means,1244389436,21,4.46038e7,6.2688726,SqEuclidean,centered,7030.580954000001,7
cross_scenario,k_means,1393653782,21,4.46027e7,6.7195351,SqEuclidean,centered,6893.419748,7
cross_scenario,k_means,1761682951,21,4.45729e7,6.0196977,SqEuclidean,centered,7876.233457999999,7
cross_scenario,k_means,196162340,21,4.45861e7,6.2303341,SqEuclidean,centered,7194.671308,7
cross_scenario,k_means,1984034111,21,4.45811e7,6.3533802,SqEuclidean,centered,7733.378134999999,7
cross_scenario,k_means,2569047889,21,4.46093e7,6.3196393,SqEuclidean,centered,7759.536415999999,7
cross_scenario,k_means,3286463093,21,1.11802e8,5.913903,SqEuclidean,centered,1.7862877567670003e6,509
cross_scenario,k_means,4196464565,21,4.45826e7,5.7671906,SqEuclidean,centered,7483.193652999999,7
cross_scenario,k_means,744301781,21,1.20508e8,5.437899,SqEuclidean,centered,2.0251368146669997e6,578
cross_scenario,k_means,760014603,21,4.46333e7,5.9054538,SqEuclidean,centered,6603.041789999999,7
cross_scenario,k_means,2193967569,23,4.45895e7,6.315748,SqEuclidean,centered,7031.857336,7
cross_scenario,k_means,2546464051,23,4.46044e7,6.6284021,SqEuclidean,centered,7060.8979930000005,7
cross_scenario,k_means,2938742229,23,4.45849e7,5.9101096,SqEuclidean,centered,7876.619997000001,7
cross_scenario,k_means,313447314,23,4.46091e7,5.8152296,SqEuclidean,centered,7317.356438999999,7
cross_scenario,k_means,3164855826,23,4.45853e7,5.6830493,SqEuclidean,centered,8227.681826,7
cross_scenario,k_means,3173192974,23,4.46002e7,6.401293,SqEuclidean,centered,7408.116261,7
cross_scenario,k_means,3527549645,23,4.4616e7,6.3042471,SqEuclidean,centered,8061.429754000001,7
cross_scenario,k_means,3913193451,23,4.45673e7,6.1909806,SqEuclidean,centered,8103.086228,7
cross_scenario,k_means,714332685,23,4.45668e7,6.1402299,SqEuclidean,centered,7728.538053000001,7
cross_scenario,k_means,890890131,23,4.45937e7,6.2903335,SqEuclidean,centered,8089.224559,7
cross_scenario,k_means,1134130444,25,4.45927e7,5.8290099,SqEuclidean,centered,7526.721287,7
cross_scenario,k_means,2658990538,25,1.03049e8,5.6219948,SqEuclidean,centered,1.558510852974e6,386
cross_scenario,k_means,2726541456,25,4.45659e7,6.1785827,SqEuclidean,centered,7348.322807999999,7
cross_scenario,k_means,2894918851,25,4.45808e7,6.4538512,SqEuclidean,centered,7140.968148,7
cross_scenario,k_means,3351175237,25,4.45811e7,6.0854335,SqEuclidean,centered,7519.112346,7
cross_scenario,k_means,343301208,25,4.45852e7,6.0233973,SqEuclidean,centered,7524.467769,7
cross_scenario,k_means,4135971217,25,4.45689e7,5.7775888,SqEuclidean,centered,7436.786041,7
cross_scenario,k_means,4145110716,25,4.45797e7,6.4262285,SqEuclidean,centered,7117.634043,7
cross_scenario,k_means,448376330,25,4.45839e7,6.2577332,SqEuclidean,centered,7647.651358,7
cross_scenario,k_means,47449323,25,4.45842e7,6.1518601,SqEuclidean,centered,7382.300876,7
cross_scenario,k_means,1161276258,27,4.4581e7,5.6793103,SqEuclidean,centered,7764.479751000001,7
cross_scenario,k_means,1233541653,27,4.45945e7,6.4541742,SqEuclidean,centered,7781.435998,7
cross_scenario,k_means,1267936167,27,4.45707e7,8.1939401,SqEuclidean,centered,8232.513617,7
cross_scenario,k_means,1653248667,27,4.45905e7,6.4512107,SqEuclidean,centered,8061.266943,7
cross_scenario,k_means,2437521778,27,4.45592e7,5.8086236,SqEuclidean,centered,7287.571321999999,7
cross_scenario,k_means,2524306086,27,4.45696e7,5.8853198,SqEuclidean,centered,7942.371249,7
cross_scenario,k_means,2606414571,27,4.45969e7,6.2800642,SqEuclidean,centered,7265.974983,7
cross_scenario,k_means,2821296471,27,4.45724e7,6.0972896,SqEuclidean,centered,8204.779004,7
cross_scenario,k_means,3155655383,27,4.45791e7,6.0907817,SqEuclidean,centered,7914.676691,7
cross_scenario,k_means,463779685,27,4.45816e7,5.8270956,SqEuclidean,centered,7987.126874,7
cross_scenario,k_means,1113698075,29,4.45787e7,5.839847,SqEuclidean,centered,6998.144971000001,7
cross_scenario,k_means,1125327650,29,4.45999e7,6.2085784,SqEuclidean,centered,7210.940393,7
cross_scenario,k_means,1398119942,29,1.06132e8,5.7921536,SqEuclidean,centered,1.6395636241889999e6,394
cross_scenario,k_means,1669407957,29,4.45663e7,5.6940116,SqEuclidean,centered,7260.652505000001,7
cross_scenario,k_means,1792506398,29,4.4569e7,5.7438388,SqEuclidean,centered,7695.9955930000015,7
cross_scenario,k_means,2439649745,29,4.45544e7,5.9640149,SqEuclidean,centered,7787.970462,7
cross_scenario,k_means,2730667678,29,4.45712e7,6.0922699,SqEuclidean,centered,7714.022218,7
cross_scenario,k_means,2843080965,29,4.46013e7,5.7743527,SqEuclidean,centered,7656.8331499999995,7
cross_scenario,k_means,3434031776,29,4.4572e7,6.2030616,SqEuclidean,centered,8115.021976000001,7
cross_scenario,k_means,950202798,29,4.4567e7,5.9231268,SqEuclidean,centered,7895.288560999999,7
cross_scenario,k_means,1042382051,3,2.0882e8,5.2977657,SqEuclidean,centered,4.286568613008e6,2150
cross_scenario,k_means,1617230705,3,2.24614e8,4.9904341,SqEuclidean,centered,4.691790400211999e6,2269
cross_scenario,k_means,1690918982,3,2.24478e8,4.8632641,SqEuclidean,centered,4.68823952475e6,2579
cross_scenario,k_means,2011904635,3,2.04609e8,5.2165253,SqEuclidean,centered,4.179511831975e6,2102
cross_scenario,k_means,208019063,3,5.03993e7,5.6266418,SqEuclidean,centered,169621.22682600003,116
cross_scenario,k_means,2175589206,3,2.02835e8,5.2000188,SqEuclidean,centered,4.135159059666e6,2145
cross_scenario,k_means,2331872192,3,1.69201e8,4.8507164,SqEuclidean,centered,3.2585017441299995e6,1285
cross_scenario,k_means,2859914000,3,4.49326e7,5.6060659,SqEuclidean,centered,6207.352263000001,7
cross_scenario,k_means,3409952330,3,1.79569e8,5.2017048,SqEuclidean,centered,3.538959094311e6,1734
cross_scenario,k_means,488813374,3,1.69514e8,5.4730717,SqEuclidean,centered,3.282665272835e6,1448
cross_scenario,k_means,1349996306,31,4.45736e7,5.8000954,SqEuclidean,centered,7911.483318,7
cross_scenario,k_means,1462714024,31,4.45843e7,5.8088506,SqEuclidean,centered,8391.702742000001,7
cross_scenario,k_means,1579127763,31,4.45702e7,6.0636376,SqEuclidean,centered,7883.094177999999,7
cross_scenario,k_means,1648351254,31,4.45745e7,5.9414695,SqEuclidean,centered,8292.523111,7
cross_scenario,k_means,2030289235,31,4.45659e7,5.9483635,SqEuclidean,centered,7610.325231999999,7
cross_scenario,k_means,2462588561,31,4.45734e7,6.5008479,SqEuclidean,centered,8014.301732,7
cross_scenario,k_means,2929172095,31,4.45729e7,6.4952412,SqEuclidean,centered,8129.98134,7
cross_scenario,k_means,2944528308,31,4.45693e7,5.9484936,SqEuclidean,centered,8056.225796000001,7
cross_scenario,k_means,295145311,31,4.45623e7,6.0124915,SqEuclidean,centered,8548.30866,7
cross_scenario,k_means,3899371692,31,4.4564e7,6.1060263,SqEuclidean,centered,7782.704291999999,7
cross_scenario,k_means,1038419084,33,4.45743e7,6.4935194,SqEuclidean,centered,8389.254191,7
cross_scenario,k_means,1109759726,33,4.4566e7,6.5747699,SqEuclidean,centered,7526.709166000001,7
cross_scenario,k_means,1963882461,33,4.45715e7,5.8348236,SqEuclidean,centered,7437.363308,7
cross_scenario,k_means,1989163906,33,4.45798e7,5.9435035,SqEuclidean,centered,8076.038503,7
cross_scenario,k_means,2479233904,33,4.45859e7,5.85311,SqEuclidean,centered,7626.189904000001,7
cross_scenario,k_means,2497612078,33,4.45618e7,6.2244127,SqEuclidean,centered,7206.776146,7
cross_scenario,k_means,3214090957,33,4.45558e7,6.4384507,SqEuclidean,centered,8591.267294,7
cross_scenario,k_means,3465092140,33,4.45429e7,6.2391607,SqEuclidean,centered,7265.063001,7
cross_scenario,k_means,4061834237,33,4.45721e7,6.2543072,SqEuclidean,centered,7775.7772159999995,7
cross_scenario,k_means,52313467,33,4.45485e7,6.3090774,SqEuclidean,centered,8198.759366,7
cross_scenario,k_means,1208640119,35,4.4557e7,5.938673,SqEuclidean,centered,7975.163572,7
cross_scenario,k_means,1428058240,35,4.45554e7,5.8428043,SqEuclidean,centered,7970.394197,7
cross_scenario,k_means,15941194,35,4.45625e7,5.9583118,SqEuclidean,centered,8586.782409000001,7
cross_scenario,k_means,2213813141,35,4.45724e7,6.0312868,SqEuclidean,centered,7457.044323000001,7
cross_scenario,k_means,2291375163,35,4.45789e7,5.7967989,SqEuclidean,centered,8150.384933000001,7
cross_scenario,k_means,236500538,35,4.45673e7,5.8347704,SqEuclidean,centered,7665.324315,7
cross_scenario,k_means,252145784,35,4.45614e7,5.862646,SqEuclidean,centered,8059.179529999999,7
cross_scenario,k_means,2544196106,35,4.45608e7,5.8553011,SqEuclidean,centered,8054.713592,7
cross_scenario,k_means,2745802022,35,4.45667e7,6.1340883,SqEuclidean,centered,8141.385236,7
cross_scenario,k_means,3596893902,35,4.45578e7,5.9004509,SqEuclidean,centered,7724.269544000001,7
cross_scenario,k_means,1380354363,37,4.45659e7,5.7216452,SqEuclidean,centered,8526.782742,7
cross_scenario,k_means,3048518942,37,4.45502e7,5.8209481,SqEuclidean,centered,8158.796828,7
cross_scenario,k_means,3182806193,37,4.4556e7,5.7054318,SqEuclidean,centered,7743.726171,7
cross_scenario,k_means,3244629827,37,4.4568e7,6.0615626,SqEuclidean,centered,8190.233498,7
cross_scenario,k_means,3452769998,37,4.45434e7,6.0842056,SqEuclidean,centered,8101.387470000001,7
cross_scenario,k_means,4262333788,37,4.45621e7,6.0825514,SqEuclidean,centered,8409.521711,7
cross_scenario,k_means,45994245,37,4.4564e7,5.8286578,SqEuclidean,centered,7934.160556000001,7
cross_scenario,k_means,67569244,37,4.45617e7,6.0169392,SqEuclidean,centered,7670.430591,7
cross_scenario,k_means,814300562,37,4.45501e7,6.1918018,SqEuclidean,centered,8021.168818,7
cross_scenario,k_means,870981686,37,4.45603e7,6.2115313,SqEuclidean,centered,7743.580056,7
cross_scenario,k_means,1129760376,39,4.45585e7,6.0717761,SqEuclidean,centered,7783.884627000001,7
cross_scenario,k_means,148104383,39,4.45524e7,5.6706319,SqEuclidean,centered,8707.492547,7
cross_scenario,k_means,1655289285,39,4.45486e7,5.9928268,SqEuclidean,centered,8859.821141999999,7
cross_scenario,k_means,1845695973,39,4.45479e7,5.9787688,SqEuclidean,centered,8570.256127999999,7
cross_scenario,k_means,2121257682,39,4.45648e7,6.017091,SqEuclidean,centered,7550.860736,7
cross_scenario,k_means,2943233938,39,4.45576e7,6.0595432,SqEuclidean,centered,8272.220696999999,7
cross_scenario,k_means,3030918353,39,4.45431e7,6.2199823,SqEuclidean,centered,7659.79683,7
cross_scenario,k_means,3096268031,39,4.45743e7,6.3387875,SqEuclidean,centered,7045.608055000001,7
cross_scenario,k_means,3338611973,39,9.35387e7,5.7425085,SqEuclidean,centered,1.3119728701240004e6,284
cross_scenario,k_means,662283236,39,4.45596e7,5.7992125,SqEuclidean,centered,7857.861603,7
cross_scenario,k_means,1005104349,41,4.45565e7,5.7284799,SqEuclidean,centered,8314.666759,7
cross_scenario,k_means,1534696584,41,4.45414e7,6.0333962,SqEuclidean,centered,8156.541351,7
cross_scenario,k_means,225016911,41,4.45599e7,5.877854,SqEuclidean,centered,8562.956803000001,7
cross_scenario,k_means,2317592996,41,4.45496e7,6.1193145,SqEuclidean,centered,8034.516037000001,7
cross_scenario,k_means,2716090479,41,4.45547e7,6.1844857,SqEuclidean,centered,8546.774440000001,7
cross_scenario,k_means,3258958499,41,4.45542e7,5.8764966,SqEuclidean,centered,8008.499110999999,7
cross_scenario,k_means,329433595,41,4.45488e7,5.8270689,SqEuclidean,centered,8427.181598000001,7
cross_scenario,k_means,3444774395,41,4.45769e7,6.1384846,SqEuclidean,centered,8228.609703,7
cross_scenario,k_means,438234340,41,4.45516e7,6.2117626,SqEuclidean,centered,8021.798244999999,7
cross_scenario,k_means,953901905,41,4.45368e7,6.3153156,SqEuclidean,centered,7814.236301999999,7
cross_scenario,k_means,1660595499,5,1.91145e8,5.8243967,SqEuclidean,centered,3.835660050302999e6,1859
cross_scenario,k_means,1714105051,5,1.52114e8,4.929891,SqEuclidean,centered,2.821548347659e6,1074
cross_scenario,k_means,2169593505,5,1.28536e8,5.3979631,SqEuclidean,centered,2.21454278397e6,809
cross_scenario,k_means,2538991366,5,1.85866e8,4.8799169,SqEuclidean,centered,3.701577067633e6,1706
cross_scenario,k_means,2909674750,5,1.81733e8,5.0238505,SqEuclidean,centered,3.5951871904849997e6,1951
cross_scenario,k_means,3018546641,5,1.82712e8,5.3021071,SqEuclidean,centered,3.620860556653e6,1564
cross_scenario,k_means,3634057553,5,1.62729e8,4.8182541,SqEuclidean,centered,3.108338601543e6,1261
cross_scenario,k_means,4139823947,5,1.73347e8,5.4196918,SqEuclidean,centered,3.3775568361639995e6,1478
cross_scenario,k_means,4197766176,5,1.89532e8,5.3067801,SqEuclidean,centered,3.79335767138e6,1782
cross_scenario,k_means,5947179,5,2.03275e8,4.7581247,SqEuclidean,centered,4.145358249670999e6,1967
cross_scenario,k_means,1006581332,7,4.46947e7,5.7279143,SqEuclidean,centered,6448.955225,7
cross_scenario,k_means,1176932870,7,1.40837e8,5.4225079,SqEuclidean,centered,2.530281621477e6,822
cross_scenario,k_means,1821427372,7,5.03126e7,5.582319,SqEuclidean,centered,169621.22682600003,116
cross_scenario,k_means,2689963385,7,5.03367e7,5.6224923,SqEuclidean,centered,169621.22682600003,116
cross_scenario,k_means,2751971336,7,1.51763e8,5.5663408,SqEuclidean,centered,2.825744892712e6,1266
cross_scenario,k_means,3385142830,7,1.37324e8,5.4229474,SqEuclidean,centered,2.4405842345629996e6,797
cross_scenario,k_means,3409620994,7,1.6046e8,5.4296543,SqEuclidean,centered,3.049367030010999e6,1291
cross_scenario,k_means,447101461,7,1.51599e8,5.8029388,SqEuclidean,centered,2.8214487269240003e6,1157
cross_scenario,k_means,468006976,7,1.30552e8,5.6222941,SqEuclidean,centered,2.2806968130820002e6,797
cross_scenario,k_means,880982686,7,1.66803e8,5.813144,SqEuclidean,centered,3.210904559736e6,1402
cross_scenario,k_means,1130292821,9,1.39001e8,5.9929242,SqEuclidean,centered,2.4948801637959997e6,941
cross_scenario,k_means,1392296365,9,4.46569e7,6.5568482,SqEuclidean,centered,7340.6687,7
cross_scenario,k_means,2814468992,9,5.03257e7,5.7571598,SqEuclidean,centered,169621.22682600003,116
cross_scenario,k_means,3044209910,9,5.02861e7,5.9849658,SqEuclidean,centered,169621.22682600003,116
cross_scenario,k_means,3261319673,9,1.33909e8,5.7324542,SqEuclidean,centered,2.353464304207999e6,798
cross_scenario,k_means,3543870990,9,4.46873e7,5.5911635,SqEuclidean,centered,6902.2891869999985,7
cross_scenario,k_means,3602499071,9,5.0444e7,5.8402964,SqEuclidean,centered,172925.76973899995,118
cross_scenario,k_means,3926221275,9,1.3949e8,5.5292169,SqEuclidean,centered,2.509300627042e6,1071
cross_scenario,k_means,42413356,9,5.04623e7,6.1856023,SqEuclidean,centered,172925.76973899995,118
cross_scenario,k_means,697383862,9,1.32681e8,5.6466654,SqEuclidean,centered,2.321705781477e6,805
stochastic,stochastic,0,0,4.44949e7,102.3767207,N/A,centered,7924.161421000001,7
cross_scenario,convex_hull,0,11,7.07259e7,5.4867533,CosineDist,close,469655.657134,141
cross_scenario,convex_hull,0,13,7.05782e7,11.4569643,CosineDist,close,467939.95953299996,155
cross_scenario,convex_hull,0,15,7.01694e7,5.6340719,CosineDist,close,458219.503513,154
cross_scenario,convex_hull,0,17,6.96302e7,6.4098221,CosineDist,close,447085.50143699994,142
cross_scenario,convex_hull,0,19,6.94263e7,6.6261867,CosineDist,close,442164.57262600004,146
cross_scenario,convex_hull,0,21,6.93378e7,6.4578573,CosineDist,close,439889.88631200005,157
cross_scenario,convex_hull,0,23,6.97031e7,6.1751574,CosineDist,close,448555.0700889998,160
cross_scenario,convex_hull,0,25,6.94652e7,6.6624375,CosineDist,close,439479.20657599997,140
cross_scenario,convex_hull,0,27,7.01061e7,6.6848111,CosineDist,close,456314.56298,149
cross_scenario,convex_hull,0,29,7.01004e7,5.9941216,CosineDist,close,456145.2534979999,153
cross_scenario,convex_hull,0,3,7.91516e7,5.5294828,CosineDist,close,702940.2574659999,321
cross_scenario,convex_hull,0,31,6.9843e7,5.6149195,CosineDist,close,449540.750516,154
cross_scenario,convex_hull,0,33,6.98999e7,5.861621,CosineDist,close,450989.683495,146
cross_scenario,convex_hull,0,35,6.9967e7,5.9297342,CosineDist,close,452668.36154099996,153
cross_scenario,convex_hull,0,37,6.94447e7,5.6547477,CosineDist,close,439515.77721000003,140
cross_scenario,convex_hull,0,39,6.937e7,5.7679041,CosineDist,close,437708.0066400001,137
cross_scenario,convex_hull,0,41,6.94257e7,5.7477469,CosineDist,close,439146.15507800004,140
cross_scenario,convex_hull,0,5,7.61304e7,6.3955762,CosineDist,close,633770.1984819999,303
cross_scenario,convex_hull,0,7,7.59572e7,5.570936,CosineDist,close,634129.538245,299
cross_scenario,convex_hull,0,9,6.8877e7,5.5213242,CosineDist,close,421567.754995,138
cross_scenario,convex_hull,0,11,7.08569e7,5.6173694,SqEuclidean,close,466786.39029699995,136
cross_scenario,convex_hull,0,13,6.80044e7,5.8191454,SqEuclidean,close,392602.017814,123
cross_scenario,convex_hull,0,15,6.8479e7,5.7434715,SqEuclidean,close,405593.04399700003,142
cross_scenario,convex_hull,0,17,6.80772e7,5.5820064,SqEuclidean,close,395099.781264,127
cross_scenario,convex_hull,0,19,6.77506e7,5.7530157,SqEuclidean,close,386330.02011700004,121
cross_scenario,convex_hull,0,21,6.76589e7,5.8041705,SqEuclidean,close,383845.137817,132
cross_scenario,convex_hull,0,23,7.09201e7,9.3129745,SqEuclidean,close,473762.87555900007,150
cross_scenario,convex_hull,0,25,7.13548e7,10.0432701,SqEuclidean,close,485493.917625,149
cross_scenario,convex_hull,0,27,7.08235e7,12.6998971,SqEuclidean,close,471746.1269899999,151
cross_scenario,convex_hull,0,29,7.07593e7,9.9903347,SqEuclidean,close,470687.1259689999,136
cross_scenario,convex_hull,0,3,9.20973e7,5.4555421,SqEuclidean,close,1.0442160593899998e6,449
cross_scenario,convex_hull,0,31,6.97296e7,5.886126,SqEuclidean,close,443151.87879600003,134
cross_scenario,convex_hull,0,33,6.97834e7,5.779585,SqEuclidean,close,444508.44040599995,140
cross_scenario,convex_hull,0,35,6.93138e7,5.7925307,SqEuclidean,close,435535.6113279999,142
cross_scenario,convex_hull,0,37,6.91728e7,6.0936464,SqEuclidean,close,432000.28503300005,145
cross_scenario,convex_hull,0,39,6.95523e7,5.9586839,SqEuclidean,close,441993.8687639999,143
cross_scenario,convex_hull,0,41,6.96212e7,6.0535443,SqEuclidean,close,443711.874603,146
cross_scenario,convex_hull,0,5,7.35831e7,4.9682531,SqEuclidean,close,510830.684211,136
cross_scenario,convex_hull,0,7,7.05946e7,5.8204666,SqEuclidean,close,452242.5908120001,122
cross_scenario,convex_hull,0,9,7.07268e7,6.0315208,SqEuclidean,close,459185.02490099997,122
cross_scenario,k_medoids,1355586937,11,1.15871e8,5.944462,CosineDist,close,1.6619747733930002e6,580
cross_scenario,k_medoids,1768760743,11,7.31463e7,7.0635107,CosineDist,close,548240.159777,181
cross_scenario,k_medoids,2652796558,11,7.42632e7,6.0898158,CosineDist,close,584566.821975,225
cross_scenario,k_medoids,3000698040,11,1.06627e8,6.2985349,CosineDist,close,1.4296370333800002e6,545
cross_scenario,k_medoids,3160233726,11,1.05928e8,6.0938165,CosineDist,close,1.4118302669129998e6,529
cross_scenario,k_medoids,3479820580,11,8.40139e7,6.3311529,CosineDist,close,833211.34343,250
cross_scenario,k_medoids,3649546841,11,6.86135e7,5.5672938,CosineDist,close,422513.27365,151
cross_scenario,k_medoids,4031091536,11,7.42717e7,6.4038198,CosineDist,close,584884.694534,221
cross_scenario,k_medoids,675182737,11,7.27832e7,6.568172,CosineDist,close,534319.138503,170
cross_scenario,k_medoids,722170199,11,7.2813e7,6.0534564,CosineDist,close,535025.016343,170
cross_scenario,k_medoids,1020330993,13,8.99792e7,6.2050326,CosineDist,close,988271.3876520001,324
cross_scenario,k_medoids,1241334511,13,8.39092e7,6.8299842,CosineDist,close,830218.9726700002,284
cross_scenario,k_medoids,1561739573,13,1.0589e8,6.0548849,CosineDist,close,1.401894626718e6,487
cross_scenario,k_medoids,2082789969,13,7.29407e7,6.3680497,CosineDist,close,538852.017213,170
cross_scenario,k_medoids,2422820678,13,6.97788e7,6.307853,CosineDist,close,461009.87101400003,180
cross_scenario,k_medoids,373102896,13,7.28013e7,6.26581,CosineDist,close,534834.5945899999,174
cross_scenario,k_medoids,3777256655,13,7.29792e7,6.3106282,CosineDist,close,541656.807882,190
cross_scenario,k_medoids,4101453586,13,7.21429e7,6.3296098,CosineDist,close,517459.67424599995,169
cross_scenario,k_medoids,419645993,13,7.29754e7,6.3834894,CosineDist,close,546853.889567,195
cross_scenario,k_medoids,772616242,13,7.13919e7,6.3359091,CosineDist,close,508521.21830899996,216
cross_scenario,k_medoids,1536731824,15,7.4147e7,6.9332362,CosineDist,close,583285.9047719999,222
cross_scenario,k_medoids,1944031661,15,1.1031e8,6.0134855,CosineDist,close,1.52285867888e6,581
cross_scenario,k_medoids,195370354,15,6.97247e7,6.2627088,CosineDist,close,451109.540303,146
cross_scenario,k_medoids,2392820273,15,7.01491e7,6.2997867,CosineDist,close,472169.624576,180
cross_scenario,k_medoids,2931326369,15,7.00397e7,6.8613868,CosineDist,close,461274.34038199997,159
cross_scenario,k_medoids,3012361418,15,7.31121e7,6.1913505,CosineDist,close,551066.595728,208
cross_scenario,k_medoids,3763622817,15,7.29667e7,6.3732789,CosineDist,close,538323.3056799998,168
cross_scenario,k_medoids,3796973136,15,1.15686e8,6.7394593,CosineDist,close,1.6541985338859998e6,563
cross_scenario,k_medoids,3815196410,15,7.22252e7,6.4954903,CosineDist,close,519893.279657,172
cross_scenario,k_medoids,604489562,15,7.20888e7,6.1611161,CosineDist,close,521229.53309199994,178
cross_scenario,k_medoids,1587347134,17,7.27625e7,6.5315421,CosineDist,close,533287.132531,172
cross_scenario,k_medoids,186564236,17,7.29929e7,6.5071787,CosineDist,close,545337.3922549998,182
cross_scenario,k_medoids,2166881926,17,7.10552e7,6.3628028,CosineDist,close,499398.83881,198
cross_scenario,k_medoids,2186186592,17,7.22877e7,6.3991348,CosineDist,close,526214.1891030001,176
cross_scenario,k_medoids,2238747886,17,7.28294e7,6.1102625,CosineDist,close,534902.4719969998,174
cross_scenario,k_medoids,224585247,17,6.91424e7,6.4290567,CosineDist,close,443200.51423,165
cross_scenario,k_medoids,2339120676,17,7.28924e7,6.4068308,CosineDist,close,545462.1467089999,192
cross_scenario,k_medoids,3093014142,17,7.27347e7,6.4332388,CosineDist,close,533813.657365,167
cross_scenario,k_medoids,3258302586,17,6.93697e7,6.7039234,CosineDist,close,441985.0812109999,152
cross_scenario,k_medoids,3629043986,17,7.24895e7,6.6348248,CosineDist,close,526250.134335,167
cross_scenario,k_medoids,1088367163,19,6.98247e7,6.6597037,CosineDist,close,454363.0986209999,154
cross_scenario,k_medoids,1245540782,19,7.24905e7,6.3493597,CosineDist,close,527136.0281959999,174
cross_scenario,k_medoids,2410109332,19,7.01252e7,6.4411854,CosineDist,close,469655.571665,176
cross_scenario,k_medoids,2455416769,19,7.26492e7,6.8504446,CosineDist,close,533014.547039,179
cross_scenario,k_medoids,2591120440,19,6.90777e7,6.3954276,CosineDist,close,439216.74461000005,156
cross_scenario,k_medoids,2650271871,19,7.22378e7,6.6356445,CosineDist,close,519896.293108,162
cross_scenario,k_medoids,2789252227,19,6.92919e7,6.0554561,CosineDist,close,439814.51475599996,155
cross_scenario,k_medoids,3130995382,19,6.98012e7,5.8671187,CosineDist,close,460480.24603200005,176
cross_scenario,k_medoids,3357853995,19,6.95824e7,6.6281571,CosineDist,close,449444.95112399996,159
cross_scenario,k_medoids,824849990,19,6.93204e7,6.3305668,CosineDist,close,447564.927827,160
cross_scenario,k_medoids,1244389436,21,7.2491e7,6.861231,CosineDist,close,531387.4877519999,171
cross_scenario,k_medoids,1393653782,21,7.31046e7,6.5963996,CosineDist,close,541729.7290980002,174
cross_scenario,k_medoids,1761682951,21,6.959e7,6.71576,CosineDist,close,447876.70155,155
cross_scenario,k_medoids,196162340,21,7.32136e7,6.607407,CosineDist,close,548819.722924,183
cross_scenario,k_medoids,1984034111,21,7.68642e7,6.9060286,CosineDist,close,643271.1923049999,199
cross_scenario,k_medoids,2569047889,21,7.28699e7,6.4807869,CosineDist,close,538023.809141,178
cross_scenario,k_medoids,3286463093,21,6.99021e7,6.4984262,CosineDist,close,457165.455923,147
cross_scenario,k_medoids,4196464565,21,7.26276e7,6.4432756,CosineDist,close,529878.7552329999,153
cross_scenario,k_medoids,744301781,21,7.28199e7,6.2874017,CosineDist,close,534475.252999,177
cross_scenario,k_medoids,760014603,21,6.97475e7,6.0014097,CosineDist,close,454432.5370770001,156
cross_scenario,k_medoids,2193967569,23,6.88798e7,5.9669966,CosineDist,close,434728.72558499995,149
cross_scenario,k_medoids,2546464051,23,6.94995e7,6.1763869,CosineDist,close,450270.64058199996,158
cross_scenario,k_medoids,2938742229,23,6.96244e7,6.2977139,CosineDist,close,448886.376381,145
cross_scenario,k_medoids,313447314,23,6.94705e7,5.8832734,CosineDist,close,447449.81285399996,165
cross_scenario,k_medoids,3164855826,23,7.25515e7,5.7294165,CosineDist,close,525643.152522,166
cross_scenario,k_medoids,3173192974,23,6.90397e7,5.6453573,CosineDist,close,434123.92906799994,150
cross_scenario,k_medoids,3527549645,23,6.99643e7,5.9226137,CosineDist,close,454456.39601900004,152
cross_scenario,k_medoids,3913193451,23,7.28715e7,5.8139852,CosineDist,close,537986.9317719998,172
cross_scenario,k_medoids,714332685,23,6.98711e7,5.8871984,CosineDist,close,463285.9902940001,172
cross_scenario,k_medoids,890890131,23,6.96781e7,5.7568316,CosineDist,close,444994.475232,146
cross_scenario,k_medoids,1134130444,25,7.01006e7,5.7015001,CosineDist,close,464755.78650000005,149
cross_scenario,k_medoids,2658990538,25,6.98247e7,5.6665075,CosineDist,close,452330.656621,152
cross_scenario,k_medoids,2726541456,25,6.9779e7,5.8169931,CosineDist,close,453648.005896,149
cross_scenario,k_medoids,2894918851,25,6.90387e7,5.8867735,CosineDist,close,434831.42601999996,149
cross_scenario,k_medoids,3351175237,25,7.30781e7,6.2162387,CosineDist,close,543438.717921,176
cross_scenario,k_medoids,343301208,25,7.01714e7,5.66493,CosineDist,close,462837.837401,150
cross_scenario,k_medoids,4135971217,25,6.94723e7,5.7207376,CosineDist,close,444529.415916,144
cross_scenario,k_medoids,4145110716,25,6.99695e7,5.8729729,CosineDist,close,458189.48872300005,152
cross_scenario,k_medoids,448376330,25,7.25606e7,5.9719039,CosineDist,close,528783.665247,164
cross_scenario,k_medoids,47449323,25,6.95979e7,5.5477329,CosineDist,close,447347.616897,148
cross_scenario,k_medoids,1161276258,27,7.24432e7,5.762603,CosineDist,close,525003.4923309999,174
cross_scenario,k_medoids,1233541653,27,7.20987e7,5.7720484,CosineDist,close,521727.393049,175
cross_scenario,k_medoids,1267936167,27,6.91225e7,5.7612063,CosineDist,close,435649.0317649999,138
cross_scenario,k_medoids,1653248667,27,6.94459e7,5.951282,CosineDist,close,443795.9796139999,141
cross_scenario,k_medoids,2437521778,27,6.89381e7,5.667087,CosineDist,close,435779.410111,151
cross_scenario,k_medoids,2524306086,27,6.95798e7,5.5542412,CosineDist,close,450075.802908,165
cross_scenario,k_medoids,2606414571,27,6.97721e7,5.664368,CosineDist,close,452502.54028300004,148
cross_scenario,k_medoids,2821296471,27,7.29111e7,5.69639,CosineDist,close,535935.744297,179
cross_scenario,k_medoids,3155655383,27,6.9459e7,5.7165046,CosineDist,close,444822.506376,162
cross_scenario,k_medoids,463779685,27,6.90572e7,5.5346826,CosineDist,close,437899.087581,167
cross_scenario,k_medoids,1113698075,29,6.98164e7,5.6710069,CosineDist,close,454147.322447,152
cross_scenario,k_medoids,1125327650,29,7.03614e7,5.8087139,CosineDist,close,466721.76080900006,145
cross_scenario,k_medoids,1398119942,29,6.97114e7,5.717261,CosineDist,close,451301.463125,149
cross_scenario,k_medoids,1669407957,29,7.33429e7,5.5192549,CosineDist,close,548018.8382629999,171
cross_scenario,k_medoids,1792506398,29,6.97538e7,5.8602997,CosineDist,close,451423.651364,146
cross_scenario,k_medoids,2439649745,29,6.96234e7,5.8728294,CosineDist,close,447843.81226900005,159
cross_scenario,k_medoids,2730667678,29,6.9204e7,5.7200979,CosineDist,close,439624.8998109999,151
cross_scenario,k_medoids,2843080965,29,6.96167e7,5.6480447,CosineDist,close,446656.8265560001,145
cross_scenario,k_medoids,3434031776,29,6.94301e7,5.6336689,CosineDist,close,443330.52931000007,143
cross_scenario,k_medoids,950202798,29,6.88696e7,5.9243327,CosineDist,close,429324.366904,153
cross_scenario,k_medoids,1042382051,3,1.56736e8,5.6659671,CosineDist,close,2.73122885052e6,1048
cross_scenario,k_medoids,1617230705,3,1.57008e8,5.5802173,CosineDist,close,2.738196082323e6,1013
cross_scenario,k_medoids,1690918982,3,1.57008e8,5.5335796,CosineDist,close,2.738196082323e6,1013
cross_scenario,k_medoids,2011904635,3,1.56732e8,5.5971238,CosineDist,close,2.731131950459e6,1042
cross_scenario,k_medoids,208019063,3,1.5686e8,5.6603697,CosineDist,close,2.734410221597e6,1035
cross_scenario,k_medoids,2175589206,3,1.56787e8,5.4904099,CosineDist,close,2.732529011504e6,1064
cross_scenario,k_medoids,2331872192,3,1.56736e8,5.6062842,CosineDist,close,2.73122885052e6,1048
cross_scenario,k_medoids,2859914000,3,1.5686e8,5.5909234,CosineDist,close,2.734410221597e6,1035
cross_scenario,k_medoids,3409952330,3,1.56787e8,5.6394308,CosineDist,close,2.732529011504e6,1064
cross_scenario,k_medoids,488813374,3,1.5686e8,5.6294035,CosineDist,close,2.734410221597e6,1035
cross_scenario,k_medoids,1349996306,31,6.97473e7,5.666608,CosineDist,close,447394.96278999996,149
cross_scenario,k_medoids,1462714024,31,7.28143e7,5.9176207,CosineDist,close,535283.0764329999,170
cross_scenario,k_medoids,1579127763,31,6.95881e7,5.8849988,CosineDist,close,448180.247053,146
cross_scenario,k_medoids,1648351254,31,7.29916e7,5.905184,CosineDist,close,540270.21341,169
cross_scenario,k_medoids,2030289235,31,6.89938e7,6.147553,CosineDist,close,432459.80915,146
cross_scenario,k_medoids,2462588561,31,6.95564e7,6.8082425,CosineDist,close,447290.42592899996,154
cross_scenario,k_medoids,2929172095,31,7.00134e7,6.2981969,CosineDist,close,460463.0033810001,157
cross_scenario,k_medoids,2944528308,31,6.98323e7,5.5190061,CosineDist,close,454571.357403,150
cross_scenario,k_medoids,295145311,31,6.96349e7,5.7717589,CosineDist,close,447488.97943799995,145
cross_scenario,k_medoids,3899371692,31,7.29691e7,5.5812872,CosineDist,close,539888.274613,162
cross_scenario,k_medoids,1038419084,33,6.97387e7,5.6709665,CosineDist,close,450217.835145,147
cross_scenario,k_medoids,1109759726,33,7.27197e7,5.9693073,CosineDist,close,532248.337751,156
cross_scenario,k_medoids,1963882461,33,7.25799e7,6.2030986,CosineDist,close,531435.665298,177
cross_scenario,k_medoids,1989163906,33,6.94754e7,5.8162696,CosineDist,close,445178.884032,147
cross_scenario,k_medoids,2479233904,33,6.93164e7,5.6826973,CosineDist,close,436018.22953500005,143
cross_scenario,k_medoids,2497612078,33,8.39543e7,5.6499743,CosineDist,close,830115.0346509999,259
cross_scenario,k_medoids,3214090957,33,7.25946e7,5.9051982,CosineDist,close,529042.334137,164
cross_scenario,k_medoids,3465092140,33,6.99576e7,5.8526228,CosineDist,close,456710.099388,140
cross_scenario,k_medoids,4061834237,33,7.30605e7,5.8597219,CosineDist,close,539773.167925,163
cross_scenario,k_medoids,52313467,33,6.96517e7,5.5858843,CosineDist,close,447797.43074700003,143
cross_scenario,k_medoids,1208640119,35,6.93224e7,5.9692207,CosineDist,close,441299.128413,147
cross_scenario,k_medoids,1428058240,35,7.0038e7,5.799961,CosineDist,close,460198.14665199997,158
cross_scenario,k_medoids,15941194,35,6.97232e7,5.7290251,CosineDist,close,453705.71985899995,153
cross_scenario,k_medoids,2213813141,35,6.95863e7,5.6400932,CosineDist,close,447290.729392,140
cross_scenario,k_medoids,2291375163,35,7.25637e7,5.8952033,CosineDist,close,527171.0580610001,167
cross_scenario,k_medoids,236500538,35,7.00463e7,5.6656373,CosineDist,close,460017.146558,144
cross_scenario,k_medoids,252145784,35,6.96774e7,5.6463411,CosineDist,close,451129.7817709999,154
cross_scenario,k_medoids,2544196106,35,6.96527e7,5.8695759,CosineDist,close,448056.094411,149
cross_scenario,k_medoids,2745802022,35,6.96243e7,5.7142355,CosineDist,close,448184.678363,136
cross_scenario,k_medoids,3596893902,35,6.9608e7,5.6506234,CosineDist,close,448842.777994,151
cross_scenario,k_medoids,1380354363,37,6.97082e7,5.724544,CosineDist,close,449448.95195799996,144
cross_scenario,k_medoids,3048518942,37,6.96877e7,5.7927517,CosineDist,close,450899.412037,145
cross_scenario,k_medoids,3182806193,37,6.95306e7,5.6221408,CosineDist,close,446979.63763300003,149
cross_scenario,k_medoids,3244629827,37,6.93677e7,5.7100508,CosineDist,close,437345.25124300004,146
cross_scenario,k_medoids,3452769998,37,6.93317e7,5.5700723,CosineDist,close,441604.36887899996,151
cross_scenario,k_medoids,4262333788,37,6.92497e7,5.6110623,CosineDist,close,437736.8242189999,145
cross_scenario,k_medoids,45994245,37,6.96168e7,5.6896464,CosineDist,close,443412.49314499996,150
cross_scenario,k_medoids,67569244,37,6.9609e7,5.8505332,CosineDist,close,448704.532438,143
cross_scenario,k_medoids,814300562,37,7.27412e7,6.0414097,CosineDist,close,529472.176232,164
cross_scenario,k_medoids,870981686,37,6.95419e7,5.7478776,CosineDist,close,451298.43151399994,154
cross_scenario,k_medoids,1129760376,39,6.9648e7,5.5844438,CosineDist,close,449540.33230699995,156
cross_scenario,k_medoids,148104383,39,6.94403e7,5.7002333,CosineDist,close,444277.22709599993,144
cross_scenario,k_medoids,1655289285,39,6.95929e7,5.9498866,CosineDist,close,447999.42799899995,147
cross_scenario,k_medoids,1845695973,39,6.95979e7,5.5945521,CosineDist,close,448528.176305,141
cross_scenario,k_medoids,2121257682,39,6.97811e7,5.6407174,CosineDist,close,453120.4772119999,156
cross_scenario,k_medoids,2943233938,39,6.98572e7,5.6148693,CosineDist,close,455002.033163,153
cross_scenario,k_medoids,3030918353,39,6.97764e7,5.8749226,CosineDist,close,452127.7543149999,153
cross_scenario,k_medoids,3096268031,39,6.9927e7,5.9542158,CosineDist,close,456402.478838,147
cross_scenario,k_medoids,3338611973,39,6.99977e7,5.6062379,CosineDist,close,459224.044064,149
cross_scenario,k_medoids,662283236,39,6.99569e7,5.8143132,CosineDist,close,457695.71635899995,153
cross_scenario,k_medoids,1005104349,41,6.94351e7,5.8108233,CosineDist,close,442481.900936,138
cross_scenario,k_medoids,1534696584,41,6.98759e7,5.5910825,CosineDist,close,455118.2574919999,145
cross_scenario,k_medoids,225016911,41,6.97117e7,5.8095902,CosineDist,close,449458.665513,144
cross_scenario,k_medoids,2317592996,41,6.98663e7,5.6732621,CosineDist,close,457297.91219199996,161
cross_scenario,k_medoids,2716090479,41,6.9135e7,5.7142882,CosineDist,close,435196.79075,146
cross_scenario,k_medoids,3258958499,41,6.9429e7,5.6243226,CosineDist,close,438827.53495299997,135
cross_scenario,k_medoids,329433595,41,6.96778e7,5.5827666,CosineDist,close,449660.14885299996,147
cross_scenario,k_medoids,3444774395,41,6.99165e7,5.720612,CosineDist,close,457940.2531859999,148
cross_scenario,k_medoids,438234340,41,6.94583e7,5.7165982,CosineDist,close,444424.39546800003,149
cross_scenario,k_medoids,953901905,41,6.96168e7,5.6013793,CosineDist,close,448130.8812239999,144
cross_scenario,k_medoids,1660595499,5,1.0606e8,5.7702835,CosineDist,close,1.414630943132e6,539
cross_scenario,k_medoids,1714105051,5,1.58047e8,5.3547105,CosineDist,close,2.763008971526e6,1025
cross_scenario,k_medoids,2169593505,5,1.08521e8,5.832447,CosineDist,close,1.4861788760570001e6,584
cross_scenario,k_medoids,2538991366,5,1.59313e8,5.1071846,CosineDist,close,2.794244775438e6,1129
cross_scenario,k_medoids,2909674750,5,1.08527e8,5.8567403,CosineDist,close,1.486797447332e6,583
cross_scenario,k_medoids,3018546641,5,1.0829e8,5.7811679,CosineDist,close,1.4786656942309996e6,555
cross_scenario,k_medoids,3634057553,5,1.55968e8,5.4369044,CosineDist,close,2.704064125325e6,1107
cross_scenario,k_medoids,4139823947,5,7.29186e7,5.6997931,CosineDist,close,545362.8133720001,202
cross_scenario,k_medoids,4197766176,5,1.08202e8,5.8313935,CosineDist,close,1.4786065591679998e6,568
cross_scenario,k_medoids,5947179,5,1.05969e8,5.79871,CosineDist,close,1.412320348156e6,531
cross_scenario,k_medoids,1006581332,7,1.09309e8,5.6900133,CosineDist,close,1.506797249044e6,618
cross_scenario,k_medoids,1176932870,7,7.50172e7,5.8600563,CosineDist,close,608269.484829,251
cross_scenario,k_medoids,1821427372,7,7.54548e7,5.7710558,CosineDist,close,618995.8584559998,253
cross_scenario,k_medoids,2689963385,7,7.28061e7,5.8419944,CosineDist,close,542727.6073950002,201
cross_scenario,k_medoids,2751971336,7,1.05583e8,5.910055,CosineDist,close,1.402163900444e6,549
cross_scenario,k_medoids,3385142830,7,7.44423e7,5.9002175,CosineDist,close,590431.0474749999,234
cross_scenario,k_medoids,3409620994,7,1.07026e8,5.9542926,CosineDist,close,1.4394370660860003e6,553
cross_scenario,k_medoids,447101461,7,7.434e7,6.3696966,CosineDist,close,589064.3323580001,235
cross_scenario,k_medoids,468006976,7,7.3608e7,5.7828326,CosineDist,close,569376.6245829999,233
cross_scenario,k_medoids,880982686,7,1.06944e8,5.6585068,CosineDist,close,1.4336689985730003e6,518
cross_scenario,k_medoids,1130292821,9,1.17126e8,5.8579347,CosineDist,close,1.704830744624e6,645
cross_scenario,k_medoids,1392296365,9,1.09111e8,5.9910146,CosineDist,close,1.4977255672710002e6,577
cross_scenario,k_medoids,2814468992,9,1.06997e8,5.8070389,CosineDist,close,1.439061893145e6,562
cross_scenario,k_medoids,3044209910,9,8.45023e7,5.7385238,CosineDist,close,852715.302337,296
cross_scenario,k_medoids,3261319673,9,6.98228e7,5.6829429,CosineDist,close,452970.85336,152
cross_scenario,k_medoids,3543870990,9,1.61091e8,5.3615204,CosineDist,close,2.831748570766e6,1171
cross_scenario,k_medoids,3602499071,9,1.08052e8,5.7683816,CosineDist,close,1.4675196140220002e6,559
cross_scenario,k_medoids,3926221275,9,6.85767e7,5.7564271,CosineDist,close,421328.7708250001,145
cross_scenario,k_medoids,42413356,9,7.35148e7,6.260088,CosineDist,close,561874.101283,212
cross_scenario,k_medoids,697383862,9,1.0679e8,5.8173255,CosineDist,close,1.4337620553250003e6,513
cross_scenario,k_medoids,1355586937,11,7.3491e7,5.8388391,SqEuclidean,close,560279.715957,183
cross_scenario,k_medoids,1768760743,11,1.06175e8,5.6986314,SqEuclidean,close,1.4187053438640002e6,571
cross_scenario,k_medoids,2652796558,11,7.31332e7,5.7586736,SqEuclidean,close,552587.9765300001,204
cross_scenario,k_medoids,3000698040,11,1.0568e8,5.9347238,SqEuclidean,close,1.4061136816450001e6,531
cross_scenario,k_medoids,3160233726,11,1.06408e8,5.8474871,SqEuclidean,close,1.4232379348959995e6,527
cross_scenario,k_medoids,3479820580,11,1.06954e8,5.8860377,SqEuclidean,close,1.437865519318e6,527
cross_scenario,k_medoids,3649546841,11,1.11021e8,5.6842992,SqEuclidean,close,1.5476058584490002e6,627
cross_scenario,k_medoids,4031091536,11,1.08255e8,5.7314785,SqEuclidean,close,1.4772112897139997e6,589
cross_scenario,k_medoids,675182737,11,1.07595e8,5.846252,SqEuclidean,close,1.4607317133059998e6,567
cross_scenario,k_medoids,722170199,11,7.3449e7,5.8979196,SqEuclidean,close,560610.981495,209
cross_scenario,k_medoids,1020330993,13,8.43284e7,5.8096167,SqEuclidean,close,849986.136754,297
cross_scenario,k_medoids,1241334511,13,1.07658e8,5.7577158,SqEuclidean,close,1.449134740415e6,507
cross_scenario,k_medoids,1561739573,13,7.33685e7,5.6542786,SqEuclidean,close,558566.747663,212
cross_scenario,k_medoids,2082789969,13,7.40493e7,5.8297792,SqEuclidean,close,576028.881962,205
cross_scenario,k_medoids,2422820678,13,7.36364e7,5.9285069,SqEuclidean,close,562851.9719600001,198
cross_scenario,k_medoids,373102896,13,1.08375e8,5.6699281,SqEuclidean,close,1.474030805171e6,599
cross_scenario,k_medoids,3777256655,13,1.07014e8,5.6952728,SqEuclidean,close,1.4307900688450001e6,522
cross_scenario,k_medoids,4101453586,13,1.07686e8,5.713025,SqEuclidean,close,1.4574570535759998e6,541
cross_scenario,k_medoids,419645993,13,7.32204e7,5.9493784,SqEuclidean,close,553746.5423489999,202
cross_scenario,k_medoids,772616242,13,7.34313e7,5.7466909,SqEuclidean,close,555733.29881,197
cross_scenario,k_medoids,1536731824,15,7.32009e7,6.0616786,SqEuclidean,close,552491.5617429999,191
cross_scenario,k_medoids,1944031661,15,1.06975e8,5.9368677,SqEuclidean,close,1.430808327821e6,512
cross_scenario,k_medoids,195370354,15,7.34688e7,5.5627421,SqEuclidean,close,561340.12356,210
cross_scenario,k_medoids,2392820273,15,1.04894e8,5.9841679,SqEuclidean,close,1.3755878642349998e6,490
cross_scenario,k_medoids,2931326369,15,8.56416e7,5.7158131,SqEuclidean,close,882945.2095260001,304
cross_scenario,k_medoids,3012361418,15,1.12323e8,5.7998387,SqEuclidean,close,1.5784714267780003e6,567
cross_scenario,k_medoids,3763622817,15,7.29656e7,5.7808861,SqEuclidean,close,547086.5429159999,193
cross_scenario,k_medoids,3796973136,15,1.07934e8,5.8003462,SqEuclidean,close,1.4563396529040001e6,568
cross_scenario,k_medoids,3815196410,15,7.31854e7,5.6137125,SqEuclidean,close,544970.615508,163
cross_scenario,k_medoids,604489562,15,1.06795e8,5.764903,SqEuclidean,close,1.4243301099669999e6,523
cross_scenario,k_medoids,1587347134,17,8.34704e7,5.9932554,SqEuclidean,close,819362.7571539999,271
cross_scenario,k_medoids,186564236,17,1.08502e8,9.1438431,SqEuclidean,close,1.4788298810230005e6,540
cross_scenario,k_medoids,2166881926,17,7.06524e7,8.6586833,SqEuclidean,close,477510.76754800003,169
cross_scenario,k_medoids,2186186592,17,1.12185e8,10.6728466,SqEuclidean,close,1.5676256438179999e6,531
cross_scenario,k_medoids,2238747886,17,7.33635e7,10.6883839,SqEuclidean,close,558267.5643720002,212
cross_scenario,k_medoids,224585247,17,7.31095e7,9.559195,SqEuclidean,close,549891.9379039999,192
cross_scenario,k_medoids,2339120676,17,1.15452e8,10.3810908,SqEuclidean,close,1.656257419096e6,603
cross_scenario,k_medoids,3093014142,17,1.05849e8,11.182491,SqEuclidean,close,1.401247122454e6,490
cross_scenario,k_medoids,3258302586,17,7.38841e7,10.1312696,SqEuclidean,close,573155.9112109999,217
cross_scenario,k_medoids,3629043986,17,7.62056e7,10.0039598,SqEuclidean,close,626825.4642700001,205
cross_scenario,k_medoids,1088367163,19,7.36467e7,11.8893369,SqEuclidean,close,566155.232904,201
cross_scenario,k_medoids,1245540782,19,1.06437e8,12.6124293,SqEuclidean,close,1.419319398263e6,538
cross_scenario,k_medoids,2410109332,19,7.31043e7,11.3912298,SqEuclidean,close,544403.000523,170
cross_scenario,k_medoids,2455416769,19,7.31162e7,12.0099025,SqEuclidean,close,544473.9057059999,178
cross_scenario,k_medoids,2591120440,19,1.07694e8,10.6768353,SqEuclidean,close,1.450748409392e6,528
cross_scenario,k_medoids,2650271871,19,8.7154e7,10.6025451,SqEuclidean,close,914854.5659279999,317
cross_scenario,k_medoids,2789252227,19,8.39481e7,11.3773367,SqEuclidean,close,837795.2827910001,298
cross_scenario,k_medoids,3130995382,19,7.32541e7,11.7433358,SqEuclidean,close,548143.5524149999,189
cross_scenario,k_medoids,3357853995,19,1.08075e8,10.8403957,SqEuclidean,close,1.4668549576949999e6,551
cross_scenario,k_medoids,824849990,19,7.28069e7,11.8377583,SqEuclidean,close,534072.343458,166
cross_scenario,k_medoids,1244389436,21,7.32649e7,12.1854023,SqEuclidean,close,556453.887292,208
cross_scenario,k_medoids,1393653782,21,1.07642e8,10.1910034,SqEuclidean,close,1.4567732940710003e6,557
cross_scenario,k_medoids,1761682951,21,7.31766e7,11.5092916,SqEuclidean,close,554228.5470629999,200
cross_scenario,k_medoids,196162340,21,7.02666e7,12.7138952,SqEuclidean,close,468892.20855,164
cross_scenario,k_medoids,1984034111,21,1.07836e8,11.6649605,SqEuclidean,close,1.4541155291939997e6,520
cross_scenario,k_medoids,2569047889,21,1.099e8,11.2764507,SqEuclidean,close,1.507158545635e6,539
cross_scenario,k_medoids,3286463093,21,8.68329e7,10.9939042,SqEuclidean,close,907014.145083,318
cross_scenario,k_medoids,4196464565,21,1.15889e8,11.3279024,SqEuclidean,close,1.6675030645670001e6,600
cross_scenario,k_medoids,744301781,21,7.2044e7,10.8492667,SqEuclidean,close,514847.69766400004,168
cross_scenario,k_medoids,760014603,21,1.09022e8,10.7073642,SqEuclidean,close,1.481090657169e6,553
cross_scenario,k_medoids,2193967569,23,8.34138e7,11.2654581,SqEuclidean,close,822932.6238630001,288
cross_scenario,k_medoids,2546464051,23,7.62358e7,10.9120257,SqEuclidean,close,629090.476445,201
cross_scenario,k_medoids,2938742229,23,1.05342e8,10.6935837,SqEuclidean,close,1.387797812141e6,491
cross_scenario,k_medoids,313447314,23,7.29098e7,10.7825601,SqEuclidean,close,539806.157617,182
cross_scenario,k_medoids,3164855826,23,8.69765e7,11.1927892,SqEuclidean,close,910847.9913880002,271
cross_scenario,k_medoids,3173192974,23,7.29516e7,11.7244358,SqEuclidean,close,544461.7738119998,188
cross_scenario,k_medoids,3527549645,23,7.32919e7,11.256297,SqEuclidean,close,555169.788315,192
cross_scenario,k_medoids,3913193451,23,7.25492e7,9.5261138,SqEuclidean,close,528488.693062,168
cross_scenario,k_medoids,714332685,23,1.10763e8,7.8561331,SqEuclidean,close,1.5343533757880002e6,575
cross_scenario,k_medoids,890890131,23,7.39135e7,5.3749074,SqEuclidean,close,574193.835292,212
cross_scenario,k_medoids,1134130444,25,7.31205e7,5.2381127,SqEuclidean,close,550948.2495530001,200
cross_scenario,k_medoids,2658990538,25,7.26536e7,5.4119479,SqEuclidean,close,530437.667765,178
cross_scenario,k_medoids,2726541456,25,6.98871e7,5.406312,SqEuclidean,close,457955.579773,164
cross_scenario,k_medoids,2894918851,25,7.29394e7,7.7892717,SqEuclidean,close,539035.534754,172
cross_scenario,k_medoids,3351175237,25,8.3435e7,6.390077,SqEuclidean,close,815484.102007,262
cross_scenario,k_medoids,343301208,25,7.27687e7,6.5235971,SqEuclidean,close,533193.542683,165
cross_scenario,k_medoids,4135971217,25,7.31573e7,6.3153499,SqEuclidean,close,552241.01102,187
cross_scenario,k_medoids,4145110716,25,7.6948e7,6.1453478,SqEuclidean,close,654054.0047580001,220
cross_scenario,k_medoids,448376330,25,8.40191e7,5.6832727,SqEuclidean,close,840728.5990950001,278
cross_scenario,k_medoids,47449323,25,7.27257e7,5.9085917,SqEuclidean,close,536225.1789470001,180
cross_scenario,k_medoids,1161276258,27,7.3163e7,6.1528386,SqEuclidean,close,546451.7514789997,174
cross_scenario,k_medoids,1233541653,27,7.32282e7,5.9381736,SqEuclidean,close,549327.4381680001,176
cross_scenario,k_medoids,1267936167,27,7.62166e7,5.9236177,SqEuclidean,close,628157.2227550001,203
cross_scenario,k_medoids,1653248667,27,7.00916e7,5.795819,SqEuclidean,close,463037.095391,162
cross_scenario,k_medoids,2437521778,27,1.09707e8,5.9370529,SqEuclidean,close,1.506817945948e6,593
cross_scenario,k_medoids,2524306086,27,7.30084e7,5.8726437,SqEuclidean,close,548068.39588,201
cross_scenario,k_medoids,2606414571,27,7.31511e7,6.2309408,SqEuclidean,close,543736.3159119999,170
cross_scenario,k_medoids,2821296471,27,7.27016e7,6.419286,SqEuclidean,close,532466.1434079999,167
cross_scenario,k_medoids,3155655383,27,8.36617e7,5.8837621,SqEuclidean,close,826364.575905,269
cross_scenario,k_medoids,463779685,27,8.42453e7,6.0133329,SqEuclidean,close,840267.252958,255
cross_scenario,k_medoids,1113698075,29,7.31389e7,5.9203381,SqEuclidean,close,545517.027121,173
cross_scenario,k_medoids,1125327650,29,6.97999e7,5.6324087,SqEuclidean,close,455219.868741,160
cross_scenario,k_medoids,1398119942,29,1.07298e8,5.9787348,SqEuclidean,close,1.442684515765e6,514
cross_scenario,k_medoids,1669407957,29,7.35307e7,5.9870006,SqEuclidean,close,556577.811073,192
cross_scenario,k_medoids,1792506398,29,6.94992e7,5.4515112,SqEuclidean,close,445836.55537699995,141
cross_scenario,k_medoids,2439649745,29,7.02114e7,5.9276867,SqEuclidean,close,472330.979281,169
cross_scenario,k_medoids,2730667678,29,7.7107e7,5.9882806,SqEuclidean,close,658996.4776580001,233
cross_scenario,k_medoids,2843080965,29,7.29688e7,6.052588,SqEuclidean,close,536267.366063,184
cross_scenario,k_medoids,3434031776,29,7.36942e7,5.7459525,SqEuclidean,close,565949.234253,189
cross_scenario,k_medoids,950202798,29,6.9448e7,5.8278677,SqEuclidean,close,451583.63692599995,171
cross_scenario,k_medoids,1042382051,3,1.59495e8,5.4940055,SqEuclidean,close,2.800941530503e6,1101
cross_scenario,k_medoids,1617230705,3,1.58513e8,5.4307551,SqEuclidean,close,2.775807075905e6,1080
cross_scenario,k_medoids,1690918982,3,1.58513e8,5.4386196,SqEuclidean,close,2.775807075905e6,1080
cross_scenario,k_medoids,2011904635,3,1.58199e8,5.8273983,SqEuclidean,close,2.7677228822380006e6,1126
cross_scenario,k_medoids,208019063,3,1.58513e8,5.266665,SqEuclidean,close,2.775807075905e6,1080
cross_scenario,k_medoids,2175589206,3,1.58446e8,5.7257151,SqEuclidean,close,2.7740913543060003e6,1097
cross_scenario,k_medoids,2331872192,3,1.58513e8,5.5170653,SqEuclidean,close,2.775807075905e6,1080
cross_scenario,k_medoids,2859914000,3,1.59697e8,5.3987018,SqEuclidean,close,2.806128297298e6,1112
cross_scenario,k_medoids,3409952330,3,1.59697e8,5.5504223,SqEuclidean,close,2.806128297298e6,1112
cross_scenario,k_medoids,488813374,3,1.59697e8,5.3907682,SqEuclidean,close,2.806128297298e6,1112
cross_scenario,k_medoids,1349996306,31,7.04383e7,6.2383603,SqEuclidean,close,472429.12959599996,166
cross_scenario,k_medoids,1462714024,31,7.67825e7,5.849273,SqEuclidean,close,641339.2967460001,188
cross_scenario,k_medoids,1579127763,31,7.35071e7,6.483292,SqEuclidean,close,562040.2479820001,218
cross_scenario,k_medoids,1648351254,31,8.68171e7,7.6092997,SqEuclidean,close,905360.665741,309
cross_scenario,k_medoids,2030289235,31,9.02531e7,6.1918194,SqEuclidean,close,996274.3455429999,311
cross_scenario,k_medoids,2462588561,31,7.29198e7,6.0874415,SqEuclidean,close,539975.446366,181
cross_scenario,k_medoids,2929172095,31,8.79913e7,6.5045238,SqEuclidean,close,933567.28087,287
cross_scenario,k_medoids,2944528308,31,7.00659e7,6.5314467,SqEuclidean,close,463637.42812500003,158
cross_scenario,k_medoids,295145311,31,7.27541e7,5.9157311,SqEuclidean,close,533052.5528170001,167
cross_scenario,k_medoids,3899371692,31,7.05107e7,5.6556807,SqEuclidean,close,470642.5301969999,159
cross_scenario,k_medoids,1038419084,33,8.65505e7,6.1197602,SqEuclidean,close,902496.0733800001,283
cross_scenario,k_medoids,1109759726,33,7.63137e7,5.9065439,SqEuclidean,close,628751.5144890001,189
cross_scenario,k_medoids,1963882461,33,6.99668e7,5.8015129,SqEuclidean,close,460600.029485,164
cross_scenario,k_medoids,1989163906,33,7.09704e7,5.9983614,SqEuclidean,close,489758.42243999994,178
cross_scenario,k_medoids,2479233904,33,7.36956e7,5.9309015,SqEuclidean,close,566860.1702570001,206
cross_scenario,k_medoids,2497612078,33,7.39899e7,5.9588058,SqEuclidean,close,575773.9655660001,214
cross_scenario,k_medoids,3214090957,33,8.31677e7,6.2307519,SqEuclidean,close,809899.9368310001,259
cross_scenario,k_medoids,3465092140,33,7.27028e7,6.0313026,SqEuclidean,close,531682.3925849999,168
cross_scenario,k_medoids,4061834237,33,7.64785e7,6.0335081,SqEuclidean,close,633406.070046,196
cross_scenario,k_medoids,52313467,33,7.00941e7,6.0177581,SqEuclidean,close,463338.721631,154
cross_scenario,k_medoids,1208640119,35,7.27053e7,5.7702057,SqEuclidean,close,531474.262769,168
cross_scenario,k_medoids,1428058240,35,7.31247e7,6.2155869,SqEuclidean,close,550821.0480959998,198
cross_scenario,k_medoids,15941194,35,7.04341e7,5.6906146,SqEuclidean,close,471398.06058000005,161
cross_scenario,k_medoids,2213813141,35,7.28975e7,5.9412963,SqEuclidean,close,535291.5380279999,171
cross_scenario,k_medoids,2291375163,35,7.01079e7,5.8210233,SqEuclidean,close,461399.31832200004,151
cross_scenario,k_medoids,236500538,35,7.01585e7,5.9000054,SqEuclidean,close,467530.159015,162
cross_scenario,k_medoids,252145784,35,7.30031e7,6.0220814,SqEuclidean,close,540936.022355,172
cross_scenario,k_medoids,2544196106,35,7.03177e7,5.7354872,SqEuclidean,close,466495.31415600004,147
cross_scenario,k_medoids,2745802022,35,8.31401e7,6.091605,SqEuclidean,close,808860.9240509999,259
cross_scenario,k_medoids,3596893902,35,6.99353e7,5.9641852,SqEuclidean,close,464826.8846039999,174
cross_scenario,k_medoids,1380354363,37,6.92994e7,5.8992322,SqEuclidean,close,440337.5652929999,154
cross_scenario,k_medoids,3048518942,37,8.65397e7,5.8601365,SqEuclidean,close,895335.603355,278
cross_scenario,k_medoids,3182806193,37,7.63078e7,5.9404825,SqEuclidean,close,632235.7906960001,203
cross_scenario,k_medoids,3244629827,37,6.99418e7,5.7118871,SqEuclidean,close,457827.731641,155
cross_scenario,k_medoids,3452769998,37,7.04401e7,6.1123095,SqEuclidean,close,472293.0936799999,160
cross_scenario,k_medoids,4262333788,37,6.99589e7,5.9308765,SqEuclidean,close,458213.2868870001,155
cross_scenario,k_medoids,45994245,37,6.98375e7,5.9749188,SqEuclidean,close,458375.24219399993,158
cross_scenario,k_medoids,67569244,37,7.00659e7,5.8812874,SqEuclidean,close,459164.420372,151
cross_scenario,k_medoids,814300562,37,6.98378e7,5.9203572,SqEuclidean,close,453717.794678,149
cross_scenario,k_medoids,870981686,37,7.32414e7,5.9111487,SqEuclidean,close,553751.416762,186
cross_scenario,k_medoids,1129760376,39,6.97553e7,5.9716055,SqEuclidean,close,454498.472357,165
cross_scenario,k_medoids,148104383,39,6.99477e7,6.0922229,SqEuclidean,close,464172.83323999995,175
cross_scenario,k_medoids,1655289285,39,8.77676e7,6.0209123,SqEuclidean,close,927783.8365540002,282
cross_scenario,k_medoids,1845695973,39,7.2981e7,6.3158395,SqEuclidean,close,537532.1249939998,164
cross_scenario,k_medoids,2121257682,39,8.60032e7,6.2018611,SqEuclidean,close,885688.037745,290
cross_scenario,k_medoids,2943233938,39,7.32963e7,5.8974086,SqEuclidean,close,546970.4282849999,171
cross_scenario,k_medoids,3030918353,39,7.26868e7,5.9758484,SqEuclidean,close,531396.0642239999,167
cross_scenario,k_medoids,3096268031,39,7.63442e7,5.7053559,SqEuclidean,close,632445.8380149999,187
cross_scenario,k_medoids,3338611973,39,7.64429e7,6.2411334,SqEuclidean,close,631193.314395,198
cross_scenario,k_medoids,662283236,39,7.01399e7,6.1320556,SqEuclidean,close,462052.219602,155
cross_scenario,k_medoids,1005104349,41,7.28908e7,6.0331714,SqEuclidean,close,535990.3787840001,182
cross_scenario,k_medoids,1534696584,41,6.99212e7,6.1726871,SqEuclidean,close,455689.594338,138
cross_scenario,k_medoids,225016911,41,7.65398e7,5.8738141,SqEuclidean,close,635085.9467119998,190
cross_scenario,k_medoids,2317592996,41,7.27904e7,6.2584913,SqEuclidean,close,535509.910518,166
cross_scenario,k_medoids,2716090479,41,7.0177e7,5.9704493,SqEuclidean,close,465358.101286,148
cross_scenario,k_medoids,3258958499,41,6.95339e7,5.7014535,SqEuclidean,close,445704.4228750001,150
cross_scenario,k_medoids,329433595,41,6.96612e7,6.0782105,SqEuclidean,close,451545.370641,158
cross_scenario,k_medoids,3444774395,41,7.35596e7,5.9307069,SqEuclidean,close,555210.3759459999,171
cross_scenario,k_medoids,438234340,41,7.62771e7,5.9381866,SqEuclidean,close,630523.4600259999,210
cross_scenario,k_medoids,953901905,41,7.31641e7,5.6586366,SqEuclidean,close,544593.1329869999,177
cross_scenario,k_medoids,1660595499,5,1.0693e8,6.208322,SqEuclidean,close,1.4427989371390003e6,530
cross_scenario,k_medoids,1714105051,5,1.59048e8,5.8423435,SqEuclidean,close,2.790151899161e6,1076
cross_scenario,k_medoids,2169593505,5,1.59011e8,5.5282042,SqEuclidean,close,2.787530114538e6,1098
cross_scenario,k_medoids,2538991366,5,1.58625e8,5.6828977,SqEuclidean,close,2.777325520767e6,1121
cross_scenario,k_medoids,2909674750,5,1.10219e8,5.8779112,SqEuclidean,close,1.5299869736989995e6,583
cross_scenario,k_medoids,3018546641,5,1.60106e8,5.4860384,SqEuclidean,close,2.815224669162e6,1205
cross_scenario,k_medoids,3634057553,5,1.58504e8,5.8333471,SqEuclidean,close,2.77451738436e6,1118
cross_scenario,k_medoids,4139823947,5,1.59304e8,5.7572426,SqEuclidean,close,2.79646470701e6,1103
cross_scenario,k_medoids,4197766176,5,1.08378e8,6.0260297,SqEuclidean,close,1.482663253425e6,568
cross_scenario,k_medoids,5947179,5,1.0949e8,5.900396,SqEuclidean,close,1.511312195785e6,580
cross_scenario,k_medoids,1006581332,7,1.07837e8,5.7212074,SqEuclidean,close,1.460516209283e6,555
cross_scenario,k_medoids,1176932870,7,1.08126e8,5.7879754,SqEuclidean,close,1.4631750303729998e6,556
cross_scenario,k_medoids,1821427372,7,1.08294e8,6.2118383,SqEuclidean,close,1.4715791476830002e6,594
cross_scenario,k_medoids,2689963385,7,8.58368e7,6.150012,SqEuclidean,close,893839.3707,339
cross_scenario,k_medoids,2751971336,7,1.0532e8,5.8479508,SqEuclidean,close,1.3939228427140003e6,531
cross_scenario,k_medoids,3385142830,7,7.31537e7,5.7093258,SqEuclidean,close,550826.955477,193
cross_scenario,k_medoids,3409620994,7,1.07988e8,5.6115081,SqEuclidean,close,1.4654670212219998e6,558
cross_scenario,k_medoids,447101461,7,1.08337e8,5.9919831,SqEuclidean,close,1.481512536105e6,568
cross_scenario,k_medoids,468006976,7,1.5941e8,6.2965309,SqEuclidean,close,2.784792703067e6,1041
cross_scenario,k_medoids,880982686,7,1.57253e8,5.3355894,SqEuclidean,close,2.73389297407e6,1029
cross_scenario,k_medoids,1130292821,9,1.09461e8,5.8336583,SqEuclidean,close,1.5077083065089998e6,602
cross_scenario,k_medoids,1392296365,9,1.06537e8,5.9110652,SqEuclidean,close,1.4177595264509998e6,555
cross_scenario,k_medoids,2814468992,9,1.11458e8,5.8770295,SqEuclidean,close,1.554240078668e6,543
cross_scenario,k_medoids,3044209910,9,1.10912e8,6.1139516,SqEuclidean,close,1.5409368975290002e6,589
cross_scenario,k_medoids,3261319673,9,1.07083e8,6.2367152,SqEuclidean,close,1.442104359477e6,541
cross_scenario,k_medoids,3543870990,9,1.61361e8,5.6738975,SqEuclidean,close,2.8415772552770004e6,1151
cross_scenario,k_medoids,3602499071,9,1.07063e8,6.093398,SqEuclidean,close,1.4417576976120002e6,535
cross_scenario,k_medoids,3926221275,9,1.07029e8,5.8818869,SqEuclidean,close,1.439249930072e6,566
cross_scenario,k_medoids,42413356,9,7.25853e7,5.792611,SqEuclidean,close,537194.641954,198
cross_scenario,k_medoids,697383862,9,1.61689e8,5.3138593,SqEuclidean,close,2.8558265465790005e6,1211
cross_scenario,k_means,1355586937,11,8.42312e7,6.055315,CosineDist,close,847886.8046889999,318
cross_scenario,k_means,1768760743,11,8.82587e7,5.9115402,CosineDist,close,946504.9328670001,323
cross_scenario,k_means,2652796558,11,8.37569e7,5.9383786,CosineDist,close,834338.937444,298
cross_scenario,k_means,3000698040,11,8.38055e7,6.1732548,CosineDist,close,827514.6129940002,289
cross_scenario,k_means,3160233726,11,1.01322e8,6.1534776,CosineDist,close,1.2944751455380002e6,495
cross_scenario,k_means,3479820580,11,1.01207e8,6.1448801,CosineDist,close,1.292195156971e6,502
cross_scenario,k_means,3649546841,11,1.01717e8,5.89064,CosineDist,close,1.3002196739279998e6,494
cross_scenario,k_means,4031091536,11,8.42988e7,6.158872,CosineDist,close,846797.4291460001,310
cross_scenario,k_means,675182737,11,8.93676e7,6.4716404,CosineDist,close,979755.3200980001,342
cross_scenario,k_means,722170199,11,8.42361e7,6.1971056,CosineDist,close,847378.434237,316
cross_scenario,k_means,1020330993,13,8.85763e7,6.0432552,CosineDist,close,954718.9414909997,328
cross_scenario,k_means,1241334511,13,1.00719e8,5.9915165,CosineDist,close,1.267846120358e6,430
cross_scenario,k_means,1561739573,13,8.37918e7,6.0010885,CosineDist,close,834528.42677,311
cross_scenario,k_means,2082789969,13,8.44543e7,5.9481013,CosineDist,close,853247.085872,308
cross_scenario,k_means,2422820678,13,1.00633e8,5.8545399,CosineDist,close,1.274458221876e6,443
cross_scenario,k_means,373102896,13,1.00655e8,5.9776515,CosineDist,close,1.2750663818670004e6,491
cross_scenario,k_means,3777256655,13,8.42514e7,6.2737327,CosineDist,close,839425.9628679999,285
cross_scenario,k_means,4101453586,13,8.52571e7,6.2361255,CosineDist,close,876903.2703020001,332
cross_scenario,k_means,419645993,13,8.38675e7,6.0796721,CosineDist,close,837185.0294949999,299
cross_scenario,k_means,772616242,13,1.00985e8,6.1452744,CosineDist,close,1.275675712341e6,463
cross_scenario,k_means,1536731824,15,8.06556e7,6.0801488,CosineDist,close,745010.1692940001,238
cross_scenario,k_means,1944031661,15,8.41692e7,5.8339124,CosineDist,close,837277.218765,297
cross_scenario,k_means,195370354,15,7.92295e7,6.2239082,CosineDist,close,716444.967602,263
cross_scenario,k_means,2392820273,15,8.38328e7,6.1369102,CosineDist,close,827302.8094309999,279
cross_scenario,k_means,2931326369,15,7.53057e7,5.830552,CosineDist,close,602438.1326830001,199
cross_scenario,k_means,3012361418,15,8.37734e7,6.0070942,CosineDist,close,832028.917585,293
cross_scenario,k_means,3763622817,15,7.88263e7,5.8634027,CosineDist,close,696371.3302949999,220
cross_scenario,k_means,3796973136,15,1.01621e8,6.1166034,CosineDist,close,1.292026198795e6,468
cross_scenario,k_means,3815196410,15,7.65049e7,6.2365088,CosineDist,close,635063.3787360003,217
cross_scenario,k_means,604489562,15,1.01449e8,5.8465489,CosineDist,close,1.286122276459e6,453
cross_scenario,k_means,1587347134,17,8.417e7,6.1039597,CosineDist,close,837397.2241460001,278
cross_scenario,k_means,186564236,17,8.3843e7,6.2506241,CosineDist,close,836471.9583390001,313
cross_scenario,k_means,2166881926,17,7.64199e7,6.1558325,CosineDist,close,633004.2977800001,208
cross_scenario,k_means,2186186592,17,8.3682e7,6.4181811,CosineDist,close,823107.3670659999,281
cross_scenario,k_means,2238747886,17,7.40843e7,6.2944252,CosineDist,close,566166.301433,169
cross_scenario,k_means,224585247,17,7.94201e7,6.1695652,CosineDist,close,718136.9053529999,243
cross_scenario,k_means,2339120676,17,8.37664e7,6.2023874,CosineDist,close,823940.223094,290
cross_scenario,k_means,3093014142,17,1.01208e8,6.1400128,CosineDist,close,1.2791692875210005e6,413
cross_scenario,k_means,3258302586,17,7.41522e7,6.0088549,CosineDist,close,579992.5560600001,200
cross_scenario,k_means,3629043986,17,7.60263e7,6.2479674,CosineDist,close,621252.019165,185
cross_scenario,k_means,1088367163,19,7.6417e7,6.0223724,CosineDist,close,637461.9713329999,221
cross_scenario,k_means,1245540782,19,8.80412e7,6.244765,CosineDist,close,939507.975723,329
cross_scenario,k_means,2410109332,19,8.40164e7,5.984257,CosineDist,close,833408.608489,274
cross_scenario,k_means,2455416769,19,7.88425e7,6.2679856,CosineDist,close,695971.098549,218
cross_scenario,k_means,2591120440,19,8.37044e7,5.9839362,CosineDist,close,824997.6684309999,283
cross_scenario,k_means,2650271871,19,8.3844e7,6.1455274,CosineDist,close,827564.152415,275
cross_scenario,k_means,2789252227,19,9.08551e7,6.1251334,CosineDist,close,1.0079559541410002e6,321
cross_scenario,k_means,3130995382,19,7.88652e7,6.4076754,CosineDist,close,696841.8722500001,221
cross_scenario,k_means,3357853995,19,8.40588e7,6.0715618,CosineDist,close,833822.1547790002,281
cross_scenario,k_means,824849990,19,8.48799e7,5.9188661,CosineDist,close,851065.2477190002,268
cross_scenario,k_means,1244389436,21,7.87532e7,6.0302235,CosineDist,close,696937.9211299997,224
cross_scenario,k_means,1393653782,21,8.45312e7,6.5693198,CosineDist,close,851127.392991,297
cross_scenario,k_means,1761682951,21,7.94529e7,6.6180455,CosineDist,close,718636.380587,258
cross_scenario,k_means,196162340,21,7.63194e7,6.2532164,CosineDist,close,629952.4517210001,204
cross_scenario,k_means,1984034111,21,7.88718e7,5.9429943,CosineDist,close,696967.3122329998,224
cross_scenario,k_means,2569047889,21,1.00519e8,6.1180923,CosineDist,close,1.263529503571e6,428
cross_scenario,k_means,3286463093,21,8.05179e7,6.1788481,CosineDist,close,742588.126327,245
cross_scenario,k_means,4196464565,21,8.40086e7,6.2355956,CosineDist,close,833299.4129839998,266
cross_scenario,k_means,744301781,21,7.87528e7,6.1990645,CosineDist,close,694782.656386,223
cross_scenario,k_means,760014603,21,8.41462e7,6.8165241,CosineDist,close,836815.9418389999,272
cross_scenario,k_means,2193967569,23,7.54824e7,6.5082372,CosineDist,close,610497.647531,199
cross_scenario,k_means,2546464051,23,7.94282e7,6.5450438,CosineDist,close,714668.6684229999,237
cross_scenario,k_means,2938742229,23,7.53238e7,6.0739557,CosineDist,close,602647.330186,185
cross_scenario,k_means,313447314,23,7.92859e7,6.3249237,CosineDist,close,704349.45515,213
cross_scenario,k_means,3164855826,23,7.57795e7,6.7825922,CosineDist,close,615783.9427110001,192
cross_scenario,k_means,3173192974,23,7.53746e7,5.8807412,CosineDist,close,605890.3180810001,181
cross_scenario,k_means,3527549645,23,7.81547e7,6.2347828,CosineDist,close,679372.987873,208
cross_scenario,k_means,3913193451,23,8.41062e7,5.9376577,CosineDist,close,835357.0533209998,282
cross_scenario,k_means,714332685,23,8.41734e7,6.4515918,CosineDist,close,838980.1209040001,270
cross_scenario,k_means,890890131,23,7.42247e7,6.3176278,CosineDist,close,582040.280757,211
cross_scenario,k_means,1134130444,25,7.89154e7,6.1145665,CosineDist,close,698504.5611960001,230
cross_scenario,k_means,2658990538,25,7.89481e7,6.259196,CosineDist,close,700444.712483,220
cross_scenario,k_means,2726541456,25,7.6373e7,6.1567725,CosineDist,close,631084.784223,206
cross_scenario,k_means,2894918851,25,7.58236e7,6.2797889,CosineDist,close,615247.7635770001,191
cross_scenario,k_means,3351175237,25,8.40601e7,6.8647827,CosineDist,close,833483.380971,275
cross_scenario,k_means,343301208,25,7.90165e7,6.8560866,CosineDist,close,702012.2923880001,224
cross_scenario,k_means,4135971217,25,7.41297e7,6.6878177,CosineDist,close,571945.0102880001,173
cross_scenario,k_means,4145110716,25,8.47276e7,6.0478499,CosineDist,close,849691.5000700002,270
cross_scenario,k_means,448376330,25,8.39716e7,6.2618442,CosineDist,close,832317.7775000001,280
cross_scenario,k_means,47449323,25,7.8879e7,6.3851275,CosineDist,close,697457.5450150002,214
cross_scenario,k_means,1161276258,27,7.5523e7,6.1869579,CosineDist,close,608081.2602380001,196
cross_scenario,k_means,1233541653,27,7.88379e7,6.2847973,CosineDist,close,697618.0284269999,196
cross_scenario,k_means,1267936167,27,7.57916e7,6.0000118,CosineDist,close,615470.8237760002,189
cross_scenario,k_means,1653248667,27,7.53854e7,6.4069748,CosineDist,close,604673.02911,194
cross_scenario,k_means,2437521778,27,8.86399e7,6.0120095,CosineDist,close,954827.8584830001,306
cross_scenario,k_means,2524306086,27,7.59604e7,6.3692991,CosineDist,close,625756.183734,212
cross_scenario,k_means,2606414571,27,7.93578e7,6.9684597,CosineDist,close,708526.312794,197
cross_scenario,k_means,2821296471,27,7.38485e7,6.8920221,CosineDist,close,562997.475176,176
cross_scenario,k_means,3155655383,27,7.57311e7,6.6638465,CosineDist,close,615113.695358,181
cross_scenario,k_means,463779685,27,8.43082e7,6.6173081,CosineDist,close,840748.666048,278
cross_scenario,k_means,1113698075,29,7.39329e7,6.7503371,CosineDist,close,567121.7744139999,175
cross_scenario,k_means,1125327650,29,7.55083e7,6.3636609,CosineDist,close,606659.839062,182
cross_scenario,k_means,1398119942,29,8.40069e7,6.8173806,CosineDist,close,832299.293492,288
cross_scenario,k_means,1669407957,29,7.37737e7,6.5768197,CosineDist,close,561704.069756,179
cross_scenario,k_means,1792506398,29,7.60155e7,6.0858712,CosineDist,close,621687.4876100001,202
cross_scenario,k_means,2439649745,29,7.59788e7,6.18643,CosineDist,close,621240.0802300001,202
cross_scenario,k_means,2730667678,29,8.33837e7,6.164846,CosineDist,close,816543.630492,268
cross_scenario,k_means,2843080965,29,7.94672e7,6.5291045,CosineDist,close,711896.119905,228
cross_scenario,k_means,3434031776,29,7.55962e7,6.4075085,CosineDist,close,612474.721741,194
cross_scenario,k_means,950202798,29,7.55312e7,6.2714042,CosineDist,close,609036.5882740002,193
cross_scenario,k_means,1042382051,3,1.84562e8,5.6889779,CosineDist,close,3.4501660831669997e6,1378
cross_scenario,k_means,1617230705,3,1.82475e8,5.7098145,CosineDist,close,3.396729508862001e6,1325
cross_scenario,k_means,1690918982,3,1.82475e8,5.7766695,CosineDist,close,3.396729508862001e6,1325
cross_scenario,k_means,2011904635,3,1.83139e8,6.0450674,CosineDist,close,3.4137254982310003e6,1379
cross_scenario,k_means,208019063,3,1.82475e8,5.4954418,CosineDist,close,3.396729508862001e6,1325
cross_scenario,k_means,2175589206,3,1.83147e8,5.9368619,CosineDist,close,3.413930516355e6,1408
cross_scenario,k_means,2331872192,3,1.82475e8,5.7705527,CosineDist,close,3.396729508862001e6,1325
cross_scenario,k_means,2859914000,3,1.83137e8,5.9603158,CosineDist,close,3.4136690558819994e6,1378
cross_scenario,k_means,3409952330,3,1.83137e8,5.7574521,CosineDist,close,3.4136690558819994e6,1378
cross_scenario,k_means,488813374,3,1.83137e8,6.1687738,CosineDist,close,3.4136690558819994e6,1378
cross_scenario,k_means,1349996306,31,7.55166e7,6.1040076,CosineDist,close,607084.964972,198
cross_scenario,k_means,1462714024,31,8.40859e7,6.3795072,CosineDist,close,835475.519206,279
cross_scenario,k_means,1579127763,31,7.40141e7,6.2243282,CosineDist,close,570709.6447839999,188
cross_scenario,k_means,1648351254,31,7.88302e7,6.0676192,CosineDist,close,699841.8633919999,232
cross_scenario,k_means,2030289235,31,8.82142e7,6.3756919,CosineDist,close,941093.193399,306
cross_scenario,k_means,2462588561,31,7.55582e7,6.0997303,CosineDist,close,609045.21068,191
cross_scenario,k_means,2929172095,31,7.46397e7,6.3372186,CosineDist,close,583230.912926,181
cross_scenario,k_means,2944528308,31,6.99876e7,6.2469885,CosineDist,close,460195.7126809999,161
cross_scenario,k_means,295145311,31,7.39962e7,6.2528291,CosineDist,close,568832.550159,176
cross_scenario,k_means,3899371692,31,6.9849e7,6.3400455,CosineDist,close,454340.99887600006,157
cross_scenario,k_means,1038419084,33,7.61899e7,6.111827,CosineDist,close,628049.8803860001,202
cross_scenario,k_means,1109759726,33,7.73565e7,6.5330275,CosineDist,close,655278.724458,203
cross_scenario,k_means,1963882461,33,7.6489e7,6.6412265,CosineDist,close,634725.9826389999,218
cross_scenario,k_means,1989163906,33,7.14861e7,6.4674012,CosineDist,close,501690.72159,168
cross_scenario,k_means,2479233904,33,7.56865e7,6.0355259,CosineDist,close,614169.9495299998,193
cross_scenario,k_means,2497612078,33,8.07705e7,6.2682517,CosineDist,close,749022.229267,237
cross_scenario,k_means,3214090957,33,7.75432e7,6.0321016,CosineDist,close,662743.5328569999,216
cross_scenario,k_means,3465092140,33,7.89325e7,6.2279882,CosineDist,close,700029.7373629999,218
cross_scenario,k_means,4061834237,33,7.44969e7,5.6636416,CosineDist,close,580381.646001,189
cross_scenario,k_means,52313467,33,7.66996e7,6.1093184,CosineDist,close,637726.419694,209
cross_scenario,k_means,1208640119,35,7.89328e7,6.6867108,CosineDist,close,698081.443464,224
cross_scenario,k_means,1428058240,35,7.89096e7,7.1076269,CosineDist,close,699424.352585,227
cross_scenario,k_means,15941194,35,7.63675e7,6.7125072,CosineDist,close,630714.8970610002,190
cross_scenario,k_means,2213813141,35,7.56192e7,6.4918811,CosineDist,close,610342.1585710001,179
cross_scenario,k_means,2291375163,35,7.57585e7,6.1236317,CosineDist,close,613507.515894,196
cross_scenario,k_means,236500538,35,7.62447e7,6.1554994,CosineDist,close,628701.5220139999,204
cross_scenario,k_means,252145784,35,7.37954e7,6.5781462,CosineDist,close,562134.5685330001,175
cross_scenario,k_means,2544196106,35,7.55188e7,6.1699078,CosineDist,close,607626.1176489999,189
cross_scenario,k_means,2745802022,35,7.50239e7,6.1669674,CosineDist,close,596605.0619630001,192
cross_scenario,k_means,3596893902,35,7.55391e7,6.1056439,CosineDist,close,611616.017867,198
cross_scenario,k_means,1380354363,37,7.54883e7,6.4208012,CosineDist,close,606100.1541690002,189
cross_scenario,k_means,3048518942,37,8.03635e7,6.8539477,CosineDist,close,734878.1296930001,239
cross_scenario,k_means,3182806193,37,8.04847e7,6.9113878,CosineDist,close,738893.907665,239
cross_scenario,k_means,3244629827,37,7.02728e7,6.6177725,CosineDist,close,465800.35462199996,155
cross_scenario,k_means,3452769998,37,7.54917e7,7.4203967,CosineDist,close,607694.8271310002,189
cross_scenario,k_means,4262333788,37,7.0028e7,7.7839235,CosineDist,close,459348.72777099995,155
cross_scenario,k_means,45994245,37,7.62168e7,6.4241436,CosineDist,close,625473.887133,196
cross_scenario,k_means,67569244,37,7.29651e7,6.3367245,CosineDist,close,536951.93326,173
cross_scenario,k_means,814300562,37,7.55102e7,6.7047957,CosineDist,close,606345.3109520001,194
cross_scenario,k_means,870981686,37,7.82788e7,6.8552,CosineDist,close,682511.5669150001,217
cross_scenario,k_means,1129760376,39,7.55694e7,6.2703892,CosineDist,close,611449.3129809998,198
cross_scenario,k_means,148104383,39,7.00325e7,5.9561849,CosineDist,close,461381.361003,156
cross_scenario,k_means,1655289285,39,7.51565e7,6.0902051,CosineDist,close,597526.737544,188
cross_scenario,k_means,1845695973,39,7.42434e7,7.1040305,CosineDist,close,573543.9291070002,184
cross_scenario,k_means,2121257682,39,7.62745e7,6.4964038,CosineDist,close,627284.9241559998,203
cross_scenario,k_means,2943233938,39,7.57317e7,6.2598654,CosineDist,close,612410.0364410002,195
cross_scenario,k_means,3030918353,39,7.09893e7,6.5683385,CosineDist,close,487345.0426859999,158
cross_scenario,k_means,3096268031,39,7.52528e7,6.9331484,CosineDist,close,599926.419842,190
cross_scenario,k_means,3338611973,39,7.54737e7,6.1392505,CosineDist,close,607374.8644220002,193
cross_scenario,k_means,662283236,39,7.63649e7,6.1650273,CosineDist,close,629266.5928,197
cross_scenario,k_means,1005104349,41,7.56672e7,6.045637,CosineDist,close,610815.5150400001,172
cross_scenario,k_means,1534696584,41,7.3105e7,6.0114371,CosineDist,close,543734.9381050001,177
cross_scenario,k_means,225016911,41,7.55491e7,6.7692185,CosineDist,close,608794.459357,199
cross_scenario,k_means,2317592996,41,7.55072e7,6.1893916,CosineDist,close,608257.3015610002,197
cross_scenario,k_means,2716090479,41,6.94096e7,6.2871927,CosineDist,close,444216.49415600003,157
cross_scenario,k_means,3258958499,41,7.53738e7,6.0840041,CosineDist,close,602777.868748,199
cross_scenario,k_means,329433595,41,7.53977e7,6.3856483,CosineDist,close,605418.000368,186
cross_scenario,k_means,3444774395,41,7.94046e7,6.232793,CosineDist,close,709857.352505,235
cross_scenario,k_means,438234340,41,7.4575e7,6.5064752,CosineDist,close,580780.5580869999,193
cross_scenario,k_means,953901905,41,7.95487e7,6.8871259,CosineDist,close,716217.896868,226
cross_scenario,k_means,1660595499,5,1.01559e8,6.6758439,CosineDist,close,1.3042645038130002e6,502
cross_scenario,k_means,1714105051,5,1.85063e8,5.5859969,CosineDist,close,3.463402837622e6,1464
cross_scenario,k_means,2169593505,5,1.82235e8,5.9716911,CosineDist,close,3.380976162072e6,1401
cross_scenario,k_means,2538991366,5,1.83697e8,5.8801042,CosineDist,close,3.414339224661e6,1208
cross_scenario,k_means,2909674750,5,1.04328e8,7.0309734,CosineDist,close,1.380746226309e6,546
cross_scenario,k_means,3018546641,5,1.81386e8,6.1898357,CosineDist,close,3.3592406839260003e6,1417
cross_scenario,k_means,3634057553,5,1.80663e8,6.7142703,CosineDist,close,3.3447797998050004e6,1456
cross_scenario,k_means,4139823947,5,1.84836e8,5.6798765,CosineDist,close,3.4575886283979993e6,1463
cross_scenario,k_means,4197766176,5,1.04133e8,7.1618933,CosineDist,close,1.3752706791810002e6,552
cross_scenario,k_means,5947179,5,1.04779e8,6.1807283,CosineDist,close,1.3922794432120002e6,550
cross_scenario,k_means,1006581332,7,1.01188e8,6.4917939,CosineDist,close,1.2892089263950002e6,510
cross_scenario,k_means,1176932870,7,1.00798e8,6.4844653,CosineDist,close,1.278331333659e6,457
cross_scenario,k_means,1821427372,7,1.00464e8,6.7018456,CosineDist,close,1.2701205835200003e6,476
cross_scenario,k_means,2689963385,7,8.53486e7,6.3725569,CosineDist,close,881564.3089289999,333
cross_scenario,k_means,2751971336,7,1.00237e8,6.3886351,CosineDist,close,1.264317016937e6,468
cross_scenario,k_means,3385142830,7,7.91023e7,6.1899364,CosineDist,close,710797.704864,234
cross_scenario,k_means,3409620994,7,1.01141e8,6.1165841,CosineDist,close,1.288811224889e6,483
cross_scenario,k_means,447101461,7,1.03977e8,5.9599704,CosineDist,close,1.3718080930870008e6,542
cross_scenario,k_means,468006976,7,1.85385e8,5.4855172,CosineDist,close,3.4504317537489994e6,1237
cross_scenario,k_means,880982686,7,1.81081e8,5.7296698,CosineDist,close,3.349532267697e6,1244
cross_scenario,k_means,1130292821,9,1.01538e8,6.1409901,CosineDist,close,1.2983629257549997e6,500
cross_scenario,k_means,1392296365,9,1.01617e8,6.2831875,CosineDist,close,1.3001487113019996e6,489
cross_scenario,k_means,2814468992,9,8.36347e7,6.2311439,CosineDist,close,831122.682136,298
cross_scenario,k_means,3044209910,9,8.44161e7,6.2814945,CosineDist,close,853493.12138,325
cross_scenario,k_means,3261319673,9,1.01303e8,6.5567314,CosineDist,close,1.2833084513159997e6,460
cross_scenario,k_means,3543870990,9,1.83333e8,5.6466196,CosineDist,close,3.4050751470329994e6,1202
cross_scenario,k_means,3602499071,9,1.02138e8,6.3671481,CosineDist,close,1.315472956291e6,487
cross_scenario,k_means,3926221275,9,1.00124e8,6.0694276,CosineDist,close,1.2530331564629998e6,459
cross_scenario,k_means,42413356,9,7.95334e7,6.1900727,CosineDist,close,723972.923524,259
cross_scenario,k_means,697383862,9,1.82684e8,5.7715402,CosineDist,close,3.3895069839879996e6,1347
cross_scenario,k_means,1355586937,11,8.41229e7,6.1967641,SqEuclidean,close,844210.790209,307
cross_scenario,k_means,1768760743,11,8.78768e7,6.2654012,SqEuclidean,close,936988.231781,316
cross_scenario,k_means,2652796558,11,7.90468e7,6.271529,SqEuclidean,close,708102.358113,246
cross_scenario,k_means,3000698040,11,1.03141e8,6.4284154,SqEuclidean,close,1.333683476277e6,493
cross_scenario,k_means,3160233726,11,9.38916e7,6.5861086,SqEuclidean,close,1.100068515403e6,389
cross_scenario,k_means,3479820580,11,9.42032e7,6.1357629,SqEuclidean,close,1.1007129092010001e6,371
cross_scenario,k_means,3649546841,11,1.11025e8,7.0062153,SqEuclidean,close,1.5378001981990002e6,563
cross_scenario,k_means,4031091536,11,1.08389e8,6.8687922,SqEuclidean,close,1.4765682518509997e6,573
cross_scenario,k_means,675182737,11,9.4124e7,6.5177978,SqEuclidean,close,1.106169927859e6,424
cross_scenario,k_means,722170199,11,8.38764e7,6.0712911,SqEuclidean,close,835299.7380160003,296
cross_scenario,k_means,1020330993,13,9.56295e7,6.2560444,SqEuclidean,close,1.1385314218750002e6,383
cross_scenario,k_means,1241334511,13,1.11071e8,6.3253191,SqEuclidean,close,1.5371165555920005e6,558
cross_scenario,k_means,1561739573,13,7.88244e7,6.3176644,SqEuclidean,close,698630.9515480001,236
cross_scenario,k_means,2082789969,13,7.94529e7,6.4736027,SqEuclidean,close,717602.045375,246
cross_scenario,k_means,2422820678,13,9.42413e7,6.6981465,SqEuclidean,close,1.109056846607e6,420
cross_scenario,k_means,373102896,13,1.12686e8,6.4713382,SqEuclidean,close,1.587732592243e6,594
cross_scenario,k_means,3777256655,13,8.37228e7,6.7420907,SqEuclidean,close,825575.3468240001,295
cross_scenario,k_means,4101453586,13,9.03003e7,6.7708562,SqEuclidean,close,1.004021218594e6,356
cross_scenario,k_means,419645993,13,7.94218e7,6.9938831,SqEuclidean,close,720987.0668219998,266
cross_scenario,k_means,772616242,13,9.43407e7,6.680913,SqEuclidean,close,1.1036324417539996e6,385
cross_scenario,k_means,1536731824,15,7.9956e7,6.5906372,SqEuclidean,close,728622.8133729999,251
cross_scenario,k_means,1944031661,15,7.89467e7,6.3021519,SqEuclidean,close,698827.138202,232
cross_scenario,k_means,195370354,15,7.88112e7,6.5173672,SqEuclidean,close,698362.3324509999,236
cross_scenario,k_means,2392820273,15,8.39244e7,6.9155485,SqEuclidean,close,829443.423951,285
cross_scenario,k_means,2931326369,15,7.88504e7,6.7941646,SqEuclidean,close,699036.862459,229
cross_scenario,k_means,3012361418,15,8.40705e7,6.5870539,SqEuclidean,close,839285.207543,303
cross_scenario,k_means,3763622817,15,7.95244e7,6.5237348,SqEuclidean,close,722966.7794610002,254
cross_scenario,k_means,3796973136,15,1.12976e8,6.4107978,SqEuclidean,close,1.5864839549609998e6,547
cross_scenario,k_means,3815196410,15,7.5572e7,6.7417682,SqEuclidean,close,609337.2557770001,198
cross_scenario,k_means,604489562,15,1.11819e8,6.8637119,SqEuclidean,close,1.5567906532909998e6,536
cross_scenario,k_means,1587347134,17,9.03772e7,6.3496284,SqEuclidean,close,999904.3128259999,354
cross_scenario,k_means,186564236,17,9.39744e7,6.3038672,SqEuclidean,close,1.098083396822e6,401
cross_scenario,k_means,2166881926,17,7.00634e7,6.1342411,SqEuclidean,close,461537.77362600004,141
cross_scenario,k_means,2186186592,17,8.37891e7,6.1890422,SqEuclidean,close,827346.567539,278
cross_scenario,k_means,2238747886,17,7.37855e7,6.7550534,SqEuclidean,close,563508.178185,183
cross_scenario,k_means,224585247,17,7.87763e7,6.8300092,SqEuclidean,close,697504.718459,221
cross_scenario,k_means,2339120676,17,9.09604e7,6.3046273,SqEuclidean,close,1.0203475854019999e6,364
cross_scenario,k_means,3093014142,17,1.0087e8,6.2760954,SqEuclidean,close,1.2726823429109997e6,449
cross_scenario,k_means,3258302586,17,7.44665e7,6.4801936,SqEuclidean,close,586261.977372,205
cross_scenario,k_means,3629043986,17,7.58212e7,6.5052278,SqEuclidean,close,616118.4121660001,185
cross_scenario,k_means,1088367163,19,7.55075e7,6.4593515,SqEuclidean,close,611003.087354,196
cross_scenario,k_means,1245540782,19,9.1523e7,6.7407095,SqEuclidean,close,1.0290142414029998e6,340
cross_scenario,k_means,2410109332,19,7.91621e7,6.0440184,SqEuclidean,close,705556.8687369998,220
cross_scenario,k_means,2455416769,19,7.895e7,6.3148813,SqEuclidean,close,698941.8611299999,222
cross_scenario,k_means,2591120440,19,9.38785e7,6.7846935,SqEuclidean,close,1.0903454712820002e6,365
cross_scenario,k_means,2650271871,19,7.91503e7,7.0173136,SqEuclidean,close,704825.4261480002,225
cross_scenario,k_means,2789252227,19,9.39421e7,6.3771035,SqEuclidean,close,1.0927589098630003e6,366
cross_scenario,k_means,3130995382,19,7.89517e7,6.4139732,SqEuclidean,close,699006.8992789999,224
cross_scenario,k_means,3357853995,19,9.36021e7,6.6426588,SqEuclidean,close,1.0855634810600001e6,389
cross_scenario,k_means,824849990,19,8.3598e7,6.3951095,SqEuclidean,close,821121.3509740001,288
cross_scenario,k_means,1244389436,21,7.873e7,6.6808341,SqEuclidean,close,696306.2858419999,224
cross_scenario,k_means,1393653782,21,1.03285e8,6.2784169,SqEuclidean,close,1.340166435026e6,483
cross_scenario,k_means,1761682951,21,7.89536e7,6.1722083,SqEuclidean,close,701957.6237760002,225
cross_scenario,k_means,196162340,21,7.65243e7,6.4352063,SqEuclidean,close,637980.1102839999,204
cross_scenario,k_means,1984034111,21,7.89715e7,6.5304043,SqEuclidean,close,699546.765436,226
cross_scenario,k_means,2569047889,21,1.0102e8,6.6049121,SqEuclidean,close,1.2764937197380003e6,409
cross_scenario,k_means,3286463093,21,8.05138e7,6.1559451,SqEuclidean,close,740317.2300579998,239
cross_scenario,k_means,4196464565,21,8.39924e7,6.1725627,SqEuclidean,close,832912.3499080001,268
cross_scenario,k_means,744301781,21,7.87938e7,6.3762517,SqEuclidean,close,695746.641624,230
cross_scenario,k_means,760014603,21,9.40888e7,6.2950405,SqEuclidean,close,1.0965478652989997e6,357
cross_scenario,k_means,2193967569,23,7.56166e7,6.0631959,SqEuclidean,close,616011.1195170002,203
cross_scenario,k_means,2546464051,23,7.93269e7,6.3673854,SqEuclidean,close,709390.958104,232
cross_scenario,k_means,2938742229,23,8.68966e7,5.9607153,SqEuclidean,close,907649.2896430001,300
cross_scenario,k_means,313447314,23,7.91634e7,6.4895068,SqEuclidean,close,705708.560303,228
cross_scenario,k_means,3164855826,23,7.90947e7,6.4510344,SqEuclidean,close,703939.8953740001,228
cross_scenario,k_means,3173192974,23,7.54872e7,6.2512566,SqEuclidean,close,608559.181614,183
cross_scenario,k_means,3527549645,23,7.81887e7,6.2627103,SqEuclidean,close,680199.1438379999,216
cross_scenario,k_means,3913193451,23,7.87673e7,6.2743296,SqEuclidean,close,694363.7049220001,220
cross_scenario,k_means,714332685,23,8.40919e7,6.3247059,SqEuclidean,close,835088.9718119998,263
cross_scenario,k_means,890890131,23,7.44044e7,6.5274935,SqEuclidean,close,584767.1376720001,203
cross_scenario,k_means,1134130444,25,7.87975e7,6.3301981,SqEuclidean,close,698988.2360370001,232
cross_scenario,k_means,2658990538,25,7.89204e7,6.2376374,SqEuclidean,close,699274.3357379999,216
cross_scenario,k_means,2726541456,25,7.6274e7,6.3361328,SqEuclidean,close,628675.7827110001,207
cross_scenario,k_means,2894918851,25,8.41842e7,6.8169571,SqEuclidean,close,835829.520822,260
cross_scenario,k_means,3351175237,25,8.41984e7,6.294362,SqEuclidean,close,837048.172484,275
cross_scenario,k_means,343301208,25,7.88998e7,7.0288512,SqEuclidean,close,698501.9402630002,219
cross_scenario,k_means,4135971217,25,7.4377e7,6.6546743,SqEuclidean,close,580037.7004740001,180
cross_scenario,k_means,4145110716,25,8.84244e7,7.0037478,SqEuclidean,close,949242.9029649999,327
cross_scenario,k_means,448376330,25,7.89756e7,6.3458526,SqEuclidean,close,700980.99558,226
cross_scenario,k_means,47449323,25,7.93329e7,6.4564213,SqEuclidean,close,707979.978835,222
cross_scenario,k_means,1161276258,27,7.30922e7,6.5295179,SqEuclidean,close,542175.442958,175
cross_scenario,k_means,1233541653,27,7.94619e7,6.6021574,SqEuclidean,close,721162.704694,253
cross_scenario,k_means,1267936167,27,7.55703e7,6.2057071,SqEuclidean,close,609820.2369940002,187
cross_scenario,k_means,1653248667,27,7.64946e7,6.423671,SqEuclidean,close,634305.5125389999,205
cross_scenario,k_means,2437521778,27,8.99072e7,6.2078679,SqEuclidean,close,988118.254333,323
cross_scenario,k_means,2524306086,27,7.56542e7,6.6351629,SqEuclidean,close,612965.708647,189
cross_scenario,k_means,2606414571,27,7.9388e7,6.3120417,SqEuclidean,close,710009.9989549998,218
cross_scenario,k_means,2821296471,27,7.17014e7,5.7781177,SqEuclidean,close,505312.88390399993,156
cross_scenario,k_means,3155655383,27,7.79194e7,6.4556825,SqEuclidean,close,678914.3679700001,234
cross_scenario,k_means,463779685,27,8.43242e7,6.0557887,SqEuclidean,close,841224.815361,291
cross_scenario,k_means,1113698075,29,7.41043e7,6.2798535,SqEuclidean,close,570245.067825,178
cross_scenario,k_means,1125327650,29,7.64794e7,6.5166934,SqEuclidean,close,632381.386087,203
cross_scenario,k_means,1398119942,29,7.8957e7,6.4365239,SqEuclidean,close,700104.0061659998,224
cross_scenario,k_means,1669407957,29,7.41212e7,5.9140821,SqEuclidean,close,571767.173466,179
cross_scenario,k_means,1792506398,29,6.96814e7,6.6697449,SqEuclidean,close,450677.87492500007,155
cross_scenario,k_means,2439649745,29,6.9794e7,6.3267215,SqEuclidean,close,455551.030334,152
cross_scenario,k_means,2730667678,29,7.92623e7,6.3933567,SqEuclidean,close,707252.181492,231
cross_scenario,k_means,2843080965,29,7.89576e7,5.9973158,SqEuclidean,close,700239.7900749998,218
cross_scenario,k_means,3434031776,29,7.56102e7,6.5186844,SqEuclidean,close,612260.690046,185
cross_scenario,k_means,950202798,29,6.97531e7,6.431863,SqEuclidean,close,456888.8677480001,167
cross_scenario,k_means,1042382051,3,1.84562e8,5.7160013,SqEuclidean,close,3.4501660831669997e6,1378
cross_scenario,k_means,1617230705,3,1.82475e8,5.9260625,SqEuclidean,close,3.396729508862001e6,1325
cross_scenario,k_means,1690918982,3,1.82475e8,5.8675303,SqEuclidean,close,3.396729508862001e6,1325
cross_scenario,k_means,2011904635,3,1.83139e8,5.8614712,SqEuclidean,close,3.4137254982310003e6,1379
cross_scenario,k_means,208019063,3,1.82475e8,5.9150949,SqEuclidean,close,3.396729508862001e6,1325
cross_scenario,k_means,2175589206,3,1.83147e8,6.1349321,SqEuclidean,close,3.413930516355e6,1408
cross_scenario,k_means,2331872192,3,1.82475e8,5.8938118,SqEuclidean,close,3.396729508862001e6,1325
cross_scenario,k_means,2859914000,3,1.83137e8,6.2544913,SqEuclidean,close,3.4136690558819994e6,1378
cross_scenario,k_means,3409952330,3,1.83137e8,6.0418326,SqEuclidean,close,3.4136690558819994e6,1378
cross_scenario,k_means,488813374,3,1.83137e8,5.7367485,SqEuclidean,close,3.4136690558819994e6,1378
cross_scenario,k_means,1349996306,31,7.00008e7,6.7032765,SqEuclidean,close,458822.297323,149
cross_scenario,k_means,1462714024,31,8.41324e7,6.5834618,SqEuclidean,close,836181.5923139999,274
cross_scenario,k_means,1579127763,31,7.39236e7,6.302511,SqEuclidean,close,567046.471669,178
cross_scenario,k_means,1648351254,31,7.86287e7,6.0685922,SqEuclidean,close,694728.73696,230
cross_scenario,k_means,2030289235,31,8.09417e7,6.6191721,SqEuclidean,close,750020.3912259999,237
cross_scenario,k_means,2462588561,31,7.9099e7,6.5120351,SqEuclidean,close,704103.944386,217
cross_scenario,k_means,2929172095,31,7.59467e7,6.4874602,SqEuclidean,close,618895.967753,189
cross_scenario,k_means,2944528308,31,7.0176e7,5.9861693,SqEuclidean,close,462928.746336,149
cross_scenario,k_means,295145311,31,7.40604e7,6.500008,SqEuclidean,close,570373.808988,181
cross_scenario,k_means,3899371692,31,6.99077e7,6.4785305,SqEuclidean,close,455938.586332,149
cross_scenario,k_means,1038419084,33,7.5931e7,6.3929681,SqEuclidean,close,622758.6056029998,218
cross_scenario,k_means,1109759726,33,7.75882e7,6.3470721,SqEuclidean,close,663010.7528029999,202
cross_scenario,k_means,1963882461,33,7.02305e7,6.543993,SqEuclidean,close,466309.385428,144
cross_scenario,k_means,1989163906,33,7.46066e7,5.9786132,SqEuclidean,close,585210.840094,183
cross_scenario,k_means,2479233904,33,7.57215e7,6.0744525,SqEuclidean,close,615048.4275530002,192
cross_scenario,k_means,2497612078,33,7.6296e7,6.0611264,SqEuclidean,close,635427.7151539999,225
cross_scenario,k_means,3214090957,33,7.48963e7,7.1988932,SqEuclidean,close,591678.593559,192
cross_scenario,k_means,3465092140,33,7.89892e7,6.9602479,SqEuclidean,close,701079.4362740001,214
cross_scenario,k_means,4061834237,33,7.60597e7,6.2649365,SqEuclidean,close,623989.590795,193
cross_scenario,k_means,52313467,33,7.66049e7,6.4544883,SqEuclidean,close,635314.91023,180
cross_scenario,k_means,1208640119,35,7.88313e7,6.616781,SqEuclidean,close,696704.5718499998,214
cross_scenario,k_means,1428058240,35,7.88382e7,6.3570226,SqEuclidean,close,697647.4805719998,224
cross_scenario,k_means,15941194,35,7.67304e7,6.5166183,SqEuclidean,close,638922.0799080002,209
cross_scenario,k_means,2213813141,35,7.57284e7,6.6479312,SqEuclidean,close,613082.0567769998,190
cross_scenario,k_means,2291375163,35,7.55666e7,6.1183286,SqEuclidean,close,609159.2497200001,196
cross_scenario,k_means,236500538,35,7.61213e7,6.3135315,SqEuclidean,close,624552.2399620002,177
cross_scenario,k_means,252145784,35,7.38738e7,6.0390842,SqEuclidean,close,563578.0410879999,169
cross_scenario,k_means,2544196106,35,7.55954e7,6.3856706,SqEuclidean,close,609964.7020280004,191
cross_scenario,k_means,2745802022,35,7.503e7,6.2500283,SqEuclidean,close,595195.5299379999,189
cross_scenario,k_means,3596893902,35,7.53917e7,6.4000494,SqEuclidean,close,607399.631074,193
cross_scenario,k_means,1380354363,37,7.54676e7,6.5472978,SqEuclidean,close,605585.642801,188
cross_scenario,k_means,3048518942,37,8.04922e7,6.3767449,SqEuclidean,close,740219.2785479998,250
cross_scenario,k_means,3182806193,37,8.03727e7,6.6680864,SqEuclidean,close,735851.471478,244
cross_scenario,k_means,3244629827,37,7.0061e7,6.9237179,SqEuclidean,close,460818.207093,156
cross_scenario,k_means,3452769998,37,7.01984e7,6.2175802,SqEuclidean,close,468218.78855699993,171
cross_scenario,k_means,4262333788,37,6.99582e7,6.6456666,SqEuclidean,close,457997.243491,148
cross_scenario,k_means,45994245,37,6.95414e7,7.0890612,SqEuclidean,close,448299.93246100005,136
cross_scenario,k_means,67569244,37,7.30894e7,6.5847445,SqEuclidean,close,540655.2994799998,158
cross_scenario,k_means,814300562,37,7.54458e7,6.4940801,SqEuclidean,close,604370.042503,188
cross_scenario,k_means,870981686,37,7.89426e7,6.1746512,SqEuclidean,close,700330.547115,225
cross_scenario,k_means,1129760376,39,7.5409e7,6.0710733,SqEuclidean,close,605205.7513069999,196
cross_scenario,k_means,148104383,39,7.00221e7,6.469114,SqEuclidean,close,463574.51242900005,163
cross_scenario,k_means,1655289285,39,8.06082e7,6.6002684,SqEuclidean,close,742068.165424,238
cross_scenario,k_means,1845695973,39,7.16819e7,7.0568632,SqEuclidean,close,504727.79469799995,153
cross_scenario,k_means,2121257682,39,7.50557e7,6.8761287,SqEuclidean,close,594712.9191190002,187
cross_scenario,k_means,2943233938,39,7.57542e7,7.1203964,SqEuclidean,close,614272.5299109998,187
cross_scenario,k_means,3030918353,39,7.07937e7,6.6410288,SqEuclidean,close,481090.23771200003,166
cross_scenario,k_means,3096268031,39,7.39149e7,6.3450108,SqEuclidean,close,566917.7246129999,181
cross_scenario,k_means,3338611973,39,7.89447e7,6.5874285,SqEuclidean,close,699273.6065020001,221
cross_scenario,k_means,662283236,39,7.64758e7,6.6475239,SqEuclidean,close,632089.3955040001,204
cross_scenario,k_means,1005104349,41,7.90177e7,6.299711,SqEuclidean,close,699715.6367609998,197
cross_scenario,k_means,1534696584,41,7.29768e7,6.1465067,SqEuclidean,close,540326.0575270001,162
cross_scenario,k_means,225016911,41,7.47471e7,6.2850046,SqEuclidean,close,586939.5842909999,193
cross_scenario,k_means,2317592996,41,7.29504e7,6.5007748,SqEuclidean,close,540351.761424,169
cross_scenario,k_means,2716090479,41,6.99462e7,6.6929947,SqEuclidean,close,457842.14440200006,143
cross_scenario,k_means,3258958499,41,7.59046e7,6.6343424,SqEuclidean,close,618031.2400380002,189
cross_scenario,k_means,329433595,41,7.54541e7,6.1906049,SqEuclidean,close,606346.8251029999,182
cross_scenario,k_means,3444774395,41,7.92904e7,6.4938454,SqEuclidean,close,707734.2257869999,222
cross_scenario,k_means,438234340,41,7.44834e7,6.5933679,SqEuclidean,close,578476.2606829997,160
cross_scenario,k_means,953901905,41,7.78556e7,6.3570146,SqEuclidean,close,669511.069582,200
cross_scenario,k_means,1660595499,5,9.41925e7,6.5933044,SqEuclidean,close,1.1082204380589998e6,409
cross_scenario,k_means,1714105051,5,1.8438e8,6.2734467,SqEuclidean,close,3.4458324556070007e6,1418
cross_scenario,k_means,2169593505,5,1.80201e8,6.0485752,SqEuclidean,close,3.331180733101e6,1336
cross_scenario,k_means,2538991366,5,1.81911e8,5.9135114,SqEuclidean,close,3.374613059033e6,1230
cross_scenario,k_means,2909674750,5,1.16193e8,6.9935947,SqEuclidean,close,1.688179399555e6,679
cross_scenario,k_means,3018546641,5,1.81912e8,5.9950146,SqEuclidean,close,3.374956901086999e6,1341
cross_scenario,k_means,3634057553,5,1.83251e8,5.5614405,SqEuclidean,close,3.409243742819e6,1377
cross_scenario,k_means,4139823947,5,1.85436e8,5.8968363,SqEuclidean,close,3.4728422732889997e6,1493
cross_scenario,k_means,4197766176,5,1.16217e8,7.0743586,SqEuclidean,close,1.688790479557e6,690
cross_scenario,k_means,5947179,5,1.10024e8,6.4549217,SqEuclidean,close,1.528619485825e6,613
cross_scenario,k_means,1006581332,7,1.12529e8,6.5781546,SqEuclidean,close,1.584679125839e6,616
cross_scenario,k_means,1176932870,7,1.11864e8,6.8135,SqEuclidean,close,1.566688623048e6,617
cross_scenario,k_means,1821427372,7,1.13125e8,6.4684191,SqEuclidean,close,1.6000712045170001e6,598
cross_scenario,k_means,2689963385,7,9.11349e7,6.5032629,SqEuclidean,close,1.030993287613e6,386
cross_scenario,k_means,2751971336,7,1.12687e8,6.1264265,SqEuclidean,close,1.5888390652160002e6,650
cross_scenario,k_means,3385142830,7,7.93188e7,6.5430002,SqEuclidean,close,717549.7467350002,251
cross_scenario,k_means,3409620994,7,1.11603e8,6.3618904,SqEuclidean,close,1.5568838245439997e6,587
cross_scenario,k_means,447101461,7,1.15696e8,6.9316754,SqEuclidean,close,1.6754626799950001e6,683
cross_scenario,k_means,468006976,7,1.83273e8,5.6109627,SqEuclidean,close,3.3997073394280006e6,1367
cross_scenario,k_means,880982686,7,1.81905e8,5.9025149,SqEuclidean,close,3.372685917223e6,1284
cross_scenario,k_means,1130292821,9,1.13119e8,6.9110933,SqEuclidean,close,1.598275948493e6,600
cross_scenario,k_means,1392296365,9,1.12448e8,6.737916,SqEuclidean,close,1.5760267174670005e6,593
cross_scenario,k_means,2814468992,9,8.97554e7,6.4674571,SqEuclidean,close,986774.87341,354
cross_scenario,k_means,3044209910,9,8.45873e7,6.68751,SqEuclidean,close,857431.7522280001,311
cross_scenario,k_means,3261319673,9,1.10758e8,6.6036511,SqEuclidean,close,1.531519955113e6,579
cross_scenario,k_means,3543870990,9,1.82596e8,5.7459918,SqEuclidean,close,3.3824530560950004e6,1327
cross_scenario,k_means,3602499071,9,9.42854e7,6.9922068,SqEuclidean,close,1.1058772278089998e6,371
cross_scenario,k_means,3926221275,9,1.12784e8,6.9156647,SqEuclidean,close,1.586952480706e6,627
cross_scenario,k_means,42413356,9,7.9019e7,6.7725123,SqEuclidean,close,709496.571927,246
cross_scenario,k_means,697383862,9,1.79558e8,6.2391692,SqEuclidean,close,3.311706984894e6,1352
stochastic,stochastic,0,0,5.41514e7,60.7626268,N/A,close,6854.830433,13
cross_scenario,convex_hull,0,11,6.15765e7,6.0516783,CosineDist,closemixed,276633.216876,179
cross_scenario,convex_hull,0,13,6.24037e7,5.8303669,CosineDist,closemixed,296854.1933519999,240
cross_scenario,convex_hull,0,15,6.07711e7,5.5655711,CosineDist,closemixed,255324.94797300003,191
cross_scenario,convex_hull,0,17,6.07776e7,5.7151562,CosineDist,closemixed,255612.30872499998,196
cross_scenario,convex_hull,0,19,6.08125e7,6.9211473,CosineDist,closemixed,256556.55245599998,191
cross_scenario,convex_hull,0,21,5.90315e7,11.2830749,CosineDist,closemixed,207670.25764800006,173
cross_scenario,convex_hull,0,23,5.77329e7,5.5595595,CosineDist,closemixed,170428.90053400001,109
cross_scenario,convex_hull,0,25,5.78213e7,6.7018966,CosineDist,closemixed,173162.414624,108
cross_scenario,convex_hull,0,27,5.77412e7,6.1192221,CosineDist,closemixed,171101.574139,118
cross_scenario,convex_hull,0,29,5.77397e7,6.362535,CosineDist,closemixed,171112.098055,120
cross_scenario,convex_hull,0,3,1.11151e8,6.4719478,CosineDist,closemixed,1.5715150809090002e6,783
cross_scenario,convex_hull,0,31,5.8269e7,5.6302905,CosineDist,closemixed,185726.562953,138
cross_scenario,convex_hull,0,33,5.82541e7,6.0037767,CosineDist,closemixed,184780.68209100002,142
cross_scenario,convex_hull,0,35,5.82475e7,6.1435303,CosineDist,closemixed,184621.18791300003,138
cross_scenario,convex_hull,0,37,5.8325e7,5.5223611,CosineDist,closemixed,186586.25152699996,140
cross_scenario,convex_hull,0,39,5.69823e7,5.5924898,CosineDist,closemixed,144299.00871499997,121
cross_scenario,convex_hull,0,41,5.6131e7,5.5670684,CosineDist,closemixed,122842.490597,98
cross_scenario,convex_hull,0,5,9.93514e7,5.569735,CosineDist,closemixed,1.2718838536799997e6,673
cross_scenario,convex_hull,0,7,7.95623e7,5.8383527,CosineDist,closemixed,736389.799811,463
cross_scenario,convex_hull,0,9,7.97807e7,6.3983909,CosineDist,closemixed,748597.914656,491
cross_scenario,convex_hull,0,11,1.0566e8,6.2563937,SqEuclidean,closemixed,1.3904058432200002e6,559
cross_scenario,convex_hull,0,13,1.0897e8,6.2723061,SqEuclidean,closemixed,1.4805405661179996e6,593
cross_scenario,convex_hull,0,15,9.2925e7,7.263223,SqEuclidean,closemixed,1.079674385549e6,481
cross_scenario,convex_hull,0,17,9.29331e7,5.995205,SqEuclidean,closemixed,1.0802910311669996e6,449
cross_scenario,convex_hull,0,19,9.29816e7,6.1818178,SqEuclidean,closemixed,1.079533130297e6,483
cross_scenario,convex_hull,0,21,9.24667e7,6.8249385,SqEuclidean,closemixed,1.0657842994929997e6,464
cross_scenario,convex_hull,0,23,9.24664e7,6.8602475,SqEuclidean,closemixed,1.0654811743149997e6,478
cross_scenario,convex_hull,0,25,8.82784e7,6.6732031,SqEuclidean,closemixed,931212.2788459999,438
cross_scenario,convex_hull,0,27,8.93945e7,6.5500069,SqEuclidean,closemixed,972990.630615,418
cross_scenario,convex_hull,0,29,7.73079e7,6.2509006,SqEuclidean,closemixed,661860.779914,380
cross_scenario,convex_hull,0,3,1.09609e8,6.1128935,SqEuclidean,closemixed,1.500099467151e6,709
cross_scenario,convex_hull,0,31,7.73566e7,6.0905916,SqEuclidean,closemixed,662919.2310289999,378
cross_scenario,convex_hull,0,33,7.75327e7,6.1553811,SqEuclidean,closemixed,667387.409416,369
cross_scenario,convex_hull,0,35,5.52271e7,5.8583686,SqEuclidean,closemixed,74970.92839700001,93
cross_scenario,convex_hull,0,37,5.51282e7,6.5199433,SqEuclidean,closemixed,74950.10123199999,74
cross_scenario,convex_hull,0,39,5.50345e7,5.6443195,SqEuclidean,closemixed,74833.17266299999,85
cross_scenario,convex_hull,0,41,5.49066e7,5.8345203,SqEuclidean,closemixed,71595.451827,66
cross_scenario,convex_hull,0,5,9.75086e7,5.83654,SqEuclidean,closemixed,1.176728341972e6,579
cross_scenario,convex_hull,0,7,1.02311e8,6.7535693,SqEuclidean,closemixed,1.3046227197229997e6,534
cross_scenario,convex_hull,0,9,1.01929e8,6.7654269,SqEuclidean,closemixed,1.294558108649e6,547
cross_scenario,k_medoids,1355586937,11,7.3146e7,5.7928342,CosineDist,closemixed,576529.3111860001,414
cross_scenario,k_medoids,1768760743,11,7.13652e7,6.3932928,CosineDist,closemixed,530963.9442439999,399
cross_scenario,k_medoids,2652796558,11,7.71085e7,5.7035065,CosineDist,closemixed,682833.627741,457
cross_scenario,k_medoids,3000698040,11,8.56578e7,5.9553702,CosineDist,closemixed,893145.786122,630
cross_scenario,k_medoids,3160233726,11,6.16565e7,6.2503528,CosineDist,closemixed,281437.72998899996,219
cross_scenario,k_medoids,3479820580,11,7.27616e7,6.5774142,CosineDist,closemixed,568933.6587810001,433
cross_scenario,k_medoids,3649546841,11,6.0619e7,6.3138858,CosineDist,closemixed,250506.35440600003,198
cross_scenario,k_medoids,4031091536,11,7.56805e7,5.6688875,CosineDist,closemixed,649706.929562,413
cross_scenario,k_medoids,675182737,11,6.54855e7,6.6604028,CosineDist,closemixed,377848.54764799995,272
cross_scenario,k_medoids,722170199,11,6.21363e7,6.9574123,CosineDist,closemixed,291786.2638449999,222
cross_scenario,k_medoids,1020330993,13,6.26765e7,6.0418444,CosineDist,closemixed,308907.017153,217
cross_scenario,k_medoids,1241334511,13,6.27419e7,7.4128536,CosineDist,closemixed,303755.416594,228
cross_scenario,k_medoids,1561739573,13,6.04701e7,5.8862448,CosineDist,closemixed,237958.475181,151
cross_scenario,k_medoids,2082789969,13,7.29391e7,5.2624212,CosineDist,closemixed,578940.699106,378
cross_scenario,k_medoids,2422820678,13,6.51584e7,5.7550003,CosineDist,closemixed,373862.81123,278
cross_scenario,k_medoids,373102896,13,7.38673e7,5.2517566,CosineDist,closemixed,603635.1701489999,467
cross_scenario,k_medoids,3777256655,13,7.14247e7,6.6262351,CosineDist,closemixed,535429.7744600001,456
cross_scenario,k_medoids,4101453586,13,6.58986e7,7.1731615,CosineDist,closemixed,380954.819087,275
cross_scenario,k_medoids,419645993,13,7.18306e7,6.3704948,CosineDist,closemixed,542829.7386950001,394
cross_scenario,k_medoids,772616242,13,6.24168e7,6.8906174,CosineDist,closemixed,302176.0762559999,206
cross_scenario,k_medoids,1536731824,15,7.52819e7,6.558167,CosineDist,closemixed,627244.8488980001,469
cross_scenario,k_medoids,1944031661,15,8.42447e7,6.9184714,CosineDist,closemixed,855306.1170879999,576
cross_scenario,k_medoids,195370354,15,6.76252e7,7.0084444,CosineDist,closemixed,436490.63419,325
cross_scenario,k_medoids,2392820273,15,6.75392e7,6.8396607,CosineDist,closemixed,438099.381055,343
cross_scenario,k_medoids,2931326369,15,8.71623e7,6.4306479,CosineDist,closemixed,939569.7193220002,624
cross_scenario,k_medoids,3012361418,15,6.52832e7,7.128896,CosineDist,closemixed,378619.086901,274
cross_scenario,k_medoids,3763622817,15,7.54108e7,6.4655394,CosineDist,closemixed,639676.5167390001,434
cross_scenario,k_medoids,3796973136,15,5.73742e7,7.1484862,CosineDist,closemixed,153396.041616,100
cross_scenario,k_medoids,3815196410,15,5.94455e7,6.009594,CosineDist,closemixed,216140.543268,149
cross_scenario,k_medoids,604489562,15,5.93566e7,5.6161636,CosineDist,closemixed,206972.91234100005,155
cross_scenario,k_medoids,1587347134,17,6.86867e7,5.281979,CosineDist,closemixed,462174.543037,360
cross_scenario,k_medoids,186564236,17,6.81674e7,6.5667527,CosineDist,closemixed,431814.92954399996,354
cross_scenario,k_medoids,2166881926,17,5.69299e7,5.3868424,CosineDist,closemixed,148151.657566,114
cross_scenario,k_medoids,2186186592,17,7.74874e7,5.4440991,CosineDist,closemixed,683891.891957,515
cross_scenario,k_medoids,2238747886,17,5.83968e7,5.7705893,CosineDist,closemixed,191171.872421,147
cross_scenario,k_medoids,224585247,17,5.87344e7,5.8235723,CosineDist,closemixed,197515.47149899998,168
cross_scenario,k_medoids,2339120676,17,6.73418e7,5.7236765,CosineDist,closemixed,418579.14132200007,272
cross_scenario,k_medoids,3093014142,17,5.50991e7,5.8268146,CosineDist,closemixed,83729.266281,66
cross_scenario,k_medoids,3258302586,17,6.02338e7,5.4626992,CosineDist,closemixed,240915.25594200002,146
cross_scenario,k_medoids,3629043986,17,6.14857e7,5.9223962,CosineDist,closemixed,270023.17974299996,180
cross_scenario,k_medoids,1088367163,19,5.72297e7,5.1576256,CosineDist,closemixed,151187.647065,125
cross_scenario,k_medoids,1245540782,19,7.9929e7,5.4382148,CosineDist,closemixed,756320.008631,559
cross_scenario,k_medoids,2410109332,19,5.90243e7,5.7163385,CosineDist,closemixed,208076.38236499994,136
cross_scenario,k_medoids,2455416769,19,5.74522e7,5.8296485,CosineDist,closemixed,163019.00552399998,125
cross_scenario,k_medoids,2591120440,19,5.85871e7,5.6233213,CosineDist,closemixed,189281.48648900003,206
cross_scenario,k_medoids,2650271871,19,5.67784e7,7.2256782,CosineDist,closemixed,130003.537259,103
cross_scenario,k_medoids,2789252227,19,6.78876e7,5.7547983,CosineDist,closemixed,442544.77847300004,371
cross_scenario,k_medoids,3130995382,19,5.89545e7,6.1337018,CosineDist,closemixed,204650.48615099996,145
cross_scenario,k_medoids,3357853995,19,6.38523e7,6.7632927,CosineDist,closemixed,333895.06592799997,263
cross_scenario,k_medoids,824849990,19,6.2383e7,5.6483835,CosineDist,closemixed,303262.81276999984,218
cross_scenario,k_medoids,1244389436,21,5.72403e7,6.5462535,CosineDist,closemixed,155841.68863099997,159
cross_scenario,k_medoids,1393653782,21,5.72521e7,5.6554772,CosineDist,closemixed,140254.22060600002,125
cross_scenario,k_medoids,1761682951,21,5.95721e7,5.6689231,CosineDist,closemixed,218053.99184899998,186
cross_scenario,k_medoids,196162340,21,5.93454e7,6.4685598,CosineDist,closemixed,217069.21789399997,165
cross_scenario,k_medoids,1984034111,21,6.02584e7,6.2918841,CosineDist,closemixed,242177.711741,187
cross_scenario,k_medoids,2569047889,21,7.09278e7,5.7712842,CosineDist,closemixed,512281.68094299996,358
cross_scenario,k_medoids,3286463093,21,6.29659e7,5.989739,CosineDist,closemixed,306746.130764,230
cross_scenario,k_medoids,4196464565,21,5.93758e7,5.9894029,CosineDist,closemixed,211634.518584,169
cross_scenario,k_medoids,744301781,21,5.84979e7,6.7860218,CosineDist,closemixed,183795.46621299998,138
cross_scenario,k_medoids,760014603,21,6.84357e7,5.5632681,CosineDist,closemixed,448168.99446099997,340
cross_scenario,k_medoids,2193967569,23,5.90002e7,7.0032968,CosineDist,closemixed,190529.540659,166
cross_scenario,k_medoids,2546464051,23,7.0685e7,5.6591466,CosineDist,closemixed,517168.19329,385
cross_scenario,k_medoids,2938742229,23,5.98511e7,6.3813189,CosineDist,closemixed,225793.95160899998,146
cross_scenario,k_medoids,313447314,23,5.6055e7,6.4403871,CosineDist,closemixed,113653.18073499999,86
cross_scenario,k_medoids,3164855826,23,5.67263e7,6.2700018,CosineDist,closemixed,134897.50379200003,84
cross_scenario,k_medoids,3173192974,23,6.11688e7,6.210031,CosineDist,closemixed,267155.546387,192
cross_scenario,k_medoids,3527549645,23,5.84764e7,6.2997264,CosineDist,closemixed,183352.59683300002,171
cross_scenario,k_medoids,3913193451,23,6.70903e7,6.0453394,CosineDist,closemixed,409236.67467800004,278
cross_scenario,k_medoids,714332685,23,5.6901e7,7.2653505,CosineDist,closemixed,146554.01178,89
cross_scenario,k_medoids,890890131,23,5.68566e7,6.5129691,CosineDist,closemixed,138716.27742100004,124
cross_scenario,k_medoids,1134130444,25,5.62472e7,5.7217521,CosineDist,closemixed,123713.03571999999,101
cross_scenario,k_medoids,2658990538,25,5.92927e7,5.4772219,CosineDist,closemixed,207694.23919900003,206
cross_scenario,k_medoids,2726541456,25,5.79654e7,7.1048807,CosineDist,closemixed,174783.6213989999,127
cross_scenario,k_medoids,2894918851,25,6.18927e7,6.4795684,CosineDist,closemixed,282896.61395900004,228
cross_scenario,k_medoids,3351175237,25,6.34474e7,6.8626548,CosineDist,closemixed,326241.90481100004,239
cross_scenario,k_medoids,343301208,25,5.74809e7,6.1725411,CosineDist,closemixed,163916.553066,152
cross_scenario,k_medoids,4135971217,25,6.12132e7,5.9820951,CosineDist,closemixed,269848.58191300003,196
cross_scenario,k_medoids,4145110716,25,5.97552e7,6.3439648,CosineDist,closemixed,229331.54849500002,155
cross_scenario,k_medoids,448376330,25,6.15424e7,7.0072223,CosineDist,closemixed,269558.931676,220
cross_scenario,k_medoids,47449323,25,5.622e7,7.3002131,CosineDist,closemixed,117814.313109,102
cross_scenario,k_medoids,1161276258,27,7.01802e7,6.6715294,CosineDist,closemixed,485631.48445899994,384
cross_scenario,k_medoids,1233541653,27,7.20163e7,5.7620853,CosineDist,closemixed,535186.7646179999,416
cross_scenario,k_medoids,1267936167,27,5.9733e7,5.8468607,CosineDist,closemixed,227274.05138699998,196
cross_scenario,k_medoids,1653248667,27,5.78025e7,6.1310403,CosineDist,closemixed,169337.208119,147
cross_scenario,k_medoids,2437521778,27,5.71295e7,5.9861643,CosineDist,closemixed,147434.65192899999,89
cross_scenario,k_medoids,2524306086,27,5.92958e7,5.6287257,CosineDist,closemixed,204824.61864899998,184
cross_scenario,k_medoids,2606414571,27,5.54238e7,5.8146351,CosineDist,closemixed,90708.62488300001,81
cross_scenario,k_medoids,2821296471,27,6.9919e7,5.6558469,CosineDist,closemixed,489701.31952400005,297
cross_scenario,k_medoids,3155655383,27,5.50338e7,6.2800273,CosineDist,closemixed,82365.38613700001,64
cross_scenario,k_medoids,463779685,27,5.44724e7,6.3970722,CosineDist,closemixed,59416.187827,55
cross_scenario,k_medoids,1113698075,29,5.93933e7,6.2441661,CosineDist,closemixed,209069.62090700006,142
cross_scenario,k_medoids,1125327650,29,5.53242e7,6.6637642,CosineDist,closemixed,90533.60115,66
cross_scenario,k_medoids,1398119942,29,6.05722e7,6.5678115,CosineDist,closemixed,245750.023094,188
cross_scenario,k_medoids,1669407957,29,5.59491e7,6.0789681,CosineDist,closemixed,118484.27334799999,96
cross_scenario,k_medoids,1792506398,29,5.57145e7,6.270352,CosineDist,closemixed,105492.201771,79
cross_scenario,k_medoids,2439649745,29,5.67684e7,6.6388409,CosineDist,closemixed,142048.10766700006,95
cross_scenario,k_medoids,2730667678,29,5.5481e7,5.7780366,CosineDist,closemixed,100938.52511799999,73
cross_scenario,k_medoids,2843080965,29,5.78969e7,5.6745005,CosineDist,closemixed,173817.96346700002,120
cross_scenario,k_medoids,3434031776,29,5.64904e7,6.1940523,CosineDist,closemixed,127787.02824,82
cross_scenario,k_medoids,950202798,29,5.86442e7,6.3288377,CosineDist,closemixed,188699.99281900004,173
cross_scenario,k_medoids,1042382051,3,9.04156e7,5.8077643,CosineDist,closemixed,1.028857412742e6,676
cross_scenario,k_medoids,1617230705,3,8.97824e7,5.8396314,CosineDist,closemixed,1.012597971161e6,617
cross_scenario,k_medoids,1690918982,3,2.99246e8,5.6299843,CosineDist,closemixed,6.346770865852e6,2391
cross_scenario,k_medoids,2011904635,3,9.03974e7,5.8792122,CosineDist,closemixed,1.0284056081960002e6,663
cross_scenario,k_medoids,208019063,3,8.98261e7,6.1900076,CosineDist,closemixed,1.0136937586899999e6,636
cross_scenario,k_medoids,2175589206,3,8.95076e7,6.1045975,CosineDist,closemixed,1.0055822486120001e6,601
cross_scenario,k_medoids,2331872192,3,9.04156e7,6.155668,CosineDist,closemixed,1.028857412742e6,676
cross_scenario,k_medoids,2859914000,3,9.05558e7,6.1146311,CosineDist,closemixed,1.0323833558540001e6,670
cross_scenario,k_medoids,3409952330,3,9.05558e7,5.8645481,CosineDist,closemixed,1.0323833558540001e6,670
cross_scenario,k_medoids,488813374,3,9.05558e7,6.0426755,CosineDist,closemixed,1.0323833558540001e6,670
cross_scenario,k_medoids,1349996306,31,5.73527e7,5.9764991,CosineDist,closemixed,158672.40303699998,117
cross_scenario,k_medoids,1462714024,31,5.58712e7,6.0724266,CosineDist,closemixed,109847.790105,71
cross_scenario,k_medoids,1579127763,31,5.54912e7,6.151344,CosineDist,closemixed,92864.521026,83
cross_scenario,k_medoids,1648351254,31,6.11145e7,6.5263267,CosineDist,closemixed,247002.20296099994,224
cross_scenario,k_medoids,2030289235,31,5.74973e7,6.7108025,CosineDist,closemixed,164193.582833,146
cross_scenario,k_medoids,2462588561,31,5.49917e7,6.8243775,CosineDist,closemixed,85140.93328900001,71
cross_scenario,k_medoids,2929172095,31,5.42821e7,6.5147852,CosineDist,closemixed,53810.773745,43
cross_scenario,k_medoids,2944528308,31,5.97885e7,6.409518,CosineDist,closemixed,227332.30526,153
cross_scenario,k_medoids,295145311,31,5.56121e7,6.2595318,CosineDist,closemixed,108135.44572199999,78
cross_scenario,k_medoids,3899371692,31,6.24122e7,6.0496263,CosineDist,closemixed,291114.51131,227
cross_scenario,k_medoids,1038419084,33,5.56243e7,6.0210687,CosineDist,closemixed,100555.287965,65
cross_scenario,k_medoids,1109759726,33,5.65641e7,6.2716214,CosineDist,closemixed,128472.67317899999,79
cross_scenario,k_medoids,1963882461,33,5.56042e7,6.354774,CosineDist,closemixed,109475.350033,74
cross_scenario,k_medoids,1989163906,33,5.61998e7,6.4326493,CosineDist,closemixed,127627.35544100002,86
cross_scenario,k_medoids,2479233904,33,5.55121e7,6.1907846,CosineDist,closemixed,92542.98865300001,98
cross_scenario,k_medoids,2497612078,33,5.49484e7,6.3483493,CosineDist,closemixed,78881.17434099999,83
cross_scenario,k_medoids,3214090957,33,5.49814e7,6.1256245,CosineDist,closemixed,81055.59640200002,63
cross_scenario,k_medoids,3465092140,33,5.56154e7,5.8857993,CosineDist,closemixed,101214.444804,66
cross_scenario,k_medoids,4061834237,33,5.40754e7,5.965165,CosineDist,closemixed,48779.574492,38
cross_scenario,k_medoids,52313467,33,5.7917e7,6.1024659,CosineDist,closemixed,177720.99369500004,123
cross_scenario,k_medoids,1208640119,35,5.62784e7,6.1879603,CosineDist,closemixed,128619.991446,81
cross_scenario,k_medoids,1428058240,35,5.90876e7,6.0807749,CosineDist,closemixed,199265.059248,170
cross_scenario,k_medoids,15941194,35,5.70021e7,5.6775768,CosineDist,closemixed,148539.83748500003,109
cross_scenario,k_medoids,2213813141,35,5.50202e7,5.9731013,CosineDist,closemixed,80562.52344300001,62
cross_scenario,k_medoids,2291375163,35,5.48748e7,5.8493157,CosineDist,closemixed,78721.682586,55
cross_scenario,k_medoids,236500538,35,5.55029e7,6.2512216,CosineDist,closemixed,97551.996243,64
cross_scenario,k_medoids,252145784,35,5.80619e7,6.5694613,CosineDist,closemixed,180197.58269899993,158
cross_scenario,k_medoids,2544196106,35,5.5038e7,6.1144421,CosineDist,closemixed,83619.819794,85
cross_scenario,k_medoids,2745802022,35,5.56406e7,6.1596106,CosineDist,closemixed,108131.639538,89
cross_scenario,k_medoids,3596893902,35,5.6525e7,6.2925658,CosineDist,closemixed,134552.662264,111
cross_scenario,k_medoids,1380354363,37,5.5107e7,6.2083976,CosineDist,closemixed,93021.41966399997,76
cross_scenario,k_medoids,3048518942,37,6.66961e7,6.2453903,CosineDist,closemixed,398016.992206,317
cross_scenario,k_medoids,3182806193,37,5.49876e7,6.2164065,CosineDist,closemixed,87605.13734399999,90
cross_scenario,k_medoids,3244629827,37,5.69038e7,6.3373805,CosineDist,closemixed,147295.75080099996,110
cross_scenario,k_medoids,3452769998,37,5.72942e7,5.9259753,CosineDist,closemixed,153784.250624,117
cross_scenario,k_medoids,4262333788,37,5.63672e7,6.2260129,CosineDist,closemixed,131699.565543,80
cross_scenario,k_medoids,45994245,37,5.64712e7,6.2345234,CosineDist,closemixed,126586.71256399999,75
cross_scenario,k_medoids,67569244,37,5.70204e7,5.4258338,CosineDist,closemixed,145522.695337,117
cross_scenario,k_medoids,814300562,37,5.53661e7,6.1464365,CosineDist,closemixed,100094.816767,92
cross_scenario,k_medoids,870981686,37,5.75181e7,6.3972451,CosineDist,closemixed,164413.69611299995,139
cross_scenario,k_medoids,1129760376,39,5.48174e7,6.7302327,CosineDist,closemixed,80202.29096500002,60
cross_scenario,k_medoids,148104383,39,5.67316e7,7.0781392,CosineDist,closemixed,142388.667585,84
cross_scenario,k_medoids,1655289285,39,5.5947e7,7.0840883,CosineDist,closemixed,120100.48924200001,84
cross_scenario,k_medoids,1845695973,39,5.50969e7,6.4995061,CosineDist,closemixed,91145.752017,73
cross_scenario,k_medoids,2121257682,39,5.77706e7,6.3944682,CosineDist,closemixed,160229.15734200002,152
cross_scenario,k_medoids,2943233938,39,5.47803e7,5.9613956,CosineDist,closemixed,73686.33090199997,59
cross_scenario,k_medoids,3030918353,39,5.6298e7,5.939059,CosineDist,closemixed,123333.18217900002,72
cross_scenario,k_medoids,3096268031,39,5.57543e7,6.5086963,CosineDist,closemixed,112098.49162100001,79
cross_scenario,k_medoids,3338611973,39,5.50995e7,6.4269088,CosineDist,closemixed,91348.35251499999,74
cross_scenario,k_medoids,662283236,39,5.72029e7,6.3492919,CosineDist,closemixed,150713.35848799997,134
cross_scenario,k_medoids,1005104349,41,5.53892e7,6.9724387,CosineDist,closemixed,94604.40669599998,57
cross_scenario,k_medoids,1534696584,41,5.49931e7,6.722967,CosineDist,closemixed,80574.110763,52
cross_scenario,k_medoids,225016911,41,5.60212e7,6.3536871,CosineDist,closemixed,119046.11446500002,104
cross_scenario,k_medoids,2317592996,41,5.4637e7,5.8570558,CosineDist,closemixed,70746.710109,48
cross_scenario,k_medoids,2716090479,41,5.5556e7,6.2212115,CosineDist,closemixed,101358.33899399999,65
cross_scenario,k_medoids,3258958499,41,5.44445e7,6.2028504,CosineDist,closemixed,67774.005577,51
cross_scenario,k_medoids,329433595,41,5.46818e7,6.200086,CosineDist,closemixed,69937.758415,46
cross_scenario,k_medoids,3444774395,41,6.1744e7,5.5738861,CosineDist,closemixed,282762.71196399996,214
cross_scenario,k_medoids,438234340,41,5.4576e7,6.2138941,CosineDist,closemixed,68071.064735,48
cross_scenario,k_medoids,953901905,41,5.41831e7,6.1617172,CosineDist,closemixed,60678.462069,50
cross_scenario,k_medoids,1660595499,5,8.95925e7,5.9788115,CosineDist,closemixed,1.0076910437180001e6,679
cross_scenario,k_medoids,1714105051,5,9.10195e7,5.9266954,CosineDist,closemixed,1.044140879442e6,645
cross_scenario,k_medoids,2169593505,5,6.28731e7,6.5146332,CosineDist,closemixed,299182.575853,216
cross_scenario,k_medoids,2538991366,5,7.867e7,6.0665576,CosineDist,closemixed,727050.772542,520
cross_scenario,k_medoids,2909674750,5,9.24591e7,5.732619,CosineDist,closemixed,1.081049241244e6,695
cross_scenario,k_medoids,3018546641,5,7.34255e7,5.6581662,CosineDist,closemixed,591822.4639440001,476
cross_scenario,k_medoids,3634057553,5,8.56e7,5.7516843,CosineDist,closemixed,901159.0507959999,581
cross_scenario,k_medoids,4139823947,5,8.98239e7,6.4383454,CosineDist,closemixed,1.013590406779e6,598
cross_scenario,k_medoids,4197766176,5,9.06623e7,5.6401749,CosineDist,closemixed,1.0349197833080002e6,590
cross_scenario,k_medoids,5947179,5,8.94399e7,5.6976975,CosineDist,closemixed,1.003702156616e6,589
cross_scenario,k_medoids,1006581332,7,8.21481e7,5.8766202,CosineDist,closemixed,817477.7835319999,575
cross_scenario,k_medoids,1176932870,7,7.59006e7,5.8728472,CosineDist,closemixed,655454.1322480001,471
cross_scenario,k_medoids,1821427372,7,8.81826e7,5.9001054,CosineDist,closemixed,962792.828078,641
cross_scenario,k_medoids,2689963385,7,8.96864e7,6.1562844,CosineDist,closemixed,1.0055801302179999e6,659
cross_scenario,k_medoids,2751971336,7,7.34603e7,5.9074815,CosineDist,closemixed,588459.0517170002,375
cross_scenario,k_medoids,3385142830,7,6.81687e7,6.1775884,CosineDist,closemixed,450982.11796099995,311
cross_scenario,k_medoids,3409620994,7,7.52203e7,6.0005786,CosineDist,closemixed,632912.9922900002,409
cross_scenario,k_medoids,447101461,7,8.94156e7,5.9464305,CosineDist,closemixed,1.003016507539e6,600
cross_scenario,k_medoids,468006976,7,8.49769e7,5.5493066,CosineDist,closemixed,889882.282754,589
cross_scenario,k_medoids,880982686,7,7.75589e7,5.4129848,CosineDist,closemixed,699161.3731620001,511
cross_scenario,k_medoids,1130292821,9,7.66112e7,5.8301355,CosineDist,closemixed,674657.742885,499
cross_scenario,k_medoids,1392296365,9,7.85967e7,6.046302,CosineDist,closemixed,726361.235288,537
cross_scenario,k_medoids,2814468992,9,7.03136e7,6.2651111,CosineDist,closemixed,503342.00119499996,348
cross_scenario,k_medoids,3044209910,9,5.7572e7,6.0470301,CosineDist,closemixed,157523.18617100004,128
cross_scenario,k_medoids,3261319673,9,7.65738e7,5.8580004,CosineDist,closemixed,674053.7936670001,517
cross_scenario,k_medoids,3543870990,9,8.04434e7,5.9629494,CosineDist,closemixed,773944.651962,567
cross_scenario,k_medoids,3602499071,9,8.58891e7,6.9145325,CosineDist,closemixed,908602.935588,566
cross_scenario,k_medoids,3926221275,9,8.12523e7,6.7821756,CosineDist,closemixed,787654.165775,492
cross_scenario,k_medoids,42413356,9,7.72159e7,6.0392517,CosineDist,closemixed,688300.224276,515
cross_scenario,k_medoids,697383862,9,9.5994e7,5.6478233,CosineDist,closemixed,1.171289134565e6,825
cross_scenario,k_medoids,1355586937,11,7.45949e7,6.0983783,SqEuclidean,closemixed,617184.906145,414
cross_scenario,k_medoids,1768760743,11,7.36036e7,5.2125767,SqEuclidean,closemixed,588530.663772,469
cross_scenario,k_medoids,2652796558,11,8.43955e7,6.0030283,SqEuclidean,closemixed,869033.4124950002,617
cross_scenario,k_medoids,3000698040,11,9.01531e7,5.5983299,SqEuclidean,closemixed,1.0217485545109999e6,677
cross_scenario,k_medoids,3160233726,11,7.71065e7,5.788555,SqEuclidean,closemixed,685849.770629,468
cross_scenario,k_medoids,3479820580,11,8.17127e7,5.9644959,SqEuclidean,closemixed,804162.959064,491
cross_scenario,k_medoids,3649546841,11,9.16011e7,5.6803144,SqEuclidean,closemixed,1.0582171856749998e6,652
cross_scenario,k_medoids,4031091536,11,9.07114e7,5.8295521,SqEuclidean,closemixed,1.0354678602640001e6,693
cross_scenario,k_medoids,675182737,11,7.01563e7,6.2588597,SqEuclidean,closemixed,504919.3267520001,366
cross_scenario,k_medoids,722170199,11,7.31948e7,5.8313749,SqEuclidean,closemixed,586627.0288490002,446
cross_scenario,k_medoids,1020330993,13,6.24704e7,6.078352,SqEuclidean,closemixed,295898.44097200007,271
cross_scenario,k_medoids,1241334511,13,6.82711e7,6.1722675,SqEuclidean,closemixed,451395.93641,347
cross_scenario,k_medoids,1561739573,13,8.13457e7,5.9399236,SqEuclidean,closemixed,794866.9725909999,493
cross_scenario,k_medoids,2082789969,13,7.24189e7,5.8270282,SqEuclidean,closemixed,562315.8184849999,363
cross_scenario,k_medoids,2422820678,13,9.03285e7,5.7685808,SqEuclidean,closemixed,1.0263317717200002e6,687
cross_scenario,k_medoids,373102896,13,6.44844e7,6.6134148,SqEuclidean,closemixed,350746.41094200005,293
cross_scenario,k_medoids,3777256655,13,8.32038e7,5.7054447,SqEuclidean,closemixed,839386.9028289999,539
cross_scenario,k_medoids,4101453586,13,8.64359e7,5.7684507,SqEuclidean,closemixed,917458.1590500001,586
cross_scenario,k_medoids,419645993,13,6.87127e7,5.9271412,SqEuclidean,closemixed,462101.07425099995,358
cross_scenario,k_medoids,772616242,13,7.42493e7,5.7195714,SqEuclidean,closemixed,611530.561477,414
cross_scenario,k_medoids,1536731824,15,6.81194e7,6.2591873,SqEuclidean,closemixed,436343.40524,357
cross_scenario,k_medoids,1944031661,15,7.31742e7,5.7390793,SqEuclidean,closemixed,576613.2695409999,405
cross_scenario,k_medoids,195370354,15,7.64673e7,5.7858906,SqEuclidean,closemixed,666477.786835,499
cross_scenario,k_medoids,2392820273,15,7.53051e7,5.959666,SqEuclidean,closemixed,640258.1107440001,465
cross_scenario,k_medoids,2931326369,15,7.89036e7,5.4841593,SqEuclidean,closemixed,727821.2240259998,536
cross_scenario,k_medoids,3012361418,15,7.05138e7,6.6021799,SqEuclidean,closemixed,514598.18712,386
cross_scenario,k_medoids,3763622817,15,6.90369e7,5.9098623,SqEuclidean,closemixed,465218.99463399994,363
cross_scenario,k_medoids,3796973136,15,8.44941e7,6.3168504,SqEuclidean,closemixed,873220.3615679998,504
cross_scenario,k_medoids,3815196410,15,7.53193e7,6.1760435,SqEuclidean,closemixed,640314.765562,488
cross_scenario,k_medoids,604489562,15,7.94331e7,6.1285267,SqEuclidean,closemixed,741395.0307529997,557
cross_scenario,k_medoids,1587347134,17,7.02067e7,6.73656,SqEuclidean,closemixed,506531.0534729999,381
cross_scenario,k_medoids,186564236,17,6.93532e7,6.1476507,SqEuclidean,closemixed,469841.344763,342
cross_scenario,k_medoids,2166881926,17,6.51104e7,6.1328444,SqEuclidean,closemixed,371677.9952299999,269
cross_scenario,k_medoids,2186186592,17,7.75709e7,5.800287,SqEuclidean,closemixed,697936.8992900001,503
cross_scenario,k_medoids,2238747886,17,5.71811e7,6.3628149,SqEuclidean,closemixed,148754.266191,101
cross_scenario,k_medoids,224585247,17,7.35305e7,6.4204408,SqEuclidean,closemixed,588536.709051,422
cross_scenario,k_medoids,2339120676,17,8.07976e7,6.0974135,SqEuclidean,closemixed,775016.91172,549
cross_scenario,k_medoids,3093014142,17,7.54736e7,5.9642263,SqEuclidean,closemixed,630523.709436,513
cross_scenario,k_medoids,3258302586,17,5.77939e7,6.6441875,SqEuclidean,closemixed,169393.782283,145
cross_scenario,k_medoids,3629043986,17,6.42444e7,7.0470265,SqEuclidean,closemixed,338603.608576,215
cross_scenario,k_medoids,1088367163,19,6.45424e7,6.0509122,SqEuclidean,closemixed,343579.1105930001,340
cross_scenario,k_medoids,1245540782,19,7.54016e7,5.4138574,SqEuclidean,closemixed,643763.389913,414
cross_scenario,k_medoids,2410109332,19,7.57244e7,6.0702889,SqEuclidean,closemixed,644414.9106230001,431
cross_scenario,k_medoids,2455416769,19,8.93198e7,5.8284929,SqEuclidean,closemixed,997316.32378,613
cross_scenario,k_medoids,2591120440,19,7.04267e7,5.9025237,SqEuclidean,closemixed,509528.38771900005,448
cross_scenario,k_medoids,2650271871,19,6.67038e7,6.8829817,SqEuclidean,closemixed,411940.57865300006,307
cross_scenario,k_medoids,2789252227,19,6.77918e7,6.1348897,SqEuclidean,closemixed,440327.601459,372
cross_scenario,k_medoids,3130995382,19,6.55856e7,6.0866707,SqEuclidean,closemixed,384576.0354770001,270
cross_scenario,k_medoids,3357853995,19,5.83453e7,6.0065352,SqEuclidean,closemixed,173866.278638,151
cross_scenario,k_medoids,824849990,19,6.21997e7,6.6963755,SqEuclidean,closemixed,295485.20146400004,197
cross_scenario,k_medoids,1244389436,21,6.13841e7,5.7664475,SqEuclidean,closemixed,262749.31871399994,227
cross_scenario,k_medoids,1393653782,21,6.98657e7,6.4944073,SqEuclidean,closemixed,483996.29506900004,369
cross_scenario,k_medoids,1761682951,21,6.97084e7,6.2837265,SqEuclidean,closemixed,493594.7933970001,379
cross_scenario,k_medoids,196162340,21,5.99895e7,6.3969168,SqEuclidean,closemixed,236007.12728699998,189
cross_scenario,k_medoids,1984034111,21,7.87988e7,5.899335,SqEuclidean,closemixed,724567.494453,540
cross_scenario,k_medoids,2569047889,21,7.07468e7,5.956249,SqEuclidean,closemixed,510234.1271729998,337
cross_scenario,k_medoids,3286463093,21,7.91031e7,6.1029397,SqEuclidean,closemixed,732397.9754899999,478
cross_scenario,k_medoids,4196464565,21,6.23086e7,6.4503616,SqEuclidean,closemixed,291181.135433,213
cross_scenario,k_medoids,744301781,21,7.18448e7,5.7743923,SqEuclidean,closemixed,533904.60002,393
cross_scenario,k_medoids,760014603,21,6.9542e7,5.8743703,SqEuclidean,closemixed,480858.45729699987,392
cross_scenario,k_medoids,2193967569,23,6.92039e7,5.6393442,SqEuclidean,closemixed,464322.30534,396
cross_scenario,k_medoids,2546464051,23,6.10566e7,6.6637829,SqEuclidean,closemixed,252836.47254500006,174
cross_scenario,k_medoids,2938742229,23,6.22383e7,6.5823524,SqEuclidean,closemixed,294795.0720650001,225
cross_scenario,k_medoids,313447314,23,7.09531e7,5.8432091,SqEuclidean,closemixed,519511.07089399995,384
cross_scenario,k_medoids,3164855826,23,6.26309e7,5.488794,SqEuclidean,closemixed,307776.205821,248
cross_scenario,k_medoids,3173192974,23,8.48067e7,5.7778877,SqEuclidean,closemixed,878354.686479,626
cross_scenario,k_medoids,3527549645,23,6.40718e7,6.2431426,SqEuclidean,closemixed,332241.61853000004,326
cross_scenario,k_medoids,3913193451,23,7.04287e7,5.7278136,SqEuclidean,closemixed,506675.26629,326
cross_scenario,k_medoids,714332685,23,7.13089e7,5.5881197,SqEuclidean,closemixed,520751.240488,407
cross_scenario,k_medoids,890890131,23,6.1933e7,6.5967972,SqEuclidean,closemixed,280734.796845,185
cross_scenario,k_medoids,1134130444,25,5.76866e7,5.6820515,SqEuclidean,closemixed,170272.51503200002,127
cross_scenario,k_medoids,2658990538,25,6.96455e7,6.3551447,SqEuclidean,closemixed,482030.48978299997,300
cross_scenario,k_medoids,2726541456,25,7.20877e7,5.8975169,SqEuclidean,closemixed,550988.207216,334
cross_scenario,k_medoids,2894918851,25,5.76598e7,6.0925978,SqEuclidean,closemixed,156332.709524,128
cross_scenario,k_medoids,3351175237,25,6.61826e7,6.0031882,SqEuclidean,closemixed,392040.3775509999,365
cross_scenario,k_medoids,343301208,25,5.9957e7,5.8043591,SqEuclidean,closemixed,234530.17876499996,177
cross_scenario,k_medoids,4135971217,25,6.35669e7,6.1018359,SqEuclidean,closemixed,331731.975921,288
cross_scenario,k_medoids,4145110716,25,6.1041e7,6.0809268,SqEuclidean,closemixed,259856.909993,237
cross_scenario,k_medoids,448376330,25,7.92114e7,5.9858316,SqEuclidean,closemixed,732930.68518,482
cross_scenario,k_medoids,47449323,25,5.70179e7,6.0687493,SqEuclidean,closemixed,149798.401027,119
cross_scenario,k_medoids,1161276258,27,7.0526e7,5.7544936,SqEuclidean,closemixed,512150.7334009999,342
cross_scenario,k_medoids,1233541653,27,6.63035e7,6.0893169,SqEuclidean,closemixed,389155.827493,370
cross_scenario,k_medoids,1267936167,27,5.81934e7,5.6331495,SqEuclidean,closemixed,178964.09848099996,170
cross_scenario,k_medoids,1653248667,27,5.74703e7,6.444117,SqEuclidean,closemixed,155806.80878599998,93
cross_scenario,k_medoids,2437521778,27,5.98488e7,6.1796081,SqEuclidean,closemixed,214236.68731599997,187
cross_scenario,k_medoids,2524306086,27,5.64597e7,6.2257624,SqEuclidean,closemixed,128922.10209200002,105
cross_scenario,k_medoids,2606414571,27,7.10867e7,5.534293,SqEuclidean,closemixed,522911.069182,417
cross_scenario,k_medoids,2821296471,27,6.13931e7,5.9994718,SqEuclidean,closemixed,257837.87587499997,202
cross_scenario,k_medoids,3155655383,27,5.6258e7,6.1276814,SqEuclidean,closemixed,120719.34297900001,87
cross_scenario,k_medoids,463779685,27,5.90699e7,5.9682784,SqEuclidean,closemixed,202780.288659,168
cross_scenario,k_medoids,1113698075,29,5.69363e7,6.1552475,SqEuclidean,closemixed,134935.651723,101
cross_scenario,k_medoids,1125327650,29,5.47556e7,5.7789535,SqEuclidean,closemixed,72303.43869900002,60
cross_scenario,k_medoids,1398119942,29,7.00452e7,5.6259466,SqEuclidean,closemixed,497853.23172599997,310
cross_scenario,k_medoids,1669407957,29,5.95393e7,5.5795247,SqEuclidean,closemixed,209597.37414700002,178
cross_scenario,k_medoids,1792506398,29,5.79907e7,6.1820059,SqEuclidean,closemixed,178162.07804400002,114
cross_scenario,k_medoids,2439649745,29,6.46502e7,6.1796447,SqEuclidean,closemixed,342121.116623,225
cross_scenario,k_medoids,2730667678,29,6.27108e7,5.7537652,SqEuclidean,closemixed,296268.381148,288
cross_scenario,k_medoids,2843080965,29,5.99928e7,5.9841673,SqEuclidean,closemixed,236793.151382,152
cross_scenario,k_medoids,3434031776,29,6.02477e7,5.6498202,SqEuclidean,closemixed,229522.5457459999,225
cross_scenario,k_medoids,950202798,29,6.15554e7,6.0774739,SqEuclidean,closemixed,269325.873583,221
cross_scenario,k_medoids,1042382051,3,2.28403e9,5.5630482,SqEuclidean,closemixed,5.7178146772531e7,9424
cross_scenario,k_medoids,1617230705,3,8.97824e7,6.5302568,SqEuclidean,closemixed,1.012597971161e6,617
cross_scenario,k_medoids,1690918982,3,8.97824e7,5.9668367,SqEuclidean,closemixed,1.012597971161e6,617
cross_scenario,k_medoids,2011904635,3,9.03974e7,5.7441577,SqEuclidean,closemixed,1.0284056081960002e6,663
cross_scenario,k_medoids,208019063,3,8.98261e7,5.9344942,SqEuclidean,closemixed,1.0136937586899999e6,636
cross_scenario,k_medoids,2175589206,3,9.04156e7,6.1803116,SqEuclidean,closemixed,1.028857412742e6,676
cross_scenario,k_medoids,2331872192,3,2.28406e9,5.1711467,SqEuclidean,closemixed,5.7179055353581995e7,9451
cross_scenario,k_medoids,2859914000,3,9.05558e7,6.0025973,SqEuclidean,closemixed,1.0323833558540001e6,670
cross_scenario,k_medoids,3409952330,3,9.05558e7,5.9616312,SqEuclidean,closemixed,1.0323833558540001e6,670
cross_scenario,k_medoids,488813374,3,2.28403e9,5.1325397,SqEuclidean,closemixed,5.7178146772531e7,9424
cross_scenario,k_medoids,1349996306,31,5.77235e7,6.0433604,SqEuclidean,closemixed,172412.50053799996,122
cross_scenario,k_medoids,1462714024,31,5.64835e7,6.3931352,SqEuclidean,closemixed,124536.740403,80
cross_scenario,k_medoids,1579127763,31,6.13136e7,6.5953739,SqEuclidean,closemixed,261027.14071200002,176
cross_scenario,k_medoids,1648351254,31,6.0309e7,5.8570559,SqEuclidean,closemixed,236486.23646600003,190
cross_scenario,k_medoids,2030289235,31,5.78616e7,6.2005494,SqEuclidean,closemixed,173510.954655,153
cross_scenario,k_medoids,2462588561,31,5.46948e7,5.9364892,SqEuclidean,closemixed,71132.776821,58
cross_scenario,k_medoids,2929172095,31,5.91809e7,6.6251302,SqEuclidean,closemixed,210720.409042,165
cross_scenario,k_medoids,2944528308,31,5.6983e7,6.5245836,SqEuclidean,closemixed,148403.02220200005,112
cross_scenario,k_medoids,295145311,31,7.00074e7,5.6348774,SqEuclidean,closemixed,499324.698267,411
cross_scenario,k_medoids,3899371692,31,7.07404e7,6.0769884,SqEuclidean,closemixed,518156.88204799994,377
cross_scenario,k_medoids,1038419084,33,5.88506e7,5.9920103,SqEuclidean,closemixed,199097.91722099998,162
cross_scenario,k_medoids,1109759726,33,5.57633e7,6.2783049,SqEuclidean,closemixed,103798.75562000004,64
cross_scenario,k_medoids,1963882461,33,5.9061e7,6.5184873,SqEuclidean,closemixed,199000.46903300003,171
cross_scenario,k_medoids,1989163906,33,5.74947e7,6.0951863,SqEuclidean,closemixed,168189.00778400002,130
cross_scenario,k_medoids,2479233904,33,5.6634e7,6.4087853,SqEuclidean,closemixed,131082.105566,82
cross_scenario,k_medoids,2497612078,33,5.49673e7,6.1112036,SqEuclidean,closemixed,83692.61842,66
cross_scenario,k_medoids,3214090957,33,5.52607e7,5.9851834,SqEuclidean,closemixed,85284.11579699999,77
cross_scenario,k_medoids,3465092140,33,5.81791e7,6.3741979,SqEuclidean,closemixed,182892.57300700003,136
cross_scenario,k_medoids,4061834237,33,6.3866e7,5.5044922,SqEuclidean,closemixed,322172.04222800006,237
cross_scenario,k_medoids,52313467,33,5.81608e7,5.963227,SqEuclidean,closemixed,174481.52095499999,115
cross_scenario,k_medoids,1208640119,35,5.85338e7,6.1001717,SqEuclidean,closemixed,192920.56163300003,153
cross_scenario,k_medoids,1428058240,35,5.9087e7,5.8757713,SqEuclidean,closemixed,198079.276055,170
cross_scenario,k_medoids,15941194,35,5.90105e7,6.3587587,SqEuclidean,closemixed,200500.92721199998,132
cross_scenario,k_medoids,2213813141,35,6.16152e7,5.8350571,SqEuclidean,closemixed,262081.951389,233
cross_scenario,k_medoids,2291375163,35,5.54697e7,5.9430607,SqEuclidean,closemixed,96709.15045100001,69
cross_scenario,k_medoids,236500538,35,5.50054e7,5.6867937,SqEuclidean,closemixed,80069.857361,54
cross_scenario,k_medoids,252145784,35,5.79864e7,6.1785247,SqEuclidean,closemixed,170903.30653799998,99
cross_scenario,k_medoids,2544196106,35,5.62716e7,6.2550236,SqEuclidean,closemixed,108752.23701199998,117
cross_scenario,k_medoids,2745802022,35,5.98817e7,6.1024713,SqEuclidean,closemixed,228717.16384599998,186
cross_scenario,k_medoids,3596893902,35,5.56316e7,6.2690045,SqEuclidean,closemixed,100899.105003,70
cross_scenario,k_medoids,1380354363,37,5.95313e7,6.0896353,SqEuclidean,closemixed,221057.67500699998,174
cross_scenario,k_medoids,3048518942,37,6.6614e7,6.0768837,SqEuclidean,closemixed,406044.61507800006,299
cross_scenario,k_medoids,3182806193,37,5.74931e7,5.9364806,SqEuclidean,closemixed,154588.40792499998,147
cross_scenario,k_medoids,3244629827,37,5.57198e7,6.2332223,SqEuclidean,closemixed,107317.74802200001,80
cross_scenario,k_medoids,3452769998,37,5.70844e7,5.8058998,SqEuclidean,closemixed,151221.33161399994,107
cross_scenario,k_medoids,4262333788,37,5.90743e7,5.83546,SqEuclidean,closemixed,199488.63707800003,183
cross_scenario,k_medoids,45994245,37,5.55783e7,6.0906908,SqEuclidean,closemixed,101977.288311,68
cross_scenario,k_medoids,67569244,37,5.78663e7,5.4870305,SqEuclidean,closemixed,167710.228526,184
cross_scenario,k_medoids,814300562,37,5.77576e7,6.0501823,SqEuclidean,closemixed,166743.86583099997,138
cross_scenario,k_medoids,870981686,37,5.80467e7,6.0305454,SqEuclidean,closemixed,176238.515749,138
cross_scenario,k_medoids,1129760376,39,5.68065e7,6.323192,SqEuclidean,closemixed,143832.73278100003,94
cross_scenario,k_medoids,148104383,39,5.75454e7,5.5606712,SqEuclidean,closemixed,160019.028526,171
cross_scenario,k_medoids,1655289285,39,5.48691e7,6.1990571,SqEuclidean,closemixed,85103.54069200001,83
cross_scenario,k_medoids,1845695973,39,5.66129e7,6.56049,SqEuclidean,closemixed,130407.226799,85
cross_scenario,k_medoids,2121257682,39,5.93631e7,5.7986044,SqEuclidean,closemixed,200664.663764,132
cross_scenario,k_medoids,2943233938,39,5.94123e7,6.0085709,SqEuclidean,closemixed,201297.811769,164
cross_scenario,k_medoids,3030918353,39,5.61848e7,6.0323701,SqEuclidean,closemixed,115163.21869399998,93
cross_scenario,k_medoids,3096268031,39,6.11568e7,6.2874639,SqEuclidean,closemixed,269489.542254,199
cross_scenario,k_medoids,3338611973,39,7.06208e7,5.7998294,SqEuclidean,closemixed,491968.90324599994,396
cross_scenario,k_medoids,662283236,39,7.28645e7,5.6092839,SqEuclidean,closemixed,559532.4884970002,379
cross_scenario,k_medoids,1005104349,41,5.52126e7,5.8469308,SqEuclidean,closemixed,85252.44257100002,70
cross_scenario,k_medoids,1534696584,41,5.66854e7,6.1175878,SqEuclidean,closemixed,142162.44431500003,120
cross_scenario,k_medoids,225016911,41,5.52037e7,6.1181561,SqEuclidean,closemixed,84770.577659,70
cross_scenario,k_medoids,2317592996,41,5.50687e7,5.5577707,SqEuclidean,closemixed,84127.62875599999,87
cross_scenario,k_medoids,2716090479,41,5.63872e7,5.9921668,SqEuclidean,closemixed,131781.96757500002,99
cross_scenario,k_medoids,3258958499,41,5.67756e7,5.706166,SqEuclidean,closemixed,137519.20958199995,137
cross_scenario,k_medoids,329433595,41,5.73618e7,6.0528725,SqEuclidean,closemixed,150287.80196799999,120
cross_scenario,k_medoids,3444774395,41,6.15979e7,6.1446391,SqEuclidean,closemixed,272960.442841,259
cross_scenario,k_medoids,438234340,41,5.58376e7,6.2487004,SqEuclidean,closemixed,109982.90382000004,96
cross_scenario,k_medoids,953901905,41,5.54601e7,5.9948852,SqEuclidean,closemixed,94119.414629,84
cross_scenario,k_medoids,1660595499,5,9.14379e7,6.2621391,SqEuclidean,closemixed,1.054739384914e6,693
cross_scenario,k_medoids,1714105051,5,9.17741e7,6.2468528,SqEuclidean,closemixed,1.0634007013919996e6,681
cross_scenario,k_medoids,2169593505,5,6.27143e7,6.6617513,SqEuclidean,closemixed,294995.7919939999,218
cross_scenario,k_medoids,2538991366,5,7.86963e7,6.0710028,SqEuclidean,closemixed,727724.886051,516
cross_scenario,k_medoids,2909674750,5,9.27175e7,5.9070791,SqEuclidean,closemixed,1.0849677831409997e6,609
cross_scenario,k_medoids,3018546641,5,8.67878e7,5.7497302,SqEuclidean,closemixed,935715.0562,626
cross_scenario,k_medoids,3634057553,5,9.14324e7,6.0895582,SqEuclidean,closemixed,1.0546722429e6,700
cross_scenario,k_medoids,4139823947,5,9.20689e7,6.1718613,SqEuclidean,closemixed,1.0710218448049997e6,615
cross_scenario,k_medoids,4197766176,5,9.16088e7,5.9970983,SqEuclidean,closemixed,1.059138464946e6,686
cross_scenario,k_medoids,5947179,5,8.58777e7,6.2945402,SqEuclidean,closemixed,907070.4254650001,584
cross_scenario,k_medoids,1006581332,7,8.97627e7,5.4727119,SqEuclidean,closemixed,1.0118687118319997e6,689
cross_scenario,k_medoids,1176932870,7,7.89053e7,5.6780123,SqEuclidean,closemixed,730705.40263,468
cross_scenario,k_medoids,1821427372,7,8.31257e7,5.9621953,SqEuclidean,closemixed,836762.122178,535
cross_scenario,k_medoids,2689963385,7,8.84416e7,5.8843587,SqEuclidean,closemixed,974673.447861,604
cross_scenario,k_medoids,2751971336,7,8.20647e7,5.7980261,SqEuclidean,closemixed,815469.171413,579
cross_scenario,k_medoids,3385142830,7,8.12371e7,5.7376246,SqEuclidean,closemixed,793721.5948830002,600
cross_scenario,k_medoids,3409620994,7,8.88924e7,6.3922501,SqEuclidean,closemixed,985384.1151070001,648
cross_scenario,k_medoids,447101461,7,9.09107e7,5.9548932,SqEuclidean,closemixed,1.0411633851030001e6,665
cross_scenario,k_medoids,468006976,7,6.92099e7,6.7548377,SqEuclidean,closemixed,475311.73087699985,332
cross_scenario,k_medoids,880982686,7,8.91653e7,5.9827214,SqEuclidean,closemixed,996670.2710510002,670
cross_scenario,k_medoids,1130292821,9,7.1911e7,6.2174445,SqEuclidean,closemixed,549953.752211,481
cross_scenario,k_medoids,1392296365,9,8.77924e7,6.1920907,SqEuclidean,closemixed,957146.8244510001,649
cross_scenario,k_medoids,2814468992,9,8.67184e7,6.0857469,SqEuclidean,closemixed,924417.796811,642
cross_scenario,k_medoids,3044209910,9,7.35897e7,5.9113498,SqEuclidean,closemixed,594303.62263,454
cross_scenario,k_medoids,3261319673,9,8.04924e7,6.0021245,SqEuclidean,closemixed,772605.097615,504
cross_scenario,k_medoids,3543870990,9,8.04997e7,6.0831584,SqEuclidean,closemixed,775417.0517899998,557
cross_scenario,k_medoids,3602499071,9,8.40872e7,6.4385467,SqEuclidean,closemixed,865231.819875,540
cross_scenario,k_medoids,3926221275,9,9.12069e7,5.9787413,SqEuclidean,closemixed,1.0485531901650002e6,671
cross_scenario,k_medoids,42413356,9,6.70992e7,6.1288767,SqEuclidean,closemixed,425353.17811000004,322
cross_scenario,k_medoids,697383862,9,9.32256e7,5.693606,SqEuclidean,closemixed,1.1006342083299998e6,737
cross_scenario,k_means,1355586937,11,8.07461e7,6.1314478,CosineDist,closemixed,775991.297485,505
cross_scenario,k_means,1768760743,11,8.8437e7,6.4461887,CosineDist,closemixed,979699.9214420001,665
cross_scenario,k_means,2652796558,11,8.35184e7,6.0983986,CosineDist,closemixed,849149.670351,605
cross_scenario,k_means,3000698040,11,8.63434e7,6.1378778,CosineDist,closemixed,921415.9102589999,652
cross_scenario,k_means,3160233726,11,7.38762e7,6.3478623,CosineDist,closemixed,599160.013768,434
cross_scenario,k_means,3479820580,11,7.738e7,5.5931094,CosineDist,closemixed,687471.8254190001,431
cross_scenario,k_means,3649546841,11,8.86649e7,5.9004308,CosineDist,closemixed,974631.967745,672
cross_scenario,k_means,4031091536,11,9.25791e7,5.989585,CosineDist,closemixed,1.086508502292e6,647
cross_scenario,k_means,675182737,11,7.37573e7,6.5554705,CosineDist,closemixed,596151.303285,402
cross_scenario,k_means,722170199,11,7.2797e7,6.3369388,CosineDist,closemixed,565119.7488580002,414
cross_scenario,k_means,1020330993,13,7.01504e7,6.4547072,CosineDist,closemixed,504021.00281300006,347
cross_scenario,k_means,1241334511,13,7.02316e7,5.8917703,CosineDist,closemixed,506064.75144600007,365
cross_scenario,k_means,1561739573,13,7.12879e7,6.1085218,CosineDist,closemixed,537254.0425110002,397
cross_scenario,k_means,2082789969,13,6.05497e7,6.2740245,CosineDist,closemixed,249468.371069,184
cross_scenario,k_means,2422820678,13,7.75007e7,6.2697547,CosineDist,closemixed,697077.9711709999,441
cross_scenario,k_means,373102896,13,6.31237e7,6.4113978,CosineDist,closemixed,311463.00806299987,265
cross_scenario,k_means,3777256655,13,7.4181e7,6.2986149,CosineDist,closemixed,609480.954226,402
cross_scenario,k_means,4101453586,13,8.81812e7,5.462689,CosineDist,closemixed,964931.3856880001,652
cross_scenario,k_means,419645993,13,7.87266e7,6.3158352,CosineDist,closemixed,728201.989801,488
cross_scenario,k_means,772616242,13,6.86085e7,5.9667633,CosineDist,closemixed,465276.85553100007,380
cross_scenario,k_means,1536731824,15,6.80525e7,6.0983982,CosineDist,closemixed,446129.398649,386
cross_scenario,k_means,1944031661,15,8.0618e7,6.0769962,CosineDist,closemixed,776173.3814070001,517
cross_scenario,k_means,195370354,15,7.14658e7,6.4172916,CosineDist,closemixed,539172.8870059999,378
cross_scenario,k_means,2392820273,15,6.57874e7,6.3166731,CosineDist,closemixed,391130.18784900004,295
cross_scenario,k_means,2931326369,15,7.90208e7,6.3646156,CosineDist,closemixed,729920.145741,507
cross_scenario,k_means,3012361418,15,6.77252e7,6.7565309,CosineDist,closemixed,440909.278366,313
cross_scenario,k_means,3763622817,15,7.73013e7,6.1181426,CosineDist,closemixed,682803.434103,461
cross_scenario,k_means,3796973136,15,7.29781e7,6.2368198,CosineDist,closemixed,567733.976471,398
cross_scenario,k_means,3815196410,15,6.87886e7,6.3116314,CosineDist,closemixed,468118.986244,359
cross_scenario,k_means,604489562,15,6.80009e7,6.2780851,CosineDist,closemixed,447781.43440499983,353
cross_scenario,k_means,1587347134,17,6.86245e7,6.2998064,CosineDist,closemixed,466021.413465,337
cross_scenario,k_means,186564236,17,6.57793e7,6.210419,CosineDist,closemixed,385064.56660100014,278
cross_scenario,k_means,2166881926,17,6.5255e7,6.0436969,CosineDist,closemixed,378095.5087199999,274
cross_scenario,k_means,2186186592,17,6.58048e7,6.6019184,CosineDist,closemixed,384695.734267,270
cross_scenario,k_means,2238747886,17,7.05469e7,6.6241867,CosineDist,closemixed,513731.46403399995,394
cross_scenario,k_means,224585247,17,7.28828e7,5.7555802,CosineDist,closemixed,565929.3963179999,421
cross_scenario,k_means,2339120676,17,7.83225e7,5.9946051,CosineDist,closemixed,714341.4403790003,510
cross_scenario,k_means,3093014142,17,7.20443e7,6.0658721,CosineDist,closemixed,544328.1778249999,459
cross_scenario,k_means,3258302586,17,5.78207e7,6.1829042,CosineDist,closemixed,171199.093037,150
cross_scenario,k_means,3629043986,17,6.36625e7,6.1738516,CosineDist,closemixed,331236.493811,246
cross_scenario,k_means,1088367163,19,6.80893e7,6.4786292,CosineDist,closemixed,449933.20157400006,340
cross_scenario,k_means,1245540782,19,7.48243e7,6.1221356,CosineDist,closemixed,629196.7264049997,477
cross_scenario,k_means,2410109332,19,6.85889e7,6.3052819,CosineDist,closemixed,462192.547012,298
cross_scenario,k_means,2455416769,19,7.61647e7,6.7374732,CosineDist,closemixed,652072.5786869999,426
cross_scenario,k_means,2591120440,19,6.87794e7,5.817755,CosineDist,closemixed,467969.28143900004,372
cross_scenario,k_means,2650271871,19,6.49417e7,6.1526905,CosineDist,closemixed,368068.205969,296
cross_scenario,k_means,2789252227,19,7.85453e7,6.2296587,CosineDist,closemixed,720121.2022220002,502
cross_scenario,k_means,3130995382,19,6.4427e7,6.281062,CosineDist,closemixed,345352.93817900005,263
cross_scenario,k_means,3357853995,19,7.53164e7,6.1238632,CosineDist,closemixed,630074.843995,484
cross_scenario,k_means,824849990,19,6.72177e7,6.2051905,CosineDist,closemixed,428955.52142,303
cross_scenario,k_means,1244389436,21,6.33154e7,5.8796806,CosineDist,closemixed,322104.6152319999,267
cross_scenario,k_means,1393653782,21,6.35094e7,6.4968598,CosineDist,closemixed,317065.501747,239
cross_scenario,k_means,1761682951,21,6.9523e7,5.9086948,CosineDist,closemixed,491619.690616,388
cross_scenario,k_means,196162340,21,5.95936e7,5.9405582,CosineDist,closemixed,225984.438868,156
cross_scenario,k_means,1984034111,21,7.21559e7,5.8212853,CosineDist,closemixed,552500.4066819999,437
cross_scenario,k_means,2569047889,21,7.38933e7,5.7042884,CosineDist,closemixed,591290.437191,423
cross_scenario,k_means,3286463093,21,6.4378e7,6.4153518,CosineDist,closemixed,352056.1968510001,298
cross_scenario,k_means,4196464565,21,6.24274e7,6.1639995,CosineDist,closemixed,295609.84161199996,249
cross_scenario,k_means,744301781,21,6.80454e7,5.9862563,CosineDist,closemixed,441764.394782,346
cross_scenario,k_means,760014603,21,6.97785e7,6.9839044,CosineDist,closemixed,493099.73548100004,373
cross_scenario,k_means,2193967569,23,6.55855e7,6.4175186,CosineDist,closemixed,372960.532832,274
cross_scenario,k_means,2546464051,23,6.53911e7,6.2068679,CosineDist,closemixed,371848.08781200007,249
cross_scenario,k_means,2938742229,23,6.07231e7,6.2179744,CosineDist,closemixed,252101.148865,184
cross_scenario,k_means,313447314,23,7.26358e7,6.1372302,CosineDist,closemixed,570376.574187,415
cross_scenario,k_means,3164855826,23,7.86083e7,5.6654675,CosineDist,closemixed,710147.4549000001,471
cross_scenario,k_means,3173192974,23,6.8427e7,6.2449004,CosineDist,closemixed,450411.54176799994,341
cross_scenario,k_means,3527549645,23,5.80953e7,6.505679,CosineDist,closemixed,172600.280644,169
cross_scenario,k_means,3913193451,23,6.29695e7,6.5957748,CosineDist,closemixed,312121.43510999996,259
cross_scenario,k_means,714332685,23,8.00083e7,6.0240547,CosineDist,closemixed,752392.7703270001,551
cross_scenario,k_means,890890131,23,7.05076e7,5.8727729,CosineDist,closemixed,508861.0492570001,400
cross_scenario,k_means,1134130444,25,5.84949e7,6.8370257,CosineDist,closemixed,194154.79328299998,122
cross_scenario,k_means,2658990538,25,6.18316e7,6.3661287,CosineDist,closemixed,283251.3993629999,206
cross_scenario,k_means,2726541456,25,6.58248e7,6.1328249,CosineDist,closemixed,385098.25818299997,308
cross_scenario,k_means,2894918851,25,5.92069e7,6.131701,CosineDist,closemixed,209524.6449180001,189
cross_scenario,k_means,3351175237,25,6.12316e7,6.4758502,CosineDist,closemixed,262285.61473900004,202
cross_scenario,k_means,343301208,25,6.01857e7,6.8462122,CosineDist,closemixed,235566.466223,180
cross_scenario,k_means,4135971217,25,6.86918e7,7.2623636,CosineDist,closemixed,465261.103589,310
cross_scenario,k_means,4145110716,25,6.38376e7,6.7811934,CosineDist,closemixed,333008.75810999994,283
cross_scenario,k_means,448376330,25,7.16194e7,5.6475761,CosineDist,closemixed,534621.984921,436
cross_scenario,k_means,47449323,25,5.87918e7,5.9701111,CosineDist,closemixed,193516.22872899997,178
cross_scenario,k_means,1161276258,27,6.4898e7,6.2146962,CosineDist,closemixed,357219.1404690001,286
cross_scenario,k_means,1233541653,27,6.48045e7,6.4632832,CosineDist,closemixed,356898.054118,263
cross_scenario,k_means,1267936167,27,6.74547e7,6.2287628,CosineDist,closemixed,431849.094045,350
cross_scenario,k_means,1653248667,27,6.10492e7,6.5131638,CosineDist,closemixed,265180.650342,194
cross_scenario,k_means,2437521778,27,6.34485e7,7.1829767,CosineDist,closemixed,321608.501331,276
cross_scenario,k_means,2524306086,27,5.92365e7,7.6685875,CosineDist,closemixed,212170.54968199998,149
cross_scenario,k_means,2606414571,27,6.18658e7,6.7723251,CosineDist,closemixed,278112.755938,220
cross_scenario,k_means,2821296471,27,6.21535e7,7.1445184,CosineDist,closemixed,287258.45779700007,197
cross_scenario,k_means,3155655383,27,6.0634e7,6.4722291,CosineDist,closemixed,249372.11479900003,206
cross_scenario,k_means,463779685,27,5.97726e7,7.5226916,CosineDist,closemixed,219860.44576799998,204
cross_scenario,k_means,1113698075,29,6.16501e7,6.8736464,CosineDist,closemixed,272476.27621,189
cross_scenario,k_means,1125327650,29,5.51275e7,7.1490826,CosineDist,closemixed,84298.11670700001,69
cross_scenario,k_means,1398119942,29,6.37793e7,7.5698195,CosineDist,closemixed,332898.995295,256
cross_scenario,k_means,1669407957,29,5.84759e7,7.2068003,CosineDist,closemixed,183579.314786,155
cross_scenario,k_means,1792506398,29,5.94111e7,6.477564,CosineDist,closemixed,217193.717368,166
cross_scenario,k_means,2439649745,29,6.28264e7,6.4958686,CosineDist,closemixed,300863.94153400004,256
cross_scenario,k_means,2730667678,29,6.05437e7,6.047444,CosineDist,closemixed,237539.581022,247
cross_scenario,k_means,2843080965,29,5.67521e7,6.0271812,CosineDist,closemixed,143864.08140799997,122
cross_scenario,k_means,3434031776,29,6.61487e7,5.2417265,CosineDist,closemixed,395463.6358519999,310
cross_scenario,k_means,950202798,29,5.90358e7,6.103247,CosineDist,closemixed,202074.606399,157
cross_scenario,k_means,1042382051,3,9.48126e7,5.7001629,CosineDist,closemixed,1.1450176690329998e6,748
cross_scenario,k_means,1617230705,3,9.33271e7,5.7580053,CosineDist,closemixed,1.1069521161669998e6,647
cross_scenario,k_means,1690918982,3,9.33271e7,5.8279729,CosineDist,closemixed,1.1069521161669998e6,647
cross_scenario,k_means,2011904635,3,9.48765e7,5.6236669,CosineDist,closemixed,1.1466411817479997e6,734
cross_scenario,k_means,208019063,3,9.33271e7,5.8515849,CosineDist,closemixed,1.1069521161669998e6,647
cross_scenario,k_means,2175589206,3,9.48126e7,5.7766737,CosineDist,closemixed,1.1450176690329998e6,748
cross_scenario,k_means,2331872192,3,1.19123e9,5.2000952,CosineDist,closemixed,2.9241776211341e7,6729
cross_scenario,k_means,2859914000,3,9.47512e7,5.5407786,CosineDist,closemixed,1.1434471214609996e6,750
cross_scenario,k_means,3409952330,3,9.47512e7,5.6145246,CosineDist,closemixed,1.1434471214609996e6,750
cross_scenario,k_means,488813374,3,9.47512e7,5.6265356,CosineDist,closemixed,1.1434471214609996e6,750
cross_scenario,k_means,1349996306,31,5.51272e7,5.7755154,CosineDist,closemixed,93413.77847500001,70
cross_scenario,k_means,1462714024,31,6.17113e7,5.7561784,CosineDist,closemixed,271183.73042200005,221
cross_scenario,k_means,1579127763,31,6.02404e7,6.1174283,CosineDist,closemixed,229083.92515999998,160
cross_scenario,k_means,1648351254,31,5.95642e7,6.4117016,CosineDist,closemixed,218441.45411899994,202
cross_scenario,k_means,2030289235,31,5.68117e7,6.1107044,CosineDist,closemixed,139923.158268,114
cross_scenario,k_means,2462588561,31,6.46962e7,5.7096947,CosineDist,closemixed,342187.773171,299
cross_scenario,k_means,2929172095,31,5.89323e7,6.2091867,CosineDist,closemixed,198727.53461000003,201
cross_scenario,k_means,2944528308,31,5.59227e7,5.8609845,CosineDist,closemixed,114825.11076200001,108
cross_scenario,k_means,295145311,31,7.2873e7,5.361711,CosineDist,closemixed,562648.2289039997,429
cross_scenario,k_means,3899371692,31,6.51648e7,5.7646201,CosineDist,closemixed,368121.131432,295
cross_scenario,k_means,1038419084,33,5.95368e7,5.5727601,CosineDist,closemixed,216682.02400699994,182
cross_scenario,k_means,1109759726,33,5.53665e7,5.9087549,CosineDist,closemixed,100691.40494400001,77
cross_scenario,k_means,1963882461,33,7.2115e7,5.4478327,CosineDist,closemixed,533611.76525,395
cross_scenario,k_means,1989163906,33,6.44415e7,5.8578541,CosineDist,closemixed,349436.508507,265
cross_scenario,k_means,2479233904,33,5.61646e7,7.0191316,CosineDist,closemixed,127046.18560999997,97
cross_scenario,k_means,2497612078,33,5.58958e7,5.8285314,CosineDist,closemixed,114363.992061,91
cross_scenario,k_means,3214090957,33,6.00338e7,5.8395322,CosineDist,closemixed,235169.381919,188
cross_scenario,k_means,3465092140,33,5.78094e7,5.4631245,CosineDist,closemixed,170176.27220500002,138
cross_scenario,k_means,4061834237,33,6.47892e7,5.4870362,CosineDist,closemixed,351670.6479699999,288
cross_scenario,k_means,52313467,33,6.23146e7,6.517303,CosineDist,closemixed,298633.962161,229
cross_scenario,k_means,1208640119,35,5.68477e7,5.461044,CosineDist,closemixed,138529.29134899998,142
cross_scenario,k_means,1428058240,35,5.97387e7,5.9305299,CosineDist,closemixed,227780.57590300002,189
cross_scenario,k_means,15941194,35,5.72677e7,6.196479,CosineDist,closemixed,151898.092519,132
cross_scenario,k_means,2213813141,35,6.20366e7,6.8979487,CosineDist,closemixed,275671.0643450001,241
cross_scenario,k_means,2291375163,35,5.85081e7,7.2208124,CosineDist,closemixed,191589.91539799998,175
cross_scenario,k_means,236500538,35,5.74446e7,6.632847,CosineDist,closemixed,159904.404795,108
cross_scenario,k_means,252145784,35,5.90691e7,6.5366378,CosineDist,closemixed,207142.47981199998,183
cross_scenario,k_means,2544196106,35,6.42272e7,6.967424,CosineDist,closemixed,331423.81556899997,253
cross_scenario,k_means,2745802022,35,5.97935e7,6.3359832,CosineDist,closemixed,224647.799783,193
cross_scenario,k_means,3596893902,35,5.61835e7,6.5133736,CosineDist,closemixed,126864.910906,95
cross_scenario,k_means,1380354363,37,5.60121e7,7.0008492,CosineDist,closemixed,123902.26438400001,96
cross_scenario,k_means,3048518942,37,6.64511e7,6.5344106,CosineDist,closemixed,399252.68221000006,298
cross_scenario,k_means,3182806193,37,5.77859e7,6.8273244,CosineDist,closemixed,170027.227534,165
cross_scenario,k_means,3244629827,37,6.20697e7,7.115731,CosineDist,closemixed,289125.615386,269
cross_scenario,k_means,3452769998,37,5.91337e7,6.5812245,CosineDist,closemixed,210220.21796200002,155
cross_scenario,k_means,4262333788,37,5.84865e7,6.7211528,CosineDist,closemixed,184458.705942,184
cross_scenario,k_means,45994245,37,5.59846e7,6.4901077,CosineDist,closemixed,113543.48695600002,77
cross_scenario,k_means,67569244,37,6.44633e7,6.9581576,CosineDist,closemixed,356008.6958250001,253
cross_scenario,k_means,814300562,37,5.66422e7,7.0951862,CosineDist,closemixed,136988.49040900002,118
cross_scenario,k_means,870981686,37,5.52195e7,6.6559409,CosineDist,closemixed,95973.595586,64
cross_scenario,k_means,1129760376,39,5.99786e7,6.4299937,CosineDist,closemixed,231271.019791,190
cross_scenario,k_means,148104383,39,6.32617e7,6.4388253,CosineDist,closemixed,310758.13093600003,262
cross_scenario,k_means,1655289285,39,5.68408e7,7.4514683,CosineDist,closemixed,141823.821115,130
cross_scenario,k_means,1845695973,39,5.53171e7,7.1674449,CosineDist,closemixed,91058.96798299998,63
cross_scenario,k_means,2121257682,39,6.06277e7,7.129226,CosineDist,closemixed,239462.25034899998,198
cross_scenario,k_means,2943233938,39,5.96321e7,6.3874512,CosineDist,closemixed,213961.72938099995,206
cross_scenario,k_means,3030918353,39,5.84459e7,6.5853327,CosineDist,closemixed,185335.071259,172
cross_scenario,k_means,3096268031,39,5.81994e7,6.7458603,CosineDist,closemixed,181130.73268100002,131
cross_scenario,k_means,3338611973,39,6.50464e7,6.8738818,CosineDist,closemixed,354155.2081700001,295
cross_scenario,k_means,662283236,39,7.24581e7,6.5598955,CosineDist,closemixed,547355.4045749999,353
cross_scenario,k_means,1005104349,41,6.16523e7,6.5934823,CosineDist,closemixed,267830.28177700005,228
cross_scenario,k_means,1534696584,41,5.71022e7,6.2377409,CosineDist,closemixed,150945.367435,133
cross_scenario,k_means,225016911,41,5.52825e7,6.4563016,CosineDist,closemixed,86813.32179,78
cross_scenario,k_means,2317592996,41,5.68477e7,7.160915,CosineDist,closemixed,140939.712356,116
cross_scenario,k_means,2716090479,41,5.65371e7,6.7191421,CosineDist,closemixed,135515.809225,103
cross_scenario,k_means,3258958499,41,5.68577e7,6.4617471,CosineDist,closemixed,136702.12690799998,143
cross_scenario,k_means,329433595,41,5.72045e7,7.0183044,CosineDist,closemixed,149692.141812,118
cross_scenario,k_means,3444774395,41,5.80179e7,6.3349728,CosineDist,closemixed,175353.112242,159
cross_scenario,k_means,438234340,41,5.89117e7,7.3950714,CosineDist,closemixed,205581.49952800001,141
cross_scenario,k_means,953901905,41,5.6091e7,7.0096565,CosineDist,closemixed,119723.54175300001,115
cross_scenario,k_means,1660595499,5,9.40498e7,6.8988572,CosineDist,closemixed,1.1251367731500005e6,700
cross_scenario,k_means,1714105051,5,9.55517e7,6.8260904,CosineDist,closemixed,1.1637312600239997e6,740
cross_scenario,k_means,2169593505,5,7.80665e7,7.1041572,CosineDist,closemixed,710551.761865,458
cross_scenario,k_means,2538991366,5,8.839e7,6.1778097,CosineDist,closemixed,979985.0007460001,690
cross_scenario,k_means,2909674750,5,9.33225e7,6.5537649,CosineDist,closemixed,1.10559347218e6,654
cross_scenario,k_means,3018546641,5,8.50681e7,6.7882071,CosineDist,closemixed,891700.4620239999,627
cross_scenario,k_means,3634057553,5,9.43382e7,7.2919376,CosineDist,closemixed,1.1325075252140004e6,673
cross_scenario,k_means,4139823947,5,9.34087e7,6.551902,CosineDist,closemixed,1.1072382087109997e6,704
cross_scenario,k_means,4197766176,5,9.39582e7,6.6708045,CosineDist,closemixed,1.122834576842e6,665
cross_scenario,k_means,5947179,5,9.27327e7,6.6189429,CosineDist,closemixed,1.09013577576e6,642
cross_scenario,k_means,1006581332,7,9.03486e7,7.2236818,CosineDist,closemixed,1.029255330639e6,696
cross_scenario,k_means,1176932870,7,8.09747e7,7.0954975,CosineDist,closemixed,784968.2916829998,526
cross_scenario,k_means,1821427372,7,8.6247e7,7.0861737,CosineDist,closemixed,922857.9164919998,639
cross_scenario,k_means,2689963385,7,9.30143e7,6.5197405,CosineDist,closemixed,1.095614064239e6,702
cross_scenario,k_means,2751971336,7,8.31807e7,6.5175257,CosineDist,closemixed,841984.85057,600
cross_scenario,k_means,3385142830,7,7.87452e7,6.2451071,CosineDist,closemixed,731160.5435570001,527
cross_scenario,k_means,3409620994,7,9.43203e7,7.0231235,CosineDist,closemixed,1.1321114992200003e6,687
cross_scenario,k_means,447101461,7,9.39036e7,6.5618406,CosineDist,closemixed,1.1203489209749997e6,687
cross_scenario,k_means,468006976,7,7.81093e7,6.8722826,CosineDist,closemixed,713254.3559440001,448
cross_scenario,k_means,880982686,7,7.89573e7,7.7999429,CosineDist,closemixed,729521.902099,502
cross_scenario,k_means,1130292821,9,6.39848e7,6.5463513,CosineDist,closemixed,331587.84112,268
cross_scenario,k_means,1392296365,9,8.73877e7,7.0005297,CosineDist,closemixed,949286.1013299999,647
cross_scenario,k_means,2814468992,9,9.06264e7,6.6337746,CosineDist,closemixed,1.0344433613240002e6,598
cross_scenario,k_means,3044209910,9,6.9799e7,7.142238,CosineDist,closemixed,495107.255921,338
cross_scenario,k_means,3261319673,9,7.14878e7,6.9014272,CosineDist,closemixed,541641.8746399999,359
cross_scenario,k_means,3543870990,9,8.19798e7,7.0206485,CosineDist,closemixed,814604.4972070002,603
cross_scenario,k_means,3602499071,9,7.40863e7,6.6636699,CosineDist,closemixed,599814.950036,427
cross_scenario,k_means,3926221275,9,9.15982e7,7.1689321,CosineDist,closemixed,1.0516960732840002e6,674
cross_scenario,k_means,42413356,9,6.66805e7,6.822859,CosineDist,closemixed,415316.362759,279
cross_scenario,k_means,697383862,9,8.89151e7,6.5997874,CosineDist,closemixed,992146.5446930001,666
cross_scenario,k_means,1355586937,11,8.07531e7,6.7521689,SqEuclidean,closemixed,776379.449781,501
cross_scenario,k_means,1768760743,11,8.79763e7,6.6946135,SqEuclidean,closemixed,967225.3031670002,649
cross_scenario,k_means,2652796558,11,8.43207e7,7.3843419,SqEuclidean,closemixed,869609.6483720001,593
cross_scenario,k_means,3000698040,11,8.97896e7,6.9164631,SqEuclidean,closemixed,1.0095960812120001e6,688
cross_scenario,k_means,3160233726,11,7.11631e7,6.9629144,SqEuclidean,closemixed,528673.711426,363
cross_scenario,k_means,3479820580,11,7.77096e7,6.7617256,SqEuclidean,closemixed,694245.4437799997,414
cross_scenario,k_means,3649546841,11,9.05097e7,6.8697523,SqEuclidean,closemixed,1.0269674001730003e6,671
cross_scenario,k_means,4031091536,11,9.33764e7,7.0420512,SqEuclidean,closemixed,1.105150733728e6,665
cross_scenario,k_means,675182737,11,7.54346e7,7.0923459,SqEuclidean,closemixed,640470.3745879999,454
cross_scenario,k_means,722170199,11,7.29621e7,6.943303,SqEuclidean,closemixed,576670.45655,402
cross_scenario,k_means,1020330993,13,7.03835e7,7.1988203,SqEuclidean,closemixed,509832.17911699996,351
cross_scenario,k_means,1241334511,13,6.90463e7,6.8994238,SqEuclidean,closemixed,474242.4377650001,309
cross_scenario,k_means,1561739573,13,7.35002e7,6.8993988,SqEuclidean,closemixed,594183.7869139999,418
cross_scenario,k_means,2082789969,13,6.30645e7,7.3465574,SqEuclidean,closemixed,314780.31399899995,236
cross_scenario,k_means,2422820678,13,7.55635e7,7.2081136,SqEuclidean,closemixed,645315.426022,392
cross_scenario,k_means,373102896,13,6.22029e7,6.5997839,SqEuclidean,closemixed,284484.668174,266
cross_scenario,k_means,3777256655,13,7.61976e7,6.8420537,SqEuclidean,closemixed,657487.6632430003,463
cross_scenario,k_means,4101453586,13,8.63976e7,6.7100937,SqEuclidean,closemixed,919190.5510840002,605
cross_scenario,k_means,419645993,13,7.74042e7,7.5331156,SqEuclidean,closemixed,692662.8293259998,492
cross_scenario,k_means,772616242,13,6.82108e7,6.8761479,SqEuclidean,closemixed,454077.83164000005,381
cross_scenario,k_means,1536731824,15,6.63004e7,6.9065674,SqEuclidean,closemixed,400263.131267,311
cross_scenario,k_means,1944031661,15,8.06913e7,6.5373502,SqEuclidean,closemixed,776790.769613,499
cross_scenario,k_means,195370354,15,7.00812e7,6.8711495,SqEuclidean,closemixed,503561.298824,343
cross_scenario,k_means,2392820273,15,6.95012e7,6.8383588,SqEuclidean,closemixed,486988.08101600007,328
cross_scenario,k_means,2931326369,15,7.816e7,7.5421735,SqEuclidean,closemixed,707431.182143,466
cross_scenario,k_means,3012361418,15,6.81416e7,7.287748,SqEuclidean,closemixed,451655.304221,325
cross_scenario,k_means,3763622817,15,8.07241e7,7.0921926,SqEuclidean,closemixed,774729.233259,522
cross_scenario,k_means,3796973136,15,7.78011e7,6.609898,SqEuclidean,closemixed,690440.308459,421
cross_scenario,k_means,3815196410,15,6.87694e7,7.1308489,SqEuclidean,closemixed,466700.473799,353
cross_scenario,k_means,604489562,15,7.08782e7,7.591622,SqEuclidean,closemixed,523080.92953099986,363
cross_scenario,k_means,1587347134,17,6.79593e7,7.1734406,SqEuclidean,closemixed,444938.57532099995,333
cross_scenario,k_means,186564236,17,6.84042e7,6.9088668,SqEuclidean,closemixed,457744.8991980001,320
cross_scenario,k_means,2166881926,17,6.62528e7,6.9887563,SqEuclidean,closemixed,404002.76952400006,306
cross_scenario,k_means,2186186592,17,6.86868e7,7.001927,SqEuclidean,closemixed,466299.1124989999,315
cross_scenario,k_means,2238747886,17,6.07949e7,7.0257942,SqEuclidean,closemixed,257095.48162599996,181
cross_scenario,k_means,224585247,17,7.29309e7,7.2063635,SqEuclidean,closemixed,567416.6654020001,423
cross_scenario,k_means,2339120676,17,7.8239e7,7.0773466,SqEuclidean,closemixed,713456.300422,474
cross_scenario,k_means,3093014142,17,6.79379e7,6.2659678,SqEuclidean,closemixed,434755.600334,361
cross_scenario,k_means,3258302586,17,5.77403e7,6.7941573,SqEuclidean,closemixed,169189.24116400004,154
cross_scenario,k_means,3629043986,17,6.37126e7,6.6082187,SqEuclidean,closemixed,332691.9363279999,221
cross_scenario,k_means,1088367163,19,6.97131e7,7.1764819,SqEuclidean,closemixed,491882.858468,423
cross_scenario,k_means,1245540782,19,7.49943e7,6.7983187,SqEuclidean,closemixed,633477.24594,472
cross_scenario,k_means,2410109332,19,6.84843e7,6.9827499,SqEuclidean,closemixed,459218.939085,292
cross_scenario,k_means,2455416769,19,7.98516e7,7.1653561,SqEuclidean,closemixed,748308.0932240001,503
cross_scenario,k_means,2591120440,19,6.49519e7,6.3623819,SqEuclidean,closemixed,368584.13306200004,300
cross_scenario,k_means,2650271871,19,6.38772e7,6.9619138,SqEuclidean,closemixed,340220.5441340002,273
cross_scenario,k_means,2789252227,19,7.91056e7,6.3319423,SqEuclidean,closemixed,733680.6810529999,492
cross_scenario,k_means,3130995382,19,6.60442e7,7.0225829,SqEuclidean,closemixed,387425.2901659999,263
cross_scenario,k_means,3357853995,19,7.07534e7,6.8134388,SqEuclidean,closemixed,515644.6646749999,385
cross_scenario,k_means,824849990,19,6.54118e7,7.041091,SqEuclidean,closemixed,374639.7985649999,301
cross_scenario,k_means,1244389436,21,6.28122e7,6.5615831,SqEuclidean,closemixed,307918.87442099996,269
cross_scenario,k_means,1393653782,21,6.16101e7,7.4217403,SqEuclidean,closemixed,269354.80795000005,231
cross_scenario,k_means,1761682951,21,6.96275e7,6.6347135,SqEuclidean,closemixed,494642.790916,380
cross_scenario,k_means,196162340,21,5.97631e7,6.8214979,SqEuclidean,closemixed,230766.168277,184
cross_scenario,k_means,1984034111,21,7.22758e7,6.3509526,SqEuclidean,closemixed,556067.1119719999,446
cross_scenario,k_means,2569047889,21,6.52198e7,6.6719122,SqEuclidean,closemixed,365642.83078,336
cross_scenario,k_means,3286463093,21,6.71639e7,6.7169873,SqEuclidean,closemixed,424241.76220099995,342
cross_scenario,k_means,4196464565,21,6.23583e7,7.1485671,SqEuclidean,closemixed,293911.404194,244
cross_scenario,k_means,744301781,21,6.76199e7,5.4089578,SqEuclidean,closemixed,428569.841637,343
cross_scenario,k_means,760014603,21,7.15731e7,5.7137677,SqEuclidean,closemixed,537232.243509,372
cross_scenario,k_means,2193967569,23,6.85276e7,5.6641906,SqEuclidean,closemixed,456819.04008199996,322
cross_scenario,k_means,2546464051,23,6.47662e7,5.7806454,SqEuclidean,closemixed,355087.02149599994,256
cross_scenario,k_means,2938742229,23,6.13507e7,5.4705281,SqEuclidean,closemixed,269373.24250899995,212
cross_scenario,k_means,313447314,23,6.71006e7,5.5605508,SqEuclidean,closemixed,416301.87220600003,339
cross_scenario,k_means,3164855826,23,7.773e7,5.7021622,SqEuclidean,closemixed,687717.816803,484
cross_scenario,k_means,3173192974,23,6.91958e7,5.917723,SqEuclidean,closemixed,470110.3906459999,366
cross_scenario,k_means,3527549645,23,5.9995e7,5.7162021,SqEuclidean,closemixed,222456.51810200006,206
cross_scenario,k_means,3913193451,23,6.31931e7,5.560663,SqEuclidean,closemixed,315711.5411760001,272
cross_scenario,k_means,714332685,23,8.03133e7,5.2596645,SqEuclidean,closemixed,760032.87286,540
cross_scenario,k_means,890890131,23,7.04668e7,5.0161835,SqEuclidean,closemixed,507838.36169999995,405
cross_scenario,k_means,1134130444,25,5.89544e7,5.8444359,SqEuclidean,closemixed,208251.017936,134
cross_scenario,k_means,2658990538,25,6.31064e7,5.832383,SqEuclidean,closemixed,316467.4405029999,237
cross_scenario,k_means,2726541456,25,6.42381e7,5.6850986,SqEuclidean,closemixed,347320.943396,259
cross_scenario,k_means,2894918851,25,6.25588e7,5.6924382,SqEuclidean,closemixed,297024.37879899994,239
cross_scenario,k_means,3351175237,25,6.18521e7,5.5760395,SqEuclidean,closemixed,279527.17980499996,233
cross_scenario,k_means,343301208,25,6.16589e7,5.4845321,SqEuclidean,closemixed,277190.95488199993,199
cross_scenario,k_means,4135971217,25,6.95115e7,4.7623206,SqEuclidean,closemixed,488987.626056,399
cross_scenario,k_means,4145110716,25,6.03897e7,5.6130142,SqEuclidean,closemixed,242947.48832700003,176
cross_scenario,k_means,448376330,25,7.06445e7,4.925555,SqEuclidean,closemixed,509626.93457899994,415
cross_scenario,k_means,47449323,25,5.89273e7,5.4531651,SqEuclidean,closemixed,197057.31587000002,181
cross_scenario,k_means,1161276258,27,6.5834e7,5.1370464,SqEuclidean,closemixed,387105.933763,278
cross_scenario,k_means,1233541653,27,6.53501e7,5.7931903,SqEuclidean,closemixed,371103.74489000003,282
cross_scenario,k_means,1267936167,27,6.41955e7,5.9466806,SqEuclidean,closemixed,344726.39226,315
cross_scenario,k_means,1653248667,27,6.19212e7,7.4241914,SqEuclidean,closemixed,289115.41227900004,211
cross_scenario,k_means,2437521778,27,6.25108e7,5.975897,SqEuclidean,closemixed,298582.3500740001,271
cross_scenario,k_means,2524306086,27,5.74357e7,7.3919842,SqEuclidean,closemixed,160812.95470400003,117
cross_scenario,k_means,2606414571,27,6.03604e7,6.957126,SqEuclidean,closemixed,237311.32143000004,200
cross_scenario,k_means,2821296471,27,6.18448e7,6.1316799,SqEuclidean,closemixed,277586.96901900007,198
cross_scenario,k_means,3155655383,27,5.93685e7,5.3864685,SqEuclidean,closemixed,216136.40305399997,177
cross_scenario,k_means,463779685,27,5.99669e7,5.6767445,SqEuclidean,closemixed,225433.25042,204
cross_scenario,k_means,1113698075,29,6.12205e7,5.610097,SqEuclidean,closemixed,259086.18465299997,186
cross_scenario,k_means,1125327650,29,5.71021e7,7.6055444,SqEuclidean,closemixed,144370.93841699997,96
cross_scenario,k_means,1398119942,29,6.36912e7,6.0514184,SqEuclidean,closemixed,327220.79390399996,276
cross_scenario,k_means,1669407957,29,5.98857e7,5.4508031,SqEuclidean,closemixed,221992.7072,197
cross_scenario,k_means,1792506398,29,5.75552e7,5.1868111,SqEuclidean,closemixed,167274.795649,119
cross_scenario,k_means,2439649745,29,6.46636e7,5.460388,SqEuclidean,closemixed,353579.6634790001,287
cross_scenario,k_means,2730667678,29,6.00881e7,5.3868439,SqEuclidean,closemixed,224641.083549,231
cross_scenario,k_means,2843080965,29,5.67157e7,5.9142756,SqEuclidean,closemixed,142985.261529,116
cross_scenario,k_means,3434031776,29,6.80208e7,5.5679136,SqEuclidean,closemixed,444928.837742,341
cross_scenario,k_means,950202798,29,6.10165e7,6.0171509,SqEuclidean,closemixed,259120.89824099996,194
cross_scenario,k_means,1042382051,3,1.1925e9,4.8678608,SqEuclidean,closemixed,2.9274942869723003e7,6917
cross_scenario,k_means,1617230705,3,9.33271e7,5.3053296,SqEuclidean,closemixed,1.1069521161669998e6,647
cross_scenario,k_means,1690918982,3,9.33271e7,5.6278068,SqEuclidean,closemixed,1.1069521161669998e6,647
cross_scenario,k_means,2011904635,3,9.48765e7,5.4957671,SqEuclidean,closemixed,1.1466411817479997e6,734
cross_scenario,k_means,208019063,3,9.33271e7,5.9261852,SqEuclidean,closemixed,1.1069521161669998e6,647
cross_scenario,k_means,2175589206,3,9.48126e7,5.6056088,SqEuclidean,closemixed,1.1450176690329998e6,748
cross_scenario,k_means,2331872192,3,1.19747e9,5.2674461,SqEuclidean,closemixed,2.9401170905474998e7,6697
cross_scenario,k_means,2859914000,3,9.47512e7,5.2406438,SqEuclidean,closemixed,1.1434471214609996e6,750
cross_scenario,k_means,3409952330,3,9.47512e7,5.4098024,SqEuclidean,closemixed,1.1434471214609996e6,750
cross_scenario,k_means,488813374,3,1.2064e9,4.9256695,SqEuclidean,closemixed,2.9629309034225e7,6782
cross_scenario,k_means,1349996306,31,5.5011e7,5.3204786,SqEuclidean,closemixed,90421.505248,66
cross_scenario,k_means,1462714024,31,6.27161e7,6.1285594,SqEuclidean,closemixed,293928.88512800005,234
cross_scenario,k_means,1579127763,31,6.08188e7,5.674543,SqEuclidean,closemixed,247765.07879200001,170
cross_scenario,k_means,1648351254,31,6.0375e7,5.7103047,SqEuclidean,closemixed,242716.328816,221
cross_scenario,k_means,2030289235,31,5.93161e7,5.53709,SqEuclidean,closemixed,209820.84611799996,184
cross_scenario,k_means,2462588561,31,5.88704e7,5.6530101,SqEuclidean,closemixed,191489.21836999996,201
cross_scenario,k_means,2929172095,31,6.2903e7,5.7691078,SqEuclidean,closemixed,300793.160195,260
cross_scenario,k_means,2944528308,31,5.56792e7,5.7203378,SqEuclidean,closemixed,108572.82927,101
cross_scenario,k_means,295145311,31,7.67964e7,5.255972,SqEuclidean,closemixed,665682.524622,483
cross_scenario,k_means,3899371692,31,6.37418e7,5.9176589,SqEuclidean,closemixed,327858.149617,265
cross_scenario,k_means,1038419084,33,5.93421e7,5.5276164,SqEuclidean,closemixed,211676.49878999995,176
cross_scenario,k_means,1109759726,33,5.51127e7,5.3756895,SqEuclidean,closemixed,92726.156663,67
cross_scenario,k_means,1963882461,33,7.15487e7,5.8618908,SqEuclidean,closemixed,514445.8690659999,387
cross_scenario,k_means,1989163906,33,5.70426e7,6.7887399,SqEuclidean,closemixed,149745.41670300002,115
cross_scenario,k_means,2479233904,33,5.78457e7,6.3675938,SqEuclidean,closemixed,173291.125482,144
cross_scenario,k_means,2497612078,33,5.55479e7,5.8168305,SqEuclidean,closemixed,106142.84675,79
cross_scenario,k_means,3214090957,33,6.00492e7,5.7653422,SqEuclidean,closemixed,235576.40573299996,188
cross_scenario,k_means,3465092140,33,5.78061e7,5.4089742,SqEuclidean,closemixed,170090.958645,137
cross_scenario,k_means,4061834237,33,6.51952e7,5.4846242,SqEuclidean,closemixed,362232.294148,292
cross_scenario,k_means,52313467,33,6.2231e7,5.9456321,SqEuclidean,closemixed,296496.125655,232
cross_scenario,k_means,1208640119,35,6.01467e7,5.5091753,SqEuclidean,closemixed,239706.608174,185
cross_scenario,k_means,1428058240,35,5.95892e7,5.521108,SqEuclidean,closemixed,221753.46860199998,173
cross_scenario,k_means,15941194,35,5.72406e7,5.6517433,SqEuclidean,closemixed,151251.078993,128
cross_scenario,k_means,2213813141,35,6.186e7,5.6606123,SqEuclidean,closemixed,271140.7692740001,255
cross_scenario,k_means,2291375163,35,5.8093e7,5.1824484,SqEuclidean,closemixed,179802.95303499993,143
cross_scenario,k_means,236500538,35,5.6788e7,5.8133586,SqEuclidean,closemixed,139771.61690700005,81
cross_scenario,k_means,252145784,35,5.78596e7,5.664704,SqEuclidean,closemixed,174494.876121,134
cross_scenario,k_means,2544196106,35,6.37166e7,5.660603,SqEuclidean,closemixed,318505.2954429999,240
cross_scenario,k_means,2745802022,35,5.94606e7,5.4291044,SqEuclidean,closemixed,213478.77838200002,202
cross_scenario,k_means,3596893902,35,5.71012e7,5.4269591,SqEuclidean,closemixed,153797.34646199996,112
cross_scenario,k_means,1380354363,37,5.70397e7,6.0370531,SqEuclidean,closemixed,155020.584884,120
cross_scenario,k_means,3048518942,37,6.63237e7,5.4072204,SqEuclidean,closemixed,394936.646118,290
cross_scenario,k_means,3182806193,37,6.05633e7,5.4237541,SqEuclidean,closemixed,242303.170174,228
cross_scenario,k_means,3244629827,37,5.8746e7,4.8179274,SqEuclidean,closemixed,200031.10836200003,142
cross_scenario,k_means,3452769998,37,5.91254e7,5.663698,SqEuclidean,closemixed,210022.14430400002,153
cross_scenario,k_means,4262333788,37,5.85037e7,5.529494,SqEuclidean,closemixed,184999.72831600002,187
cross_scenario,k_means,45994245,37,5.57666e7,5.2897485,SqEuclidean,closemixed,107164.992835,73
cross_scenario,k_means,67569244,37,6.39109e7,5.5292814,SqEuclidean,closemixed,341515.30823300005,251
cross_scenario,k_means,814300562,37,5.68919e7,5.6733007,SqEuclidean,closemixed,143635.245132,119
cross_scenario,k_means,870981686,37,5.52538e7,5.2103012,SqEuclidean,closemixed,96830.484366,66
cross_scenario,k_means,1129760376,39,5.9999e7,5.45425,SqEuclidean,closemixed,231886.71295100002,194
cross_scenario,k_means,148104383,39,6.23328e7,4.9920216,SqEuclidean,closemixed,285992.96464,238
cross_scenario,k_means,1655289285,39,5.73693e7,5.5308516,SqEuclidean,closemixed,160865.376018,137
cross_scenario,k_means,1845695973,39,5.52953e7,5.6670696,SqEuclidean,closemixed,90515.808597,62
cross_scenario,k_means,2121257682,39,6.38152e7,5.5003009,SqEuclidean,closemixed,330944.122068,266
cross_scenario,k_means,2943233938,39,5.97538e7,5.2324321,SqEuclidean,closemixed,216955.92226100003,207
cross_scenario,k_means,3030918353,39,5.83912e7,5.1377854,SqEuclidean,closemixed,184549.72703399998,170
cross_scenario,k_means,3096268031,39,5.91652e7,5.2938066,SqEuclidean,closemixed,208096.56823600002,153
cross_scenario,k_means,3338611973,39,6.37004e7,5.6695742,SqEuclidean,closemixed,320663.0631610001,267
cross_scenario,k_means,662283236,39,7.25069e7,4.9218435,SqEuclidean,closemixed,548665.1394409998,364
cross_scenario,k_means,1005104349,41,6.1753e7,5.6803354,SqEuclidean,closemixed,270423.219072,223
cross_scenario,k_means,1534696584,41,5.64885e7,4.7060398,SqEuclidean,closemixed,134027.059773,124
cross_scenario,k_means,225016911,41,5.53458e7,5.4380239,SqEuclidean,closemixed,89477.873756,77
cross_scenario,k_means,2317592996,41,5.67288e7,5.2913208,SqEuclidean,closemixed,134287.164471,107
cross_scenario,k_means,2716090479,41,5.65369e7,5.6419942,SqEuclidean,closemixed,135630.14650799998,105
cross_scenario,k_means,3258958499,41,5.68577e7,5.5174354,SqEuclidean,closemixed,136702.12690799998,143
cross_scenario,k_means,329433595,41,5.71932e7,5.8225768,SqEuclidean,closemixed,149467.22907099998,119
cross_scenario,k_means,3444774395,41,5.84238e7,5.072787,SqEuclidean,closemixed,185746.16795499998,190
cross_scenario,k_means,438234340,41,5.89477e7,5.477828,SqEuclidean,closemixed,205688.27316099996,139
cross_scenario,k_means,953901905,41,5.65048e7,5.7636188,SqEuclidean,closemixed,131179.570815,124
cross_scenario,k_means,1660595499,5,9.41348e7,5.6214354,SqEuclidean,closemixed,1.127557636991e6,660
cross_scenario,k_means,1714105051,5,9.55517e7,5.1317452,SqEuclidean,closemixed,1.1637312600239997e6,740
cross_scenario,k_means,2169593505,5,6.78544e7,5.7854596,SqEuclidean,closemixed,445559.0582040001,295
cross_scenario,k_means,2538991366,5,8.19265e7,5.3751607,SqEuclidean,closemixed,812492.7964249998,543
cross_scenario,k_means,2909674750,5,9.1306e7,5.5343309,SqEuclidean,closemixed,1.050117240052e6,640
cross_scenario,k_means,3018546641,5,8.50681e7,5.1205194,SqEuclidean,closemixed,891700.4620239999,627
cross_scenario,k_means,3634057553,5,9.46221e7,5.7014419,SqEuclidean,closemixed,1.139978569958e6,684
cross_scenario,k_means,4139823947,5,9.24899e7,5.5353807,SqEuclidean,closemixed,1.0838256797350002e6,704
cross_scenario,k_means,4197766176,5,9.39582e7,5.7067402,SqEuclidean,closemixed,1.122834576842e6,665
cross_scenario,k_means,5947179,5,9.26656e7,5.0706561,SqEuclidean,closemixed,1.087681292347e6,626
cross_scenario,k_means,1006581332,7,8.28292e7,5.6312831,SqEuclidean,closemixed,836036.117821,521
cross_scenario,k_means,1176932870,7,8.12068e7,5.7580134,SqEuclidean,closemixed,793266.79599,521
cross_scenario,k_means,1821427372,7,8.69153e7,5.4701275,SqEuclidean,closemixed,940653.4105080001,634
cross_scenario,k_means,2689963385,7,9.09208e7,5.609957,SqEuclidean,closemixed,1.041089556675e6,611
cross_scenario,k_means,2751971336,7,8.26068e7,5.8361458,SqEuclidean,closemixed,825939.645971,575
cross_scenario,k_means,3385142830,7,7.85423e7,6.2627426,SqEuclidean,closemixed,725951.073464,539
cross_scenario,k_means,3409620994,7,9.59597e7,5.2450138,SqEuclidean,closemixed,1.173994850687e6,766
cross_scenario,k_means,447101461,7,9.57155e7,5.9237377,SqEuclidean,closemixed,1.1668430781770002e6,764
cross_scenario,k_means,468006976,7,7.51882e7,5.3920629,SqEuclidean,closemixed,637250.310556,402
cross_scenario,k_means,880982686,7,7.76845e7,5.6700496,SqEuclidean,closemixed,696955.7018350001,453
cross_scenario,k_means,1130292821,9,6.45758e7,5.6676986,SqEuclidean,closemixed,352530.92853299994,269
cross_scenario,k_means,1392296365,9,8.75407e7,5.1560045,SqEuclidean,closemixed,949261.9991619999,643
cross_scenario,k_means,2814468992,9,9.1294e7,5.5890274,SqEuclidean,closemixed,1.051781735775e6,633
cross_scenario,k_means,3044209910,9,6.97704e7,5.6854037,SqEuclidean,closemixed,494485.8037110001,326
cross_scenario,k_means,3261319673,9,7.13213e7,5.8073587,SqEuclidean,closemixed,536848.0719659999,366
cross_scenario,k_means,3543870990,9,8.55006e7,5.5868697,SqEuclidean,closemixed,904661.4460449998,560
cross_scenario,k_means,3602499071,9,7.42717e7,5.4700537,SqEuclidean,closemixed,604723.30422,425
cross_scenario,k_means,3926221275,9,9.19693e7,5.7764815,SqEuclidean,closemixed,1.0631868534839998e6,672
cross_scenario,k_means,42413356,9,6.68344e7,5.8191833,SqEuclidean,closemixed,418784.528377,278
cross_scenario,k_means,697383862,9,8.98399e7,5.6502376,SqEuclidean,closemixed,1.0154285094199999e6,646
stochastic,stochastic,0,0,5.33112e7,82.0200926,N/A,closemixed,26339.537753,15
cross_scenario,convex_hull,0,11,4.56986e7,6.481923,CosineDist,softmax,7125.878116,7
cross_scenario,convex_hull,0,13,4.56654e7,6.8515582,CosineDist,softmax,8162.18437,7
cross_scenario,convex_hull,0,15,4.56606e7,6.6763571,CosineDist,softmax,8207.841452,7
cross_scenario,convex_hull,0,17,4.56606e7,7.4331221,CosineDist,softmax,8167.92415,7
cross_scenario,convex_hull,0,19,4.56625e7,7.157661,CosineDist,softmax,8743.176638,7
cross_scenario,convex_hull,0,21,4.56611e7,6.5845272,CosineDist,softmax,9176.438541000001,7
cross_scenario,convex_hull,0,23,4.56596e7,6.0460656,CosineDist,softmax,9053.228156,7
cross_scenario,convex_hull,0,25,4.56591e7,6.3798121,CosineDist,softmax,9171.213778,7
cross_scenario,convex_hull,0,27,4.56592e7,7.1883356,CosineDist,softmax,9119.251610000001,7
cross_scenario,convex_hull,0,29,4.56555e7,5.829734,CosineDist,softmax,10086.905624,7
cross_scenario,convex_hull,0,3,4.71175e7,6.1425933,CosineDist,softmax,0.0,0
cross_scenario,convex_hull,0,31,4.56529e7,5.7921841,CosineDist,softmax,11327.146943,7
cross_scenario,convex_hull,0,33,4.56539e7,6.8880163,CosineDist,softmax,11168.231543,7
cross_scenario,convex_hull,0,35,4.56541e7,5.7849809,CosineDist,softmax,11321.904365,7
cross_scenario,convex_hull,0,37,4.56539e7,6.6584153,CosineDist,softmax,11327.947082,7
cross_scenario,convex_hull,0,39,4.56538e7,5.6511967,CosineDist,softmax,11242.39706,7
cross_scenario,convex_hull,0,41,4.5654e7,6.563843,CosineDist,softmax,11225.53035,7
cross_scenario,convex_hull,0,5,4.59547e7,5.6149677,CosineDist,softmax,7664.694859999999,7
cross_scenario,convex_hull,0,7,4.59326e7,5.7576655,CosineDist,softmax,9704.515354,7
cross_scenario,convex_hull,0,9,4.57295e7,6.3243397,CosineDist,softmax,7240.8373360000005,7
cross_scenario,convex_hull,0,11,4.56776e7,6.3219783,SqEuclidean,softmax,16671.359264,7
cross_scenario,convex_hull,0,13,4.5668e7,5.8331853,SqEuclidean,softmax,16840.017653,7
cross_scenario,convex_hull,0,15,4.56664e7,7.3995293,SqEuclidean,softmax,17184.222994,7
cross_scenario,convex_hull,0,17,4.56627e7,6.8489446,SqEuclidean,softmax,17184.222994,7
cross_scenario,convex_hull,0,19,4.56706e7,7.3460711,SqEuclidean,softmax,17264.20667,7
cross_scenario,convex_hull,0,21,4.56745e7,6.9024522,SqEuclidean,softmax,17302.368551,7
cross_scenario,convex_hull,0,23,4.56777e7,6.6873559,SqEuclidean,softmax,17256.168992,7
cross_scenario,convex_hull,0,25,4.56856e7,7.1848192,SqEuclidean,softmax,17410.572657999997,7
cross_scenario,convex_hull,0,27,4.56836e7,6.7172685,SqEuclidean,softmax,17487.860142,7
cross_scenario,convex_hull,0,29,4.56722e7,6.9791584,SqEuclidean,softmax,16516.413884,7
cross_scenario,convex_hull,0,3,4.84849e7,6.5099922,SqEuclidean,softmax,0.0,0
cross_scenario,convex_hull,0,31,4.56714e7,6.7792172,SqEuclidean,softmax,15221.811789,7
cross_scenario,convex_hull,0,33,4.56695e7,7.4042122,SqEuclidean,softmax,13567.500431,7
cross_scenario,convex_hull,0,35,4.56695e7,6.8719409,SqEuclidean,softmax,13170.575955,7
cross_scenario,convex_hull,0,37,4.56695e7,7.0750712,SqEuclidean,softmax,13152.447771000001,7
cross_scenario,convex_hull,0,39,4.56682e7,6.4428986,SqEuclidean,softmax,12977.754593,7
cross_scenario,convex_hull,0,41,4.56586e7,6.5081697,SqEuclidean,softmax,13277.75204,7
cross_scenario,convex_hull,0,5,4.57641e7,6.0488464,SqEuclidean,softmax,18127.861213999997,7
cross_scenario,convex_hull,0,7,4.5686e7,6.5371289,SqEuclidean,softmax,16823.804086,7
cross_scenario,convex_hull,0,9,4.56853e7,6.404601,SqEuclidean,softmax,16341.272069999999,7
cross_scenario,k_medoids,1355586937,11,5.70812e7,6.4757476,CosineDist,softmax,322440.8791840001,97
cross_scenario,k_medoids,1768760743,11,6.01307e7,6.204304,CosineDist,softmax,421541.44665500004,107
cross_scenario,k_medoids,2652796558,11,4.56629e7,6.7075503,CosineDist,softmax,11535.014819,7
cross_scenario,k_medoids,3000698040,11,4.56624e7,6.3713236,CosineDist,softmax,10406.296503,7
cross_scenario,k_medoids,3160233726,11,4.56884e7,7.7094111,CosineDist,softmax,9700.154727,7
cross_scenario,k_medoids,3479820580,11,4.56912e7,7.2533891,CosineDist,softmax,9035.516721,7
cross_scenario,k_medoids,3649546841,11,5.70887e7,6.3296496,CosineDist,softmax,339274.0564439999,89
cross_scenario,k_medoids,4031091536,11,4.56672e7,7.1141572,CosineDist,softmax,10006.560456000001,7
cross_scenario,k_medoids,675182737,11,4.56733e7,6.5569825,CosineDist,softmax,10335.681945,7
cross_scenario,k_medoids,722170199,11,4.66312e7,6.4034766,CosineDist,softmax,51676.08042400001,17
cross_scenario,k_medoids,1020330993,13,4.56741e7,6.7623844,CosineDist,softmax,11407.887583000002,7
cross_scenario,k_medoids,1241334511,13,4.5682e7,7.2346772,CosineDist,softmax,9085.692875,7
cross_scenario,k_medoids,1561739573,13,5.74158e7,6.51009,CosineDist,softmax,347973.810574,101
cross_scenario,k_medoids,2082789969,13,4.56759e7,7.1586071,CosineDist,softmax,10582.246419,7
cross_scenario,k_medoids,2422820678,13,6.02056e7,7.0637474,CosineDist,softmax,405560.99247000006,104
cross_scenario,k_medoids,373102896,13,4.6627e7,7.4460422,CosineDist,softmax,51676.08042400001,17
cross_scenario,k_medoids,3777256655,13,4.56806e7,7.194139,CosineDist,softmax,9855.437376999998,7
cross_scenario,k_medoids,4101453586,13,4.56638e7,7.1645707,CosineDist,softmax,10997.200410000001,7
cross_scenario,k_medoids,419645993,13,5.67359e7,6.7648899,CosineDist,softmax,313571.837117,96
cross_scenario,k_medoids,772616242,13,4.5665e7,7.9136677,CosineDist,softmax,13145.339810999998,7
cross_scenario,k_medoids,1536731824,15,4.56629e7,7.2486565,CosineDist,softmax,10544.386319,7
cross_scenario,k_medoids,1944031661,15,4.5661e7,7.1232385,CosineDist,softmax,10380.545916000001,7
cross_scenario,k_medoids,195370354,15,5.72654e7,7.1795777,CosineDist,softmax,326110.942313,97
cross_scenario,k_medoids,2392820273,15,4.56711e7,6.2186435,CosineDist,softmax,10735.343373999998,7
cross_scenario,k_medoids,2931326369,15,4.56727e7,6.2665031,CosineDist,softmax,11937.092512000001,7
cross_scenario,k_medoids,3012361418,15,4.56729e7,5.8928889,CosineDist,softmax,10442.759844,7
cross_scenario,k_medoids,3763622817,15,4.56655e7,6.6066367,CosineDist,softmax,10465.011812,7
cross_scenario,k_medoids,3796973136,15,4.56828e7,6.2671898,CosineDist,softmax,11226.761333,7
cross_scenario,k_medoids,3815196410,15,4.56792e7,6.6842424,CosineDist,softmax,10917.415515999997,7
cross_scenario,k_medoids,604489562,15,4.56742e7,7.1106609,CosineDist,softmax,11416.675427000002,7
cross_scenario,k_medoids,1587347134,17,4.56676e7,7.1560721,CosineDist,softmax,10999.713877999999,7
cross_scenario,k_medoids,186564236,17,4.56719e7,6.9235546,CosineDist,softmax,9892.161658,7
cross_scenario,k_medoids,2166881926,17,4.56775e7,7.0622455,CosineDist,softmax,9834.913983,7
cross_scenario,k_medoids,2186186592,17,4.56676e7,6.6450838,CosineDist,softmax,10326.5467,7
cross_scenario,k_medoids,2238747886,17,4.67174e7,6.1973258,CosineDist,softmax,55075.841968,18
cross_scenario,k_medoids,224585247,17,5.67945e7,6.5408187,CosineDist,softmax,313969.6557940001,90
cross_scenario,k_medoids,2339120676,17,4.56701e7,6.7416673,CosineDist,softmax,10811.799876,7
cross_scenario,k_medoids,3093014142,17,4.56758e7,6.5931943,CosineDist,softmax,10840.536062000001,7
cross_scenario,k_medoids,3258302586,17,5.67431e7,6.5330105,CosineDist,softmax,313092.35489899997,88
cross_scenario,k_medoids,3629043986,17,4.56737e7,6.0536143,CosineDist,softmax,11826.143567,7
cross_scenario,k_medoids,1088367163,19,4.56668e7,6.3516755,CosineDist,softmax,10230.712068,7
cross_scenario,k_medoids,1245540782,19,4.56677e7,6.2264472,CosineDist,softmax,11586.875534,7
cross_scenario,k_medoids,2410109332,19,4.56705e7,6.675111,CosineDist,softmax,10917.415515999997,7
cross_scenario,k_medoids,2455416769,19,4.56727e7,6.2327672,CosineDist,softmax,10053.942723,7
cross_scenario,k_medoids,2591120440,19,4.56694e7,6.1967875,CosineDist,softmax,9647.326176,7
cross_scenario,k_medoids,2650271871,19,4.56719e7,6.1206396,CosineDist,softmax,10895.451024000002,7
cross_scenario,k_medoids,2789252227,19,4.56652e7,6.5481131,CosineDist,softmax,10417.626996,7
cross_scenario,k_medoids,3130995382,19,4.56709e7,6.2632558,CosineDist,softmax,9682.995633999999,7
cross_scenario,k_medoids,3357853995,19,4.56663e7,5.9442114,CosineDist,softmax,11760.119804,7
cross_scenario,k_medoids,824849990,19,4.56628e7,6.6828736,CosineDist,softmax,10379.356208000001,7
cross_scenario,k_medoids,1244389436,21,4.56627e7,6.046153,CosineDist,softmax,11144.546606,7
cross_scenario,k_medoids,1393653782,21,4.56701e7,6.2913409,CosineDist,softmax,11515.988699,7
cross_scenario,k_medoids,1761682951,21,4.56593e7,6.6196751,CosineDist,softmax,10854.561807,7
cross_scenario,k_medoids,196162340,21,4.56567e7,6.4318302,CosineDist,softmax,11535.922831,7
cross_scenario,k_medoids,1984034111,21,4.56606e7,7.7105307,CosineDist,softmax,11174.908590000001,7
cross_scenario,k_medoids,2569047889,21,4.56666e7,8.3445334,CosineDist,softmax,10277.034082,7
cross_scenario,k_medoids,3286463093,21,5.68571e7,6.8576258,CosineDist,softmax,315886.515966,93
cross_scenario,k_medoids,4196464565,21,4.56612e7,7.1341184,CosineDist,softmax,10520.560461,7
cross_scenario,k_medoids,744301781,21,4.66196e7,5.8677009,CosineDist,softmax,51676.08042400001,17
cross_scenario,k_medoids,760014603,21,4.56581e7,6.1638782,CosineDist,softmax,11142.22855,7
cross_scenario,k_medoids,2193967569,23,4.56607e7,5.806082,CosineDist,softmax,11203.999367,7
cross_scenario,k_medoids,2546464051,23,4.56839e7,5.9208551,CosineDist,softmax,10905.824239,7
cross_scenario,k_medoids,2938742229,23,4.56605e7,6.280352,CosineDist,softmax,11194.766504,7
cross_scenario,k_medoids,313447314,23,4.56594e7,5.498415,CosineDist,softmax,11221.340215,7
cross_scenario,k_medoids,3164855826,23,4.56587e7,5.9827523,CosineDist,softmax,11167.765041000002,7
cross_scenario,k_medoids,3173192974,23,4.56588e7,5.4352819,CosineDist,softmax,11461.160641,7
cross_scenario,k_medoids,3527549645,23,4.56649e7,5.3215371,CosineDist,softmax,11494.921562,7
cross_scenario,k_medoids,3913193451,23,4.56595e7,6.2284746,CosineDist,softmax,11371.677522000002,7
cross_scenario,k_medoids,714332685,23,4.56675e7,6.0405772,CosineDist,softmax,12853.108084000001,7
cross_scenario,k_medoids,890890131,23,4.56808e7,5.6414514,CosineDist,softmax,11377.135987,7
cross_scenario,k_medoids,1134130444,25,4.56633e7,5.8241283,CosineDist,softmax,12083.816530999999,7
cross_scenario,k_medoids,2658990538,25,4.56544e7,6.2762596,CosineDist,softmax,12246.949484,7
cross_scenario,k_medoids,2726541456,25,4.56603e7,5.7499676,CosineDist,softmax,10892.020081,7
cross_scenario,k_medoids,2894918851,25,4.56559e7,6.0246649,CosineDist,softmax,10944.206514000001,7
cross_scenario,k_medoids,3351175237,25,4.56567e7,5.2853232,CosineDist,softmax,11260.269462000002,7
cross_scenario,k_medoids,343301208,25,4.56564e7,6.2026578,CosineDist,softmax,10661.754520999999,7
cross_scenario,k_medoids,4135971217,25,4.56566e7,6.9662924,CosineDist,softmax,10901.332493,7
cross_scenario,k_medoids,4145110716,25,4.56619e7,6.4771584,CosineDist,softmax,10410.569706,7
cross_scenario,k_medoids,448376330,25,4.56599e7,5.4387384,CosineDist,softmax,11911.367960000001,7
cross_scenario,k_medoids,47449323,25,4.56632e7,6.0981014,CosineDist,softmax,11601.121833000001,7
cross_scenario,k_medoids,1161276258,27,4.56576e7,5.9575705,CosineDist,softmax,10647.531088,7
cross_scenario,k_medoids,1233541653,27,4.56546e7,5.778707,CosineDist,softmax,10733.193658999999,7
cross_scenario,k_medoids,1267936167,27,4.5663e7,5.5273168,CosineDist,softmax,10763.386007000001,7
cross_scenario,k_medoids,1653248667,27,4.56611e7,6.0701312,CosineDist,softmax,10338.333076,7
cross_scenario,k_medoids,2437521778,27,4.56584e7,5.4905172,CosineDist,softmax,11063.211542,7
cross_scenario,k_medoids,2524306086,27,4.56615e7,5.6633448,CosineDist,softmax,11163.534536000001,7
cross_scenario,k_medoids,2606414571,27,4.56581e7,5.5866447,CosineDist,softmax,10058.243071000003,7
cross_scenario,k_medoids,2821296471,27,4.56592e7,5.9500477,CosineDist,softmax,11038.104283,7
cross_scenario,k_medoids,3155655383,27,4.56634e7,5.7875035,CosineDist,softmax,10778.830709999998,7
cross_scenario,k_medoids,463779685,27,4.56587e7,5.4450015,CosineDist,softmax,11056.115289,7
cross_scenario,k_medoids,1113698075,29,4.56628e7,6.0889495,CosineDist,softmax,12645.405493,7
cross_scenario,k_medoids,1125327650,29,4.56588e7,5.4309688,CosineDist,softmax,11480.119664,7
cross_scenario,k_medoids,1398119942,29,4.56588e7,6.0212459,CosineDist,softmax,11755.710336999999,7
cross_scenario,k_medoids,1669407957,29,4.56565e7,5.9285117,CosineDist,softmax,10905.232417000001,7
cross_scenario,k_medoids,1792506398,29,4.56568e7,5.6492578,CosineDist,softmax,10517.302652000002,7
cross_scenario,k_medoids,2439649745,29,4.56542e7,6.0433033,CosineDist,softmax,11438.779293,7
cross_scenario,k_medoids,2730667678,29,4.56668e7,7.1155521,CosineDist,softmax,10336.387359,7
cross_scenario,k_medoids,2843080965,29,4.56684e7,10.2793127,CosineDist,softmax,10576.448946,7
cross_scenario,k_medoids,3434031776,29,4.56577e7,6.4005101,CosineDist,softmax,11418.141173,7
cross_scenario,k_medoids,950202798,29,4.56639e7,6.0266483,CosineDist,softmax,10785.936828999998,7
cross_scenario,k_medoids,1042382051,3,7.88511e7,5.7133648,CosineDist,softmax,910309.9743640001,302
cross_scenario,k_medoids,1617230705,3,1.03588e8,5.3071653,CosineDist,softmax,1.5471773555550007e6,493
cross_scenario,k_medoids,1690918982,3,7.85981e7,5.6989258,CosineDist,softmax,903862.323422,298
cross_scenario,k_medoids,2011904635,3,7.75838e7,5.5165979,CosineDist,softmax,876729.7098669999,274
cross_scenario,k_medoids,208019063,3,7.88511e7,5.9017584,CosineDist,softmax,910309.9743640001,302
cross_scenario,k_medoids,2175589206,3,7.85981e7,6.0751443,CosineDist,softmax,903862.323422,298
cross_scenario,k_medoids,2331872192,3,1.00574e8,5.4299387,CosineDist,softmax,1.44277182487e6,498
cross_scenario,k_medoids,2859914000,3,7.78756e7,5.7642447,CosineDist,softmax,884786.1107950001,286
cross_scenario,k_medoids,3409952330,3,1.03269e8,5.3431365,CosineDist,softmax,1.5406017463690003e6,504
cross_scenario,k_medoids,488813374,3,7.8836e7,6.0166777,CosineDist,softmax,908791.2566230001,305
cross_scenario,k_medoids,1349996306,31,4.56561e7,6.0607687,CosineDist,softmax,10749.608954,7
cross_scenario,k_medoids,1462714024,31,4.56543e7,6.8735571,CosineDist,softmax,11438.779293,7
cross_scenario,k_medoids,1579127763,31,4.56606e7,6.9386422,CosineDist,softmax,11000.973294,7
cross_scenario,k_medoids,1648351254,31,4.56576e7,6.4950917,CosineDist,softmax,11364.755991999999,7
cross_scenario,k_medoids,2030289235,31,4.56592e7,6.6399705,CosineDist,softmax,10889.383487,7
cross_scenario,k_medoids,2462588561,31,4.56561e7,5.8193286,CosineDist,softmax,11443.377273,7
cross_scenario,k_medoids,2929172095,31,4.56648e7,5.9436615,CosineDist,softmax,11777.529999,7
cross_scenario,k_medoids,2944528308,31,4.56541e7,7.2948265,CosineDist,softmax,11019.708675,7
cross_scenario,k_medoids,295145311,31,4.56543e7,6.8044386,CosineDist,softmax,11764.254619000001,7
cross_scenario,k_medoids,3899371692,31,4.56571e7,6.118455,CosineDist,softmax,11410.300025,7
cross_scenario,k_medoids,1038419084,33,4.56599e7,5.9787932,CosineDist,softmax,11031.283258,7
cross_scenario,k_medoids,1109759726,33,4.56594e7,6.0418606,CosineDist,softmax,10936.323817999999,7
cross_scenario,k_medoids,1963882461,33,4.56624e7,5.9417478,CosineDist,softmax,10407.792202,7
cross_scenario,k_medoids,1989163906,33,4.56567e7,5.8025744,CosineDist,softmax,11023.070552000001,7
cross_scenario,k_medoids,2479233904,33,4.56569e7,6.1394763,CosineDist,softmax,11136.327977,7
cross_scenario,k_medoids,2497612078,33,4.5657e7,6.2162579,CosineDist,softmax,11377.135987,7
cross_scenario,k_medoids,3214090957,33,4.56556e7,6.1664419,CosineDist,softmax,11306.668013,7
cross_scenario,k_medoids,3465092140,33,4.56597e7,6.4895209,CosineDist,softmax,11269.410446,7
cross_scenario,k_medoids,4061834237,33,4.56655e7,5.9282159,CosineDist,softmax,10521.88128,7
cross_scenario,k_medoids,52313467,33,4.56561e7,5.5659012,CosineDist,softmax,10886.067203999999,7
cross_scenario,k_medoids,1208640119,35,4.5656e7,6.3063542,CosineDist,softmax,11247.923662,7
cross_scenario,k_medoids,1428058240,35,4.56689e7,5.9196704,CosineDist,softmax,12291.482525,7
cross_scenario,k_medoids,15941194,35,4.56615e7,5.7462483,CosineDist,softmax,10577.362389000002,7
cross_scenario,k_medoids,2213813141,35,4.56576e7,5.4517249,CosineDist,softmax,11200.229424000001,7
cross_scenario,k_medoids,2291375163,35,4.56599e7,6.6958819,CosineDist,softmax,11345.699757,7
cross_scenario,k_medoids,236500538,35,4.56609e7,5.5846338,CosineDist,softmax,11106.527990999999,7
cross_scenario,k_medoids,252145784,35,4.56565e7,6.0760481,CosineDist,softmax,10730.449167,7
cross_scenario,k_medoids,2544196106,35,4.56581e7,5.747295,CosineDist,softmax,11536.009164,7
cross_scenario,k_medoids,2745802022,35,4.56555e7,5.5597478,CosineDist,softmax,11085.974457,7
cross_scenario,k_medoids,3596893902,35,4.56577e7,6.1759219,CosineDist,softmax,10829.971372999998,7
cross_scenario,k_medoids,1380354363,37,4.56579e7,5.6146353,CosineDist,softmax,11358.572364000001,7
cross_scenario,k_medoids,3048518942,37,4.56588e7,5.9905143,CosineDist,softmax,12122.728298000002,7
cross_scenario,k_medoids,3182806193,37,4.56672e7,5.4757143,CosineDist,softmax,11987.710635,7
cross_scenario,k_medoids,3244629827,37,4.56584e7,6.0872904,CosineDist,softmax,11000.877652,7
cross_scenario,k_medoids,3452769998,37,4.56582e7,5.6709072,CosineDist,softmax,11076.93496,7
cross_scenario,k_medoids,4262333788,37,4.56623e7,6.5267127,CosineDist,softmax,11457.091277,7
cross_scenario,k_medoids,45994245,37,4.56629e7,5.8975152,CosineDist,softmax,10696.922039000001,7
cross_scenario,k_medoids,67569244,37,4.56562e7,5.9875958,CosineDist,softmax,10968.685876000001,7
cross_scenario,k_medoids,814300562,37,4.56654e7,5.3458724,CosineDist,softmax,12014.407683000001,7
cross_scenario,k_medoids,870981686,37,4.56577e7,6.1415424,CosineDist,softmax,11740.430910000001,7
cross_scenario,k_medoids,1129760376,39,4.56591e7,5.4967537,CosineDist,softmax,13028.651736,7
cross_scenario,k_medoids,148104383,39,4.56552e7,6.3527304,CosineDist,softmax,12008.47117,7
cross_scenario,k_medoids,1655289285,39,4.5655e7,6.0155706,CosineDist,softmax,11688.473446,7
cross_scenario,k_medoids,1845695973,39,4.566e7,6.0480552,CosineDist,softmax,11287.651936,7
cross_scenario,k_medoids,2121257682,39,4.56608e7,5.7087947,CosineDist,softmax,10453.738556,7
cross_scenario,k_medoids,2943233938,39,4.56549e7,5.6208381,CosineDist,softmax,11007.710778,7
cross_scenario,k_medoids,3030918353,39,4.56543e7,6.1695642,CosineDist,softmax,12015.278716,7
cross_scenario,k_medoids,3096268031,39,4.56667e7,5.7901011,CosineDist,softmax,11339.885817,7
cross_scenario,k_medoids,3338611973,39,4.56676e7,5.6592824,CosineDist,softmax,11628.589198000001,7
cross_scenario,k_medoids,662283236,39,4.566e7,5.9493545,CosineDist,softmax,12195.951820999999,7
cross_scenario,k_medoids,1005104349,41,4.56629e7,5.336401,CosineDist,softmax,11786.754981,7
cross_scenario,k_medoids,1534696584,41,4.56576e7,6.6689138,CosineDist,softmax,11993.459275999998,7
cross_scenario,k_medoids,225016911,41,4.56599e7,5.6648878,CosineDist,softmax,11459.200839000001,7
cross_scenario,k_medoids,2317592996,41,4.56564e7,6.2296287,CosineDist,softmax,12496.058437,7
cross_scenario,k_medoids,2716090479,41,4.56572e7,6.3154739,CosineDist,softmax,11378.940084000002,7
cross_scenario,k_medoids,3258958499,41,4.56551e7,5.7798931,CosineDist,softmax,11464.947607999999,7
cross_scenario,k_medoids,329433595,41,4.56596e7,6.1507457,CosineDist,softmax,11474.336964999999,7
cross_scenario,k_medoids,3444774395,41,4.56615e7,5.9780144,CosineDist,softmax,11700.896826,7
cross_scenario,k_medoids,438234340,41,4.56577e7,5.7046743,CosineDist,softmax,11987.198697,7
cross_scenario,k_medoids,953901905,41,4.56604e7,6.4455267,CosineDist,softmax,11794.962430999998,7
cross_scenario,k_medoids,1660595499,5,4.68672e7,6.0993767,CosineDist,softmax,58838.596376,21
cross_scenario,k_medoids,1714105051,5,1.50301e8,6.0643142,CosineDist,softmax,2.726063584221001e6,911
cross_scenario,k_medoids,2169593505,5,7.8717e7,5.813205,CosineDist,softmax,886102.2840549999,325
cross_scenario,k_medoids,2538991366,5,5.77808e7,6.1416477,CosineDist,softmax,359504.340184,135
cross_scenario,k_medoids,2909674750,5,6.09994e7,5.9715632,CosineDist,softmax,445527.9082199999,150
cross_scenario,k_medoids,3018546641,5,6.32138e7,6.2873518,CosineDist,softmax,481484.497593,142
cross_scenario,k_medoids,3634057553,5,7.08131e7,5.859641,CosineDist,softmax,682926.1954,222
cross_scenario,k_medoids,4139823947,5,7.17911e7,6.109647,CosineDist,softmax,727722.703268,248
cross_scenario,k_medoids,4197766176,5,6.22282e7,6.4919152,CosineDist,softmax,477660.172846,139
cross_scenario,k_medoids,5947179,5,7.45651e7,5.8953818,CosineDist,softmax,799163.8429289999,286
cross_scenario,k_medoids,1006581332,7,6.11919e7,6.1707931,CosineDist,softmax,449717.9794650001,126
cross_scenario,k_medoids,1176932870,7,5.74926e7,5.9420409,CosineDist,softmax,350953.01154900005,103
cross_scenario,k_medoids,1821427372,7,4.68807e7,6.0340764,CosineDist,softmax,58838.596376,21
cross_scenario,k_medoids,2689963385,7,4.68437e7,5.8354148,CosineDist,softmax,58838.596376,21
cross_scenario,k_medoids,2751971336,7,7.12571e7,6.2864332,CosineDist,softmax,694560.862518,217
cross_scenario,k_medoids,3385142830,7,4.56949e7,6.0275697,CosineDist,softmax,10823.140767,7
cross_scenario,k_medoids,3409620994,7,6.23411e7,6.1157962,CosineDist,softmax,480437.027373,138
cross_scenario,k_medoids,447101461,7,6.03815e7,6.5963811,CosineDist,softmax,427860.302565,105
cross_scenario,k_medoids,468006976,7,5.58108e7,6.1857478,CosineDist,softmax,306435.01214400004,103
cross_scenario,k_medoids,880982686,7,5.78603e7,5.6692805,CosineDist,softmax,360284.46634399996,98
cross_scenario,k_medoids,1130292821,9,6.0157e7,6.986641,CosineDist,softmax,404620.6267699999,111
cross_scenario,k_medoids,1392296365,9,5.72652e7,5.5748766,CosineDist,softmax,326500.17412899993,90
cross_scenario,k_medoids,2814468992,9,7.49508e7,6.4231854,CosineDist,softmax,806902.8157700001,222
cross_scenario,k_medoids,3044209910,9,5.71868e7,5.6290938,CosineDist,softmax,323114.595967,87
cross_scenario,k_medoids,3261319673,9,4.66228e7,6.3428675,CosineDist,softmax,51676.08042400001,17
cross_scenario,k_medoids,3543870990,9,6.12832e7,6.5028434,CosineDist,softmax,432012.4018639999,110
cross_scenario,k_medoids,3602499071,9,5.75518e7,5.1736639,CosineDist,softmax,351008.859304,91
cross_scenario,k_medoids,3926221275,9,4.66087e7,6.7967029,CosineDist,softmax,51676.08042400001,17
cross_scenario,k_medoids,42413356,9,7.58107e7,6.9256697,CosineDist,softmax,810961.3244530001,238
cross_scenario,k_medoids,697383862,9,4.68716e7,6.8083383,CosineDist,softmax,58838.596376,21
cross_scenario,k_medoids,1355586937,11,5.74917e7,6.6434146,SqEuclidean,softmax,350606.18275700003,101
cross_scenario,k_medoids,1768760743,11,5.71512e7,6.572713,SqEuclidean,softmax,341336.86689,88
cross_scenario,k_medoids,2652796558,11,4.5676e7,6.8996843,SqEuclidean,softmax,10074.707787000001,7
cross_scenario,k_medoids,3000698040,11,4.66471e7,7.2586426,SqEuclidean,softmax,51676.08042400001,17
cross_scenario,k_medoids,3160233726,11,5.67568e7,6.5595367,SqEuclidean,softmax,314086.49095099996,93
cross_scenario,k_medoids,3479820580,11,7.68265e7,6.6121892,SqEuclidean,softmax,835852.7907689998,239
cross_scenario,k_medoids,3649546841,11,4.66091e7,7.1452825,SqEuclidean,softmax,51676.08042400001,17
cross_scenario,k_medoids,4031091536,11,4.56945e7,6.86348,SqEuclidean,softmax,10429.878558999999,7
cross_scenario,k_medoids,675182737,11,4.66167e7,7.0299376,SqEuclidean,softmax,51676.08042400001,17
cross_scenario,k_medoids,722170199,11,4.66058e7,6.6371772,SqEuclidean,softmax,51676.08042400001,17
cross_scenario,k_medoids,1020330993,13,6.00196e7,7.1803101,SqEuclidean,softmax,400877.5640760001,119
cross_scenario,k_medoids,1241334511,13,4.5654e7,6.5149482,SqEuclidean,softmax,10969.781979000001,7
cross_scenario,k_medoids,1561739573,13,4.6628e7,6.7236559,SqEuclidean,softmax,51676.08042400001,17
cross_scenario,k_medoids,2082789969,13,4.56729e7,7.1394468,SqEuclidean,softmax,10088.573207,7
cross_scenario,k_medoids,2422820678,13,5.73336e7,6.8140483,SqEuclidean,softmax,345846.9166120001,96
cross_scenario,k_medoids,373102896,13,4.66032e7,7.1856411,SqEuclidean,softmax,51676.08042400001,17
cross_scenario,k_medoids,3777256655,13,4.56753e7,6.8719378,SqEuclidean,softmax,10885.028855,7
cross_scenario,k_medoids,4101453586,13,4.56657e7,6.5702446,SqEuclidean,softmax,11524.51317,7
cross_scenario,k_medoids,419645993,13,5.73075e7,6.4191346,SqEuclidean,softmax,327731.001806,97
cross_scenario,k_medoids,772616242,13,4.56587e7,6.6100637,SqEuclidean,softmax,10364.764471000002,7
cross_scenario,k_medoids,1536731824,15,5.65121e7,6.8175841,SqEuclidean,softmax,307031.353685,90
cross_scenario,k_medoids,1944031661,15,4.56641e7,6.9518947,SqEuclidean,softmax,11381.849569,7
cross_scenario,k_medoids,195370354,15,5.65049e7,6.5379236,SqEuclidean,softmax,306666.620578,86
cross_scenario,k_medoids,2392820273,15,4.6609e7,6.5065411,SqEuclidean,softmax,51676.08042400001,17
cross_scenario,k_medoids,2931326369,15,4.56612e7,7.2676119,SqEuclidean,softmax,10476.308338,7
cross_scenario,k_medoids,3012361418,15,4.56657e7,7.010461,SqEuclidean,softmax,10362.355243999998,7
cross_scenario,k_medoids,3763622817,15,4.56603e7,6.515943,SqEuclidean,softmax,11431.716897,7
cross_scenario,k_medoids,3796973136,15,5.64062e7,6.9129696,SqEuclidean,softmax,304194.0504240001,92
cross_scenario,k_medoids,3815196410,15,4.56563e7,7.3043904,SqEuclidean,softmax,10633.083344,7
cross_scenario,k_medoids,604489562,15,4.56667e7,6.5683918,SqEuclidean,softmax,10468.580073000001,7
cross_scenario,k_medoids,1587347134,17,4.56685e7,7.3569716,SqEuclidean,softmax,9794.640041,7
cross_scenario,k_medoids,186564236,17,5.69951e7,7.0185901,SqEuclidean,softmax,318972.8547919999,90
cross_scenario,k_medoids,2166881926,17,5.722e7,7.2209585,SqEuclidean,softmax,325268.22612800007,97
cross_scenario,k_medoids,2186186592,17,4.56599e7,7.3119978,SqEuclidean,softmax,10022.760357000001,7
cross_scenario,k_medoids,2238747886,17,5.72814e7,7.0637183,SqEuclidean,softmax,327166.547663,91
cross_scenario,k_medoids,224585247,17,5.66586e7,6.8707023,SqEuclidean,softmax,311200.953819,87
cross_scenario,k_medoids,2339120676,17,4.56677e7,6.752437,SqEuclidean,softmax,10304.572181000003,7
cross_scenario,k_medoids,3093014142,17,4.56643e7,7.5040909,SqEuclidean,softmax,12768.186812,7
cross_scenario,k_medoids,3258302586,17,5.68838e7,6.9692518,SqEuclidean,softmax,316449.49645200005,97
cross_scenario,k_medoids,3629043986,17,4.56643e7,6.542421,SqEuclidean,softmax,10512.032873,7
cross_scenario,k_medoids,1088367163,19,5.62155e7,6.9956192,SqEuclidean,softmax,299808.99314000004,90
cross_scenario,k_medoids,1245540782,19,4.56632e7,6.8299017,SqEuclidean,softmax,10452.605637,7
cross_scenario,k_medoids,2410109332,19,4.56562e7,7.1218616,SqEuclidean,softmax,10885.752235,7
cross_scenario,k_medoids,2455416769,19,4.56642e7,6.487034,SqEuclidean,softmax,11858.421796999999,7
cross_scenario,k_medoids,2591120440,19,4.56637e7,7.0261506,SqEuclidean,softmax,9797.191321,7
cross_scenario,k_medoids,2650271871,19,4.56576e7,6.8744534,SqEuclidean,softmax,11024.944680999999,7
cross_scenario,k_medoids,2789252227,19,4.56717e7,7.2056867,SqEuclidean,softmax,10113.805626000001,7
cross_scenario,k_medoids,3130995382,19,4.56577e7,6.7687816,SqEuclidean,softmax,10837.810469,7
cross_scenario,k_medoids,3357853995,19,4.56659e7,6.6466024,SqEuclidean,softmax,10351.009438000001,7
cross_scenario,k_medoids,824849990,19,4.56566e7,6.6187342,SqEuclidean,softmax,11479.68039,7
cross_scenario,k_medoids,1244389436,21,5.73577e7,6.6033708,SqEuclidean,softmax,329182.226716,99
cross_scenario,k_medoids,1393653782,21,4.56572e7,7.2488797,SqEuclidean,softmax,10799.078238,7
cross_scenario,k_medoids,1761682951,21,4.56573e7,6.5772041,SqEuclidean,softmax,10506.438300000002,7
cross_scenario,k_medoids,196162340,21,4.56586e7,7.15686,SqEuclidean,softmax,11335.064874999998,7
cross_scenario,k_medoids,1984034111,21,5.73318e7,7.2069132,SqEuclidean,softmax,328533.705569,100
cross_scenario,k_medoids,2569047889,21,4.5661e7,7.1571055,SqEuclidean,softmax,9976.330127000001,7
cross_scenario,k_medoids,3286463093,21,5.72564e7,6.6914633,SqEuclidean,softmax,326554.325868,94
cross_scenario,k_medoids,4196464565,21,4.56746e7,7.2915113,SqEuclidean,softmax,11570.890602,7
cross_scenario,k_medoids,744301781,21,5.69859e7,6.4622498,SqEuclidean,softmax,337069.203182,84
cross_scenario,k_medoids,760014603,21,4.5661e7,6.9196994,SqEuclidean,softmax,11784.385789,7
cross_scenario,k_medoids,2193967569,23,4.56542e7,6.9817703,SqEuclidean,softmax,11212.953366000002,7
cross_scenario,k_medoids,2546464051,23,4.56705e7,6.6448641,SqEuclidean,softmax,10883.817754000002,7
cross_scenario,k_medoids,2938742229,23,4.56634e7,7.277511,SqEuclidean,softmax,10287.578961,7
cross_scenario,k_medoids,313447314,23,4.56617e7,6.9548126,SqEuclidean,softmax,10695.29166,7
cross_scenario,k_medoids,3164855826,23,4.56607e7,7.4677105,SqEuclidean,softmax,10570.490027,7
cross_scenario,k_medoids,3173192974,23,4.56561e7,7.1240747,SqEuclidean,softmax,10831.158095,7
cross_scenario,k_medoids,3527549645,23,4.56667e7,7.1765951,SqEuclidean,softmax,9769.087972000001,7
cross_scenario,k_medoids,3913193451,23,4.5659e7,6.9961865,SqEuclidean,softmax,10488.835138999999,7
cross_scenario,k_medoids,714332685,23,4.56604e7,6.8189837,SqEuclidean,softmax,11575.948466,7
cross_scenario,k_medoids,890890131,23,4.56637e7,6.9415118,SqEuclidean,softmax,11209.061081,7
cross_scenario,k_medoids,1134130444,25,4.56592e7,6.7672736,SqEuclidean,softmax,10835.676225,7
cross_scenario,k_medoids,2658990538,25,4.5669e7,7.1258005,SqEuclidean,softmax,9786.264654,7
cross_scenario,k_medoids,2726541456,25,4.56564e7,6.5146327,SqEuclidean,softmax,10726.763359999999,7
cross_scenario,k_medoids,2894918851,25,4.56575e7,7.2335713,SqEuclidean,softmax,10845.185668999999,7
cross_scenario,k_medoids,3351175237,25,4.56801e7,6.4623476,SqEuclidean,softmax,10599.919863999998,7
cross_scenario,k_medoids,343301208,25,4.56576e7,7.4013646,SqEuclidean,softmax,11420.710669999999,7
cross_scenario,k_medoids,4135971217,25,4.56615e7,7.1698565,SqEuclidean,softmax,11251.937230999998,7
cross_scenario,k_medoids,4145110716,25,4.56594e7,6.6817514,SqEuclidean,softmax,10297.812896000001,7
cross_scenario,k_medoids,448376330,25,4.56629e7,6.6713042,SqEuclidean,softmax,10329.502411,7
cross_scenario,k_medoids,47449323,25,4.5666e7,7.8562026,SqEuclidean,softmax,11331.876210999999,7
cross_scenario,k_medoids,1161276258,27,4.56659e7,6.91055,SqEuclidean,softmax,11304.055023,7
cross_scenario,k_medoids,1233541653,27,4.56631e7,7.0358002,SqEuclidean,softmax,10822.660857000003,7
cross_scenario,k_medoids,1267936167,27,4.56632e7,6.6376315,SqEuclidean,softmax,11466.880490999998,7
cross_scenario,k_medoids,1653248667,27,4.56567e7,7.376145,SqEuclidean,softmax,10516.805492,7
cross_scenario,k_medoids,2437521778,27,4.56662e7,7.5601351,SqEuclidean,softmax,11199.383691000003,7
cross_scenario,k_medoids,2524306086,27,4.56569e7,6.3253485,SqEuclidean,softmax,10847.227727000001,7
cross_scenario,k_medoids,2606414571,27,4.56595e7,6.9307403,SqEuclidean,softmax,11248.459739,7
cross_scenario,k_medoids,2821296471,27,4.5662e7,6.1557929,SqEuclidean,softmax,10403.314591,7
cross_scenario,k_medoids,3155655383,27,4.56579e7,7.7099545,SqEuclidean,softmax,10580.628886999999,7
cross_scenario,k_medoids,463779685,27,4.56553e7,7.5298137,SqEuclidean,softmax,10596.673341,7
cross_scenario,k_medoids,1113698075,29,4.56618e7,7.692942,SqEuclidean,softmax,10648.464665,7
cross_scenario,k_medoids,1125327650,29,4.56724e7,7.3804319,SqEuclidean,softmax,11066.965291000002,7
cross_scenario,k_medoids,1398119942,29,4.56591e7,7.9991435,SqEuclidean,softmax,10687.877154,7
cross_scenario,k_medoids,1669407957,29,4.56696e7,7.2320501,SqEuclidean,softmax,10068.678193,7
cross_scenario,k_medoids,1792506398,29,4.56574e7,6.8588348,SqEuclidean,softmax,10500.755392000001,7
cross_scenario,k_medoids,2439649745,29,4.56592e7,6.9915374,SqEuclidean,softmax,10892.562461000001,7
cross_scenario,k_medoids,2730667678,29,4.56594e7,7.2498728,SqEuclidean,softmax,10559.822025,7
cross_scenario,k_medoids,2843080965,29,4.56573e7,6.8937998,SqEuclidean,softmax,10281.024173999998,7
cross_scenario,k_medoids,3434031776,29,4.56654e7,6.8125526,SqEuclidean,softmax,11020.596057,7
cross_scenario,k_medoids,950202798,29,4.56641e7,7.0550939,SqEuclidean,softmax,11786.629114000001,7
cross_scenario,k_medoids,1042382051,3,1.21228e8,6.5852692,SqEuclidean,softmax,2.0050982384349997e6,674
cross_scenario,k_medoids,1617230705,3,1.86204e8,7.2453226,SqEuclidean,softmax,3.6718785666300002e6,1475
cross_scenario,k_medoids,1690918982,3,8.17185e7,6.9279361,SqEuclidean,softmax,985211.1976800001,444
cross_scenario,k_medoids,2011904635,3,7.87885e7,7.5083753,SqEuclidean,softmax,908726.3214490003,331
cross_scenario,k_medoids,208019063,3,9.16072e7,7.2104516,SqEuclidean,softmax,1.241829278977e6,437
cross_scenario,k_medoids,2175589206,3,9.7247e7,6.3969761,SqEuclidean,softmax,1.3862283929040001e6,445
cross_scenario,k_medoids,2331872192,3,1.33064e8,6.9828149,SqEuclidean,softmax,2.3080449818590004e6,791
cross_scenario,k_medoids,2859914000,3,8.17185e7,7.3211036,SqEuclidean,softmax,985211.1976800001,444
cross_scenario,k_medoids,3409952330,3,1.4598e8,6.6093846,SqEuclidean,softmax,2.6387490103960005e6,819
cross_scenario,k_medoids,488813374,3,9.7247e7,7.4767814,SqEuclidean,softmax,1.3862283929040001e6,445
cross_scenario,k_medoids,1349996306,31,4.56608e7,7.3981403,SqEuclidean,softmax,10396.801839,7
cross_scenario,k_medoids,1462714024,31,4.56579e7,7.9157731,SqEuclidean,softmax,10902.536174,7
cross_scenario,k_medoids,1579127763,31,4.56551e7,7.2966721,SqEuclidean,softmax,11167.704780000002,7
cross_scenario,k_medoids,1648351254,31,4.56646e7,7.9141811,SqEuclidean,softmax,11331.974033999999,7
cross_scenario,k_medoids,2030289235,31,4.5661e7,7.2283228,SqEuclidean,softmax,11010.425087999998,7
cross_scenario,k_medoids,2462588561,31,4.56646e7,7.8083735,SqEuclidean,softmax,10417.145824,7
cross_scenario,k_medoids,2929172095,31,4.56583e7,6.6498901,SqEuclidean,softmax,10893.722359,7
cross_scenario,k_medoids,2944528308,31,4.56616e7,7.6572246,SqEuclidean,softmax,10681.621458,7
cross_scenario,k_medoids,295145311,31,4.56568e7,7.7775903,SqEuclidean,softmax,10554.386687999999,7
cross_scenario,k_medoids,3899371692,31,4.56655e7,7.2738881,SqEuclidean,softmax,11537.659476,7
cross_scenario,k_medoids,1038419084,33,4.56629e7,7.7532797,SqEuclidean,softmax,10005.984972999999,7
cross_scenario,k_medoids,1109759726,33,4.56618e7,7.28695,SqEuclidean,softmax,11529.555669,7
cross_scenario,k_medoids,1963882461,33,4.56533e7,6.6204859,SqEuclidean,softmax,10878.418187000001,7
cross_scenario,k_medoids,1989163906,33,4.56583e7,7.3750958,SqEuclidean,softmax,11017.521324,7
cross_scenario,k_medoids,2479233904,33,4.56571e7,8.3325299,SqEuclidean,softmax,10931.577646999998,7
cross_scenario,k_medoids,2497612078,33,4.56632e7,6.8559954,SqEuclidean,softmax,10283.329726999998,7
cross_scenario,k_medoids,3214090957,33,4.5656e7,6.7218684,SqEuclidean,softmax,11057.674314,7
cross_scenario,k_medoids,3465092140,33,4.56548e7,6.2281369,SqEuclidean,softmax,11115.802278,7
cross_scenario,k_medoids,4061834237,33,4.56543e7,6.869396,SqEuclidean,softmax,11322.715714000002,7
cross_scenario,k_medoids,52313467,33,4.5662e7,6.3929185,SqEuclidean,softmax,10869.576138,7
cross_scenario,k_medoids,1208640119,35,4.56538e7,6.2319586,SqEuclidean,softmax,11266.100906999998,7
cross_scenario,k_medoids,1428058240,35,4.56625e7,6.3193837,SqEuclidean,softmax,11124.382601,7
cross_scenario,k_medoids,15941194,35,4.56554e7,7.0641246,SqEuclidean,softmax,11799.345108,7
cross_scenario,k_medoids,2213813141,35,4.56553e7,6.0409248,SqEuclidean,softmax,10964.557473,7
cross_scenario,k_medoids,2291375163,35,4.56548e7,6.3652615,SqEuclidean,softmax,11127.470188000001,7
cross_scenario,k_medoids,236500538,35,4.56567e7,6.3438369,SqEuclidean,softmax,11310.172143,7
cross_scenario,k_medoids,252145784,35,4.56548e7,6.4731479,SqEuclidean,softmax,11173.356351999999,7
cross_scenario,k_medoids,2544196106,35,4.56577e7,6.0494311,SqEuclidean,softmax,10772.578206999999,7
cross_scenario,k_medoids,2745802022,35,4.56595e7,6.4537565,SqEuclidean,softmax,10685.294147,7
cross_scenario,k_medoids,3596893902,35,4.56571e7,6.5527489,SqEuclidean,softmax,11736.683979999998,7
cross_scenario,k_medoids,1380354363,37,4.56566e7,6.8539213,SqEuclidean,softmax,10792.091927,7
cross_scenario,k_medoids,3048518942,37,4.56567e7,6.38985,SqEuclidean,softmax,11130.923784999999,7
cross_scenario,k_medoids,3182806193,37,4.56551e7,6.7656959,SqEuclidean,softmax,11035.920201,7
cross_scenario,k_medoids,3244629827,37,4.56571e7,6.3886638,SqEuclidean,softmax,11317.803055,7
cross_scenario,k_medoids,3452769998,37,4.56569e7,6.5958284,SqEuclidean,softmax,10499.455108,7
cross_scenario,k_medoids,4262333788,37,4.56587e7,6.0815426,SqEuclidean,softmax,10833.498151,7
cross_scenario,k_medoids,45994245,37,4.56553e7,6.4855056,SqEuclidean,softmax,10842.874561,7
cross_scenario,k_medoids,67569244,37,4.56581e7,6.6260065,SqEuclidean,softmax,10480.927779,7
cross_scenario,k_medoids,814300562,37,4.56576e7,6.5099874,SqEuclidean,softmax,11225.557015,7
cross_scenario,k_medoids,870981686,37,4.56621e7,6.3170817,SqEuclidean,softmax,11289.483117000002,7
cross_scenario,k_medoids,1129760376,39,4.5655e7,6.6716802,SqEuclidean,softmax,11540.531054000001,7
cross_scenario,k_medoids,148104383,39,4.56553e7,6.2107045,SqEuclidean,softmax,11497.238259,7
cross_scenario,k_medoids,1655289285,39,4.56564e7,6.3011461,SqEuclidean,softmax,11029.889843999998,7
cross_scenario,k_medoids,1845695973,39,4.56577e7,6.7890782,SqEuclidean,softmax,11870.999082999999,7
cross_scenario,k_medoids,2121257682,39,4.56563e7,6.1491516,SqEuclidean,softmax,10543.997217,7
cross_scenario,k_medoids,2943233938,39,4.56625e7,6.8136222,SqEuclidean,softmax,11172.371065,7
cross_scenario,k_medoids,3030918353,39,4.56589e7,6.6838716,SqEuclidean,softmax,10835.471279000001,7
cross_scenario,k_medoids,3096268031,39,4.56586e7,6.6201468,SqEuclidean,softmax,10879.17719,7
cross_scenario,k_medoids,3338611973,39,4.56558e7,6.4899986,SqEuclidean,softmax,11786.839324,7
cross_scenario,k_medoids,662283236,39,4.56564e7,6.7557907,SqEuclidean,softmax,11457.638991,7
cross_scenario,k_medoids,1005104349,41,4.56566e7,6.6777431,SqEuclidean,softmax,11414.048004,7
cross_scenario,k_medoids,1534696584,41,4.56583e7,6.160237,SqEuclidean,softmax,11139.217733,7
cross_scenario,k_medoids,225016911,41,4.56549e7,6.7445779,SqEuclidean,softmax,11283.141705,7
cross_scenario,k_medoids,2317592996,41,4.56554e7,6.8591138,SqEuclidean,softmax,11688.473446,7
cross_scenario,k_medoids,2716090479,41,4.56588e7,6.7538872,SqEuclidean,softmax,11314.480951000001,7
cross_scenario,k_medoids,3258958499,41,4.56602e7,6.3784147,SqEuclidean,softmax,11039.810114,7
cross_scenario,k_medoids,329433595,41,4.56557e7,6.2554485,SqEuclidean,softmax,10870.334266,7
cross_scenario,k_medoids,3444774395,41,4.56563e7,6.6266604,SqEuclidean,softmax,11079.955527,7
cross_scenario,k_medoids,438234340,41,4.56608e7,7.0087835,SqEuclidean,softmax,10972.106335,7
cross_scenario,k_medoids,953901905,41,4.56585e7,7.0043261,SqEuclidean,softmax,11705.904110999998,7
cross_scenario,k_medoids,1660595499,5,8.20574e7,6.9395855,SqEuclidean,softmax,993464.9804189999,339
cross_scenario,k_medoids,1714105051,5,4.57124e7,6.4877457,SqEuclidean,softmax,7459.600168,7
cross_scenario,k_medoids,2169593505,5,1.06586e8,7.0656786,SqEuclidean,softmax,1.604408552098e6,558
cross_scenario,k_medoids,2538991366,5,6.13399e7,6.2408268,SqEuclidean,softmax,453764.47212900006,141
cross_scenario,k_medoids,2909674750,5,8.34784e7,6.4188865,SqEuclidean,softmax,1.029443719598e6,324
cross_scenario,k_medoids,3018546641,5,7.95023e7,6.2714936,SqEuclidean,softmax,926811.862908,342
cross_scenario,k_medoids,3634057553,5,7.4257e7,6.633612,SqEuclidean,softmax,791993.712027,275
cross_scenario,k_medoids,4139823947,5,7.18242e7,6.4333745,SqEuclidean,softmax,728292.856204,242
cross_scenario,k_medoids,4197766176,5,8.14774e7,6.8677639,SqEuclidean,softmax,977355.9908739999,312
cross_scenario,k_medoids,5947179,5,6.21568e7,5.8463543,SqEuclidean,softmax,475908.97006900003,132
cross_scenario,k_medoids,1006581332,7,7.1475e7,5.6596315,SqEuclidean,softmax,718121.9180429997,217
cross_scenario,k_medoids,1176932870,7,6.06128e7,6.9098588,SqEuclidean,softmax,433687.342451,106
cross_scenario,k_medoids,1821427372,7,7.14312e7,6.6450665,SqEuclidean,softmax,699774.260271,236
cross_scenario,k_medoids,2689963385,7,5.96291e7,6.3781594,SqEuclidean,softmax,391032.2253960001,107
cross_scenario,k_medoids,2751971336,7,7.14843e7,5.9285811,SqEuclidean,softmax,700474.8538230001,239
cross_scenario,k_medoids,3385142830,7,7.45094e7,6.5304341,SqEuclidean,softmax,795398.944631,231
cross_scenario,k_medoids,3409620994,7,6.13329e7,6.3677251,SqEuclidean,softmax,453188.22831100004,123
cross_scenario,k_medoids,447101461,7,6.11522e7,5.7940396,SqEuclidean,softmax,448474.67017999984,111
cross_scenario,k_medoids,468006976,7,5.8489e7,6.3869488,SqEuclidean,softmax,377768.314072,134
cross_scenario,k_medoids,880982686,7,7.20691e7,6.1929801,SqEuclidean,softmax,735084.3770549998,209
cross_scenario,k_medoids,1130292821,9,6.05469e7,6.3439065,SqEuclidean,softmax,432204.883297,105
cross_scenario,k_medoids,1392296365,9,7.64995e7,5.8855933,SqEuclidean,softmax,827726.5444659998,257
cross_scenario,k_medoids,2814468992,9,5.7468e7,6.6078405,SqEuclidean,softmax,349154.02288500004,99
cross_scenario,k_medoids,3044209910,9,5.64493e7,6.3592191,SqEuclidean,softmax,304260.95599399996,94
cross_scenario,k_medoids,3261319673,9,4.56956e7,6.5518466,SqEuclidean,softmax,10454.141824,7
cross_scenario,k_medoids,3543870990,9,4.66073e7,6.8186469,SqEuclidean,softmax,51676.08042400001,17
cross_scenario,k_medoids,3602499071,9,4.66461e7,6.3495291,SqEuclidean,softmax,51676.08042400001,17
cross_scenario,k_medoids,3926221275,9,4.66319e7,6.4032771,SqEuclidean,softmax,51676.08042400001,17
cross_scenario,k_medoids,42413356,9,6.08214e7,6.2211433,SqEuclidean,softmax,438812.90728999994,103
cross_scenario,k_medoids,697383862,9,4.66073e7,6.4420414,SqEuclidean,softmax,51676.08042400001,17
cross_scenario,k_means,1355586937,11,5.70626e7,6.3485596,CosineDist,softmax,338081.16732999997,83
cross_scenario,k_means,1768760743,11,5.66941e7,6.4981409,CosineDist,softmax,328645.26970500004,94
cross_scenario,k_means,2652796558,11,4.56625e7,6.1529661,CosineDist,softmax,11389.484946,7
cross_scenario,k_means,3000698040,11,4.56701e7,6.6131422,CosineDist,softmax,11794.093959000002,7
cross_scenario,k_means,3160233726,11,5.67826e7,6.1048144,CosineDist,softmax,313968.22782699997,89
cross_scenario,k_means,3479820580,11,6.23109e7,6.3226283,CosineDist,softmax,461008.74110399996,130
cross_scenario,k_means,3649546841,11,4.63123e7,6.7538015,CosineDist,softmax,38439.632698999994,17
cross_scenario,k_means,4031091536,11,4.56703e7,6.3731466,CosineDist,softmax,11705.998916999999,7
cross_scenario,k_means,675182737,11,4.63093e7,7.4383793,CosineDist,softmax,38439.632698999994,17
cross_scenario,k_means,722170199,11,4.65516e7,7.1840855,CosineDist,softmax,49549.343337000006,17
cross_scenario,k_means,1020330993,13,5.6166e7,6.6359878,CosineDist,softmax,297494.53765199985,93
cross_scenario,k_means,1241334511,13,4.56615e7,7.241375,CosineDist,softmax,11320.293493999998,7
cross_scenario,k_means,1561739573,13,4.66151e7,6.742135,CosineDist,softmax,51494.31348599999,17
cross_scenario,k_means,2082789969,13,4.56806e7,7.1068217,CosineDist,softmax,12034.897695,7
cross_scenario,k_means,2422820678,13,5.71207e7,7.3370284,CosineDist,softmax,322083.629655,93
cross_scenario,k_means,373102896,13,4.65631e7,6.8769007,CosineDist,softmax,49962.139008,17
cross_scenario,k_means,3777256655,13,4.56542e7,6.7201564,CosineDist,softmax,11877.651909,7
cross_scenario,k_means,4101453586,13,4.56772e7,7.205383,CosineDist,softmax,11674.457276999998,7
cross_scenario,k_means,419645993,13,5.67972e7,6.9662179,CosineDist,softmax,313933.67849600007,86
cross_scenario,k_means,772616242,13,4.56611e7,6.8497504,CosineDist,softmax,11693.534032000001,7
cross_scenario,k_means,1536731824,15,5.64632e7,7.0459316,CosineDist,softmax,305211.311212,85
cross_scenario,k_means,1944031661,15,4.56687e7,7.5263276,CosineDist,softmax,11756.024879,7
cross_scenario,k_means,195370354,15,5.62705e7,7.340708,CosineDist,softmax,300102.96353500005,96
cross_scenario,k_means,2392820273,15,4.66089e7,6.3409683,CosineDist,softmax,51494.31348599999,17
cross_scenario,k_means,2931326369,15,4.56637e7,7.4693796,CosineDist,softmax,11594.507203000001,7
cross_scenario,k_means,3012361418,15,4.56591e7,6.527374,CosineDist,softmax,11665.014103,7
cross_scenario,k_means,3763622817,15,4.56601e7,6.7697229,CosineDist,softmax,10865.862594000002,7
cross_scenario,k_means,3796973136,15,5.67806e7,6.9516189,CosineDist,softmax,313098.57711899997,89
cross_scenario,k_means,3815196410,15,4.56596e7,6.762792,CosineDist,softmax,11597.920166,7
cross_scenario,k_means,604489562,15,4.56579e7,7.3290891,CosineDist,softmax,11416.389201,7
cross_scenario,k_means,1587347134,17,4.56601e7,6.8209954,CosineDist,softmax,11623.107184,7
cross_scenario,k_means,186564236,17,5.6861e7,6.6486165,CosineDist,softmax,315500.0673859999,91
cross_scenario,k_means,2166881926,17,5.68424e7,6.9236019,CosineDist,softmax,314506.313912,93
cross_scenario,k_means,2186186592,17,4.56561e7,7.3966826,CosineDist,softmax,11763.201319,7
cross_scenario,k_means,2238747886,17,5.68048e7,6.8091979,CosineDist,softmax,314438.47063700005,88
cross_scenario,k_means,224585247,17,5.64678e7,7.4779619,CosineDist,softmax,305499.52666800003,85
cross_scenario,k_means,2339120676,17,4.5676e7,6.3142631,CosineDist,softmax,11296.869713,7
cross_scenario,k_means,3093014142,17,4.56659e7,7.19649,CosineDist,softmax,10229.871226999998,7
cross_scenario,k_means,3258302586,17,5.65393e7,6.3926841,CosineDist,softmax,307531.84478999994,92
cross_scenario,k_means,3629043986,17,4.56673e7,6.9968035,CosineDist,softmax,11689.285507999999,7
cross_scenario,k_means,1088367163,19,5.62413e7,7.1421749,CosineDist,softmax,300283.044811,95
cross_scenario,k_means,1245540782,19,4.56636e7,6.6495001,CosineDist,softmax,11263.966415999997,7
cross_scenario,k_means,2410109332,19,4.56656e7,7.2172536,CosineDist,softmax,11767.233890999998,7
cross_scenario,k_means,2455416769,19,4.5664e7,7.0420597,CosineDist,softmax,11393.397701,7
cross_scenario,k_means,2591120440,19,4.56608e7,6.4626504,CosineDist,softmax,11599.989973,7
cross_scenario,k_means,2650271871,19,4.566e7,7.3156721,CosineDist,softmax,11789.866433999998,7
cross_scenario,k_means,2789252227,19,4.56609e7,6.3774556,CosineDist,softmax,11777.825543,7
cross_scenario,k_means,3130995382,19,4.56593e7,7.1465523,CosineDist,softmax,11370.216814999998,7
cross_scenario,k_means,3357853995,19,4.56603e7,7.3833705,CosineDist,softmax,11652.729132,7
cross_scenario,k_means,824849990,19,4.56628e7,6.7012218,CosineDist,softmax,11460.853471000002,7
cross_scenario,k_means,1244389436,21,5.70457e7,7.0877167,CosineDist,softmax,320605.70420399995,94
cross_scenario,k_means,1393653782,21,4.56568e7,6.5877227,CosineDist,softmax,12184.226781,7
cross_scenario,k_means,1761682951,21,4.56663e7,7.2029625,CosineDist,softmax,11475.449228000001,7
cross_scenario,k_means,196162340,21,4.56652e7,6.8183699,CosineDist,softmax,10328.893755000001,7
cross_scenario,k_means,1984034111,21,5.67715e7,7.2970378,CosineDist,softmax,313519.666605,91
cross_scenario,k_means,2569047889,21,4.56585e7,7.2929361,CosineDist,softmax,11413.513958,7
cross_scenario,k_means,3286463093,21,5.68351e7,7.0686382,CosineDist,softmax,315425.5048939999,96
cross_scenario,k_means,4196464565,21,4.56714e7,6.4130983,CosineDist,softmax,11544.770992,7
cross_scenario,k_means,744301781,21,5.68713e7,6.7993885,CosineDist,softmax,316191.8496740001,96
cross_scenario,k_means,760014603,21,4.56643e7,7.0961078,CosineDist,softmax,10882.902379,7
cross_scenario,k_means,2193967569,23,4.56552e7,7.4600513,CosineDist,softmax,11414.383847,7
cross_scenario,k_means,2546464051,23,4.56557e7,7.3891293,CosineDist,softmax,11787.040610000002,7
cross_scenario,k_means,2938742229,23,4.56606e7,7.4058835,CosineDist,softmax,11391.83164,7
cross_scenario,k_means,313447314,23,4.5655e7,6.7254693,CosineDist,softmax,11414.355585000001,7
cross_scenario,k_means,3164855826,23,4.56619e7,6.9864176,CosineDist,softmax,10949.882899000002,7
cross_scenario,k_means,3173192974,23,4.56593e7,7.4272116,CosineDist,softmax,11691.940232,7
cross_scenario,k_means,3527549645,23,4.56628e7,6.9180357,CosineDist,softmax,11456.759918999998,7
cross_scenario,k_means,3913193451,23,4.56552e7,6.9397128,CosineDist,softmax,11077.096862,7
cross_scenario,k_means,714332685,23,4.56615e7,6.9784592,CosineDist,softmax,11678.434892,7
cross_scenario,k_means,890890131,23,4.56617e7,7.1747022,CosineDist,softmax,11577.854994000001,7
cross_scenario,k_means,1134130444,25,4.56571e7,6.6089876,CosineDist,softmax,11277.459330000002,7
cross_scenario,k_means,2658990538,25,4.56608e7,7.0093973,CosineDist,softmax,11559.071369,7
cross_scenario,k_means,2726541456,25,4.56554e7,6.3648486,CosineDist,softmax,11537.881076,7
cross_scenario,k_means,2894918851,25,4.56571e7,7.7543781,CosineDist,softmax,10945.452883000002,7
cross_scenario,k_means,3351175237,25,4.56614e7,7.0442838,CosineDist,softmax,11670.286016,7
cross_scenario,k_means,343301208,25,4.5664e7,7.5477335,CosineDist,softmax,11098.368654000002,7
cross_scenario,k_means,4135971217,25,4.56592e7,7.3944515,CosineDist,softmax,11230.058244999998,7
cross_scenario,k_means,4145110716,25,4.56628e7,6.9895293,CosineDist,softmax,11341.917463,7
cross_scenario,k_means,448376330,25,4.56603e7,7.1397083,CosineDist,softmax,11341.917463,7
cross_scenario,k_means,47449323,25,4.56664e7,6.8393404,CosineDist,softmax,11620.357491,7
cross_scenario,k_means,1161276258,27,4.56621e7,6.7169453,CosineDist,softmax,11630.274642999999,7
cross_scenario,k_means,1233541653,27,4.56561e7,7.5173327,CosineDist,softmax,11532.672285,7
cross_scenario,k_means,1267936167,27,4.56612e7,6.7192431,CosineDist,softmax,11484.447716,7
cross_scenario,k_means,1653248667,27,4.5661e7,7.106987,CosineDist,softmax,11407.67079,7
cross_scenario,k_means,2437521778,27,4.56572e7,6.8627395,CosineDist,softmax,11088.966734,7
cross_scenario,k_means,2524306086,27,4.5658e7,7.2965659,CosineDist,softmax,11593.500662,7
cross_scenario,k_means,2606414571,27,4.56583e7,7.498579,CosineDist,softmax,11542.848553000002,7
cross_scenario,k_means,2821296471,27,4.566e7,6.3972341,CosineDist,softmax,10980.647516,7
cross_scenario,k_means,3155655383,27,4.5662e7,7.0905005,CosineDist,softmax,11223.603620000002,7
cross_scenario,k_means,463779685,27,4.56548e7,7.3744913,CosineDist,softmax,11532.672285,7
cross_scenario,k_means,1113698075,29,4.56549e7,7.2328041,CosineDist,softmax,11421.368319,7
cross_scenario,k_means,1125327650,29,4.56643e7,6.3414814,CosineDist,softmax,11349.011615,7
cross_scenario,k_means,1398119942,29,4.56598e7,6.6646104,CosineDist,softmax,11519.163153999998,7
cross_scenario,k_means,1669407957,29,4.56581e7,6.5774222,CosineDist,softmax,11225.456578999998,7
cross_scenario,k_means,1792506398,29,4.56556e7,6.898356,CosineDist,softmax,11529.555669,7
cross_scenario,k_means,2439649745,29,4.56555e7,6.4535344,CosineDist,softmax,11535.533376000001,7
cross_scenario,k_means,2730667678,29,4.56616e7,7.2760979,CosineDist,softmax,11542.765313999998,7
cross_scenario,k_means,2843080965,29,4.56597e7,6.387999,CosineDist,softmax,10933.424096,7
cross_scenario,k_means,3434031776,29,4.56603e7,6.7271804,CosineDist,softmax,11566.189880000002,7
cross_scenario,k_means,950202798,29,4.56585e7,7.3150977,CosineDist,softmax,11504.823927000001,7
cross_scenario,k_means,1042382051,3,9.79174e7,5.8988609,CosineDist,softmax,1.4033619184660001e6,493
cross_scenario,k_means,1617230705,3,1.97242e8,7.1746012,CosineDist,softmax,3.954040746755e6,1609
cross_scenario,k_means,1690918982,3,8.83961e7,7.4534299,CosineDist,softmax,1.1571120680049998e6,379
cross_scenario,k_means,2011904635,3,8.66911e7,6.827642,CosineDist,softmax,1.1134506051349996e6,375
cross_scenario,k_means,208019063,3,9.79174e7,7.0133289,CosineDist,softmax,1.4033619184660001e6,493
cross_scenario,k_means,2175589206,3,9.02158e7,6.5512667,CosineDist,softmax,1.203840505151e6,380
cross_scenario,k_means,2331872192,3,9.79174e7,6.0269085,CosineDist,softmax,1.4033619184660001e6,493
cross_scenario,k_means,2859914000,3,8.83961e7,7.0019416,CosineDist,softmax,1.1571120680049998e6,379
cross_scenario,k_means,3409952330,3,9.96125e7,6.3439558,CosineDist,softmax,1.4469263545980002e6,480
cross_scenario,k_means,488813374,3,1.0627e8,6.8636823,CosineDist,softmax,1.617232517279e6,530
cross_scenario,k_means,1349996306,31,4.56551e7,6.9955436,CosineDist,softmax,11683.853726000001,7
cross_scenario,k_means,1462714024,31,4.56596e7,6.6745446,CosineDist,softmax,11166.445057,7
cross_scenario,k_means,1579127763,31,4.56588e7,7.2012619,CosineDist,softmax,11413.266754,7
cross_scenario,k_means,1648351254,31,4.56595e7,6.929518,CosineDist,softmax,11632.367919,7
cross_scenario,k_means,2030289235,31,4.5655e7,6.7025764,CosineDist,softmax,11788.577960999999,7
cross_scenario,k_means,2462588561,31,4.56552e7,7.0877403,CosineDist,softmax,11326.463162,7
cross_scenario,k_means,2929172095,31,4.56577e7,6.4924803,CosineDist,softmax,11261.874640999999,7
cross_scenario,k_means,2944528308,31,4.56585e7,7.0812615,CosineDist,softmax,11403.633775,7
cross_scenario,k_means,295145311,31,4.56642e7,6.2298561,CosineDist,softmax,11346.746479000001,7
cross_scenario,k_means,3899371692,31,4.56605e7,8.0237606,CosineDist,softmax,11655.905326,7
cross_scenario,k_means,1038419084,33,4.56577e7,6.3815458,CosineDist,softmax,11464.75813,7
cross_scenario,k_means,1109759726,33,4.5657e7,7.1723028,CosineDist,softmax,11222.830601,7
cross_scenario,k_means,1963882461,33,4.56553e7,7.0670895,CosineDist,softmax,11529.555669,7
cross_scenario,k_means,1989163906,33,4.56548e7,7.5570601,CosineDist,softmax,11305.706189999997,7
cross_scenario,k_means,2479233904,33,4.56589e7,7.6675187,CosineDist,softmax,11115.000998000001,7
cross_scenario,k_means,2497612078,33,4.56659e7,7.199569,CosineDist,softmax,11424.394798000001,7
cross_scenario,k_means,3214090957,33,4.56597e7,7.651149,CosineDist,softmax,11256.291158,7
cross_scenario,k_means,3465092140,33,4.56598e7,7.3643985,CosineDist,softmax,11388.308453,7
cross_scenario,k_means,4061834237,33,4.56552e7,7.7453628,CosineDist,softmax,11301.697852000001,7
cross_scenario,k_means,52313467,33,4.56602e7,7.531875,CosineDist,softmax,11238.346513999999,7
cross_scenario,k_means,1208640119,35,4.56568e7,7.7026936,CosineDist,softmax,11184.631964,7
cross_scenario,k_means,1428058240,35,4.566e7,7.7253186,CosineDist,softmax,11222.690374,7
cross_scenario,k_means,15941194,35,4.56568e7,6.592813,CosineDist,softmax,11540.65924,7
cross_scenario,k_means,2213813141,35,4.56562e7,6.9931852,CosineDist,softmax,11266.031519,7
cross_scenario,k_means,2291375163,35,4.56565e7,7.3301615,CosineDist,softmax,11414.76142,7
cross_scenario,k_means,236500538,35,4.56569e7,6.7499488,CosineDist,softmax,11477.536017999999,7
cross_scenario,k_means,252145784,35,4.56584e7,7.6836827,CosineDist,softmax,11529.162828,7
cross_scenario,k_means,2544196106,35,4.56595e7,7.4116334,CosineDist,softmax,11194.272323,7
cross_scenario,k_means,2745802022,35,4.56599e7,7.2618466,CosineDist,softmax,10967.824026999997,7
cross_scenario,k_means,3596893902,35,4.56554e7,7.0820626,CosineDist,softmax,11722.455380999998,7
cross_scenario,k_means,1380354363,37,4.56558e7,7.0359677,CosineDist,softmax,11497.096854,7
cross_scenario,k_means,3048518942,37,4.56536e7,6.9589153,CosineDist,softmax,11475.818078999999,7
cross_scenario,k_means,3182806193,37,4.56577e7,6.9691333,CosineDist,softmax,11322.221553000001,7
cross_scenario,k_means,3244629827,37,4.56591e7,6.3545061,CosineDist,softmax,11376.326104,7
cross_scenario,k_means,3452769998,37,4.56547e7,7.7050842,CosineDist,softmax,11552.773786,7
cross_scenario,k_means,4262333788,37,4.56578e7,6.6808176,CosineDist,softmax,11468.716698,7
cross_scenario,k_means,45994245,37,4.56559e7,6.6096863,CosineDist,softmax,11315.23423,7
cross_scenario,k_means,67569244,37,4.56562e7,7.1835395,CosineDist,softmax,11242.195435,7
cross_scenario,k_means,814300562,37,4.56571e7,7.0717251,CosineDist,softmax,11589.850702,7
cross_scenario,k_means,870981686,37,4.56614e7,7.4707635,CosineDist,softmax,11493.800975999999,7
cross_scenario,k_means,1129760376,39,4.56545e7,6.8372624,CosineDist,softmax,11739.988608000001,7
cross_scenario,k_means,148104383,39,4.5657e7,7.1531203,CosineDist,softmax,11532.672285,7
cross_scenario,k_means,1655289285,39,4.56579e7,6.9533268,CosineDist,softmax,11197.857725999998,7
cross_scenario,k_means,1845695973,39,4.56571e7,7.7432444,CosineDist,softmax,11865.080204,7
cross_scenario,k_means,2121257682,39,4.56582e7,7.275525,CosineDist,softmax,11474.472675999998,7
cross_scenario,k_means,2943233938,39,4.56604e7,7.4086581,CosineDist,softmax,11254.012250000002,7
cross_scenario,k_means,3030918353,39,4.56589e7,7.6805657,CosineDist,softmax,11062.580478999998,7
cross_scenario,k_means,3096268031,39,4.56581e7,6.4969809,CosineDist,softmax,11096.908646,7
cross_scenario,k_means,3338611973,39,4.56556e7,7.8359604,CosineDist,softmax,11837.250735,7
cross_scenario,k_means,662283236,39,4.56581e7,7.5779244,CosineDist,softmax,11396.898122,7
cross_scenario,k_means,1005104349,41,4.56562e7,8.1693139,CosineDist,softmax,11736.737382,7
cross_scenario,k_means,1534696584,41,4.56593e7,7.6634681,CosineDist,softmax,11337.956382,7
cross_scenario,k_means,225016911,41,4.56551e7,6.8559133,CosineDist,softmax,11522.502247999997,7
cross_scenario,k_means,2317592996,41,4.56566e7,7.4570693,CosineDist,softmax,11210.809948999999,7
cross_scenario,k_means,2716090479,41,4.56552e7,7.5953623,CosineDist,softmax,11509.58062,7
cross_scenario,k_means,3258958499,41,4.5658e7,6.6515733,CosineDist,softmax,11354.768106000001,7
cross_scenario,k_means,329433595,41,4.56565e7,7.1353211,CosineDist,softmax,11306.030845,7
cross_scenario,k_means,3444774395,41,4.56555e7,7.1700059,CosineDist,softmax,11772.577233,7
cross_scenario,k_means,438234340,41,4.56604e7,7.4573224,CosineDist,softmax,11246.428058999998,7
cross_scenario,k_means,953901905,41,4.56582e7,7.6603819,CosineDist,softmax,11596.166641,7
cross_scenario,k_means,1660595499,5,7.15471e7,7.0105601,CosineDist,softmax,719212.615379,246
cross_scenario,k_means,1714105051,5,6.61613e7,6.8730713,CosineDist,softmax,560619.8425899999,190
cross_scenario,k_means,2169593505,5,9.34112e7,6.9681247,CosineDist,softmax,1.2646128939750001e6,424
cross_scenario,k_means,2538991366,5,5.93787e7,6.3216,CosineDist,softmax,402937.15186900005,117
cross_scenario,k_means,2909674750,5,7.03939e7,6.8772318,CosineDist,softmax,692131.0119650001,228
cross_scenario,k_means,3018546641,5,8.97999e7,6.4177945,CosineDist,softmax,1.1923624933000002e6,370
cross_scenario,k_means,3634057553,5,6.7199e7,6.9278109,CosineDist,softmax,608411.162492,231
cross_scenario,k_means,4139823947,5,7.2146e7,6.9151182,CosineDist,softmax,736415.811667,213
cross_scenario,k_means,4197766176,5,8.004e7,6.9369429,CosineDist,softmax,940222.9128069999,270
cross_scenario,k_means,5947179,5,6.57278e7,7.5385851,CosineDist,softmax,570214.881627,179
cross_scenario,k_means,1006581332,7,7.12757e7,6.3382216,CosineDist,softmax,712906.808854,206
cross_scenario,k_means,1176932870,7,5.95801e7,7.0819586,CosineDist,softmax,404906.474698,101
cross_scenario,k_means,1821427372,7,6.60719e7,7.0498609,CosineDist,softmax,560026.707336,185
cross_scenario,k_means,2689963385,7,6.22501e7,6.9432825,CosineDist,softmax,460352.3970100001,124
cross_scenario,k_means,2751971336,7,7.39326e7,6.3886514,CosineDist,softmax,763497.743197,270
cross_scenario,k_means,3385142830,7,6.6085e7,6.740947,CosineDist,softmax,577642.422223,162
cross_scenario,k_means,3409620994,7,6.14743e7,6.448611,CosineDist,softmax,457072.9149599999,120
cross_scenario,k_means,447101461,7,6.30884e7,7.0646007,CosineDist,softmax,499177.63071699993,124
cross_scenario,k_means,468006976,7,5.73966e7,6.8907149,CosineDist,softmax,348060.765707,101
cross_scenario,k_means,880982686,7,6.66729e7,6.65814,CosineDist,softmax,594054.873157,187
cross_scenario,k_means,1130292821,9,5.77695e7,7.612963,CosineDist,softmax,351760.91103400005,96
cross_scenario,k_means,1392296365,9,6.31259e7,6.2072979,CosineDist,softmax,481537.52277800004,146
cross_scenario,k_means,2814468992,9,5.83525e7,6.8522112,CosineDist,softmax,372247.795729,96
cross_scenario,k_means,3044209910,9,5.69333e7,6.8458888,CosineDist,softmax,317238.80479599995,95
cross_scenario,k_means,3261319673,9,4.56786e7,7.2433781,CosineDist,softmax,10815.259456,7
cross_scenario,k_means,3543870990,9,4.63847e7,7.2114017,CosineDist,softmax,41586.299321,17
cross_scenario,k_means,3602499071,9,4.66752e7,7.4805405,CosineDist,softmax,53270.262,17
cross_scenario,k_means,3926221275,9,4.63145e7,6.9958772,CosineDist,softmax,38439.632698999994,17
cross_scenario,k_means,42413356,9,6.30379e7,7.2161735,CosineDist,softmax,497629.12366199994,134
cross_scenario,k_means,697383862,9,4.6604e7,6.4673533,CosineDist,softmax,51494.31348599999,17
cross_scenario,k_means,1355586937,11,5.86094e7,6.9495328,SqEuclidean,softmax,378937.70264199993,98
cross_scenario,k_means,1768760743,11,5.68889e7,7.1375229,SqEuclidean,softmax,333474.823099,86
cross_scenario,k_means,2652796558,11,4.56701e7,6.5424187,SqEuclidean,softmax,11794.093959000002,7
cross_scenario,k_means,3000698040,11,4.56852e7,6.0926206,SqEuclidean,softmax,10531.443308000002,7
cross_scenario,k_means,3160233726,11,5.65768e7,6.3987821,SqEuclidean,softmax,307745.05295899994,92
cross_scenario,k_means,3479820580,11,6.23706e7,5.8459909,SqEuclidean,softmax,462542.702419,133
cross_scenario,k_means,3649546841,11,4.56632e7,6.4679438,SqEuclidean,softmax,11518.563475,7
cross_scenario,k_means,4031091536,11,4.56858e7,6.6381097,SqEuclidean,softmax,10242.989383999999,7
cross_scenario,k_means,675182737,11,4.63056e7,6.1994541,SqEuclidean,softmax,38439.632698999994,17
cross_scenario,k_means,722170199,11,4.65464e7,6.545586,SqEuclidean,softmax,49549.343337000006,17
cross_scenario,k_means,1020330993,13,5.7439e7,6.0261683,SqEuclidean,softmax,331934.263517,97
cross_scenario,k_means,1241334511,13,4.56623e7,5.808983,SqEuclidean,softmax,11352.361381,7
cross_scenario,k_means,1561739573,13,4.66146e7,6.2072527,SqEuclidean,softmax,51494.31348599999,17
cross_scenario,k_means,2082789969,13,4.56667e7,5.9824793,SqEuclidean,softmax,11723.027717999998,7
cross_scenario,k_means,2422820678,13,5.71751e7,6.4464235,SqEuclidean,softmax,323871.014405,94
cross_scenario,k_means,373102896,13,4.66005e7,5.7135,SqEuclidean,softmax,51494.31348599999,17
cross_scenario,k_means,3777256655,13,4.56537e7,6.3999195,SqEuclidean,softmax,11865.409703000001,7
cross_scenario,k_means,4101453586,13,4.56817e7,6.2376677,SqEuclidean,softmax,11695.901771999997,7
cross_scenario,k_means,419645993,13,5.67411e7,6.1289249,SqEuclidean,softmax,312585.11460499995,90
cross_scenario,k_means,772616242,13,4.56602e7,6.3302187,SqEuclidean,softmax,11696.605658,7
cross_scenario,k_means,1536731824,15,5.76001e7,6.4169757,SqEuclidean,softmax,335838.11188099993,93
cross_scenario,k_means,1944031661,15,4.56693e7,6.3556441,SqEuclidean,softmax,11945.973133000001,7
cross_scenario,k_means,195370354,15,5.72388e7,6.756923,SqEuclidean,softmax,324661.68633100006,95
cross_scenario,k_means,2392820273,15,4.65473e7,5.9633409,SqEuclidean,softmax,49549.343337000006,17
cross_scenario,k_means,2931326369,15,4.56652e7,6.1750864,SqEuclidean,softmax,11626.179854,7
cross_scenario,k_means,3012361418,15,4.5659e7,6.4813993,SqEuclidean,softmax,11355.044880000001,7
cross_scenario,k_means,3763622817,15,4.56628e7,6.4196509,SqEuclidean,softmax,10836.144871999999,7
cross_scenario,k_means,3796973136,15,5.66744e7,5.9641982,SqEuclidean,softmax,310323.64590199996,89
cross_scenario,k_means,3815196410,15,4.56584e7,6.271903,SqEuclidean,softmax,11287.113766999997,7
cross_scenario,k_means,604489562,15,4.56602e7,6.1730039,SqEuclidean,softmax,10649.701665000002,7
cross_scenario,k_means,1587347134,17,4.56548e7,5.688258,SqEuclidean,softmax,11877.049627,7
cross_scenario,k_means,186564236,17,5.70038e7,6.1876111,SqEuclidean,softmax,319103.17937699996,97
cross_scenario,k_means,2166881926,17,5.71834e7,6.1882257,SqEuclidean,softmax,323300.113508,95
cross_scenario,k_means,2186186592,17,4.56545e7,5.9628178,SqEuclidean,softmax,11573.834468000001,7
cross_scenario,k_means,2238747886,17,5.72522e7,6.7378964,SqEuclidean,softmax,326163.76265199995,90
cross_scenario,k_means,224585247,17,5.68268e7,6.494317,SqEuclidean,softmax,314981.74337800004,93
cross_scenario,k_means,2339120676,17,4.56747e7,5.7879547,SqEuclidean,softmax,11688.648878999998,7
cross_scenario,k_means,3093014142,17,4.56688e7,6.3828228,SqEuclidean,softmax,9442.607893,7
cross_scenario,k_means,3258302586,17,5.68289e7,6.1519317,SqEuclidean,softmax,315054.98157700006,95
cross_scenario,k_means,3629043986,17,4.56698e7,5.8036505,SqEuclidean,softmax,11691.413627999997,7
cross_scenario,k_means,1088367163,19,5.70817e7,6.3392193,SqEuclidean,softmax,321885.131002,93
cross_scenario,k_means,1245540782,19,4.56548e7,6.1641662,SqEuclidean,softmax,11489.018297999999,7
cross_scenario,k_means,2410109332,19,4.56656e7,6.0987551,SqEuclidean,softmax,11767.233890999998,7
cross_scenario,k_means,2455416769,19,4.56634e7,5.7206037,SqEuclidean,softmax,11592.32457,7
cross_scenario,k_means,2591120440,19,4.56608e7,6.5348419,SqEuclidean,softmax,11691.266641000002,7
cross_scenario,k_means,2650271871,19,4.56665e7,5.7522417,SqEuclidean,softmax,11823.589740000001,7
cross_scenario,k_means,2789252227,19,4.56605e7,6.0250411,SqEuclidean,softmax,11702.310038,7
cross_scenario,k_means,3130995382,19,4.56615e7,6.7071166,SqEuclidean,softmax,11539.539439999999,7
cross_scenario,k_means,3357853995,19,4.56572e7,6.334143,SqEuclidean,softmax,11786.220558,7
cross_scenario,k_means,824849990,19,4.56626e7,6.1675026,SqEuclidean,softmax,11507.142220000002,7
cross_scenario,k_means,1244389436,21,5.6846e7,6.1892446,SqEuclidean,softmax,315511.09957900003,95
cross_scenario,k_means,1393653782,21,4.56564e7,5.7028326,SqEuclidean,softmax,11476.555393,7
cross_scenario,k_means,1761682951,21,4.56636e7,5.9986666,SqEuclidean,softmax,11058.81228,7
cross_scenario,k_means,196162340,21,4.56652e7,7.0680751,SqEuclidean,softmax,10328.893755000001,7
cross_scenario,k_means,1984034111,21,5.68622e7,6.1540695,SqEuclidean,softmax,315916.43066300004,90
cross_scenario,k_means,2569047889,21,4.56556e7,5.7412751,SqEuclidean,softmax,10627.735342,7
cross_scenario,k_means,3286463093,21,5.63873e7,6.4074716,SqEuclidean,softmax,303763.847382,101
cross_scenario,k_means,4196464565,21,4.56711e7,6.0485429,SqEuclidean,softmax,11495.596505,7
cross_scenario,k_means,744301781,21,5.68533e7,7.4105635,SqEuclidean,softmax,315882.16653299995,92
cross_scenario,k_means,760014603,21,4.56675e7,7.1852322,SqEuclidean,softmax,11497.14616,7
cross_scenario,k_means,2193967569,23,4.56543e7,7.0052552,SqEuclidean,softmax,11659.676022,7
cross_scenario,k_means,2546464051,23,4.56583e7,6.5540506,SqEuclidean,softmax,11878.464803,7
cross_scenario,k_means,2938742229,23,4.56605e7,6.9887362,SqEuclidean,softmax,10975.104404000002,7
cross_scenario,k_means,313447314,23,4.56551e7,8.0629325,SqEuclidean,softmax,11156.120214,7
cross_scenario,k_means,3164855826,23,4.56667e7,6.8305954,SqEuclidean,softmax,11256.424965999999,7
cross_scenario,k_means,3173192974,23,4.56588e7,7.0082261,SqEuclidean,softmax,11124.748378,7
cross_scenario,k_means,3527549645,23,4.56658e7,6.9102239,SqEuclidean,softmax,11289.130148999999,7
cross_scenario,k_means,3913193451,23,4.56556e7,7.2954166,SqEuclidean,softmax,11012.650174000002,7
cross_scenario,k_means,714332685,23,4.5661e7,7.4377582,SqEuclidean,softmax,11657.580187,7
cross_scenario,k_means,890890131,23,4.56621e7,6.8234559,SqEuclidean,softmax,11577.854994000001,7
cross_scenario,k_means,1134130444,25,4.56568e7,6.9170452,SqEuclidean,softmax,11341.917463,7
cross_scenario,k_means,2658990538,25,4.56608e7,6.9078944,SqEuclidean,softmax,11559.071369,7
cross_scenario,k_means,2726541456,25,4.56549e7,7.3897859,SqEuclidean,softmax,11669.077215000001,7
cross_scenario,k_means,2894918851,25,4.56561e7,7.3057523,SqEuclidean,softmax,10959.134923,7
cross_scenario,k_means,3351175237,25,4.56591e7,7.0490157,SqEuclidean,softmax,11801.907399,7
cross_scenario,k_means,343301208,25,4.56618e7,7.1000622,SqEuclidean,softmax,11098.368654000002,7
cross_scenario,k_means,4135971217,25,4.56592e7,6.6059569,SqEuclidean,softmax,11231.068802,7
cross_scenario,k_means,4145110716,25,4.56619e7,7.1645828,SqEuclidean,softmax,11342.568768000001,7
cross_scenario,k_means,448376330,25,4.56589e7,7.7025538,SqEuclidean,softmax,11456.564546,7
cross_scenario,k_means,47449323,25,4.56652e7,6.570397,SqEuclidean,softmax,11432.371367000002,7
cross_scenario,k_means,1161276258,27,4.56611e7,7.0711901,SqEuclidean,softmax,11625.271372,7
cross_scenario,k_means,1233541653,27,4.56557e7,7.4189592,SqEuclidean,softmax,11532.672285,7
cross_scenario,k_means,1267936167,27,4.56653e7,6.9359865,SqEuclidean,softmax,12026.839179,7
cross_scenario,k_means,1653248667,27,4.56591e7,6.5577814,SqEuclidean,softmax,11234.260253999999,7
cross_scenario,k_means,2437521778,27,4.56564e7,7.3739145,SqEuclidean,softmax,11506.309733000002,7
cross_scenario,k_means,2524306086,27,4.56592e7,6.7853957,SqEuclidean,softmax,10901.69667,7
cross_scenario,k_means,2606414571,27,4.56594e7,7.1124752,SqEuclidean,softmax,11395.506849000001,7
cross_scenario,k_means,2821296471,27,4.56608e7,7.5515248,SqEuclidean,softmax,11030.584809,7
cross_scenario,k_means,3155655383,27,4.56616e7,7.2528833,SqEuclidean,softmax,11196.683494000003,7
cross_scenario,k_means,463779685,27,4.56548e7,7.1431197,SqEuclidean,softmax,11532.672285,7
cross_scenario,k_means,1113698075,29,4.56546e7,7.4188133,SqEuclidean,softmax,11421.368319,7
cross_scenario,k_means,1125327650,29,4.56643e7,7.4699361,SqEuclidean,softmax,11349.011615,7
cross_scenario,k_means,1398119942,29,4.56599e7,7.3420227,SqEuclidean,softmax,11519.290152,7
cross_scenario,k_means,1669407957,29,4.56589e7,6.9379989,SqEuclidean,softmax,11360.193759,7
cross_scenario,k_means,1792506398,29,4.56557e7,6.7543618,SqEuclidean,softmax,11542.848553000002,7
cross_scenario,k_means,2439649745,29,4.56591e7,7.2875505,SqEuclidean,softmax,11490.381022999998,7
cross_scenario,k_means,2730667678,29,4.56613e7,6.8257231,SqEuclidean,softmax,11339.267220000002,7
cross_scenario,k_means,2843080965,29,4.56597e7,7.4476832,SqEuclidean,softmax,10933.424096,7
cross_scenario,k_means,3434031776,29,4.56602e7,6.8559639,SqEuclidean,softmax,11289.130148999999,7
cross_scenario,k_means,950202798,29,4.56549e7,6.9443886,SqEuclidean,softmax,11693.490418,7
cross_scenario,k_means,1042382051,3,1.05154e8,7.03653,SqEuclidean,softmax,1.589795398634e6,533
cross_scenario,k_means,1617230705,3,2.3079e8,6.131141,SqEuclidean,softmax,4.813506379292e6,1806
cross_scenario,k_means,1690918982,3,1.01598e8,6.4460707,SqEuclidean,softmax,1.4983016005780003e6,508
cross_scenario,k_means,2011904635,3,9.497e7,6.7021329,SqEuclidean,softmax,1.3255871011660001e6,435
cross_scenario,k_means,208019063,3,1.05154e8,6.4655394,SqEuclidean,softmax,1.589795398634e6,533
cross_scenario,k_means,2175589206,3,1.05774e8,7.4644296,SqEuclidean,softmax,1.604883979811e6,563
cross_scenario,k_means,2331872192,3,1.11676e8,6.3643544,SqEuclidean,softmax,1.7579296334420005e6,649
cross_scenario,k_means,2859914000,3,1.01598e8,6.6207994,SqEuclidean,softmax,1.4983016005780003e6,508
cross_scenario,k_means,3409952330,3,1.04653e8,6.7312733,SqEuclidean,softmax,1.5769393103150006e6,542
cross_scenario,k_means,488813374,3,1.13721e8,6.1623894,SqEuclidean,softmax,1.8091569887700002e6,572
cross_scenario,k_means,1349996306,31,4.56567e7,7.1368011,SqEuclidean,softmax,11381.645378000001,7
cross_scenario,k_means,1462714024,31,4.56589e7,7.4972816,SqEuclidean,softmax,11239.712703,7
cross_scenario,k_means,1579127763,31,4.56585e7,6.9028123,SqEuclidean,softmax,11517.828794000001,7
cross_scenario,k_means,1648351254,31,4.56576e7,6.8345862,SqEuclidean,softmax,11547.385835,7
cross_scenario,k_means,2030289235,31,4.56596e7,7.5076515,SqEuclidean,softmax,11626.063759,7
cross_scenario,k_means,2462588561,31,4.56552e7,6.7583785,SqEuclidean,softmax,11296.478075000003,7
cross_scenario,k_means,2929172095,31,4.56577e7,7.9344477,SqEuclidean,softmax,11200.253926000001,7
cross_scenario,k_means,2944528308,31,4.56585e7,7.9477924,SqEuclidean,softmax,11403.633775,7
cross_scenario,k_means,295145311,31,4.56646e7,6.6905589,SqEuclidean,softmax,11267.045103,7
cross_scenario,k_means,3899371692,31,4.56603e7,6.0357963,SqEuclidean,softmax,11865.079598999999,7
cross_scenario,k_means,1038419084,33,4.56562e7,5.7350848,SqEuclidean,softmax,11487.048625000001,7
cross_scenario,k_means,1109759726,33,4.56574e7,6.486884,SqEuclidean,softmax,11533.508293,7
cross_scenario,k_means,1963882461,33,4.56553e7,6.5127037,SqEuclidean,softmax,11542.848553000002,7
cross_scenario,k_means,1989163906,33,4.56543e7,6.3411704,SqEuclidean,softmax,11339.222465,7
cross_scenario,k_means,2479233904,33,4.56551e7,5.9753874,SqEuclidean,softmax,11421.368319,7
cross_scenario,k_means,2497612078,33,4.56578e7,6.4775789,SqEuclidean,softmax,11404.912306,7
cross_scenario,k_means,3214090957,33,4.56535e7,6.4582304,SqEuclidean,softmax,11252.577964999999,7
cross_scenario,k_means,3465092140,33,4.56599e7,5.9425528,SqEuclidean,softmax,11421.663208999998,7
cross_scenario,k_means,4061834237,33,4.56554e7,6.5816989,SqEuclidean,softmax,11111.406479000001,7
cross_scenario,k_means,52313467,33,4.56603e7,6.2079394,SqEuclidean,softmax,11238.346513999999,7
cross_scenario,k_means,1208640119,35,4.5654e7,6.4500565,SqEuclidean,softmax,11171.998451,7
cross_scenario,k_means,1428058240,35,4.5661e7,6.3402168,SqEuclidean,softmax,11269.194913999998,7
cross_scenario,k_means,15941194,35,4.56558e7,6.0263804,SqEuclidean,softmax,11551.539835,7
cross_scenario,k_means,2213813141,35,4.56562e7,6.2496326,SqEuclidean,softmax,11266.031519,7
cross_scenario,k_means,2291375163,35,4.56565e7,6.4728303,SqEuclidean,softmax,11414.76142,7
cross_scenario,k_means,236500538,35,4.56571e7,6.6218107,SqEuclidean,softmax,11298.668188,7
cross_scenario,k_means,252145784,35,4.56582e7,6.3420521,SqEuclidean,softmax,11615.12808,7
cross_scenario,k_means,2544196106,35,4.56576e7,6.3162579,SqEuclidean,softmax,11291.520097,7
cross_scenario,k_means,2745802022,35,4.56598e7,6.3848917,SqEuclidean,softmax,10933.099838999999,7
cross_scenario,k_means,3596893902,35,4.56554e7,6.2227014,SqEuclidean,softmax,11778.450186999999,7
cross_scenario,k_means,1380354363,37,4.56554e7,7.1385925,SqEuclidean,softmax,11461.5192,7
cross_scenario,k_means,3048518942,37,4.56536e7,6.2528111,SqEuclidean,softmax,11497.883264,7
cross_scenario,k_means,3182806193,37,4.56576e7,5.8516746,SqEuclidean,softmax,11343.909058,7
cross_scenario,k_means,3244629827,37,4.56591e7,6.7441695,SqEuclidean,softmax,11371.153639999999,7
cross_scenario,k_means,3452769998,37,4.56557e7,5.8300875,SqEuclidean,softmax,11159.310522000002,7
cross_scenario,k_means,4262333788,37,4.56579e7,6.3978577,SqEuclidean,softmax,11499.60787,7
cross_scenario,k_means,45994245,37,4.56557e7,6.0738552,SqEuclidean,softmax,11314.765581,7
cross_scenario,k_means,67569244,37,4.56563e7,6.5933056,SqEuclidean,softmax,11242.195435,7
cross_scenario,k_means,814300562,37,4.56572e7,6.0976693,SqEuclidean,softmax,11637.827253000001,7
cross_scenario,k_means,870981686,37,4.56629e7,6.1519958,SqEuclidean,softmax,11677.507429000001,7
cross_scenario,k_means,1129760376,39,4.56547e7,6.5226228,SqEuclidean,softmax,11860.377394,7
cross_scenario,k_means,148104383,39,4.56554e7,5.9542202,SqEuclidean,softmax,11674.926728999999,7
cross_scenario,k_means,1655289285,39,4.56582e7,6.3561845,SqEuclidean,softmax,11259.591260000001,7
cross_scenario,k_means,1845695973,39,4.56579e7,6.4185608,SqEuclidean,softmax,11689.51829,7
cross_scenario,k_means,2121257682,39,4.56579e7,6.2445772,SqEuclidean,softmax,11607.695401,7
cross_scenario,k_means,2943233938,39,4.56599e7,6.5673353,SqEuclidean,softmax,11286.259582000002,7
cross_scenario,k_means,3030918353,39,4.56592e7,7.0407309,SqEuclidean,softmax,11094.803793999998,7
cross_scenario,k_means,3096268031,39,4.56577e7,6.2716572,SqEuclidean,softmax,11017.270602,7
cross_scenario,k_means,3338611973,39,4.56558e7,6.1017066,SqEuclidean,softmax,11797.642961,7
cross_scenario,k_means,662283236,39,4.56581e7,6.4327297,SqEuclidean,softmax,11396.898122,7
cross_scenario,k_means,1005104349,41,4.56564e7,6.3469182,SqEuclidean,softmax,11647.045633,7
cross_scenario,k_means,1534696584,41,4.56624e7,5.6097211,SqEuclidean,softmax,11478.332314000001,7
cross_scenario,k_means,225016911,41,4.56543e7,6.2744042,SqEuclidean,softmax,11328.172348,7
cross_scenario,k_means,2317592996,41,4.56564e7,6.2797403,SqEuclidean,softmax,11229.043914,7
cross_scenario,k_means,2716090479,41,4.56552e7,6.303517,SqEuclidean,softmax,11514.880077999998,7
cross_scenario,k_means,3258958499,41,4.56588e7,5.8575798,SqEuclidean,softmax,11426.922099,7
cross_scenario,k_means,329433595,41,4.56562e7,6.5431514,SqEuclidean,softmax,11306.030845,7
cross_scenario,k_means,3444774395,41,4.56556e7,7.1042328,SqEuclidean,softmax,11776.307473000003,7
cross_scenario,k_means,438234340,41,4.56604e7,6.0935741,SqEuclidean,softmax,11245.923082000001,7
cross_scenario,k_means,953901905,41,4.56583e7,6.2430922,SqEuclidean,softmax,11596.166641,7
cross_scenario,k_means,1660595499,5,8.08218e7,5.9055544,SqEuclidean,softmax,960770.441868,321
cross_scenario,k_means,1714105051,5,6.85496e7,6.2431131,SqEuclidean,softmax,623074.320468,213
cross_scenario,k_means,2169593505,5,9.96559e7,5.979722,SqEuclidean,softmax,1.4254237027810002e6,468
cross_scenario,k_means,2538991366,5,6.18587e7,6.408617,SqEuclidean,softmax,468978.144873,145
cross_scenario,k_means,2909674750,5,8.89986e7,5.578221,SqEuclidean,softmax,1.1726205198340002e6,369
cross_scenario,k_means,3018546641,5,8.97999e7,6.174986,SqEuclidean,softmax,1.1923624933000002e6,370
cross_scenario,k_means,3634057553,5,7.24407e7,5.9933855,SqEuclidean,softmax,742087.8887869999,237
cross_scenario,k_means,4139823947,5,7.24458e7,6.2079087,SqEuclidean,softmax,744868.897086,228
cross_scenario,k_means,4197766176,5,8.46464e7,5.6609391,SqEuclidean,softmax,1.058610526386e6,312
cross_scenario,k_means,5947179,5,6.52088e7,6.2151203,SqEuclidean,softmax,556938.9700349999,179
cross_scenario,k_means,1006581332,7,7.40014e7,6.0188001,SqEuclidean,softmax,784096.6736859999,221
cross_scenario,k_means,1176932870,7,5.86915e7,6.4711397,SqEuclidean,softmax,382464.6101000001,94
cross_scenario,k_means,1821427372,7,6.85553e7,6.1615665,SqEuclidean,softmax,625287.62319,217
cross_scenario,k_means,2689963385,7,6.2151e7,6.5046962,SqEuclidean,softmax,456983.148865,130
cross_scenario,k_means,2751971336,7,7.58031e7,6.0652669,SqEuclidean,softmax,812871.2567489999,266
cross_scenario,k_means,3385142830,7,6.17376e7,6.0380545,SqEuclidean,softmax,465164.611837,122
cross_scenario,k_means,3409620994,7,6.2063e7,6.4864576,SqEuclidean,softmax,473134.57561199996,129
cross_scenario,k_means,447101461,7,6.32303e7,5.9091218,SqEuclidean,softmax,502837.17290899996,134
cross_scenario,k_means,468006976,7,5.76097e7,6.5042601,SqEuclidean,softmax,354792.813868,130
cross_scenario,k_means,880982686,7,6.62807e7,5.8834639,SqEuclidean,softmax,584203.161057,197
cross_scenario,k_means,1130292821,9,6.27801e7,6.1948929,SqEuclidean,softmax,485960.563939,132
cross_scenario,k_means,1392296365,9,6.25799e7,6.204372,SqEuclidean,softmax,467396.417614,135
cross_scenario,k_means,2814468992,9,5.83525e7,6.4132298,SqEuclidean,softmax,372247.795729,96
cross_scenario,k_means,3044209910,9,5.7888e7,6.1966878,SqEuclidean,softmax,343091.75144,94
cross_scenario,k_means,3261319673,9,4.56964e7,5.864327,SqEuclidean,softmax,10619.290947,7
cross_scenario,k_means,3543870990,9,4.63847e7,6.6047822,SqEuclidean,softmax,41586.299321,17
cross_scenario,k_means,3602499071,9,4.66386e7,6.3290074,SqEuclidean,softmax,51494.31348599999,17
cross_scenario,k_means,3926221275,9,4.65486e7,5.820397,SqEuclidean,softmax,49549.343337000006,17
cross_scenario,k_means,42413356,9,5.96102e7,5.8938468,SqEuclidean,softmax,406083.87269,107
cross_scenario,k_means,697383862,9,4.6604e7,6.0057653,SqEuclidean,softmax,51494.31348599999,17
stochastic,stochastic,0,0,4.56429e7,83.2059086,N/A,softmax,13134.233044,7
cross_scenario,conical_hull,0,11,4.46551e7,10.5611114,SqEuclidean,centered,9850.258436999999,7
cross_scenario,conical_hull,0,13,4.46414e7,6.3071996,SqEuclidean,centered,10850.063788,7
cross_scenario,conical_hull,0,15,4.45844e7,6.7968798,SqEuclidean,centered,9501.083051,7
cross_scenario,conical_hull,0,17,4.45895e7,6.2533387,SqEuclidean,centered,9458.235883000001,7
cross_scenario,conical_hull,0,19,4.45599e7,6.2673328,SqEuclidean,centered,10046.07778,7
cross_scenario,conical_hull,0,21,4.45303e7,6.6791499,SqEuclidean,centered,10038.632082,7
cross_scenario,conical_hull,0,23,4.45291e7,6.3227376,SqEuclidean,centered,9361.530111,7
cross_scenario,conical_hull,0,25,4.4525e7,6.5725947,SqEuclidean,centered,9663.568447,7
cross_scenario,conical_hull,0,27,4.45189e7,6.8068854,SqEuclidean,centered,9220.646537999999,7
cross_scenario,conical_hull,0,29,4.45256e7,6.9633079,SqEuclidean,centered,9875.622715999998,7
cross_scenario,conical_hull,0,3,4.82055e7,6.3918551,SqEuclidean,centered,0.0,0
cross_scenario,conical_hull,0,31,4.45141e7,6.9347825,SqEuclidean,centered,9412.674490000001,7
cross_scenario,conical_hull,0,33,4.45166e7,6.2605874,SqEuclidean,centered,9552.495432,7
cross_scenario,conical_hull,0,35,4.45131e7,6.127773,SqEuclidean,centered,9258.252837,7
cross_scenario,conical_hull,0,37,4.45182e7,6.6395831,SqEuclidean,centered,9458.597547,7
cross_scenario,conical_hull,0,39,4.45204e7,6.1181062,SqEuclidean,centered,8991.752802,7
cross_scenario,conical_hull,0,41,4.45266e7,6.2926396,SqEuclidean,centered,9351.226537999999,7
cross_scenario,conical_hull,0,5,4.48471e7,6.4573786,SqEuclidean,centered,10207.788293,7
cross_scenario,conical_hull,0,7,4.48272e7,6.2886555,SqEuclidean,centered,9756.472481,7
cross_scenario,conical_hull,0,9,4.48136e7,6.2593694,SqEuclidean,centered,13754.482715999999,7
cross_scenario,conical_hull,0,11,7.60952e7,6.5998778,SqEuclidean,close,607910.0583050002,174
cross_scenario,conical_hull,0,13,7.5584e7,6.4723034,SqEuclidean,close,595601.0584009999,164
cross_scenario,conical_hull,0,15,7.57398e7,6.232358,SqEuclidean,close,599796.352217,165
cross_scenario,conical_hull,0,17,7.61068e7,6.8638294,SqEuclidean,close,608978.225981,177
cross_scenario,conical_hull,0,19,7.65852e7,6.1088219,SqEuclidean,close,621641.5963610001,172
cross_scenario,conical_hull,0,21,7.34123e7,6.2273274,SqEuclidean,close,536731.9502310001,154
cross_scenario,conical_hull,0,23,7.35747e7,6.1902002,SqEuclidean,close,540814.8288219997,154
cross_scenario,conical_hull,0,25,7.35506e7,6.160546,SqEuclidean,close,546686.3974659999,168
cross_scenario,conical_hull,0,27,7.35452e7,6.1683645,SqEuclidean,close,546524.1298689999,162
cross_scenario,conical_hull,0,29,7.32398e7,6.5631835,SqEuclidean,close,535532.5729569999,150
cross_scenario,conical_hull,0,3,1.10327e8,6.5812483,SqEuclidean,close,1.5240282056689996e6,631
cross_scenario,conical_hull,0,31,7.26827e7,6.8098379,SqEuclidean,close,535456.362244,181
cross_scenario,conical_hull,0,33,7.2619e7,7.1090671,SqEuclidean,close,533864.9157370001,184
cross_scenario,conical_hull,0,35,6.96177e7,6.9733322,SqEuclidean,close,453161.96596199996,162
cross_scenario,conical_hull,0,37,6.97061e7,7.1218302,SqEuclidean,close,455448.214284,162
cross_scenario,conical_hull,0,39,6.98797e7,7.5159908,SqEuclidean,close,456196.817734,145
cross_scenario,conical_hull,0,41,6.99914e7,7.3938312,SqEuclidean,close,458898.6240560001,145
cross_scenario,conical_hull,0,5,1.04604e8,6.5021329,SqEuclidean,close,1.3865819409100001e6,581
cross_scenario,conical_hull,0,7,7.63116e7,6.5554681,SqEuclidean,close,640302.4320879999,239
cross_scenario,conical_hull,0,9,7.77985e7,6.6416028,SqEuclidean,close,680967.3160090001,255
cross_scenario,conical_hull,0,11,6.7219e7,6.2796252,SqEuclidean,closemixed,412150.572957,279
cross_scenario,conical_hull,0,13,6.6925e7,6.1842446,SqEuclidean,closemixed,404281.63215699996,275
cross_scenario,conical_hull,0,15,6.75771e7,6.6554541,SqEuclidean,closemixed,421044.415958,287
cross_scenario,conical_hull,0,17,6.67711e7,6.8951149,SqEuclidean,closemixed,402582.628747,266
cross_scenario,conical_hull,0,19,6.47376e7,6.4194181,SqEuclidean,closemixed,352821.45986700006,216
cross_scenario,conical_hull,0,21,5.80516e7,6.4758407,SqEuclidean,closemixed,168846.454066,114
cross_scenario,conical_hull,0,23,5.80416e7,6.7823511,SqEuclidean,closemixed,168930.86958399997,114
cross_scenario,conical_hull,0,25,5.80385e7,1171.9671698,SqEuclidean,closemixed,168852.52284899997,113
cross_scenario,conical_hull,0,27,5.77188e7,13.4777919,SqEuclidean,closemixed,160411.430475,103
cross_scenario,conical_hull,0,29,5.74591e7,6.3991658,SqEuclidean,closemixed,153741.77953000006,95
cross_scenario,conical_hull,0,3,9.78732e7,6.5243195,SqEuclidean,closemixed,1.1950351012149998e6,512
cross_scenario,conical_hull,0,31,5.74828e7,6.7089249,SqEuclidean,closemixed,154335.321086,98
cross_scenario,conical_hull,0,33,5.75189e7,6.3756759,SqEuclidean,closemixed,155461.41444200004,101
cross_scenario,conical_hull,0,35,5.70925e7,6.1912935,SqEuclidean,closemixed,143175.79802299998,96
cross_scenario,conical_hull,0,37,5.502e7,6.3884618,SqEuclidean,closemixed,82385.32578899998,61
cross_scenario,conical_hull,0,39,5.48451e7,6.3425148,SqEuclidean,closemixed,77416.46574899998,55
cross_scenario,conical_hull,0,41,5.53659e7,6.3161949,SqEuclidean,closemixed,93285.80006399997,58
cross_scenario,conical_hull,0,5,9.74663e7,6.7392741,SqEuclidean,closemixed,1.1845758267639996e6,431
cross_scenario,conical_hull,0,7,9.99202e7,6.8093325,SqEuclidean,closemixed,1.247246507203e6,527
cross_scenario,conical_hull,0,9,9.90137e7,6.7876671,SqEuclidean,closemixed,1.223949550843e6,450
cross_scenario,conical_hull,0,11,4.56795e7,9.4507218,SqEuclidean,softmax,9990.372336,7
cross_scenario,conical_hull,0,13,4.56859e7,5.5342434,SqEuclidean,softmax,10195.962348000001,7
cross_scenario,conical_hull,0,15,4.56921e7,5.6739899,SqEuclidean,softmax,10009.722538000002,7
cross_scenario,conical_hull,0,17,4.56721e7,5.7485286,SqEuclidean,softmax,13531.293403999998,7
cross_scenario,conical_hull,0,19,4.56742e7,5.4872268,SqEuclidean,softmax,13605.397197,7
cross_scenario,conical_hull,0,21,4.56731e7,5.7152138,SqEuclidean,softmax,13797.467367000001,7
cross_scenario,conical_hull,0,23,4.56729e7,5.4451627,SqEuclidean,softmax,13751.361904,7
cross_scenario,conical_hull,0,25,4.56743e7,5.7433661,SqEuclidean,softmax,13654.061119,7
cross_scenario,conical_hull,0,27,4.56811e7,5.8995087,SqEuclidean,softmax,14449.328135,7
cross_scenario,conical_hull,0,29,4.56809e7,8.4192628,SqEuclidean,softmax,14079.682408,7
cross_scenario,conical_hull,0,3,4.74152e7,6.9819651,SqEuclidean,softmax,0.0,0
cross_scenario,conical_hull,0,31,4.56809e7,6.7729883,SqEuclidean,softmax,14080.515424,7
cross_scenario,conical_hull,0,33,4.56684e7,7.6676117,SqEuclidean,softmax,15740.549533,7
cross_scenario,conical_hull,0,35,4.56661e7,7.0902486,SqEuclidean,softmax,15788.578824,7
cross_scenario,conical_hull,0,37,4.56582e7,7.6105705,SqEuclidean,softmax,12626.286578000001,7
cross_scenario,conical_hull,0,39,4.56581e7,6.0415677,SqEuclidean,softmax,12154.865088999999,7
cross_scenario,conical_hull,0,41,4.56583e7,5.6658314,SqEuclidean,softmax,12162.993955,7
cross_scenario,conical_hull,0,5,4.66954e7,5.8217532,SqEuclidean,softmax,10285.2288,7
cross_scenario,conical_hull,0,7,4.569e7,5.658066,SqEuclidean,softmax,11144.972354,7
cross_scenario,conical_hull,0,9,4.56795e7,5.5769989,SqEuclidean,softmax,9990.372336,7
