scenario,operational_cost
1,33069.0
2,16972.5
3,11607.000000000002
4,6241.500000000001
5,876.0
6,876.0
